image_id,split,image_path,status,error,width,height,mode,format
e7ea0752-f24a-4dac-926c-371fda631a0f.jpg,train,data/images/e7ea0752-f24a-4dac-926c-371fda631a0f.jpg,ok,,1024,1024,RGB,JPEG
cdc7b8e5-1609-4f88-a20d-0dd321f8f489.jpg,train,data/images/cdc7b8e5-1609-4f88-a20d-0dd321f8f489.jpg,ok,,2404,2404,RGB,JPEG
c954e18f-8ab3-4bff-91d7-a0d7ff000e51.jpg,train,data/images/c954e18f-8ab3-4bff-91d7-a0d7ff000e51.jpg,ok,,1195,896,RGB,JPEG
1c5fb5d5-75e0-431f-a03e-e50026f23fe3.jpg,train,data/images/1c5fb5d5-75e0-431f-a03e-e50026f23fe3.jpg,ok,,1024,1024,RGB,JPEG
fd0dd104-7300-4da3-a46f-6980531ead33.jpg,train,data/images/fd0dd104-7300-4da3-a46f-6980531ead33.jpg,ok,,1024,716,RGB,JPEG
c83a1e71-ffe7-46a1-9ec5-b235357c3e39.jpg,train,data/images/c83a1e71-ffe7-46a1-9ec5-b235357c3e39.jpg,ok,,1280,1024,RGB,JPEG
56b718b3-2f41-4331-a8d8-13fa11439752.jpg,train,data/images/56b718b3-2f41-4331-a8d8-13fa11439752.jpg,ok,,1195,896,RGB,JPEG
a5f86ae3-b2f3-4026-b5e4-bb918d902c9a.jpg,train,data/images/a5f86ae3-b2f3-4026-b5e4-bb918d902c9a.jpg,ok,,1024,1024,RGB,JPEG
826958f4-16f0-42e1-8adf-d25a0c8e900a.jpg,train,data/images/826958f4-16f0-42e1-8adf-d25a0c8e900a.jpg,ok,,1248,832,RGB,JPEG
5c754abd-97cd-446e-a8a6-612f94657b37.jpg,train,data/images/5c754abd-97cd-446e-a8a6-612f94657b37.jpg,ok,,896,1195,RGB,JPEG
f07473e3-9a1c-4d64-b8c2-c2ddb89f6848.jpg,train,data/images/f07473e3-9a1c-4d64-b8c2-c2ddb89f6848.jpg,ok,,1024,1024,RGB,JPEG
d2d2b5e1-3e66-41b1-96d1-93a16f7d657a.jpg,train,data/images/d2d2b5e1-3e66-41b1-96d1-93a16f7d657a.jpg,ok,,1024,558,RGB,JPEG
291ddd03-aed3-4689-aeab-f53c76fc76b9.jpg,train,data/images/291ddd03-aed3-4689-aeab-f53c76fc76b9.jpg,ok,,896,1195,RGB,JPEG
1a4c2a7e-9dc9-4d95-8719-b78f384af12c.jpg,train,data/images/1a4c2a7e-9dc9-4d95-8719-b78f384af12c.jpg,ok,,1024,1024,RGB,JPEG
a68060d9-afb8-44be-b5dd-2bdb1183efb6.jpg,train,data/images/a68060d9-afb8-44be-b5dd-2bdb1183efb6.jpg,ok,,896,1195,RGB,JPEG
422b1dd5-5112-459d-90d5-d935023a1d24.jpg,train,data/images/422b1dd5-5112-459d-90d5-d935023a1d24.jpg,ok,,1024,1024,RGB,JPEG
d18a3646-048b-4a43-93ec-3590187584d5.jpg,train,data/images/d18a3646-048b-4a43-93ec-3590187584d5.jpg,ok,,1024,1024,RGB,JPEG
8c38ad8d-ced4-4c93-ba65-9e1c40cecea3.jpg,train,data/images/8c38ad8d-ced4-4c93-ba65-9e1c40cecea3.jpg,ok,,1024,1024,RGB,JPEG
3181a00e-2de2-477e-a8a1-6e9544798963.jpg,train,data/images/3181a00e-2de2-477e-a8a1-6e9544798963.jpg,ok,,1024,1024,RGB,JPEG
8ebd946c-cc58-4711-8126-273f04ae8f18.jpg,train,data/images/8ebd946c-cc58-4711-8126-273f04ae8f18.jpg,ok,,558,1024,RGB,JPEG
703d2c3a-e388-4142-bab8-acea5df570fa.jpg,train,data/images/703d2c3a-e388-4142-bab8-acea5df570fa.jpg,ok,,1024,716,RGB,JPEG
f04237b1-eb33-469d-9123-32304c2f01e0.jpg,train,data/images/f04237b1-eb33-469d-9123-32304c2f01e0.jpg,ok,,1024,883,RGB,JPEG
5755fdb9-e87b-4d1e-bc3e-3a415a4482b0.jpg,train,data/images/5755fdb9-e87b-4d1e-bc3e-3a415a4482b0.jpg,ok,,1024,1024,RGB,JPEG
6a8eb48f-5a90-4606-9eae-08cfc637b39b.jpg,train,data/images/6a8eb48f-5a90-4606-9eae-08cfc637b39b.jpg,ok,,1024,1024,RGB,JPEG
bbf1864c-98a2-4f21-9f29-c43383120638.jpg,train,data/images/bbf1864c-98a2-4f21-9f29-c43383120638.jpg,ok,,1024,1024,RGB,JPEG
ad7ee347-ec2f-4538-abfa-b624e6c82873.jpg,train,data/images/ad7ee347-ec2f-4538-abfa-b624e6c82873.jpg,ok,,896,1195,RGB,JPEG
32359080-8693-4053-b1f5-0abaff86f308.jpg,train,data/images/32359080-8693-4053-b1f5-0abaff86f308.jpg,ok,,1024,1024,RGB,JPEG
b95b619e-cff1-4fd9-8dd1-4a5a27f6242d.jpg,train,data/images/b95b619e-cff1-4fd9-8dd1-4a5a27f6242d.jpg,ok,,1195,896,RGB,JPEG
30c838bf-5369-4fb7-87b2-c54f614c6fd4.jpg,train,data/images/30c838bf-5369-4fb7-87b2-c54f614c6fd4.jpg,ok,,1024,558,RGB,JPEG
cfdc352a-bc56-4377-967c-912a733b60c3.jpg,train,data/images/cfdc352a-bc56-4377-967c-912a733b60c3.jpg,ok,,1024,1024,RGB,JPEG
962a6f30-0f03-4ff8-b642-92cd37d8349c.jpg,train,data/images/962a6f30-0f03-4ff8-b642-92cd37d8349c.jpg,ok,,800,800,RGB,JPEG
8eb3cdfd-d1d8-4c64-869b-e6b54b5a4f5e.jpg,train,data/images/8eb3cdfd-d1d8-4c64-869b-e6b54b5a4f5e.jpg,ok,,1024,1024,RGB,JPEG
451c68b0-1002-41a9-acb0-d64852d4556d.jpg,train,data/images/451c68b0-1002-41a9-acb0-d64852d4556d.jpg,ok,,1024,1024,RGB,JPEG
d320a4d6-946d-446d-a8af-b46892a563dd.jpg,train,data/images/d320a4d6-946d-446d-a8af-b46892a563dd.jpg,ok,,1024,1024,RGB,JPEG
7c9d607e-192b-42bd-b34f-f13cd8d066ea.jpg,train,data/images/7c9d607e-192b-42bd-b34f-f13cd8d066ea.jpg,ok,,1024,1024,RGB,JPEG
04680b17-eb0b-4633-8575-1fb449c78e7a.jpg,train,data/images/04680b17-eb0b-4633-8575-1fb449c78e7a.jpg,ok,,1024,1024,RGB,JPEG
c4f12410-102f-4311-98b4-0db3259e25dc.jpg,train,data/images/c4f12410-102f-4311-98b4-0db3259e25dc.jpg,ok,,1024,1024,RGB,JPEG
b430db3d-abb0-42d1-9db0-f0bc0376324c.jpg,train,data/images/b430db3d-abb0-42d1-9db0-f0bc0376324c.jpg,ok,,1024,1024,RGB,JPEG
47788966-7dcb-4c20-8baa-6516f9a493bd.jpg,train,data/images/47788966-7dcb-4c20-8baa-6516f9a493bd.jpg,ok,,1024,1024,RGB,JPEG
79fa83e6-e151-4e95-b9a2-788287e5d69b.jpg,train,data/images/79fa83e6-e151-4e95-b9a2-788287e5d69b.jpg,ok,,1024,1024,RGB,JPEG
23f4a446-5233-4284-8e33-fefa16cde080.jpg,train,data/images/23f4a446-5233-4284-8e33-fefa16cde080.jpg,ok,,1024,1024,RGB,JPEG
828b77bc-aefa-4254-8c8a-b3b7a4ae7a2d.jpg,train,data/images/828b77bc-aefa-4254-8c8a-b3b7a4ae7a2d.jpg,ok,,896,1195,RGB,JPEG
ef40129a-eb63-43ec-a159-4d37af527ccb.jpg,train,data/images/ef40129a-eb63-43ec-a159-4d37af527ccb.jpg,ok,,1024,1024,RGB,JPEG
ba68ae77-72fc-42d5-b650-6a9e83e3cab8.jpg,train,data/images/ba68ae77-72fc-42d5-b650-6a9e83e3cab8.jpg,ok,,1248,832,RGB,JPEG
68de9d0d-fc79-4ba1-bd98-834f3f44af49.jpg,train,data/images/68de9d0d-fc79-4ba1-bd98-834f3f44af49.jpg,ok,,1248,832,RGB,JPEG
e994e528-f150-4803-b316-0193f4cf33bd.jpg,train,data/images/e994e528-f150-4803-b316-0193f4cf33bd.jpg,ok,,1879,2200,RGB,JPEG
4b8f45e1-fae1-42ff-8cf9-2f8f411c6917.jpg,train,data/images/4b8f45e1-fae1-42ff-8cf9-2f8f411c6917.jpg,ok,,1248,832,RGB,JPEG
b9a8f8aa-deb1-49d5-a5ff-bf3ac7828a4d.jpg,train,data/images/b9a8f8aa-deb1-49d5-a5ff-bf3ac7828a4d.jpg,ok,,1024,1024,RGB,JPEG
55124e35-a985-42f4-8f98-1310dd9106fc.jpg,train,data/images/55124e35-a985-42f4-8f98-1310dd9106fc.jpg,ok,,896,1195,RGB,JPEG
945f9ea7-13eb-4c4a-96c3-f955278e5def.jpg,train,data/images/945f9ea7-13eb-4c4a-96c3-f955278e5def.jpg,ok,,1024,1024,RGB,JPEG
c0760163-8728-472a-b560-0f0af37d67d1.jpg,train,data/images/c0760163-8728-472a-b560-0f0af37d67d1.jpg,ok,,896,1195,RGB,JPEG
689b0df1-7b47-4af6-b25b-267feb6cccc2.jpg,train,data/images/689b0df1-7b47-4af6-b25b-267feb6cccc2.jpg,ok,,896,1195,RGB,JPEG
70472979-8ff9-403d-a607-e13db35a1bf4.jpg,train,data/images/70472979-8ff9-403d-a607-e13db35a1bf4.jpg,ok,,1024,1024,RGB,JPEG
dad7544e-dd63-472e-86e5-294a5207784e.jpg,train,data/images/dad7544e-dd63-472e-86e5-294a5207784e.jpg,ok,,896,1195,RGB,JPEG
8e3ddd0a-e286-4b3d-863e-9a84edacf9d3.jpg,train,data/images/8e3ddd0a-e286-4b3d-863e-9a84edacf9d3.jpg,ok,,1024,1024,RGB,JPEG
a386eb7b-5c30-4f7d-9943-8fb0bf2b6f3a.jpg,train,data/images/a386eb7b-5c30-4f7d-9943-8fb0bf2b6f3a.jpg,ok,,1195,896,RGB,JPEG
d88ffaf6-defb-4327-ade8-728c1680a965.jpg,train,data/images/d88ffaf6-defb-4327-ade8-728c1680a965.jpg,ok,,1024,1024,RGB,JPEG
fb98a8ed-9ec0-447a-85d0-f89733c2426c.jpg,train,data/images/fb98a8ed-9ec0-447a-85d0-f89733c2426c.jpg,ok,,896,1195,RGB,JPEG
f12d9916-e697-40bf-8336-08284672bc55.jpg,train,data/images/f12d9916-e697-40bf-8336-08284672bc55.jpg,ok,,1024,1024,RGB,JPEG
41f66047-05f5-45b0-bc5c-7cc5fdf48475.jpg,train,data/images/41f66047-05f5-45b0-bc5c-7cc5fdf48475.jpg,ok,,1024,1024,RGB,JPEG
0967c5f4-28ea-41d8-a7cc-067e5139cc61.jpg,train,data/images/0967c5f4-28ea-41d8-a7cc-067e5139cc61.jpg,ok,,1195,896,RGB,JPEG
2c2a4755-63e2-4bc0-b08d-ce68e34d02cf.jpg,train,data/images/2c2a4755-63e2-4bc0-b08d-ce68e34d02cf.jpg,ok,,1024,558,RGB,JPEG
38f2a643-499c-44bd-9039-8e6f2cedc235.jpg,train,data/images/38f2a643-499c-44bd-9039-8e6f2cedc235.jpg,ok,,1024,1024,RGB,JPEG
48c098b3-ad7d-4769-a383-508ad54ed823.jpg,train,data/images/48c098b3-ad7d-4769-a383-508ad54ed823.jpg,ok,,1024,1024,RGB,JPEG
5799d65e-62db-42ef-acfb-fdea69aa255e.jpg,train,data/images/5799d65e-62db-42ef-acfb-fdea69aa255e.jpg,ok,,1024,1024,RGB,JPEG
725ff707-3a4a-4e76-85dd-9fd52177035e.jpg,train,data/images/725ff707-3a4a-4e76-85dd-9fd52177035e.jpg,ok,,1195,896,RGB,JPEG
6141f8cc-21d8-4d32-be4e-0c41128fc08b.jpg,train,data/images/6141f8cc-21d8-4d32-be4e-0c41128fc08b.jpg,ok,,1248,832,RGB,JPEG
edb98d28-4c16-42ed-b50b-1d1af1f2475f.jpg,train,data/images/edb98d28-4c16-42ed-b50b-1d1af1f2475f.jpg,ok,,1024,1024,RGB,JPEG
67c06f73-3ac2-4d66-9d29-eef24839283d.jpg,train,data/images/67c06f73-3ac2-4d66-9d29-eef24839283d.jpg,ok,,1248,832,RGB,JPEG
fcc73331-ec40-4213-905d-ac944127992e.jpg,train,data/images/fcc73331-ec40-4213-905d-ac944127992e.jpg,ok,,1195,896,RGB,JPEG
64b6d155-4e9a-4292-b623-9b08246eaa82.jpg,train,data/images/64b6d155-4e9a-4292-b623-9b08246eaa82.jpg,ok,,1024,1024,RGB,JPEG
9d479678-66ca-4f13-8b4a-e267089498eb.jpg,train,data/images/9d479678-66ca-4f13-8b4a-e267089498eb.jpg,ok,,1024,558,RGB,JPEG
1df3d0b5-eeac-41d8-a1a3-e434b92c6f58.jpg,train,data/images/1df3d0b5-eeac-41d8-a1a3-e434b92c6f58.jpg,ok,,832,1248,RGB,JPEG
b8acff07-76d1-4300-bdab-d263766fe4c2.jpg,train,data/images/b8acff07-76d1-4300-bdab-d263766fe4c2.jpg,ok,,500,373,RGB,JPEG
a4f522b8-bc30-4eba-b620-8402441ab72b.jpg,train,data/images/a4f522b8-bc30-4eba-b620-8402441ab72b.jpg,ok,,1024,1024,RGB,JPEG
1b08f3ab-70ad-4720-81fd-499508ab643e.jpg,train,data/images/1b08f3ab-70ad-4720-81fd-499508ab643e.jpg,ok,,1024,1024,RGB,JPEG
a194aca1-4935-41c2-9e36-efd4a1a0aa9d.jpg,train,data/images/a194aca1-4935-41c2-9e36-efd4a1a0aa9d.jpg,ok,,1024,1024,RGB,JPEG
4103491e-7959-46e6-a8de-78334167b06a.jpg,train,data/images/4103491e-7959-46e6-a8de-78334167b06a.jpg,ok,,896,1195,RGB,JPEG
4dbedb5a-3f7c-4a8b-a3cd-60b1fdb51194.jpg,train,data/images/4dbedb5a-3f7c-4a8b-a3cd-60b1fdb51194.jpg,ok,,558,1024,RGB,JPEG
3daca677-1cc2-43ad-b2cb-36fd7b4ccf1b.jpg,train,data/images/3daca677-1cc2-43ad-b2cb-36fd7b4ccf1b.jpg,ok,,1024,1024,RGB,JPEG
f22835b2-c056-4edc-ac3c-8659fb3bb855.jpg,train,data/images/f22835b2-c056-4edc-ac3c-8659fb3bb855.jpg,ok,,832,1248,RGB,JPEG
31a304b8-49ad-4bf1-8434-81a5433631f2.jpg,train,data/images/31a304b8-49ad-4bf1-8434-81a5433631f2.jpg,ok,,1024,1024,RGB,JPEG
0aacbe5d-bce8-40bd-9886-41f23c3ed21e.jpg,train,data/images/0aacbe5d-bce8-40bd-9886-41f23c3ed21e.jpg,ok,,2118,1043,RGB,JPEG
a98c8f3b-a1b7-46ba-baa7-91bf8094b793.jpg,train,data/images/a98c8f3b-a1b7-46ba-baa7-91bf8094b793.jpg,ok,,1024,716,RGB,JPEG
e2981aa2-3669-4a1b-b0ad-6974f01afeaa.jpg,train,data/images/e2981aa2-3669-4a1b-b0ad-6974f01afeaa.jpg,ok,,1024,1024,RGB,JPEG
63c3f064-37bc-47ea-a5fe-14c046146099.jpg,train,data/images/63c3f064-37bc-47ea-a5fe-14c046146099.jpg,ok,,1024,1024,RGB,JPEG
8e8ca7ab-b719-4efd-8c33-a09b5d4cffc6.jpg,train,data/images/8e8ca7ab-b719-4efd-8c33-a09b5d4cffc6.jpg,ok,,1024,1024,RGB,JPEG
86bfe256-cc45-4ee7-8315-2bfd4c551f8a.jpg,train,data/images/86bfe256-cc45-4ee7-8315-2bfd4c551f8a.jpg,ok,,1024,1024,RGB,JPEG
1bea7d77-1cfc-4827-88b2-ad96cb944f20.jpg,train,data/images/1bea7d77-1cfc-4827-88b2-ad96cb944f20.jpg,ok,,1024,1024,RGB,JPEG
649ac143-8c7b-49f9-9a36-11ab1438247c.jpg,train,data/images/649ac143-8c7b-49f9-9a36-11ab1438247c.jpg,ok,,1024,1024,RGB,JPEG
68205e62-d89b-4d03-acb0-66c808c9b0ec.jpg,train,data/images/68205e62-d89b-4d03-acb0-66c808c9b0ec.jpg,ok,,1248,832,RGB,JPEG
f3b3f457-4bd0-47d7-a705-bc1f19991092.jpg,train,data/images/f3b3f457-4bd0-47d7-a705-bc1f19991092.jpg,ok,,1024,1024,RGB,JPEG
63e95b50-e03b-4ada-8f3e-94b409665fe3.jpg,train,data/images/63e95b50-e03b-4ada-8f3e-94b409665fe3.jpg,ok,,1024,1024,RGB,JPEG
851bd486-98a8-410b-be6e-149a6332af33.jpg,train,data/images/851bd486-98a8-410b-be6e-149a6332af33.jpg,ok,,896,1195,RGB,JPEG
6fa802d9-826e-44f3-9f67-fc64cea48e23.jpg,train,data/images/6fa802d9-826e-44f3-9f67-fc64cea48e23.jpg,ok,,1024,1024,RGB,JPEG
2e5b170f-903e-48ea-9912-1d84e5fb1529.jpg,train,data/images/2e5b170f-903e-48ea-9912-1d84e5fb1529.jpg,ok,,1248,832,RGB,JPEG
5d8b1e0e-2892-4abf-8e1b-fbef4254f76a.jpg,train,data/images/5d8b1e0e-2892-4abf-8e1b-fbef4254f76a.jpg,ok,,1024,1024,RGB,JPEG
8e84c51e-b115-4393-ae5f-030e3a9cb953.jpg,train,data/images/8e84c51e-b115-4393-ae5f-030e3a9cb953.jpg,ok,,896,1195,RGB,JPEG
50445a85-0789-4cbd-942a-c0eb942a19a1.jpg,train,data/images/50445a85-0789-4cbd-942a-c0eb942a19a1.jpg,ok,,1195,896,RGB,JPEG
68dd91bb-8873-4800-b0a7-6f7135c79cfa.jpg,train,data/images/68dd91bb-8873-4800-b0a7-6f7135c79cfa.jpg,ok,,1024,1024,RGB,JPEG
7d84d462-9f23-4d88-9a3e-a883c58f0b4d.jpg,train,data/images/7d84d462-9f23-4d88-9a3e-a883c58f0b4d.jpg,ok,,1024,1024,RGB,JPEG
87eb3967-ebe4-4be2-807e-395ac9dbef90.jpg,train,data/images/87eb3967-ebe4-4be2-807e-395ac9dbef90.jpg,ok,,1024,1024,RGB,JPEG
26cffc8d-263f-4323-b921-d1278d7a8115.jpg,train,data/images/26cffc8d-263f-4323-b921-d1278d7a8115.jpg,ok,,1024,558,RGB,JPEG
78327f1a-2d56-4d6c-9ae5-ad200d499c2b.jpg,train,data/images/78327f1a-2d56-4d6c-9ae5-ad200d499c2b.jpg,ok,,1195,896,RGB,JPEG
9ac5cf49-3b7d-4f00-8e51-c0f925453834.jpg,train,data/images/9ac5cf49-3b7d-4f00-8e51-c0f925453834.jpg,ok,,832,1248,RGB,JPEG
d78faf7a-22a6-4ee7-96fb-c001c12fe53b.jpg,train,data/images/d78faf7a-22a6-4ee7-96fb-c001c12fe53b.jpg,ok,,1248,832,RGB,JPEG
b162b85a-1272-4ce8-b46c-68602c39c4e8.jpg,train,data/images/b162b85a-1272-4ce8-b46c-68602c39c4e8.jpg,ok,,1024,1024,RGB,JPEG
78c4668c-c041-4fab-9504-ebac354f20b9.jpg,train,data/images/78c4668c-c041-4fab-9504-ebac354f20b9.jpg,ok,,1024,1024,RGB,JPEG
1e24ceea-ee4d-4b0f-80c6-79e4389b697b.jpg,train,data/images/1e24ceea-ee4d-4b0f-80c6-79e4389b697b.jpg,ok,,896,1195,RGB,JPEG
cfbee7db-097b-4c17-9ef1-36190150819f.jpg,train,data/images/cfbee7db-097b-4c17-9ef1-36190150819f.jpg,ok,,1024,1024,RGB,JPEG
0b34e898-45e1-40eb-9ae2-8416908ac4e9.jpg,train,data/images/0b34e898-45e1-40eb-9ae2-8416908ac4e9.jpg,ok,,1024,1024,RGB,JPEG
d110627c-1d02-4464-a010-d947180a464a.jpg,train,data/images/d110627c-1d02-4464-a010-d947180a464a.jpg,ok,,832,1248,RGB,JPEG
b320b150-d193-4f75-89af-873d2dbadb1a.jpg,train,data/images/b320b150-d193-4f75-89af-873d2dbadb1a.jpg,ok,,1024,1024,RGB,JPEG
48e820fd-f4dc-4fd8-b66a-d512ca5d1fde.jpg,train,data/images/48e820fd-f4dc-4fd8-b66a-d512ca5d1fde.jpg,ok,,1024,1024,RGB,JPEG
27eea513-d8cc-45ae-be18-e0b09e8b357a.jpg,train,data/images/27eea513-d8cc-45ae-be18-e0b09e8b357a.jpg,ok,,1024,1024,RGB,JPEG
6606297d-4905-49a7-974e-e52a48e91f98.jpg,train,data/images/6606297d-4905-49a7-974e-e52a48e91f98.jpg,ok,,1024,1024,RGB,JPEG
c666786b-d9c8-4c31-b341-99985ca8b514.jpg,train,data/images/c666786b-d9c8-4c31-b341-99985ca8b514.jpg,ok,,1195,896,RGB,JPEG
f2e75637-68db-4de9-b11b-f6bec6819681.jpg,train,data/images/f2e75637-68db-4de9-b11b-f6bec6819681.jpg,ok,,1024,1024,RGB,JPEG
3d825bd6-f2c0-43e2-96df-1f6cd096b3fb.jpg,train,data/images/3d825bd6-f2c0-43e2-96df-1f6cd096b3fb.jpg,ok,,400,340,RGB,JPEG
eb4958d8-077f-4583-9b69-b2a33ee38ef1.jpg,train,data/images/eb4958d8-077f-4583-9b69-b2a33ee38ef1.jpg,ok,,1024,1024,RGB,JPEG
e9957479-09e0-4cdd-ba0b-e62117658ee0.jpg,train,data/images/e9957479-09e0-4cdd-ba0b-e62117658ee0.jpg,ok,,896,1195,RGB,JPEG
fd7bdfca-4f2a-4a1a-ae72-5ccbd1e7629f.jpg,train,data/images/fd7bdfca-4f2a-4a1a-ae72-5ccbd1e7629f.jpg,ok,,1024,1024,RGB,JPEG
52fb547b-6c4d-4727-9165-aacf38bbfb5b.jpg,train,data/images/52fb547b-6c4d-4727-9165-aacf38bbfb5b.jpg,ok,,896,1195,RGB,JPEG
55bcbc6c-ff28-4790-922c-619bcf533c0d.jpg,train,data/images/55bcbc6c-ff28-4790-922c-619bcf533c0d.jpg,ok,,1024,1280,RGB,JPEG
5a13a923-fcca-449b-ba9c-dec6cfcf2be0.jpg,train,data/images/5a13a923-fcca-449b-ba9c-dec6cfcf2be0.jpg,ok,,800,800,RGB,JPEG
69eaba72-5374-4429-bed9-64a7895ed70e.jpg,train,data/images/69eaba72-5374-4429-bed9-64a7895ed70e.jpg,ok,,1248,832,RGB,JPEG
167acb17-dac3-47e6-acde-3b9491d55d94.jpg,train,data/images/167acb17-dac3-47e6-acde-3b9491d55d94.jpg,ok,,1024,1024,RGB,JPEG
599c551a-0c3d-44c5-b20f-5778e501d44c.jpg,train,data/images/599c551a-0c3d-44c5-b20f-5778e501d44c.jpg,ok,,558,1024,RGB,JPEG
26103acc-b7b6-46fd-beb0-427f3783a627.jpg,train,data/images/26103acc-b7b6-46fd-beb0-427f3783a627.jpg,ok,,1024,1024,RGB,JPEG
f508bfc0-9cdb-4a8a-936a-20717c2ad311.jpg,train,data/images/f508bfc0-9cdb-4a8a-936a-20717c2ad311.jpg,ok,,1024,1024,RGB,JPEG
0d0f117c-08f4-49c6-b6c9-44c5154c7675.jpg,train,data/images/0d0f117c-08f4-49c6-b6c9-44c5154c7675.jpg,ok,,1024,1024,RGB,JPEG
ff94c012-28bb-437e-bd98-c14d28b9b675.jpg,train,data/images/ff94c012-28bb-437e-bd98-c14d28b9b675.jpg,ok,,1024,1024,RGB,JPEG
86855c69-0098-4e54-b039-6c3ac614ad3e.jpg,train,data/images/86855c69-0098-4e54-b039-6c3ac614ad3e.jpg,ok,,648,1152,RGB,JPEG
93740930-ad87-4023-b453-ae897b255396.jpg,train,data/images/93740930-ad87-4023-b453-ae897b255396.jpg,ok,,1024,1024,RGB,JPEG
7a8ffe0c-ce95-4412-945f-a433103e79cd.jpg,train,data/images/7a8ffe0c-ce95-4412-945f-a433103e79cd.jpg,ok,,1195,896,RGB,JPEG
3e80bb29-d3e3-46c0-bced-229dfcbccdaf.jpg,train,data/images/3e80bb29-d3e3-46c0-bced-229dfcbccdaf.jpg,ok,,1024,1024,RGB,JPEG
b5b804f7-ba91-4934-b745-d531c7e74f94.jpg,train,data/images/b5b804f7-ba91-4934-b745-d531c7e74f94.jpg,ok,,400,389,RGB,JPEG
1fd5038c-67dd-4919-b48e-c13620b9c689.jpg,train,data/images/1fd5038c-67dd-4919-b48e-c13620b9c689.jpg,ok,,1024,558,RGB,JPEG
07ea4643-71d1-4ff7-b38d-312909c21605.jpg,train,data/images/07ea4643-71d1-4ff7-b38d-312909c21605.jpg,ok,,1024,1024,RGB,JPEG
e7e7e1e7-f1d6-47a8-9ce5-f54a08d59275.jpg,train,data/images/e7e7e1e7-f1d6-47a8-9ce5-f54a08d59275.jpg,ok,,1024,1024,RGB,JPEG
3a232cce-bc80-467d-af40-28e0221cce24.jpg,train,data/images/3a232cce-bc80-467d-af40-28e0221cce24.jpg,ok,,1248,832,RGB,JPEG
4caadc18-4bf7-4a8b-b580-71fb39be3df2.jpg,train,data/images/4caadc18-4bf7-4a8b-b580-71fb39be3df2.jpg,ok,,1024,1024,RGB,JPEG
b9c1dd95-4b30-4d18-b911-5c3dc9b8e40b.jpg,train,data/images/b9c1dd95-4b30-4d18-b911-5c3dc9b8e40b.jpg,ok,,1248,832,RGB,JPEG
de22cc8f-6328-4448-ac7c-99c7a516573e.jpg,train,data/images/de22cc8f-6328-4448-ac7c-99c7a516573e.jpg,ok,,1024,1024,RGB,JPEG
a08eadf8-7a99-490e-a240-58654ffa63ce.jpg,train,data/images/a08eadf8-7a99-490e-a240-58654ffa63ce.jpg,ok,,1024,1024,RGB,JPEG
c7f5622a-0dd3-49f6-adf9-91787b13feca.jpg,train,data/images/c7f5622a-0dd3-49f6-adf9-91787b13feca.jpg,ok,,1024,1024,RGB,JPEG
8b96ccb7-06b0-4613-b764-2f43855900b7.jpg,train,data/images/8b96ccb7-06b0-4613-b764-2f43855900b7.jpg,ok,,1024,1024,RGB,JPEG
9cad7b94-c8a3-4f7f-819b-a43a8b8d8a89.jpg,train,data/images/9cad7b94-c8a3-4f7f-819b-a43a8b8d8a89.jpg,ok,,1879,2200,RGB,JPEG
2793a1f8-01d6-4fb5-a1b6-8186bc14d053.jpg,train,data/images/2793a1f8-01d6-4fb5-a1b6-8186bc14d053.jpg,ok,,832,1248,RGB,JPEG
9b4232ee-2015-4f7a-a42f-c8aaf97568ab.jpg,train,data/images/9b4232ee-2015-4f7a-a42f-c8aaf97568ab.jpg,ok,,896,1195,RGB,JPEG
8f257d37-4df9-407b-8b63-2e242124bf10.jpg,train,data/images/8f257d37-4df9-407b-8b63-2e242124bf10.jpg,ok,,1248,832,RGB,JPEG
b83fdcc2-19d8-49cc-97af-e1036753ebfa.jpg,train,data/images/b83fdcc2-19d8-49cc-97af-e1036753ebfa.jpg,ok,,1248,832,RGB,JPEG
f779fff4-752e-4e7d-959c-5b6bc51ba8a6.jpg,train,data/images/f779fff4-752e-4e7d-959c-5b6bc51ba8a6.jpg,ok,,1024,1024,RGB,JPEG
a1519f06-a24e-49b2-bade-1ce35035f16d.jpg,train,data/images/a1519f06-a24e-49b2-bade-1ce35035f16d.jpg,ok,,1195,896,RGB,JPEG
a990e922-d954-4a3e-b627-1384275c0cff.jpg,train,data/images/a990e922-d954-4a3e-b627-1384275c0cff.jpg,ok,,1195,896,RGB,JPEG
6d0de2e7-aceb-4cc0-9236-6a5de464f202.jpg,train,data/images/6d0de2e7-aceb-4cc0-9236-6a5de464f202.jpg,ok,,1024,716,RGB,JPEG
d06cab63-517e-471f-b4fb-5d56db2b0da4.jpg,train,data/images/d06cab63-517e-471f-b4fb-5d56db2b0da4.jpg,ok,,300,400,RGB,JPEG
fa726b53-a7a9-436c-ade2-8fd72326ecc0.jpg,train,data/images/fa726b53-a7a9-436c-ade2-8fd72326ecc0.jpg,ok,,1024,1024,RGB,JPEG
0a19e1e9-2e45-43e3-9608-af7d8c7a170d.jpg,train,data/images/0a19e1e9-2e45-43e3-9608-af7d8c7a170d.jpg,ok,,832,1248,RGB,JPEG
6359b071-68ae-4da4-824b-ebc919b69986.jpg,train,data/images/6359b071-68ae-4da4-824b-ebc919b69986.jpg,ok,,1024,1024,RGB,JPEG
4d60c986-bfbc-4e83-acfd-f73482932f71.jpg,train,data/images/4d60c986-bfbc-4e83-acfd-f73482932f71.jpg,ok,,1024,1024,RGB,JPEG
5226d232-f6f7-4aad-baa9-830d0e7a4f38.jpg,train,data/images/5226d232-f6f7-4aad-baa9-830d0e7a4f38.jpg,ok,,832,1248,RGB,JPEG
08b0d134-13b7-405f-8680-90b9dc91e726.jpg,train,data/images/08b0d134-13b7-405f-8680-90b9dc91e726.jpg,ok,,896,1195,RGB,JPEG
74f1cabf-82eb-4a70-8ec4-45ee94b4c2e7.jpg,train,data/images/74f1cabf-82eb-4a70-8ec4-45ee94b4c2e7.jpg,ok,,896,1195,RGB,JPEG
009ad604-af12-4c5d-b6a6-81da359c13a1.jpg,train,data/images/009ad604-af12-4c5d-b6a6-81da359c13a1.jpg,ok,,1024,558,RGB,JPEG
ddeb9d52-4657-4b91-8a80-28af6e609181.jpg,train,data/images/ddeb9d52-4657-4b91-8a80-28af6e609181.jpg,ok,,1000,1000,RGB,JPEG
b08ac83f-3b20-4bb3-93e1-dca24ac1f7ac.jpg,train,data/images/b08ac83f-3b20-4bb3-93e1-dca24ac1f7ac.jpg,ok,,1024,558,RGB,JPEG
ba683b46-5683-40fa-a674-74c7a2663859.jpg,train,data/images/ba683b46-5683-40fa-a674-74c7a2663859.jpg,ok,,1024,1024,RGB,JPEG
a93ff3bf-2e5b-4e6a-b0f0-57b735894a1a.jpg,train,data/images/a93ff3bf-2e5b-4e6a-b0f0-57b735894a1a.jpg,ok,,1024,1024,RGB,JPEG
b8eb87c8-957b-46c6-8405-470096cc149d.jpg,train,data/images/b8eb87c8-957b-46c6-8405-470096cc149d.jpg,ok,,1024,558,RGB,JPEG
4aebc034-8c41-4233-aad7-050f66b2dc74.jpg,train,data/images/4aebc034-8c41-4233-aad7-050f66b2dc74.jpg,ok,,1024,1024,RGB,JPEG
0052c3ee-247e-49af-970f-144c2a498ea0.jpg,train,data/images/0052c3ee-247e-49af-970f-144c2a498ea0.jpg,ok,,832,1248,RGB,JPEG
40febecd-eae9-4412-a660-a553481ece62.jpg,train,data/images/40febecd-eae9-4412-a660-a553481ece62.jpg,ok,,896,1195,RGB,JPEG
9837f622-09a4-42f8-955a-417b1d0ccce0.jpg,train,data/images/9837f622-09a4-42f8-955a-417b1d0ccce0.jpg,ok,,896,1195,RGB,JPEG
3cd08b76-728c-4bd6-b148-330a054a6eac.jpg,train,data/images/3cd08b76-728c-4bd6-b148-330a054a6eac.jpg,ok,,1024,1024,RGB,JPEG
69d4612b-729f-4c74-b391-44b141b315fd.jpg,train,data/images/69d4612b-729f-4c74-b391-44b141b315fd.jpg,ok,,1024,1024,RGB,JPEG
dbfb330c-27fe-4fe6-a4a6-0969ab008a23.jpg,train,data/images/dbfb330c-27fe-4fe6-a4a6-0969ab008a23.jpg,ok,,1024,1024,RGB,JPEG
5392b2ac-f78c-4bd6-b70c-4bd9aa73de1c.jpg,train,data/images/5392b2ac-f78c-4bd6-b70c-4bd9aa73de1c.jpg,ok,,1024,1024,RGB,JPEG
2fc6c2df-9f99-44d4-b323-0b819caa069a.jpg,train,data/images/2fc6c2df-9f99-44d4-b323-0b819caa069a.jpg,ok,,1024,558,RGB,JPEG
8fcd4448-b598-4d80-a41c-e40baa180a1f.jpg,train,data/images/8fcd4448-b598-4d80-a41c-e40baa180a1f.jpg,ok,,1024,1024,RGB,JPEG
958a672c-a483-4344-aea7-7d013e7db750.jpg,train,data/images/958a672c-a483-4344-aea7-7d013e7db750.jpg,ok,,1248,832,RGB,JPEG
578d4001-b487-4e4c-b2c2-e58077716f5a.jpg,train,data/images/578d4001-b487-4e4c-b2c2-e58077716f5a.jpg,ok,,1024,1024,RGB,JPEG
ae6fde08-3ad9-461d-8a01-62d5b74ccb19.jpg,train,data/images/ae6fde08-3ad9-461d-8a01-62d5b74ccb19.jpg,ok,,558,1024,RGB,JPEG
de5d5834-1476-40d0-a06f-53a1d00d4eb5.jpg,train,data/images/de5d5834-1476-40d0-a06f-53a1d00d4eb5.jpg,ok,,1500,1500,RGB,JPEG
04701562-875b-4bd9-9870-c1591801cd0b.jpg,train,data/images/04701562-875b-4bd9-9870-c1591801cd0b.jpg,ok,,1024,1024,RGB,JPEG
62c433a2-eca8-4079-8cbf-8c094a2f8ced.jpg,train,data/images/62c433a2-eca8-4079-8cbf-8c094a2f8ced.jpg,ok,,1195,896,RGB,JPEG
097d5fb6-963d-44cc-88b7-cda150bae922.jpg,train,data/images/097d5fb6-963d-44cc-88b7-cda150bae922.jpg,ok,,1248,832,RGB,JPEG
ee51efcd-fc62-48d7-8736-3bdb6dc88e08.jpg,train,data/images/ee51efcd-fc62-48d7-8736-3bdb6dc88e08.jpg,ok,,1024,558,RGB,JPEG
f754cbfb-d3b2-4550-a2f5-afc5a2eaae53.jpg,train,data/images/f754cbfb-d3b2-4550-a2f5-afc5a2eaae53.jpg,ok,,558,1024,RGB,JPEG
3916ca1d-41b9-4a9d-8af0-880426f4e24c.jpg,train,data/images/3916ca1d-41b9-4a9d-8af0-880426f4e24c.jpg,ok,,558,1024,RGB,JPEG
da352f28-ad4f-4a97-ae21-61bfd07c1821.jpg,train,data/images/da352f28-ad4f-4a97-ae21-61bfd07c1821.jpg,ok,,1024,1024,RGB,JPEG
637c183b-7b54-4a0f-92fc-a8a48a3156c9.jpg,train,data/images/637c183b-7b54-4a0f-92fc-a8a48a3156c9.jpg,ok,,1024,1024,RGB,JPEG
7081c8c9-1bff-4f91-b442-1590d8dce20b.jpg,train,data/images/7081c8c9-1bff-4f91-b442-1590d8dce20b.jpg,ok,,864,1152,RGB,JPEG
4eb573dc-b203-4f9a-89e0-a6c0da0ff405.jpg,train,data/images/4eb573dc-b203-4f9a-89e0-a6c0da0ff405.jpg,ok,,1248,832,RGB,JPEG
b1740bce-a1b6-4299-ac5e-4fe3a681fcb5.jpg,train,data/images/b1740bce-a1b6-4299-ac5e-4fe3a681fcb5.jpg,ok,,896,1195,RGB,JPEG
15e50a53-2431-44a5-a58e-6bf529561694.jpg,train,data/images/15e50a53-2431-44a5-a58e-6bf529561694.jpg,ok,,896,1195,RGB,JPEG
2a8244b8-759d-4644-9e1a-644ee55360f1.jpg,train,data/images/2a8244b8-759d-4644-9e1a-644ee55360f1.jpg,ok,,1024,1024,RGB,JPEG
da89271e-67b8-48e6-adb6-c6f9cba861b6.jpg,train,data/images/da89271e-67b8-48e6-adb6-c6f9cba861b6.jpg,ok,,1195,896,RGB,JPEG
9573f6cd-e693-4845-8125-25cf8d3151ea.jpg,train,data/images/9573f6cd-e693-4845-8125-25cf8d3151ea.jpg,ok,,1024,1024,RGB,JPEG
029bfe91-890f-453c-bfde-1519135246f0.jpg,train,data/images/029bfe91-890f-453c-bfde-1519135246f0.jpg,ok,,1024,1024,RGB,JPEG
cd1e32b2-b76e-40fc-995a-4b838992da7c.jpg,train,data/images/cd1e32b2-b76e-40fc-995a-4b838992da7c.jpg,ok,,1195,896,RGB,JPEG
accd6464-42b0-4089-b4b1-2a227bc1ec30.jpg,train,data/images/accd6464-42b0-4089-b4b1-2a227bc1ec30.jpg,ok,,1024,1024,RGB,JPEG
c77dc4ac-7069-4f2b-9f04-1f89ff2324da.jpg,train,data/images/c77dc4ac-7069-4f2b-9f04-1f89ff2324da.jpg,ok,,1024,1024,RGB,JPEG
e60c9a2a-7b81-4688-84c0-a1d04c592751.jpg,train,data/images/e60c9a2a-7b81-4688-84c0-a1d04c592751.jpg,ok,,1024,1024,RGB,JPEG
70aaff91-fbd5-414d-b864-57471f716266.jpg,train,data/images/70aaff91-fbd5-414d-b864-57471f716266.jpg,ok,,896,1195,RGB,JPEG
8afeb552-d5c7-4143-8926-882af55c0200.jpg,train,data/images/8afeb552-d5c7-4143-8926-882af55c0200.jpg,ok,,755,1444,RGB,JPEG
2c5ec054-cfc7-4e4a-a570-590c9def5175.jpg,train,data/images/2c5ec054-cfc7-4e4a-a570-590c9def5175.jpg,ok,,1024,1024,RGB,JPEG
ca0e4397-91d3-4de0-b366-93c14fba0491.jpg,train,data/images/ca0e4397-91d3-4de0-b366-93c14fba0491.jpg,ok,,1024,1024,RGB,JPEG
73a2faa1-bed6-40d4-b13f-fd8d0d01c3a4.jpg,train,data/images/73a2faa1-bed6-40d4-b13f-fd8d0d01c3a4.jpg,ok,,1024,1024,RGB,JPEG
1e000f4b-f938-4707-ac8c-a5a72320aeb4.jpg,train,data/images/1e000f4b-f938-4707-ac8c-a5a72320aeb4.jpg,ok,,1024,1024,RGB,JPEG
4c397d65-7e1e-4741-b861-b2b67048a09d.jpg,train,data/images/4c397d65-7e1e-4741-b861-b2b67048a09d.jpg,ok,,1248,832,RGB,JPEG
a30ddf41-2135-4721-9e94-921f286bd5da.jpg,train,data/images/a30ddf41-2135-4721-9e94-921f286bd5da.jpg,ok,,1024,1024,RGB,JPEG
833ef125-6990-4d23-b227-46fae5cd7c51.jpg,train,data/images/833ef125-6990-4d23-b227-46fae5cd7c51.jpg,ok,,1195,896,RGB,JPEG
071624e2-1eec-4837-ae59-f58d10989704.jpg,train,data/images/071624e2-1eec-4837-ae59-f58d10989704.jpg,ok,,1024,716,RGB,JPEG
d00fa02b-99c7-4c20-befa-b1fa1f066df3.jpg,train,data/images/d00fa02b-99c7-4c20-befa-b1fa1f066df3.jpg,ok,,1024,1024,RGB,JPEG
da81b56c-ff42-4d57-a24e-997d2d2210a4.jpg,train,data/images/da81b56c-ff42-4d57-a24e-997d2d2210a4.jpg,ok,,896,1195,RGB,JPEG
ac58b82d-fbbe-4d90-b392-fffe0e73abf4.jpg,train,data/images/ac58b82d-fbbe-4d90-b392-fffe0e73abf4.jpg,ok,,1024,1024,RGB,JPEG
4841834c-b1d4-4a56-9625-3b9213632ae3.jpg,train,data/images/4841834c-b1d4-4a56-9625-3b9213632ae3.jpg,ok,,1024,558,RGB,JPEG
efb7c581-51d1-4e49-970d-4eeafc2241c4.jpg,train,data/images/efb7c581-51d1-4e49-970d-4eeafc2241c4.jpg,ok,,1024,1024,RGB,JPEG
1a3b094f-12f8-41be-95f8-3801cb5f3529.jpg,train,data/images/1a3b094f-12f8-41be-95f8-3801cb5f3529.jpg,ok,,1280,1024,RGB,JPEG
5d245c60-27af-473b-98ff-73bbc9eb329e.jpg,train,data/images/5d245c60-27af-473b-98ff-73bbc9eb329e.jpg,ok,,558,1024,RGB,JPEG
75f7fe36-50f6-46e4-b0d8-34b98995bbd2.jpg,train,data/images/75f7fe36-50f6-46e4-b0d8-34b98995bbd2.jpg,ok,,896,1195,RGB,JPEG
b36f3dfa-7961-4f56-9c4a-1a9276a0028a.jpg,train,data/images/b36f3dfa-7961-4f56-9c4a-1a9276a0028a.jpg,ok,,1024,1024,RGB,JPEG
f3065fdc-8e7c-47f5-879d-8629936f0f88.jpg,train,data/images/f3065fdc-8e7c-47f5-879d-8629936f0f88.jpg,ok,,1024,1024,RGB,JPEG
d0ba15f9-10a5-4e03-89a3-7252a9a335dd.jpg,train,data/images/d0ba15f9-10a5-4e03-89a3-7252a9a335dd.jpg,ok,,832,1248,RGB,JPEG
f5031f9f-3903-4f7a-88c8-36170fbb29f7.jpg,train,data/images/f5031f9f-3903-4f7a-88c8-36170fbb29f7.jpg,ok,,832,1248,RGB,JPEG
b3d50dff-022b-402d-a283-8ef8e921008e.jpg,train,data/images/b3d50dff-022b-402d-a283-8ef8e921008e.jpg,ok,,896,1195,RGB,JPEG
e0297a63-3254-4546-8d4a-36da6807d081.jpg,train,data/images/e0297a63-3254-4546-8d4a-36da6807d081.jpg,ok,,896,1195,RGB,JPEG
99581dfd-1587-4c25-9708-4b01505b333b.jpg,train,data/images/99581dfd-1587-4c25-9708-4b01505b333b.jpg,ok,,1879,2200,RGB,JPEG
064c63a8-4f05-4a2f-b1c2-269952a12e0e.jpg,train,data/images/064c63a8-4f05-4a2f-b1c2-269952a12e0e.jpg,ok,,1195,896,RGB,JPEG
0c65f54e-6920-4c95-9c47-d715ee212e88.jpg,train,data/images/0c65f54e-6920-4c95-9c47-d715ee212e88.jpg,ok,,400,296,RGB,JPEG
4a31028f-8c21-46b5-82a9-ac12a379af46.jpg,train,data/images/4a31028f-8c21-46b5-82a9-ac12a379af46.jpg,ok,,1024,1024,RGB,JPEG
6a56db2b-226d-4427-8d97-08e30434cb6e.jpg,train,data/images/6a56db2b-226d-4427-8d97-08e30434cb6e.jpg,ok,,1024,1024,RGB,JPEG
755dcb11-b3fb-420d-bc14-eb96c8eb1ea4.jpg,train,data/images/755dcb11-b3fb-420d-bc14-eb96c8eb1ea4.jpg,ok,,1024,1024,RGB,JPEG
c8d86cf9-8a0c-4a9c-84c6-73dc09ff8f88.jpg,train,data/images/c8d86cf9-8a0c-4a9c-84c6-73dc09ff8f88.jpg,ok,,1024,1024,RGB,JPEG
14df37ff-0cc5-43c5-b070-5d608e422993.jpg,train,data/images/14df37ff-0cc5-43c5-b070-5d608e422993.jpg,ok,,1024,1024,RGB,JPEG
8f80d81c-85ba-4b73-9150-6de97fa18b6a.jpg,train,data/images/8f80d81c-85ba-4b73-9150-6de97fa18b6a.jpg,ok,,1024,716,RGB,JPEG
e3b9f6a5-0138-4c17-9097-492140829e70.jpg,train,data/images/e3b9f6a5-0138-4c17-9097-492140829e70.jpg,ok,,1248,832,RGB,JPEG
f91d8ba1-2b32-40d5-b971-9a52ab9110f6.jpg,train,data/images/f91d8ba1-2b32-40d5-b971-9a52ab9110f6.jpg,ok,,896,1195,RGB,JPEG
c6204d99-bc58-475e-8e99-435297f4be67.jpg,train,data/images/c6204d99-bc58-475e-8e99-435297f4be67.jpg,ok,,1024,1024,RGB,JPEG
9a0e58f0-80ed-4582-97c4-cc99dad81d00.jpg,train,data/images/9a0e58f0-80ed-4582-97c4-cc99dad81d00.jpg,ok,,1024,1024,RGB,JPEG
60a82884-47a1-465c-ab62-e7d658584b64.jpg,train,data/images/60a82884-47a1-465c-ab62-e7d658584b64.jpg,ok,,1024,1024,RGB,JPEG
fbc85b9e-001c-45bf-8aa3-2de3762c3284.jpg,train,data/images/fbc85b9e-001c-45bf-8aa3-2de3762c3284.jpg,ok,,1024,1024,RGB,JPEG
d0fac19c-b4b1-4795-950f-df568bc79133.jpg,train,data/images/d0fac19c-b4b1-4795-950f-df568bc79133.jpg,ok,,1024,716,RGB,JPEG
efbfc0b6-cb81-409d-8e72-5b716afd4774.jpg,train,data/images/efbfc0b6-cb81-409d-8e72-5b716afd4774.jpg,ok,,2560,2560,RGB,JPEG
bed59144-ba98-423e-b35f-434fb91884e3.jpg,train,data/images/bed59144-ba98-423e-b35f-434fb91884e3.jpg,ok,,1024,1024,RGB,JPEG
8c6d170b-61a5-4739-a3c1-e9f805e96296.jpg,train,data/images/8c6d170b-61a5-4739-a3c1-e9f805e96296.jpg,ok,,1024,716,RGB,JPEG
66cef3a1-6ba4-4e23-adfc-656495736fcc.jpg,train,data/images/66cef3a1-6ba4-4e23-adfc-656495736fcc.jpg,ok,,1024,1024,RGB,JPEG
af85d331-3809-4cf1-84b4-7be8e891f588.jpg,train,data/images/af85d331-3809-4cf1-84b4-7be8e891f588.jpg,ok,,1000,1000,RGB,JPEG
230a4bc8-0e16-4bf7-aea8-0314a7ea993a.jpg,train,data/images/230a4bc8-0e16-4bf7-aea8-0314a7ea993a.jpg,ok,,1080,1920,RGB,JPEG
a815d1bb-66bd-4f91-832a-7a6c0a8a3f96.jpg,train,data/images/a815d1bb-66bd-4f91-832a-7a6c0a8a3f96.jpg,ok,,1024,1024,RGB,JPEG
f825f506-2d54-4fa0-9226-76176fe4fc97.jpg,train,data/images/f825f506-2d54-4fa0-9226-76176fe4fc97.jpg,ok,,1024,1024,RGB,JPEG
9d59552f-207d-4fe0-a586-56ae046c57b8.jpg,train,data/images/9d59552f-207d-4fe0-a586-56ae046c57b8.jpg,ok,,910,1024,RGB,JPEG
1ba9b835-8e6d-470e-a1e2-f296e7335009.jpg,train,data/images/1ba9b835-8e6d-470e-a1e2-f296e7335009.jpg,ok,,1024,1024,RGB,JPEG
d593a3de-67e4-4f0c-8a53-d811fc9db0d1.jpg,train,data/images/d593a3de-67e4-4f0c-8a53-d811fc9db0d1.jpg,ok,,1024,1024,RGB,JPEG
d0edd232-dceb-4b11-9089-9a3c590dff66.jpg,train,data/images/d0edd232-dceb-4b11-9089-9a3c590dff66.jpg,ok,,1024,1024,RGB,JPEG
6445c733-83cb-477b-9178-e0276dc3a596.jpg,train,data/images/6445c733-83cb-477b-9178-e0276dc3a596.jpg,ok,,1024,1024,RGB,JPEG
243c17e0-6167-4e01-a22e-e21a1e1725da.jpg,train,data/images/243c17e0-6167-4e01-a22e-e21a1e1725da.jpg,ok,,1024,1024,RGB,JPEG
3e350cd4-eae5-409c-8fce-c8245ea59820.jpg,train,data/images/3e350cd4-eae5-409c-8fce-c8245ea59820.jpg,ok,,1024,1024,RGB,JPEG
7a97f565-689c-467d-8fcf-93c036033b2a.jpg,train,data/images/7a97f565-689c-467d-8fcf-93c036033b2a.jpg,ok,,558,1024,RGB,JPEG
2c56f82d-92cd-4533-bbe8-5983e415cfc1.jpg,train,data/images/2c56f82d-92cd-4533-bbe8-5983e415cfc1.jpg,ok,,1024,1024,RGB,JPEG
96e3e594-f0d4-4ddf-8b42-c0d7fad64198.jpg,train,data/images/96e3e594-f0d4-4ddf-8b42-c0d7fad64198.jpg,ok,,1024,1024,RGB,JPEG
1bbcf375-8b0f-4669-b8c7-b23ca53723b0.jpg,train,data/images/1bbcf375-8b0f-4669-b8c7-b23ca53723b0.jpg,ok,,1024,1024,RGB,JPEG
7b234d27-5564-40ca-8855-a5b6054906ec.jpg,train,data/images/7b234d27-5564-40ca-8855-a5b6054906ec.jpg,ok,,1024,1024,RGB,JPEG
8e40c4aa-0727-4bad-8a8b-dafabaa3e720.jpg,train,data/images/8e40c4aa-0727-4bad-8a8b-dafabaa3e720.jpg,ok,,1024,1024,RGB,JPEG
34753c3f-3b77-4f6b-9b18-94b150aeec0f.jpg,train,data/images/34753c3f-3b77-4f6b-9b18-94b150aeec0f.jpg,ok,,1024,1024,RGB,JPEG
898ff366-d34b-4663-b53f-472a04f61c22.jpg,train,data/images/898ff366-d34b-4663-b53f-472a04f61c22.jpg,ok,,1024,1024,RGB,JPEG
31afc627-82b6-4cd3-8469-af9e1d0d3525.jpg,train,data/images/31afc627-82b6-4cd3-8469-af9e1d0d3525.jpg,ok,,1024,1024,RGB,JPEG
f6634c45-ebb5-49c7-9578-0435bee9262b.jpg,train,data/images/f6634c45-ebb5-49c7-9578-0435bee9262b.jpg,ok,,1024,1024,RGB,JPEG
683428db-899e-4506-9193-b2ec6fa50597.jpg,train,data/images/683428db-899e-4506-9193-b2ec6fa50597.jpg,ok,,1024,1024,RGB,JPEG
c5bb4f59-fbb2-4f28-a027-afa67ad38c59.jpg,train,data/images/c5bb4f59-fbb2-4f28-a027-afa67ad38c59.jpg,ok,,1024,1024,RGB,JPEG
84197a4a-149e-4d1a-b0f3-52b8d386b31c.jpg,train,data/images/84197a4a-149e-4d1a-b0f3-52b8d386b31c.jpg,ok,,1024,1024,RGB,JPEG
4621cf4e-6c8b-491a-ac1a-1b7551669797.jpg,train,data/images/4621cf4e-6c8b-491a-ac1a-1b7551669797.jpg,ok,,1024,1024,RGB,JPEG
e223e1e2-7184-4479-88d2-a0e323c7513e.jpg,train,data/images/e223e1e2-7184-4479-88d2-a0e323c7513e.jpg,ok,,1024,1024,RGB,JPEG
8f23c257-e180-4e7f-a3a7-69500af68789.jpg,train,data/images/8f23c257-e180-4e7f-a3a7-69500af68789.jpg,ok,,1024,1024,RGB,JPEG
359b873f-0e19-461a-9f53-b845f6564ac6.jpg,train,data/images/359b873f-0e19-461a-9f53-b845f6564ac6.jpg,ok,,1024,1024,RGB,JPEG
efeab5a2-01dc-47d1-81f7-9b83287c298f.jpg,train,data/images/efeab5a2-01dc-47d1-81f7-9b83287c298f.jpg,ok,,1024,1024,RGB,JPEG
47915883-fb52-4df9-bd3e-86ab79f60757.jpg,train,data/images/47915883-fb52-4df9-bd3e-86ab79f60757.jpg,ok,,1879,2200,RGB,JPEG
4e2fefd5-4bd9-4f27-9ca3-fa821c18e059.jpg,train,data/images/4e2fefd5-4bd9-4f27-9ca3-fa821c18e059.jpg,ok,,1195,896,RGB,JPEG
f37ba9bc-d496-4049-82c0-1c8b156faae4.jpg,train,data/images/f37ba9bc-d496-4049-82c0-1c8b156faae4.jpg,ok,,1024,558,RGB,JPEG
05cc39eb-11e7-42c5-980d-dfbdf0166612.jpg,train,data/images/05cc39eb-11e7-42c5-980d-dfbdf0166612.jpg,ok,,1024,1024,RGB,JPEG
ff0aebe9-3918-4378-ad9a-474ec0ca21b8.jpg,train,data/images/ff0aebe9-3918-4378-ad9a-474ec0ca21b8.jpg,ok,,896,1195,RGB,JPEG
f8bdd648-8166-4720-961c-bcec383ec82b.jpg,train,data/images/f8bdd648-8166-4720-961c-bcec383ec82b.jpg,ok,,832,1248,RGB,JPEG
bd956009-3948-4a2b-a0bc-6544642e173e.jpg,train,data/images/bd956009-3948-4a2b-a0bc-6544642e173e.jpg,ok,,1024,1024,RGB,JPEG
b4fe48c6-8b2a-4782-84c0-85af96b4baf2.jpg,train,data/images/b4fe48c6-8b2a-4782-84c0-85af96b4baf2.jpg,ok,,1024,1024,RGB,JPEG
3e202a79-c2d8-436a-96e0-4a2d8e807336.jpg,train,data/images/3e202a79-c2d8-436a-96e0-4a2d8e807336.jpg,ok,,1024,1024,RGB,JPEG
d1281edf-eafd-4333-8113-e2827b1670cd.jpg,train,data/images/d1281edf-eafd-4333-8113-e2827b1670cd.jpg,ok,,1195,896,RGB,JPEG
a5edf389-b2de-4c15-891d-c347858cde71.jpg,train,data/images/a5edf389-b2de-4c15-891d-c347858cde71.jpg,ok,,1024,1024,RGB,JPEG
6f57eaf6-c36c-47de-8f3b-2949927a6655.jpg,train,data/images/6f57eaf6-c36c-47de-8f3b-2949927a6655.jpg,ok,,1024,1024,RGB,JPEG
ab88e607-425e-47fc-9e1e-91f9f4069f22.jpg,train,data/images/ab88e607-425e-47fc-9e1e-91f9f4069f22.jpg,ok,,1024,1024,RGB,JPEG
9162aad0-6852-4333-8642-0fc3ab540273.jpg,train,data/images/9162aad0-6852-4333-8642-0fc3ab540273.jpg,ok,,558,1024,RGB,JPEG
bc2362f4-bd4b-4eff-97cc-1c403f22992c.jpg,train,data/images/bc2362f4-bd4b-4eff-97cc-1c403f22992c.jpg,ok,,1024,1024,RGB,JPEG
a5d575c1-6b7d-44b1-ae50-31d55eff1a3f.jpg,train,data/images/a5d575c1-6b7d-44b1-ae50-31d55eff1a3f.jpg,ok,,1248,832,RGB,JPEG
fd94a238-a72c-4863-8c3f-2110ecaaee2a.jpg,train,data/images/fd94a238-a72c-4863-8c3f-2110ecaaee2a.jpg,ok,,1195,896,RGB,JPEG
77e12b13-72a4-4112-a7d4-418c268c4918.jpg,train,data/images/77e12b13-72a4-4112-a7d4-418c268c4918.jpg,ok,,1024,1024,RGB,JPEG
297512eb-d5ba-41e9-ab81-aa0e5fb7e6d8.jpg,train,data/images/297512eb-d5ba-41e9-ab81-aa0e5fb7e6d8.jpg,ok,,1024,1024,RGB,JPEG
744686d9-2714-49bf-9e59-839b529f44e8.jpg,train,data/images/744686d9-2714-49bf-9e59-839b529f44e8.jpg,ok,,832,1248,RGB,JPEG
437b2404-753b-4a17-8997-d04a2c24606d.jpg,train,data/images/437b2404-753b-4a17-8997-d04a2c24606d.jpg,ok,,1024,1024,RGB,JPEG
415b82ae-e607-430a-8032-5600017c296a.jpg,train,data/images/415b82ae-e607-430a-8032-5600017c296a.jpg,ok,,1024,1024,RGB,JPEG
16af03e8-d720-4873-a9c3-198537938530.jpg,train,data/images/16af03e8-d720-4873-a9c3-198537938530.jpg,ok,,1024,1024,RGB,JPEG
1aceebe5-b7a2-49f8-b0ec-f1fae7f3f097.jpg,train,data/images/1aceebe5-b7a2-49f8-b0ec-f1fae7f3f097.jpg,ok,,1024,558,RGB,JPEG
2e8feb1d-3382-4b64-bd57-2c740739edef.jpg,train,data/images/2e8feb1d-3382-4b64-bd57-2c740739edef.jpg,ok,,896,1195,RGB,JPEG
47dfe583-1f33-401b-b2a0-4ba44276cebb.jpg,train,data/images/47dfe583-1f33-401b-b2a0-4ba44276cebb.jpg,ok,,558,1024,RGB,JPEG
da43c99e-c541-4804-bf00-71037029303f.jpg,train,data/images/da43c99e-c541-4804-bf00-71037029303f.jpg,ok,,832,1248,RGB,JPEG
8c431643-d39c-4226-bf9f-f3c8c0188367.jpg,train,data/images/8c431643-d39c-4226-bf9f-f3c8c0188367.jpg,ok,,1024,1024,RGB,JPEG
3c84ba01-c487-4b73-87d1-be0fdd84b0ce.jpg,train,data/images/3c84ba01-c487-4b73-87d1-be0fdd84b0ce.jpg,ok,,1195,896,RGB,JPEG
ee8cd898-8c2f-4212-b8ce-3b9008060a8e.jpg,train,data/images/ee8cd898-8c2f-4212-b8ce-3b9008060a8e.jpg,ok,,1195,896,RGB,JPEG
5e1e8522-e65d-46a6-b2b1-6acb39322ef3.jpg,train,data/images/5e1e8522-e65d-46a6-b2b1-6acb39322ef3.jpg,ok,,1024,1024,RGB,JPEG
ccf76d7c-3d31-4a23-b492-e27cfd4797fd.jpg,train,data/images/ccf76d7c-3d31-4a23-b492-e27cfd4797fd.jpg,ok,,1024,1024,RGB,JPEG
f8d66bd5-dc3b-476a-b85e-2c65290a3621.jpg,train,data/images/f8d66bd5-dc3b-476a-b85e-2c65290a3621.jpg,ok,,1024,1024,RGB,JPEG
7cf3703a-9295-47c2-8752-3a6e1dda135a.jpg,train,data/images/7cf3703a-9295-47c2-8752-3a6e1dda135a.jpg,ok,,1024,1024,RGB,JPEG
baec4786-bab2-4d2c-b809-81cc64c41203.jpg,train,data/images/baec4786-bab2-4d2c-b809-81cc64c41203.jpg,ok,,1024,1024,RGB,JPEG
2e2f9eef-8010-48ee-89e1-037519cb2f13.jpg,train,data/images/2e2f9eef-8010-48ee-89e1-037519cb2f13.jpg,ok,,896,1195,RGB,JPEG
0ada5e07-2400-4b0b-bcf2-935eac7dfe1d.jpg,train,data/images/0ada5e07-2400-4b0b-bcf2-935eac7dfe1d.jpg,ok,,896,1195,RGB,JPEG
6b523d1e-211d-4328-b006-bbe5638e7fa0.jpg,train,data/images/6b523d1e-211d-4328-b006-bbe5638e7fa0.jpg,ok,,896,1195,RGB,JPEG
f9ae1eee-cf11-4f25-9afb-9645df3e92af.jpg,train,data/images/f9ae1eee-cf11-4f25-9afb-9645df3e92af.jpg,ok,,1195,896,RGB,JPEG
6661400c-4cd5-4256-b090-fd5fbbdb2465.jpg,train,data/images/6661400c-4cd5-4256-b090-fd5fbbdb2465.jpg,ok,,896,1195,RGB,JPEG
951962ff-502c-45a0-8a07-559f544c2a7e.jpg,train,data/images/951962ff-502c-45a0-8a07-559f544c2a7e.jpg,ok,,1024,1024,RGB,JPEG
874d2d77-630f-4135-8a72-2542f1c4666d.jpg,train,data/images/874d2d77-630f-4135-8a72-2542f1c4666d.jpg,ok,,1024,716,RGB,JPEG
ade7d380-30a7-4735-b80d-3eca4779df09.jpg,train,data/images/ade7d380-30a7-4735-b80d-3eca4779df09.jpg,ok,,1024,1024,RGB,JPEG
b38657d1-9617-4871-b6fc-ecf73161e6ff.jpg,train,data/images/b38657d1-9617-4871-b6fc-ecf73161e6ff.jpg,ok,,1024,1024,RGB,JPEG
2b58fa60-750b-4333-b998-9e1ed19dcf02.jpg,train,data/images/2b58fa60-750b-4333-b998-9e1ed19dcf02.jpg,ok,,1195,896,RGB,JPEG
88b40ee6-11f0-4112-9b2f-12766be94c07.jpg,train,data/images/88b40ee6-11f0-4112-9b2f-12766be94c07.jpg,ok,,832,1248,RGB,JPEG
b957b9e8-77c2-4a94-843b-a794b082e4b4.jpg,train,data/images/b957b9e8-77c2-4a94-843b-a794b082e4b4.jpg,ok,,1024,1024,RGB,JPEG
feb0c119-fdde-46ce-bd5f-9ca12e1d5476.jpg,train,data/images/feb0c119-fdde-46ce-bd5f-9ca12e1d5476.jpg,ok,,1024,1024,RGB,JPEG
1811e893-bd9a-45e5-8b10-9421313c200f.jpg,train,data/images/1811e893-bd9a-45e5-8b10-9421313c200f.jpg,ok,,1024,1024,RGB,JPEG
9dc557ea-bc9b-469e-af7c-85c1c56f36f1.jpg,train,data/images/9dc557ea-bc9b-469e-af7c-85c1c56f36f1.jpg,ok,,800,800,RGB,JPEG
4cc5c821-ddd7-44aa-9fd5-21ce8b5b3d33.jpg,train,data/images/4cc5c821-ddd7-44aa-9fd5-21ce8b5b3d33.jpg,ok,,1024,1024,RGB,JPEG
651b63c7-f7ff-4457-b229-5c6f6066ced1.jpg,train,data/images/651b63c7-f7ff-4457-b229-5c6f6066ced1.jpg,ok,,1024,1024,RGB,JPEG
4be76de1-ccb1-45b1-be9a-5b98d1cd83c9.jpg,train,data/images/4be76de1-ccb1-45b1-be9a-5b98d1cd83c9.jpg,ok,,896,1195,RGB,JPEG
afe26010-6d6b-4583-93ac-c0e9a7f9c0be.jpg,train,data/images/afe26010-6d6b-4583-93ac-c0e9a7f9c0be.jpg,ok,,1024,1024,RGB,JPEG
e4c8c097-8de8-4f47-9888-d1cb61951d3a.jpg,train,data/images/e4c8c097-8de8-4f47-9888-d1cb61951d3a.jpg,ok,,2304,2560,RGB,JPEG
2b823f2f-0cc5-4bb8-a0e4-ae611e693812.jpg,train,data/images/2b823f2f-0cc5-4bb8-a0e4-ae611e693812.jpg,ok,,1024,1024,RGB,JPEG
c2921c9f-2c3a-4a29-8531-9f5ccccf40e9.jpg,train,data/images/c2921c9f-2c3a-4a29-8531-9f5ccccf40e9.jpg,ok,,1024,1024,RGB,JPEG
12e7f55f-9f9c-4f96-8e3d-f9a68095bf0c.jpg,train,data/images/12e7f55f-9f9c-4f96-8e3d-f9a68095bf0c.jpg,ok,,1024,1024,RGB,JPEG
652af332-1428-4d9b-a926-0289645ccf6d.jpg,train,data/images/652af332-1428-4d9b-a926-0289645ccf6d.jpg,ok,,832,1248,RGB,JPEG
70711c46-9cf5-4aab-851a-9304653cea4c.jpg,train,data/images/70711c46-9cf5-4aab-851a-9304653cea4c.jpg,ok,,1195,896,RGB,JPEG
06daeec5-c4be-4bdb-b527-ca7a4c61eff5.jpg,train,data/images/06daeec5-c4be-4bdb-b527-ca7a4c61eff5.jpg,ok,,1024,558,RGB,JPEG
aa339c66-e666-45c3-bd41-f33e203af372.jpg,train,data/images/aa339c66-e666-45c3-bd41-f33e203af372.jpg,ok,,1024,1024,RGB,JPEG
34c3f705-0495-4a9a-b1b7-c78a678bbefc.jpg,train,data/images/34c3f705-0495-4a9a-b1b7-c78a678bbefc.jpg,ok,,1024,1024,RGB,JPEG
eef60200-126f-449b-9342-916729ad4d95.jpg,train,data/images/eef60200-126f-449b-9342-916729ad4d95.jpg,ok,,1248,832,RGB,JPEG
9bf00f89-98ca-4b87-b40c-5a8631f57088.jpg,train,data/images/9bf00f89-98ca-4b87-b40c-5a8631f57088.jpg,ok,,1248,832,RGB,JPEG
64d122a6-968f-4e70-91cf-9c4089791eb9.jpg,train,data/images/64d122a6-968f-4e70-91cf-9c4089791eb9.jpg,ok,,1195,896,RGB,JPEG
fb78d0d7-a6fc-43ab-b44b-c51e91ac1f08.jpg,train,data/images/fb78d0d7-a6fc-43ab-b44b-c51e91ac1f08.jpg,ok,,1024,1024,RGB,JPEG
f2d8eef3-5d23-450e-8a60-a1667115dd9d.jpg,train,data/images/f2d8eef3-5d23-450e-8a60-a1667115dd9d.jpg,ok,,832,1248,RGB,JPEG
eef9570a-1a00-4231-950e-659112682ce6.jpg,train,data/images/eef9570a-1a00-4231-950e-659112682ce6.jpg,ok,,1024,1024,RGB,JPEG
374a2174-0509-4bd1-a3eb-ee69d6466b26.jpg,train,data/images/374a2174-0509-4bd1-a3eb-ee69d6466b26.jpg,ok,,1024,1024,RGB,JPEG
930e8552-7b7e-4e19-8df6-a4387b49d5f4.jpg,train,data/images/930e8552-7b7e-4e19-8df6-a4387b49d5f4.jpg,ok,,1195,896,RGB,JPEG
9b5e50f4-d106-4e21-8482-27ffdd2677a4.jpg,train,data/images/9b5e50f4-d106-4e21-8482-27ffdd2677a4.jpg,ok,,1024,1024,RGB,JPEG
a25a3d58-c1d6-4b7b-bfce-eca4b7949e4d.jpg,train,data/images/a25a3d58-c1d6-4b7b-bfce-eca4b7949e4d.jpg,ok,,896,1195,RGB,JPEG
e1b097b0-0f42-4312-bad0-1ab9ed365c8c.jpg,train,data/images/e1b097b0-0f42-4312-bad0-1ab9ed365c8c.jpg,ok,,1024,1024,RGB,JPEG
53bd152e-1d46-4282-8902-bfbd399fc369.jpg,train,data/images/53bd152e-1d46-4282-8902-bfbd399fc369.jpg,ok,,832,1248,RGB,JPEG
43128640-08bf-4ebd-ac61-c34a2d99b82b.jpg,train,data/images/43128640-08bf-4ebd-ac61-c34a2d99b82b.jpg,ok,,1024,1024,RGB,JPEG
5e3e1311-a71e-4793-8aac-4b2b7834450e.jpg,train,data/images/5e3e1311-a71e-4793-8aac-4b2b7834450e.jpg,ok,,896,1195,RGB,JPEG
b5f68d57-2d7f-4876-b5a5-f3610dbc770d.jpg,train,data/images/b5f68d57-2d7f-4876-b5a5-f3610dbc770d.jpg,ok,,896,1195,RGB,JPEG
2206d878-ac24-42ff-a35f-661e8c60d05e.jpg,train,data/images/2206d878-ac24-42ff-a35f-661e8c60d05e.jpg,ok,,217,395,RGBA,PNG
8a105d5c-05be-41f1-b74b-416af1d7bfe0.jpg,train,data/images/8a105d5c-05be-41f1-b74b-416af1d7bfe0.jpg,ok,,896,1195,RGB,JPEG
b6e38cf6-0d9d-4aa9-85b5-4f155c9242af.jpg,train,data/images/b6e38cf6-0d9d-4aa9-85b5-4f155c9242af.jpg,ok,,896,1195,RGB,JPEG
32732dea-4840-4486-be68-7706f75dc63d.jpg,train,data/images/32732dea-4840-4486-be68-7706f75dc63d.jpg,ok,,896,1195,RGB,JPEG
93b458a1-4274-4e6f-bb13-1b6df17c712b.jpg,train,data/images/93b458a1-4274-4e6f-bb13-1b6df17c712b.jpg,ok,,1024,558,RGB,JPEG
89d6caeb-48a2-4fab-aef5-acd9b5566ba1.jpg,train,data/images/89d6caeb-48a2-4fab-aef5-acd9b5566ba1.jpg,ok,,1024,1024,RGB,JPEG
66bca820-403e-4454-9ef6-e58e5534a8e1.jpg,train,data/images/66bca820-403e-4454-9ef6-e58e5534a8e1.jpg,ok,,1024,1024,RGB,JPEG
f90e1bd0-b805-4d71-8844-f0d2b9065012.jpg,train,data/images/f90e1bd0-b805-4d71-8844-f0d2b9065012.jpg,ok,,1024,1024,RGB,JPEG
0d78d2fb-d3df-4964-b51f-81fb3c985d25.jpg,train,data/images/0d78d2fb-d3df-4964-b51f-81fb3c985d25.jpg,ok,,400,400,RGB,JPEG
30b47241-01fe-493d-a7a2-0a31e97ddab5.jpg,train,data/images/30b47241-01fe-493d-a7a2-0a31e97ddab5.jpg,ok,,558,1024,RGB,JPEG
81646616-7ff2-490a-b5a8-3221a07ab952.jpg,train,data/images/81646616-7ff2-490a-b5a8-3221a07ab952.jpg,ok,,400,273,RGB,JPEG
0fcb27f5-b227-4d1a-a637-81f4ae34d9a6.jpg,train,data/images/0fcb27f5-b227-4d1a-a637-81f4ae34d9a6.jpg,ok,,1024,1024,RGB,JPEG
cf6b84e6-3025-41da-b686-4e5f0c184682.jpg,train,data/images/cf6b84e6-3025-41da-b686-4e5f0c184682.jpg,ok,,1024,1024,RGB,JPEG
10ee672f-28a4-48ba-a358-e79c83ed1041.jpg,train,data/images/10ee672f-28a4-48ba-a358-e79c83ed1041.jpg,ok,,1024,1024,RGB,JPEG
8501dfc1-170e-453e-a59f-23c5d4b9c77a.jpg,train,data/images/8501dfc1-170e-453e-a59f-23c5d4b9c77a.jpg,ok,,1024,1024,RGB,JPEG
d72654ba-3dbc-4b01-876f-9862dd7ef209.jpg,train,data/images/d72654ba-3dbc-4b01-876f-9862dd7ef209.jpg,ok,,1024,1024,RGB,JPEG
ac327e50-5d07-416b-938f-59bfc33e2319.jpg,train,data/images/ac327e50-5d07-416b-938f-59bfc33e2319.jpg,ok,,896,1195,RGB,JPEG
eed9247c-8223-4b9a-a385-afd2420de08d.jpg,train,data/images/eed9247c-8223-4b9a-a385-afd2420de08d.jpg,ok,,1024,1024,RGB,JPEG
896a9c45-8c9a-4013-91d9-25d6744a350a.jpg,train,data/images/896a9c45-8c9a-4013-91d9-25d6744a350a.jpg,ok,,1024,716,RGB,JPEG
c5ed4004-61ad-4bd2-8efe-6a034d3854ea.jpg,train,data/images/c5ed4004-61ad-4bd2-8efe-6a034d3854ea.jpg,ok,,1024,1024,RGB,JPEG
8ff4f26d-bbd0-4344-b5c6-139a2c5a7c02.jpg,train,data/images/8ff4f26d-bbd0-4344-b5c6-139a2c5a7c02.jpg,ok,,1080,1440,RGB,JPEG
5dfebc72-719e-40f9-8111-fa5bd6d08d1c.jpg,train,data/images/5dfebc72-719e-40f9-8111-fa5bd6d08d1c.jpg,ok,,1024,1024,RGB,JPEG
20e9b688-352e-41b9-9551-9f095ec168b5.jpg,train,data/images/20e9b688-352e-41b9-9551-9f095ec168b5.jpg,ok,,1248,832,RGB,JPEG
c237921d-b528-4e8f-8da5-dbbe6ed4f827.jpg,train,data/images/c237921d-b528-4e8f-8da5-dbbe6ed4f827.jpg,ok,,1152,864,RGB,JPEG
afbec110-fcfb-4deb-ae9d-64b516b60b34.jpg,train,data/images/afbec110-fcfb-4deb-ae9d-64b516b60b34.jpg,ok,,1024,1024,RGB,JPEG
40651d16-d12d-4399-b091-1f16014d8f62.jpg,train,data/images/40651d16-d12d-4399-b091-1f16014d8f62.jpg,ok,,1024,1024,RGB,JPEG
5171095b-ac76-4a95-bbc5-2a0c38e0f75f.jpg,train,data/images/5171095b-ac76-4a95-bbc5-2a0c38e0f75f.jpg,ok,,558,1024,RGB,JPEG
096c3d81-db56-4a2a-8c43-06aa94ba96a5.jpg,train,data/images/096c3d81-db56-4a2a-8c43-06aa94ba96a5.jpg,ok,,1024,1024,RGB,JPEG
038a4373-d0fc-40ef-8c09-bc486e9e4e15.jpg,train,data/images/038a4373-d0fc-40ef-8c09-bc486e9e4e15.jpg,ok,,755,1444,RGB,JPEG
92d4a379-ab90-40b2-8518-4a790b9ef0c0.jpg,train,data/images/92d4a379-ab90-40b2-8518-4a790b9ef0c0.jpg,ok,,2330,754,RGB,JPEG
69bed401-6f1b-42c6-93b4-4bdaf487356d.jpg,train,data/images/69bed401-6f1b-42c6-93b4-4bdaf487356d.jpg,ok,,1024,716,RGB,JPEG
0ccc4aaa-4b1a-4461-b46a-62f59cd37fe3.jpg,train,data/images/0ccc4aaa-4b1a-4461-b46a-62f59cd37fe3.jpg,ok,,832,1248,RGB,JPEG
90f4d699-90a7-45d0-b09a-a9bbb57a34fd.jpg,train,data/images/90f4d699-90a7-45d0-b09a-a9bbb57a34fd.jpg,ok,,832,1248,RGB,JPEG
c9c8dbdf-0c94-4015-a3ae-3a8d5f55fb20.jpg,train,data/images/c9c8dbdf-0c94-4015-a3ae-3a8d5f55fb20.jpg,ok,,1024,1024,RGB,JPEG
9255b756-dc1e-4154-949b-07caa12164c7.jpg,train,data/images/9255b756-dc1e-4154-949b-07caa12164c7.jpg,ok,,1024,1024,RGB,JPEG
c5692e43-7bfe-4a54-b2f2-205dedac070b.jpg,train,data/images/c5692e43-7bfe-4a54-b2f2-205dedac070b.jpg,ok,,1024,716,RGB,JPEG
3dbb7478-da3a-4f7b-aa1d-1fc848c538b5.jpg,train,data/images/3dbb7478-da3a-4f7b-aa1d-1fc848c538b5.jpg,ok,,896,1195,RGB,JPEG
a54c9df8-1335-4984-8a87-1448496b3ce6.jpg,train,data/images/a54c9df8-1335-4984-8a87-1448496b3ce6.jpg,ok,,436,500,RGB,JPEG
04dfca3a-0d98-449e-b5d7-f986608ba76e.jpg,train,data/images/04dfca3a-0d98-449e-b5d7-f986608ba76e.jpg,ok,,1024,1024,RGB,JPEG
2f5206ad-1905-44bc-b345-00543d868fc8.jpg,train,data/images/2f5206ad-1905-44bc-b345-00543d868fc8.jpg,ok,,1024,1024,RGB,JPEG
ddc6c28a-a7fb-45fc-ba8b-fe36295ca234.jpg,train,data/images/ddc6c28a-a7fb-45fc-ba8b-fe36295ca234.jpg,ok,,1024,558,RGB,JPEG
228bf655-fb0b-4016-9480-3712c28a6bd5.jpg,train,data/images/228bf655-fb0b-4016-9480-3712c28a6bd5.jpg,ok,,1024,1024,RGB,JPEG
7fae99ec-d934-47d0-9bc1-52f4cc868e28.jpg,train,data/images/7fae99ec-d934-47d0-9bc1-52f4cc868e28.jpg,ok,,896,1195,RGB,JPEG
df8b659f-d9e1-40dd-94e1-0941ebc272f3.jpg,train,data/images/df8b659f-d9e1-40dd-94e1-0941ebc272f3.jpg,ok,,896,1195,RGB,JPEG
08abebb6-035b-42e7-a463-69d1b48f99ef.jpg,train,data/images/08abebb6-035b-42e7-a463-69d1b48f99ef.jpg,ok,,1024,558,RGB,JPEG
b9a0c4c0-e228-48f6-8509-3593c652f00c.jpg,train,data/images/b9a0c4c0-e228-48f6-8509-3593c652f00c.jpg,ok,,1024,1024,RGB,JPEG
e51a4773-8cb3-4f62-b292-cdd8df76c916.jpg,train,data/images/e51a4773-8cb3-4f62-b292-cdd8df76c916.jpg,ok,,1024,1024,RGB,JPEG
3f1f87a4-d434-4c02-8e38-c8fef5c8d161.jpg,train,data/images/3f1f87a4-d434-4c02-8e38-c8fef5c8d161.jpg,ok,,1024,558,RGB,JPEG
35df6710-ebbc-4402-9477-2838e7be485b.jpg,train,data/images/35df6710-ebbc-4402-9477-2838e7be485b.jpg,ok,,896,1195,RGB,JPEG
4b653853-dc42-4bf4-8e5f-62fc5c096517.jpg,train,data/images/4b653853-dc42-4bf4-8e5f-62fc5c096517.jpg,ok,,1280,1024,RGB,JPEG
d9729724-5fee-4eb3-8e3f-7df1ae18528a.jpg,train,data/images/d9729724-5fee-4eb3-8e3f-7df1ae18528a.jpg,ok,,1024,1024,RGB,JPEG
26ff1506-1a86-4074-a4b8-8cfa2143d1bd.jpg,train,data/images/26ff1506-1a86-4074-a4b8-8cfa2143d1bd.jpg,ok,,1024,1024,RGB,JPEG
b372f59f-7f5d-4f03-908e-2d8100dd5e07.jpg,train,data/images/b372f59f-7f5d-4f03-908e-2d8100dd5e07.jpg,ok,,1024,1024,RGB,JPEG
fa81a8e3-ae84-4e06-b0db-61467025d352.jpg,train,data/images/fa81a8e3-ae84-4e06-b0db-61467025d352.jpg,ok,,1024,558,RGB,JPEG
ac9b40f5-aab6-4560-ad6b-a904c8bea476.jpg,train,data/images/ac9b40f5-aab6-4560-ad6b-a904c8bea476.jpg,ok,,1024,1024,RGB,JPEG
85653f5e-f416-4bcb-87f5-597abe6167c6.jpg,train,data/images/85653f5e-f416-4bcb-87f5-597abe6167c6.jpg,ok,,1024,1024,RGB,JPEG
34ed333c-6ca3-4332-9717-5c6814d2e596.jpg,train,data/images/34ed333c-6ca3-4332-9717-5c6814d2e596.jpg,ok,,896,1195,RGB,JPEG
66f665e3-6cff-4b13-852a-f1604cfad947.jpg,train,data/images/66f665e3-6cff-4b13-852a-f1604cfad947.jpg,ok,,1195,896,RGB,JPEG
d0e5ee4b-e7c4-4e6f-ae28-821e6c9a777d.jpg,train,data/images/d0e5ee4b-e7c4-4e6f-ae28-821e6c9a777d.jpg,ok,,1024,1024,RGB,JPEG
0bb1f24c-7abe-47ff-a99d-3bbc17996c34.jpg,train,data/images/0bb1f24c-7abe-47ff-a99d-3bbc17996c34.jpg,ok,,747,1328,RGB,JPEG
346a60c0-3ad8-459d-b17d-db2f32260435.jpg,train,data/images/346a60c0-3ad8-459d-b17d-db2f32260435.jpg,ok,,896,1195,RGB,JPEG
d83aea2b-d606-4368-8d3b-cf76f8ded5ad.jpg,train,data/images/d83aea2b-d606-4368-8d3b-cf76f8ded5ad.jpg,ok,,1024,1024,RGB,JPEG
ae395782-2ec3-405e-b0b7-52328ce98e4c.jpg,train,data/images/ae395782-2ec3-405e-b0b7-52328ce98e4c.jpg,ok,,1024,1024,RGB,JPEG
084f192b-4405-478c-a414-485662bfd86a.jpg,train,data/images/084f192b-4405-478c-a414-485662bfd86a.jpg,ok,,1024,716,RGB,JPEG
8587224c-ecbc-4c83-b107-0d2f490f34eb.jpg,train,data/images/8587224c-ecbc-4c83-b107-0d2f490f34eb.jpg,ok,,1024,1024,RGB,JPEG
a7c40783-1570-450e-b751-a06efddb10ad.jpg,train,data/images/a7c40783-1570-450e-b751-a06efddb10ad.jpg,ok,,1024,1024,RGB,JPEG
08250e39-cf86-4c47-811e-daa8447c12a4.jpg,train,data/images/08250e39-cf86-4c47-811e-daa8447c12a4.jpg,ok,,558,1024,RGB,JPEG
836d31e1-fc27-4e21-9406-c4353b3bc461.jpg,train,data/images/836d31e1-fc27-4e21-9406-c4353b3bc461.jpg,ok,,1024,558,RGB,JPEG
ae394945-bed7-44f4-9037-113260be65b3.jpg,train,data/images/ae394945-bed7-44f4-9037-113260be65b3.jpg,ok,,1024,1024,RGB,JPEG
5d5753d0-3722-4d27-9c41-9bf92fccab9a.jpg,train,data/images/5d5753d0-3722-4d27-9c41-9bf92fccab9a.jpg,ok,,1024,1024,RGB,JPEG
17ed8904-8f17-49c9-b716-1a8bdd30e518.jpg,train,data/images/17ed8904-8f17-49c9-b716-1a8bdd30e518.jpg,ok,,832,1248,RGB,JPEG
83091c6b-ae2b-4e65-a532-8d9cff2426c0.jpg,train,data/images/83091c6b-ae2b-4e65-a532-8d9cff2426c0.jpg,ok,,1024,1024,RGB,JPEG
6628aabd-ab31-4108-8ae3-3bc8cb1ec1f1.jpg,train,data/images/6628aabd-ab31-4108-8ae3-3bc8cb1ec1f1.jpg,ok,,1024,1024,RGB,JPEG
366320e1-1a93-461d-845b-02b6c0c513ea.jpg,train,data/images/366320e1-1a93-461d-845b-02b6c0c513ea.jpg,ok,,1879,2200,RGB,JPEG
0a108293-305d-4e42-afe6-3f6a4821f9e4.jpg,train,data/images/0a108293-305d-4e42-afe6-3f6a4821f9e4.jpg,ok,,1024,1024,RGB,JPEG
37e950db-68f4-438f-aa7c-8c28d7c7d330.jpg,train,data/images/37e950db-68f4-438f-aa7c-8c28d7c7d330.jpg,ok,,1024,1024,RGB,JPEG
51340ff6-5e68-4d4e-af4e-a3049eb7ede0.jpg,train,data/images/51340ff6-5e68-4d4e-af4e-a3049eb7ede0.jpg,ok,,1024,716,RGB,JPEG
ee73a893-1c1e-457f-a69b-a523139df120.jpg,train,data/images/ee73a893-1c1e-457f-a69b-a523139df120.jpg,ok,,832,1248,RGB,JPEG
d7f98ec8-334a-42a9-b8a3-f87ec67d28f9.jpg,train,data/images/d7f98ec8-334a-42a9-b8a3-f87ec67d28f9.jpg,ok,,1024,716,RGB,JPEG
6fcea86f-990e-414b-a7f7-c617fadf03db.jpg,train,data/images/6fcea86f-990e-414b-a7f7-c617fadf03db.jpg,ok,,1024,1024,RGB,JPEG
cc8bdb7d-d040-4635-bd93-e59799bd62d0.jpg,train,data/images/cc8bdb7d-d040-4635-bd93-e59799bd62d0.jpg,ok,,1195,896,RGB,JPEG
6dc51147-2834-4b36-8249-752ca6e833d1.jpg,train,data/images/6dc51147-2834-4b36-8249-752ca6e833d1.jpg,ok,,1024,1024,RGB,JPEG
5410e667-3fae-4b1f-b985-2470939812f5.jpg,train,data/images/5410e667-3fae-4b1f-b985-2470939812f5.jpg,ok,,1024,1024,RGB,JPEG
0a41b788-175b-4459-b45a-79be03ba5498.jpg,train,data/images/0a41b788-175b-4459-b45a-79be03ba5498.jpg,ok,,1024,1024,RGB,JPEG
f4092b66-72b6-4fca-af2f-f4e17abaa7aa.jpg,train,data/images/f4092b66-72b6-4fca-af2f-f4e17abaa7aa.jpg,ok,,1024,1024,RGB,JPEG
110eac19-4034-4164-b44d-36d259477365.jpg,train,data/images/110eac19-4034-4164-b44d-36d259477365.jpg,ok,,1024,1024,RGB,JPEG
cecb3c89-1926-44e7-bbe0-ae3be70ba1ee.jpg,train,data/images/cecb3c89-1926-44e7-bbe0-ae3be70ba1ee.jpg,ok,,1024,1024,RGB,JPEG
f8b9d039-4888-4102-ab68-38b4fb4b1d45.jpg,train,data/images/f8b9d039-4888-4102-ab68-38b4fb4b1d45.jpg,ok,,1024,558,RGB,JPEG
09370803-0887-4111-be36-90e4272b40d3.jpg,train,data/images/09370803-0887-4111-be36-90e4272b40d3.jpg,ok,,1248,832,RGB,JPEG
4b26813a-daf5-440d-9f98-ae44d52e4c35.jpg,train,data/images/4b26813a-daf5-440d-9f98-ae44d52e4c35.jpg,ok,,1024,1024,RGB,JPEG
b4c0414e-6842-4105-9a30-b2eb615692a1.jpg,train,data/images/b4c0414e-6842-4105-9a30-b2eb615692a1.jpg,ok,,1024,1024,RGB,JPEG
99136946-5c15-4596-9b8c-6cdab19520b0.jpg,train,data/images/99136946-5c15-4596-9b8c-6cdab19520b0.jpg,ok,,1024,1024,RGB,JPEG
00f024f9-bd51-4d5d-aa23-c0033e7f8d15.jpg,train,data/images/00f024f9-bd51-4d5d-aa23-c0033e7f8d15.jpg,ok,,1280,1024,RGB,JPEG
a74c65b7-ad8c-428f-859f-5b0eca316826.jpg,train,data/images/a74c65b7-ad8c-428f-859f-5b0eca316826.jpg,ok,,1024,1024,RGB,JPEG
f94a4f5a-8eb9-40d7-8ec7-316796bac7d2.jpg,train,data/images/f94a4f5a-8eb9-40d7-8ec7-316796bac7d2.jpg,ok,,1024,1024,RGB,JPEG
b82a4e0b-84e1-4869-9a01-6f914c05d773.jpg,train,data/images/b82a4e0b-84e1-4869-9a01-6f914c05d773.jpg,ok,,1024,716,RGB,JPEG
035edac5-b850-4ef2-bb69-27606618783f.jpg,train,data/images/035edac5-b850-4ef2-bb69-27606618783f.jpg,ok,,1024,1024,RGB,JPEG
47dcb63f-0a87-4810-807b-b66169af9bc9.jpg,train,data/images/47dcb63f-0a87-4810-807b-b66169af9bc9.jpg,ok,,1024,1024,RGB,JPEG
9a71f886-8bc8-41b8-923e-9ca472b2df81.jpg,train,data/images/9a71f886-8bc8-41b8-923e-9ca472b2df81.jpg,ok,,1024,1024,RGB,JPEG
5f6d96b0-2aa7-4448-98cc-d0fa8ca2490e.jpg,train,data/images/5f6d96b0-2aa7-4448-98cc-d0fa8ca2490e.jpg,ok,,1195,896,RGB,JPEG
952a4d84-3d0b-46aa-a368-18dce6879a51.jpg,train,data/images/952a4d84-3d0b-46aa-a368-18dce6879a51.jpg,ok,,1024,1024,RGB,JPEG
28297be0-12c2-4592-a26a-034f47a0ffaf.jpg,train,data/images/28297be0-12c2-4592-a26a-034f47a0ffaf.jpg,ok,,832,1248,RGB,JPEG
6261fc95-d731-4268-b666-f47b7e17b918.jpg,train,data/images/6261fc95-d731-4268-b666-f47b7e17b918.jpg,ok,,832,1248,RGB,JPEG
606dbe5d-718b-40af-8a3a-0d8933f9f1ef.jpg,train,data/images/606dbe5d-718b-40af-8a3a-0d8933f9f1ef.jpg,ok,,1280,1024,RGB,JPEG
8542fe45-11c4-46f7-ace6-729445bd4721.jpg,train,data/images/8542fe45-11c4-46f7-ace6-729445bd4721.jpg,ok,,1248,832,RGB,JPEG
2fafaf41-fa37-40e5-919e-b4e536341d74.jpg,train,data/images/2fafaf41-fa37-40e5-919e-b4e536341d74.jpg,ok,,1024,1024,RGB,JPEG
fc611763-2371-433a-aa8f-182ccc0ada94.jpg,train,data/images/fc611763-2371-433a-aa8f-182ccc0ada94.jpg,ok,,1024,1024,RGB,JPEG
96358e99-3fc4-40d9-854a-fd51c46cd9a7.jpg,train,data/images/96358e99-3fc4-40d9-854a-fd51c46cd9a7.jpg,ok,,1024,1024,RGB,JPEG
2aac16e2-7072-43f6-a16d-6d9902bccf76.jpg,train,data/images/2aac16e2-7072-43f6-a16d-6d9902bccf76.jpg,ok,,896,1195,RGB,JPEG
2711c4f0-afc2-405a-bcaf-88e436ed5609.jpg,train,data/images/2711c4f0-afc2-405a-bcaf-88e436ed5609.jpg,ok,,1195,896,RGB,JPEG
ca58888c-8cbc-4814-87ce-d16eb557f090.jpg,train,data/images/ca58888c-8cbc-4814-87ce-d16eb557f090.jpg,ok,,1280,1024,RGB,JPEG
17065028-68bf-492b-962c-d5473d699b26.jpg,train,data/images/17065028-68bf-492b-962c-d5473d699b26.jpg,ok,,1024,1024,RGB,JPEG
06ba13c1-cef7-4f1e-9855-0dac4a47b77b.jpg,train,data/images/06ba13c1-cef7-4f1e-9855-0dac4a47b77b.jpg,ok,,1024,1024,RGB,JPEG
0f36199b-71fb-492f-8934-e98eca88035e.jpg,train,data/images/0f36199b-71fb-492f-8934-e98eca88035e.jpg,ok,,896,1195,RGB,JPEG
7ba77aba-3de8-4820-b029-7d3bf2f2d602.jpg,train,data/images/7ba77aba-3de8-4820-b029-7d3bf2f2d602.jpg,ok,,558,1024,RGB,JPEG
4643e481-250b-40c2-8517-970939c6c8be.jpg,train,data/images/4643e481-250b-40c2-8517-970939c6c8be.jpg,ok,,600,450,RGBA,PNG
8002f5d5-9aa4-4ba3-9cef-386fab6dcd0d.jpg,train,data/images/8002f5d5-9aa4-4ba3-9cef-386fab6dcd0d.jpg,ok,,896,1195,RGB,JPEG
4c2c5383-043d-4d96-b33a-1dec91761633.jpg,train,data/images/4c2c5383-043d-4d96-b33a-1dec91761633.jpg,ok,,1024,1024,RGB,JPEG
173b808e-be74-4211-a1e5-a60780c3d58d.jpg,train,data/images/173b808e-be74-4211-a1e5-a60780c3d58d.jpg,ok,,896,1195,RGB,JPEG
de06c44d-608e-4eca-baa6-d451d6bbe869.jpg,train,data/images/de06c44d-608e-4eca-baa6-d451d6bbe869.jpg,ok,,1024,1024,RGB,JPEG
b9ad1fde-366b-4260-8628-72ebe9c77130.jpg,train,data/images/b9ad1fde-366b-4260-8628-72ebe9c77130.jpg,ok,,744,992,RGB,JPEG
b67dd212-16b8-4877-8c81-f47e1c5c7448.jpg,train,data/images/b67dd212-16b8-4877-8c81-f47e1c5c7448.jpg,ok,,1248,832,RGB,JPEG
4b657be9-d784-4267-9baa-82228aabbf05.jpg,train,data/images/4b657be9-d784-4267-9baa-82228aabbf05.jpg,ok,,896,1195,RGB,JPEG
da8b2ad2-1de9-448a-b0a4-1778400b2954.jpg,train,data/images/da8b2ad2-1de9-448a-b0a4-1778400b2954.jpg,ok,,1024,1024,RGB,JPEG
18052707-637a-45fe-a89f-7965ab42293f.jpg,train,data/images/18052707-637a-45fe-a89f-7965ab42293f.jpg,ok,,1024,1024,RGB,JPEG
d9b5c440-9dc4-4a94-9170-711b8c0e2af7.jpg,train,data/images/d9b5c440-9dc4-4a94-9170-711b8c0e2af7.jpg,ok,,832,1248,RGB,JPEG
e086d046-f47a-45ee-aca5-f14b6c46d2fc.jpg,train,data/images/e086d046-f47a-45ee-aca5-f14b6c46d2fc.jpg,ok,,896,1195,RGB,JPEG
8d52d84c-065a-4a29-99d3-cc903b1db5f0.jpg,train,data/images/8d52d84c-065a-4a29-99d3-cc903b1db5f0.jpg,ok,,832,1248,RGB,JPEG
0cae5a50-52aa-4dce-b677-9a74bc9fc35d.jpg,train,data/images/0cae5a50-52aa-4dce-b677-9a74bc9fc35d.jpg,ok,,1024,716,RGB,JPEG
c2a8cb0d-fc14-496a-b354-a89c3bea7177.jpg,train,data/images/c2a8cb0d-fc14-496a-b354-a89c3bea7177.jpg,ok,,1024,716,RGB,JPEG
4081af66-a2c4-4cab-a187-bd702cd5b4cb.jpg,train,data/images/4081af66-a2c4-4cab-a187-bd702cd5b4cb.jpg,ok,,1024,1024,RGB,JPEG
8223b921-8105-44b8-9585-9270ce336eec.jpg,train,data/images/8223b921-8105-44b8-9585-9270ce336eec.jpg,ok,,1024,558,RGB,JPEG
332e1a7f-07c2-40d8-be79-61868122ab0f.jpg,train,data/images/332e1a7f-07c2-40d8-be79-61868122ab0f.jpg,ok,,1024,1024,RGB,JPEG
6e0edbe9-3af0-4d09-826a-9e0b57499fa1.jpg,train,data/images/6e0edbe9-3af0-4d09-826a-9e0b57499fa1.jpg,ok,,1024,1024,RGB,JPEG
d493106b-2755-4391-8fcd-5ddd054d78df.jpg,train,data/images/d493106b-2755-4391-8fcd-5ddd054d78df.jpg,ok,,1195,896,RGB,JPEG
e1837d54-2f9a-4599-8144-6af651999bf7.jpg,train,data/images/e1837d54-2f9a-4599-8144-6af651999bf7.jpg,ok,,300,400,RGB,JPEG
16bdfdd4-2009-406d-94ab-d8c1b1917f20.jpg,train,data/images/16bdfdd4-2009-406d-94ab-d8c1b1917f20.jpg,ok,,1024,1024,RGB,JPEG
e49b75cb-36aa-4ef9-9e17-ae39f1c3a54d.jpg,train,data/images/e49b75cb-36aa-4ef9-9e17-ae39f1c3a54d.jpg,ok,,558,1024,RGB,JPEG
3594335f-30cb-4f5b-b64f-232d0efa7eb7.jpg,train,data/images/3594335f-30cb-4f5b-b64f-232d0efa7eb7.jpg,ok,,1024,1024,RGB,JPEG
195a4c9d-27a5-4812-b6b1-e255fd8972ab.jpg,train,data/images/195a4c9d-27a5-4812-b6b1-e255fd8972ab.jpg,ok,,1024,1024,RGB,JPEG
09b42fc5-0526-46fb-9268-75429da8063a.jpg,train,data/images/09b42fc5-0526-46fb-9268-75429da8063a.jpg,ok,,1024,1024,RGB,JPEG
ee86132e-3534-4385-981b-2fbd34c8b44c.jpg,train,data/images/ee86132e-3534-4385-981b-2fbd34c8b44c.jpg,ok,,1024,716,RGB,JPEG
15cf3b1b-f4e6-4828-bf39-9315a288ba2b.jpg,train,data/images/15cf3b1b-f4e6-4828-bf39-9315a288ba2b.jpg,ok,,1024,716,RGB,JPEG
fda280bb-21d2-4c57-a553-4482f02e192e.jpg,train,data/images/fda280bb-21d2-4c57-a553-4482f02e192e.jpg,ok,,1024,1024,RGB,JPEG
81464619-8d58-40dd-a197-7c7e955b8311.jpg,train,data/images/81464619-8d58-40dd-a197-7c7e955b8311.jpg,ok,,1024,1024,RGB,JPEG
f8de0ebd-a6c9-4b89-9742-9c8c05f7251a.jpg,train,data/images/f8de0ebd-a6c9-4b89-9742-9c8c05f7251a.jpg,ok,,1024,1024,RGB,JPEG
d55a3aa4-c4ef-4440-9f13-435145c29e73.jpg,train,data/images/d55a3aa4-c4ef-4440-9f13-435145c29e73.jpg,ok,,1024,1024,RGB,JPEG
5c8d0f5f-747d-44c3-bc6e-aaeadfaed524.jpg,train,data/images/5c8d0f5f-747d-44c3-bc6e-aaeadfaed524.jpg,ok,,400,300,RGB,JPEG
14a8948f-0edf-4ec0-aa5d-b6ef54fe25aa.jpg,train,data/images/14a8948f-0edf-4ec0-aa5d-b6ef54fe25aa.jpg,ok,,1024,1024,RGB,JPEG
afa80b5f-e11e-4d79-8ff6-28c7914e3180.jpg,train,data/images/afa80b5f-e11e-4d79-8ff6-28c7914e3180.jpg,ok,,1024,1024,RGB,JPEG
4326ca5c-007e-4353-9ef1-2b656de7892a.jpg,train,data/images/4326ca5c-007e-4353-9ef1-2b656de7892a.jpg,ok,,1280,1024,RGB,JPEG
9286e8c6-f511-48c0-8880-dd64869f72de.jpg,train,data/images/9286e8c6-f511-48c0-8880-dd64869f72de.jpg,ok,,1024,1024,RGB,JPEG
55a6905f-c3ab-4e3d-9cd2-9774d0b007e4.jpg,train,data/images/55a6905f-c3ab-4e3d-9cd2-9774d0b007e4.jpg,ok,,1024,558,RGB,JPEG
2c3fff98-092d-4107-aeb7-af504544a47f.jpg,train,data/images/2c3fff98-092d-4107-aeb7-af504544a47f.jpg,ok,,1024,1024,RGB,JPEG
e5e0f6ce-793e-4674-999e-f688fc29b8f2.jpg,train,data/images/e5e0f6ce-793e-4674-999e-f688fc29b8f2.jpg,ok,,896,1195,RGB,JPEG
67bc85d5-767c-485d-823f-959fe06740b6.jpg,train,data/images/67bc85d5-767c-485d-823f-959fe06740b6.jpg,ok,,1024,1024,RGB,JPEG
90ee4700-b840-4a86-856e-862f1fc6e867.jpg,train,data/images/90ee4700-b840-4a86-856e-862f1fc6e867.jpg,ok,,832,1248,RGB,JPEG
8cd1aa32-518d-4eec-93fc-5dcd81bc4837.jpg,train,data/images/8cd1aa32-518d-4eec-93fc-5dcd81bc4837.jpg,ok,,896,1195,RGB,JPEG
cd0aa8e8-d2d4-46b7-89c5-9cf93481f87e.jpg,train,data/images/cd0aa8e8-d2d4-46b7-89c5-9cf93481f87e.jpg,ok,,1024,1024,RGB,JPEG
4c3b7608-b88d-482f-8bee-5801a6d944ac.jpg,train,data/images/4c3b7608-b88d-482f-8bee-5801a6d944ac.jpg,ok,,1024,1024,RGB,JPEG
35b13a34-0775-4657-bc48-bc314d1a5f9f.jpg,train,data/images/35b13a34-0775-4657-bc48-bc314d1a5f9f.jpg,ok,,1024,1024,RGB,JPEG
f13e9c5f-1b91-4d8e-bfdb-f2ec5edfc67e.jpg,train,data/images/f13e9c5f-1b91-4d8e-bfdb-f2ec5edfc67e.jpg,ok,,1024,1024,RGB,JPEG
9d24389e-8d76-4fb9-bab4-6a61ee51c2ce.jpg,train,data/images/9d24389e-8d76-4fb9-bab4-6a61ee51c2ce.jpg,ok,,558,1024,RGB,JPEG
9a3e78bf-a973-48cf-8136-c3d53b46ad62.jpg,train,data/images/9a3e78bf-a973-48cf-8136-c3d53b46ad62.jpg,ok,,1024,1024,RGB,JPEG
d37c78a4-4650-4e18-be06-6d0099eb990f.jpg,train,data/images/d37c78a4-4650-4e18-be06-6d0099eb990f.jpg,ok,,1195,896,RGB,JPEG
5c187071-3ce8-4ac6-9c2e-44e4af3d0010.jpg,train,data/images/5c187071-3ce8-4ac6-9c2e-44e4af3d0010.jpg,ok,,1024,1024,RGB,JPEG
87ca244d-efd4-41ee-a7f0-c82b0796ed15.jpg,train,data/images/87ca244d-efd4-41ee-a7f0-c82b0796ed15.jpg,ok,,1024,1024,RGB,JPEG
b4917416-2a8a-4479-b776-30a0bae3d319.jpg,train,data/images/b4917416-2a8a-4479-b776-30a0bae3d319.jpg,ok,,1024,1024,RGB,JPEG
6059a6d5-d19f-40be-a48b-ecfdc1adc581.jpg,train,data/images/6059a6d5-d19f-40be-a48b-ecfdc1adc581.jpg,ok,,1024,716,RGB,JPEG
bd3ee2a8-118d-4e16-ab27-64b8124e61d0.jpg,train,data/images/bd3ee2a8-118d-4e16-ab27-64b8124e61d0.jpg,ok,,1024,716,RGB,JPEG
1acd9b08-03a5-4703-9652-6856e44b7899.jpg,train,data/images/1acd9b08-03a5-4703-9652-6856e44b7899.jpg,ok,,1024,1024,RGB,JPEG
26b58a90-87f4-4641-b443-1975ce1022d6.jpg,train,data/images/26b58a90-87f4-4641-b443-1975ce1022d6.jpg,ok,,1024,1024,RGB,JPEG
2c452cbf-5128-4725-bf39-8cc5558ef9e0.jpg,train,data/images/2c452cbf-5128-4725-bf39-8cc5558ef9e0.jpg,ok,,1024,1024,RGB,JPEG
0d135ce0-5b16-4591-962d-39f04c81febc.jpg,train,data/images/0d135ce0-5b16-4591-962d-39f04c81febc.jpg,ok,,896,1195,RGB,JPEG
6c3ea3b7-1e70-41c3-82e7-b09c3ffe5b76.jpg,train,data/images/6c3ea3b7-1e70-41c3-82e7-b09c3ffe5b76.jpg,ok,,1024,1024,RGB,JPEG
7ef36649-fd54-4efe-8db9-f331b2bfc634.jpg,train,data/images/7ef36649-fd54-4efe-8db9-f331b2bfc634.jpg,ok,,1024,1024,RGB,JPEG
a31ecc03-3ef8-467e-84f4-f9c2f3954311.jpg,train,data/images/a31ecc03-3ef8-467e-84f4-f9c2f3954311.jpg,ok,,1024,1024,RGB,JPEG
1ff417d5-2656-42cd-9a7e-3caa30efe4b2.jpg,train,data/images/1ff417d5-2656-42cd-9a7e-3caa30efe4b2.jpg,ok,,1024,1024,RGB,JPEG
d9125698-469c-4f65-80ac-b01ae38e968c.jpg,train,data/images/d9125698-469c-4f65-80ac-b01ae38e968c.jpg,ok,,832,1248,RGB,JPEG
6ced7068-3722-4e0e-876e-32d94ce1f2ef.jpg,train,data/images/6ced7068-3722-4e0e-876e-32d94ce1f2ef.jpg,ok,,896,1195,RGB,JPEG
41ec3b52-3759-42a6-8917-c13739458ebd.jpg,train,data/images/41ec3b52-3759-42a6-8917-c13739458ebd.jpg,ok,,1024,1024,RGB,JPEG
84184b0c-7153-49df-8c92-c136bca11090.jpg,train,data/images/84184b0c-7153-49df-8c92-c136bca11090.jpg,ok,,1024,1024,RGB,JPEG
167d67d7-3640-45de-911d-d937c9527d31.jpg,train,data/images/167d67d7-3640-45de-911d-d937c9527d31.jpg,ok,,1024,716,RGB,JPEG
a93e3562-8761-41c0-987d-05ef2bbfa3b1.jpg,train,data/images/a93e3562-8761-41c0-987d-05ef2bbfa3b1.jpg,ok,,1024,1024,RGB,JPEG
ee0bb327-f5c1-4e92-9641-1e0d4126890a.jpg,train,data/images/ee0bb327-f5c1-4e92-9641-1e0d4126890a.jpg,ok,,1024,716,RGB,JPEG
34371f09-6ee3-400c-a43e-913eeb87c252.jpg,train,data/images/34371f09-6ee3-400c-a43e-913eeb87c252.jpg,ok,,1024,1024,RGB,JPEG
fea4e505-3265-4279-a1b0-28e198ff1ac7.jpg,train,data/images/fea4e505-3265-4279-a1b0-28e198ff1ac7.jpg,ok,,896,1195,RGB,JPEG
5d9852bc-bada-40e8-8f67-39013421abab.jpg,train,data/images/5d9852bc-bada-40e8-8f67-39013421abab.jpg,ok,,1024,1024,RGB,JPEG
4344730b-852a-4b6f-b0fd-069a6e9a6b9a.jpg,train,data/images/4344730b-852a-4b6f-b0fd-069a6e9a6b9a.jpg,ok,,200,200,RGBA,PNG
28b262e5-74ed-4a11-a197-764cad6e6fe3.jpg,train,data/images/28b262e5-74ed-4a11-a197-764cad6e6fe3.jpg,ok,,1024,1024,RGB,JPEG
06a09fbc-94be-404a-8843-0fb20d24b98f.jpg,train,data/images/06a09fbc-94be-404a-8843-0fb20d24b98f.jpg,ok,,896,1195,RGB,JPEG
ae00b317-df0b-4a6b-b616-78a006857851.jpg,train,data/images/ae00b317-df0b-4a6b-b616-78a006857851.jpg,ok,,1024,1024,RGB,JPEG
c4f81136-8814-4fae-b9c5-32d7ca7ace57.jpg,train,data/images/c4f81136-8814-4fae-b9c5-32d7ca7ace57.jpg,ok,,1024,1024,RGB,JPEG
5b331362-9ff7-48f3-a9fb-baf323faea44.jpg,train,data/images/5b331362-9ff7-48f3-a9fb-baf323faea44.jpg,ok,,1024,1024,RGB,JPEG
9892d493-3eb6-430d-b012-bf333417f1e5.jpg,train,data/images/9892d493-3eb6-430d-b012-bf333417f1e5.jpg,ok,,1024,558,RGB,JPEG
bef8c0d4-2686-46bf-9c05-1e4204445665.jpg,train,data/images/bef8c0d4-2686-46bf-9c05-1e4204445665.jpg,ok,,1024,558,RGB,JPEG
9914a16b-4920-4bc8-a8dd-6df9cb9f5d1f.jpg,train,data/images/9914a16b-4920-4bc8-a8dd-6df9cb9f5d1f.jpg,ok,,1024,558,RGB,JPEG
0cd6c725-864c-419f-bd57-0d43ded395bc.jpg,train,data/images/0cd6c725-864c-419f-bd57-0d43ded395bc.jpg,ok,,1024,558,RGB,JPEG
b1761b1a-f2e5-4980-8079-22920042f36e.jpg,train,data/images/b1761b1a-f2e5-4980-8079-22920042f36e.jpg,ok,,832,1248,RGB,JPEG
33432581-3151-4cf7-afed-59497988c3e0.jpg,train,data/images/33432581-3151-4cf7-afed-59497988c3e0.jpg,ok,,1248,832,RGB,JPEG
ae96cb2a-528f-4a5c-a00b-2621430aa9cf.jpg,train,data/images/ae96cb2a-528f-4a5c-a00b-2621430aa9cf.jpg,ok,,1024,1024,RGB,JPEG
13c5d8cd-ca26-4b07-8e0d-9308e4f46390.jpg,train,data/images/13c5d8cd-ca26-4b07-8e0d-9308e4f46390.jpg,ok,,1024,1024,RGB,JPEG
63c53ffa-55c6-41e2-ac41-f8b03ae5d92e.jpg,train,data/images/63c53ffa-55c6-41e2-ac41-f8b03ae5d92e.jpg,ok,,96,96,RGBA,PNG
6b1ceb40-64e0-4d99-9494-c60a7fd13e13.jpg,train,data/images/6b1ceb40-64e0-4d99-9494-c60a7fd13e13.jpg,ok,,1195,896,RGB,JPEG
a2d35530-bcdf-406c-9803-47000b0a8475.jpg,train,data/images/a2d35530-bcdf-406c-9803-47000b0a8475.jpg,ok,,1024,1024,RGB,JPEG
da53147d-864f-4f98-9184-1d1b1ce4e95a.jpg,train,data/images/da53147d-864f-4f98-9184-1d1b1ce4e95a.jpg,ok,,1024,716,RGB,JPEG
d3ab15ff-200f-47a7-97b4-2fa243c64ccd.jpg,train,data/images/d3ab15ff-200f-47a7-97b4-2fa243c64ccd.jpg,ok,,1024,1024,RGB,JPEG
62877dda-207b-4d0e-8b02-fdd16fac7cfc.jpg,train,data/images/62877dda-207b-4d0e-8b02-fdd16fac7cfc.jpg,ok,,1024,1024,RGB,JPEG
842e17f6-901b-45e8-8069-e5be5289549a.jpg,train,data/images/842e17f6-901b-45e8-8069-e5be5289549a.jpg,ok,,1024,1024,RGB,JPEG
fba50ac3-fdd6-42b4-8e24-7a6f21c11ff6.jpg,train,data/images/fba50ac3-fdd6-42b4-8e24-7a6f21c11ff6.jpg,ok,,1024,558,RGB,JPEG
d26ed7dd-2a2d-46f6-8376-d486c5215701.jpg,train,data/images/d26ed7dd-2a2d-46f6-8376-d486c5215701.jpg,ok,,2560,2560,RGB,JPEG
5c061076-9662-4abf-93ee-76cbbc67ac66.jpg,train,data/images/5c061076-9662-4abf-93ee-76cbbc67ac66.jpg,ok,,1024,1024,RGB,JPEG
fb2691ac-30fe-4872-998a-ad00ec8b2ce8.jpg,train,data/images/fb2691ac-30fe-4872-998a-ad00ec8b2ce8.jpg,ok,,896,1195,RGB,JPEG
57ee7961-f129-42a5-bf14-f2eb96cc37ff.jpg,train,data/images/57ee7961-f129-42a5-bf14-f2eb96cc37ff.jpg,ok,,1024,1024,RGB,JPEG
f66ccf07-2d43-4cc5-b86a-9d3eb4f7a530.jpg,train,data/images/f66ccf07-2d43-4cc5-b86a-9d3eb4f7a530.jpg,ok,,1024,716,RGB,JPEG
2fb69ebc-be79-479e-b2ca-f674ad5e723f.jpg,train,data/images/2fb69ebc-be79-479e-b2ca-f674ad5e723f.jpg,ok,,400,295,RGB,JPEG
9039edc5-6de1-4385-8ff1-db754c61f55f.jpg,train,data/images/9039edc5-6de1-4385-8ff1-db754c61f55f.jpg,ok,,1024,1024,RGB,JPEG
8762b472-30e7-4121-ba78-a99ef748ca03.jpg,train,data/images/8762b472-30e7-4121-ba78-a99ef748ca03.jpg,ok,,1195,896,RGB,JPEG
5b27639e-7d40-4c18-91ca-ce17b9c765e8.jpg,train,data/images/5b27639e-7d40-4c18-91ca-ce17b9c765e8.jpg,ok,,1024,1024,RGB,JPEG
31fed326-3bac-49e7-b030-badada2eaece.jpg,train,data/images/31fed326-3bac-49e7-b030-badada2eaece.jpg,ok,,558,1024,RGB,JPEG
b9d4c1e3-a620-4717-a499-8d4f5e1a0121.jpg,train,data/images/b9d4c1e3-a620-4717-a499-8d4f5e1a0121.jpg,ok,,1024,1024,RGB,JPEG
1a4d0d00-d1c6-4990-9e00-86f7bc151081.jpg,train,data/images/1a4d0d00-d1c6-4990-9e00-86f7bc151081.jpg,ok,,1024,1024,RGB,JPEG
57b0a401-12aa-4d0f-ae9e-3fdb68aa09b8.jpg,train,data/images/57b0a401-12aa-4d0f-ae9e-3fdb68aa09b8.jpg,ok,,2263,2560,RGB,JPEG
6bd3357a-4fcd-4dac-a71a-1eae26993048.jpg,train,data/images/6bd3357a-4fcd-4dac-a71a-1eae26993048.jpg,ok,,1024,1024,RGB,JPEG
a7091e90-34f1-4a29-b990-36da16396d51.jpg,train,data/images/a7091e90-34f1-4a29-b990-36da16396d51.jpg,ok,,1024,1024,RGB,JPEG
33d8cb97-af9b-4919-9491-2f2edc11f214.jpg,train,data/images/33d8cb97-af9b-4919-9491-2f2edc11f214.jpg,ok,,1024,1024,RGB,JPEG
047b1662-0e14-47d0-9d19-5d048bcd4c77.jpg,train,data/images/047b1662-0e14-47d0-9d19-5d048bcd4c77.jpg,ok,,896,1195,RGB,JPEG
fd736ca4-2602-4c5c-a861-e22299912ad5.jpg,train,data/images/fd736ca4-2602-4c5c-a861-e22299912ad5.jpg,ok,,896,1195,RGB,JPEG
d5de9d99-6fbc-4b34-a475-d002dc678a0a.jpg,train,data/images/d5de9d99-6fbc-4b34-a475-d002dc678a0a.jpg,ok,,1024,1024,RGB,JPEG
27d10ddc-de47-4cf3-a220-2b69445fe804.jpg,train,data/images/27d10ddc-de47-4cf3-a220-2b69445fe804.jpg,ok,,1024,1024,RGB,JPEG
08f0172d-01c2-4fca-b39a-9b71773833c4.jpg,train,data/images/08f0172d-01c2-4fca-b39a-9b71773833c4.jpg,ok,,1024,1024,RGB,JPEG
6d4d0c05-5f24-4dd5-83e6-fce866cdaa79.jpg,train,data/images/6d4d0c05-5f24-4dd5-83e6-fce866cdaa79.jpg,ok,,1024,716,RGB,JPEG
f19d0877-0947-493a-bc30-f5179db71539.jpg,train,data/images/f19d0877-0947-493a-bc30-f5179db71539.jpg,ok,,1024,558,RGB,JPEG
2eed83a3-8309-441c-bba6-12c1b6986ee2.jpg,train,data/images/2eed83a3-8309-441c-bba6-12c1b6986ee2.jpg,ok,,1024,1024,RGB,JPEG
7dce1d40-bad4-4acd-8211-f421108d7f30.jpg,train,data/images/7dce1d40-bad4-4acd-8211-f421108d7f30.jpg,ok,,1024,1024,RGB,JPEG
371e3f4f-c1df-49c9-803b-9e56dc83eda1.jpg,train,data/images/371e3f4f-c1df-49c9-803b-9e56dc83eda1.jpg,ok,,1879,2200,RGB,JPEG
eb89e800-45b3-4932-8e61-68fb7732271f.jpg,train,data/images/eb89e800-45b3-4932-8e61-68fb7732271f.jpg,ok,,1024,558,RGB,JPEG
c143c66c-73be-4c04-8f3d-7fb515dd000f.jpg,train,data/images/c143c66c-73be-4c04-8f3d-7fb515dd000f.jpg,ok,,1024,1024,RGB,JPEG
b0039ef5-3326-4253-b2be-4be501e76d06.jpg,train,data/images/b0039ef5-3326-4253-b2be-4be501e76d06.jpg,ok,,896,1195,RGB,JPEG
53c3c662-6622-4aba-92b4-6c688919ee4f.jpg,train,data/images/53c3c662-6622-4aba-92b4-6c688919ee4f.jpg,ok,,1024,1024,RGB,JPEG
24ee0e59-186f-469d-8e52-0e8469b1ba85.jpg,train,data/images/24ee0e59-186f-469d-8e52-0e8469b1ba85.jpg,ok,,896,1195,RGB,JPEG
489fc6de-3a61-47b8-b7c9-636ea1282798.jpg,train,data/images/489fc6de-3a61-47b8-b7c9-636ea1282798.jpg,ok,,558,1024,RGB,JPEG
2dbc8c0e-91f3-411e-b96d-23d22bd1ed2e.jpg,train,data/images/2dbc8c0e-91f3-411e-b96d-23d22bd1ed2e.jpg,ok,,1024,1024,RGB,JPEG
94d64bfc-2c20-442d-ba86-818f2c37216c.jpg,train,data/images/94d64bfc-2c20-442d-ba86-818f2c37216c.jpg,ok,,1024,1024,RGB,JPEG
79be9602-0194-4ea1-b481-a044d3244592.jpg,train,data/images/79be9602-0194-4ea1-b481-a044d3244592.jpg,ok,,1024,1024,RGB,JPEG
e3ba79ef-1aa8-410b-8e19-ccd51839c835.jpg,train,data/images/e3ba79ef-1aa8-410b-8e19-ccd51839c835.jpg,ok,,1024,1024,RGB,JPEG
544d4a99-503b-4ab1-b26c-8880baf8926d.jpg,train,data/images/544d4a99-503b-4ab1-b26c-8880baf8926d.jpg,ok,,896,1195,RGB,JPEG
7441ae9e-3521-4291-b2c2-6440fc25a9b6.jpg,train,data/images/7441ae9e-3521-4291-b2c2-6440fc25a9b6.jpg,ok,,1024,1024,RGB,JPEG
6c47d6a4-baf7-4b9e-9407-142d222389d9.jpg,train,data/images/6c47d6a4-baf7-4b9e-9407-142d222389d9.jpg,ok,,896,1195,RGB,JPEG
f07b804e-be23-4f96-9b91-ce6827d00750.jpg,train,data/images/f07b804e-be23-4f96-9b91-ce6827d00750.jpg,ok,,1195,896,RGB,JPEG
9710852a-fda2-4b7b-9204-f61c30a1fbc2.jpg,train,data/images/9710852a-fda2-4b7b-9204-f61c30a1fbc2.jpg,ok,,1024,558,RGB,JPEG
12e94576-c779-4d8b-ad26-703d42f52fd3.jpg,train,data/images/12e94576-c779-4d8b-ad26-703d42f52fd3.jpg,ok,,1280,1024,RGB,JPEG
a3fa897a-d674-4099-99a1-e5b9ff65c939.jpg,train,data/images/a3fa897a-d674-4099-99a1-e5b9ff65c939.jpg,ok,,1195,896,RGB,JPEG
772ab9b1-9b0a-4d74-97b1-fe28b7ea52af.jpg,train,data/images/772ab9b1-9b0a-4d74-97b1-fe28b7ea52af.jpg,ok,,1024,1024,RGB,JPEG
7cde1922-095b-4485-810f-bb4ea8602317.jpg,train,data/images/7cde1922-095b-4485-810f-bb4ea8602317.jpg,ok,,1024,1024,RGB,JPEG
83a7248e-6128-4e1c-85b7-39084d218515.jpg,train,data/images/83a7248e-6128-4e1c-85b7-39084d218515.jpg,ok,,1024,1024,RGB,JPEG
e1424bc7-3c2d-4e31-b970-6c57452532f9.jpg,train,data/images/e1424bc7-3c2d-4e31-b970-6c57452532f9.jpg,ok,,1024,1024,RGB,JPEG
1173362a-0cb3-42b7-aac8-f73767809c1b.jpg,train,data/images/1173362a-0cb3-42b7-aac8-f73767809c1b.jpg,ok,,1024,1024,RGB,JPEG
9f242fed-b6f3-426e-a237-b237a5b66750.jpg,train,data/images/9f242fed-b6f3-426e-a237-b237a5b66750.jpg,ok,,896,1195,RGB,JPEG
6a6351ce-587d-4ee0-9c45-cdfe26059958.jpg,train,data/images/6a6351ce-587d-4ee0-9c45-cdfe26059958.jpg,ok,,1024,1024,RGB,JPEG
fba4c7a3-0180-4fc4-821d-f548ff75727c.jpg,train,data/images/fba4c7a3-0180-4fc4-821d-f548ff75727c.jpg,ok,,1024,1024,RGB,JPEG
d9de4d5f-f7a0-41ed-b622-ee20b9a74cb5.jpg,train,data/images/d9de4d5f-f7a0-41ed-b622-ee20b9a74cb5.jpg,ok,,1024,1024,RGB,JPEG
7e3a088a-30e9-4f22-92bb-b04d126a0392.jpg,train,data/images/7e3a088a-30e9-4f22-92bb-b04d126a0392.jpg,ok,,1024,1024,RGB,JPEG
ee054a69-1a89-412b-9f9d-d88606a7087d.jpg,train,data/images/ee054a69-1a89-412b-9f9d-d88606a7087d.jpg,ok,,896,1195,RGB,JPEG
91ab5358-4849-45eb-8a37-0b748ebd65e2.jpg,train,data/images/91ab5358-4849-45eb-8a37-0b748ebd65e2.jpg,ok,,1024,1024,RGB,JPEG
cfe25b07-15b1-4450-a7fb-a94eed50b444.jpg,train,data/images/cfe25b07-15b1-4450-a7fb-a94eed50b444.jpg,ok,,375,500,RGB,JPEG
a3627973-6fa2-4329-ba1b-719a8e91d506.jpg,train,data/images/a3627973-6fa2-4329-ba1b-719a8e91d506.jpg,ok,,1024,1024,RGB,JPEG
02c709e8-de29-4644-a297-fe015be3634b.jpg,train,data/images/02c709e8-de29-4644-a297-fe015be3634b.jpg,ok,,1024,558,RGB,JPEG
36b6d75b-c9a6-4d43-b61c-55033cfd6ac6.jpg,train,data/images/36b6d75b-c9a6-4d43-b61c-55033cfd6ac6.jpg,ok,,1024,1024,RGB,JPEG
5f228fcf-96df-4b03-83e6-5ee5414b5bfd.jpg,train,data/images/5f228fcf-96df-4b03-83e6-5ee5414b5bfd.jpg,ok,,1024,1024,RGB,JPEG
fe2a7199-db89-490c-97f3-5396470e85ed.jpg,train,data/images/fe2a7199-db89-490c-97f3-5396470e85ed.jpg,ok,,1248,832,RGB,JPEG
b2c666b2-765b-404b-87d1-0dad269ddc22.jpg,train,data/images/b2c666b2-765b-404b-87d1-0dad269ddc22.jpg,ok,,1024,1024,RGB,JPEG
746d8ed6-792d-49a3-a1af-1914fffcde80.jpg,train,data/images/746d8ed6-792d-49a3-a1af-1914fffcde80.jpg,ok,,1024,558,RGB,JPEG
8420b118-3800-463b-bda2-7cbe132585ff.jpg,train,data/images/8420b118-3800-463b-bda2-7cbe132585ff.jpg,ok,,400,400,RGB,JPEG
0920ed18-bb68-4654-89c9-2e12880e2878.jpg,train,data/images/0920ed18-bb68-4654-89c9-2e12880e2878.jpg,ok,,1024,716,RGB,JPEG
dd3680be-ba22-4d0f-bee9-6d0393f8d5c0.jpg,train,data/images/dd3680be-ba22-4d0f-bee9-6d0393f8d5c0.jpg,ok,,1024,1024,RGB,JPEG
d59a4e88-6654-402f-92f4-e47a63b17e75.jpg,train,data/images/d59a4e88-6654-402f-92f4-e47a63b17e75.jpg,ok,,1280,1024,RGB,JPEG
d03f240e-ae53-4cc2-8de5-b7412773baed.jpg,train,data/images/d03f240e-ae53-4cc2-8de5-b7412773baed.jpg,ok,,1248,832,RGB,JPEG
5f50d233-ff7c-4f33-97e0-2476602a06b8.jpg,train,data/images/5f50d233-ff7c-4f33-97e0-2476602a06b8.jpg,ok,,1248,832,RGB,JPEG
37079e07-ab90-4d0d-9282-6ca863c3efc9.jpg,train,data/images/37079e07-ab90-4d0d-9282-6ca863c3efc9.jpg,ok,,1024,1024,RGB,JPEG
f3a621ef-78ee-4a60-a603-eb1c42e1748d.jpg,train,data/images/f3a621ef-78ee-4a60-a603-eb1c42e1748d.jpg,ok,,896,1195,RGB,JPEG
650689cb-c383-4abe-9f17-4e9e0ae8a41f.jpg,train,data/images/650689cb-c383-4abe-9f17-4e9e0ae8a41f.jpg,ok,,1024,1024,RGB,JPEG
e89b163b-9076-446e-be63-97a1128f8bf4.jpg,train,data/images/e89b163b-9076-446e-be63-97a1128f8bf4.jpg,ok,,1024,1024,RGB,JPEG
e885965f-438e-4411-8d60-c812651566a7.jpg,train,data/images/e885965f-438e-4411-8d60-c812651566a7.jpg,ok,,1024,1024,RGB,JPEG
09d469b0-7f67-4b71-825a-5fb80634c22e.jpg,train,data/images/09d469b0-7f67-4b71-825a-5fb80634c22e.jpg,ok,,1024,1024,RGB,JPEG
b982e68b-dbfd-412b-ba5e-3b118235b9d7.jpg,train,data/images/b982e68b-dbfd-412b-ba5e-3b118235b9d7.jpg,ok,,1024,1024,RGB,JPEG
6d7fb98b-dda7-4874-a5ff-a18921313468.jpg,train,data/images/6d7fb98b-dda7-4874-a5ff-a18921313468.jpg,ok,,1024,1024,RGB,JPEG
3ea5c5a3-f406-49ca-9756-5854778abaaf.jpg,train,data/images/3ea5c5a3-f406-49ca-9756-5854778abaaf.jpg,ok,,1024,1024,RGB,JPEG
5ad83850-5b9e-41f5-9079-fe2447936e12.jpg,train,data/images/5ad83850-5b9e-41f5-9079-fe2447936e12.jpg,ok,,558,1024,RGB,JPEG
7c9eca78-79d8-46ec-804e-9b16aa967fd8.jpg,train,data/images/7c9eca78-79d8-46ec-804e-9b16aa967fd8.jpg,ok,,1024,1024,RGB,JPEG
bc4f6351-d051-4f95-820a-528514067212.jpg,train,data/images/bc4f6351-d051-4f95-820a-528514067212.jpg,ok,,1024,1024,RGB,JPEG
cf22292f-2a74-4ca2-99a4-1f5b2882ca2e.jpg,train,data/images/cf22292f-2a74-4ca2-99a4-1f5b2882ca2e.jpg,ok,,1024,1024,RGB,JPEG
0424385c-eec5-4200-9894-50d89b5c0bbd.jpg,train,data/images/0424385c-eec5-4200-9894-50d89b5c0bbd.jpg,ok,,1024,1024,RGB,JPEG
4f2f88f5-2a14-4613-a998-6f658a92cc14.jpg,train,data/images/4f2f88f5-2a14-4613-a998-6f658a92cc14.jpg,ok,,1024,1024,RGB,JPEG
725bc202-45d8-4485-b5c1-7d81c9f84782.jpg,train,data/images/725bc202-45d8-4485-b5c1-7d81c9f84782.jpg,ok,,558,1024,RGB,JPEG
7accfe0d-cc9d-4faf-8338-14d6a403cbe1.jpg,train,data/images/7accfe0d-cc9d-4faf-8338-14d6a403cbe1.jpg,ok,,1024,1024,RGB,JPEG
7079fa43-7bae-4431-923c-ed5e858d474f.jpg,train,data/images/7079fa43-7bae-4431-923c-ed5e858d474f.jpg,ok,,1024,1024,RGB,JPEG
356d665d-fd4d-43e7-afe7-fc497e0345d5.jpg,train,data/images/356d665d-fd4d-43e7-afe7-fc497e0345d5.jpg,ok,,1024,1024,RGB,JPEG
3c2f1ea6-a82f-45a0-9c0f-e906b9743e60.jpg,train,data/images/3c2f1ea6-a82f-45a0-9c0f-e906b9743e60.jpg,ok,,1024,558,RGB,JPEG
f504599d-b697-48eb-9929-cf905541f0fb.jpg,train,data/images/f504599d-b697-48eb-9929-cf905541f0fb.jpg,ok,,832,1248,RGB,JPEG
fef04b82-7e08-4fa2-9180-06c26d11ae1a.jpg,train,data/images/fef04b82-7e08-4fa2-9180-06c26d11ae1a.jpg,ok,,300,400,RGB,JPEG
146cd1e7-c19c-415a-abee-114d31f09cf3.jpg,train,data/images/146cd1e7-c19c-415a-abee-114d31f09cf3.jpg,ok,,896,1195,RGB,JPEG
425713c3-df7a-4b7f-916e-9280f580f8ba.jpg,train,data/images/425713c3-df7a-4b7f-916e-9280f580f8ba.jpg,ok,,1879,2200,RGB,JPEG
3971bb05-6488-413b-965b-134783def96b.jpg,train,data/images/3971bb05-6488-413b-965b-134783def96b.jpg,ok,,1280,1024,RGB,JPEG
4774c674-e547-41f4-92b2-ebefacb99b25.jpg,train,data/images/4774c674-e547-41f4-92b2-ebefacb99b25.jpg,ok,,1024,558,RGB,JPEG
4f725192-ebd0-4fa1-91d9-0336f69500b6.jpg,train,data/images/4f725192-ebd0-4fa1-91d9-0336f69500b6.jpg,ok,,896,1195,RGB,JPEG
502e3ba0-d096-434e-9214-ef7dfb489d88.jpg,train,data/images/502e3ba0-d096-434e-9214-ef7dfb489d88.jpg,ok,,1024,1024,RGB,JPEG
a332dde9-8a7a-446a-a04d-f614514cf7f3.jpg,train,data/images/a332dde9-8a7a-446a-a04d-f614514cf7f3.jpg,ok,,1024,1024,RGB,JPEG
850fda4e-9b86-4be1-807a-87875cb2ca9f.jpg,train,data/images/850fda4e-9b86-4be1-807a-87875cb2ca9f.jpg,ok,,1024,1024,RGB,JPEG
8df964e7-fc2b-49e8-9c64-4673faececb6.jpg,train,data/images/8df964e7-fc2b-49e8-9c64-4673faececb6.jpg,ok,,1248,832,RGB,JPEG
13b67936-78f6-4276-9f45-86c66d85bf6c.jpg,train,data/images/13b67936-78f6-4276-9f45-86c66d85bf6c.jpg,ok,,1024,1024,RGB,JPEG
a6246e08-3c2c-4ea3-870e-986199693d7e.jpg,train,data/images/a6246e08-3c2c-4ea3-870e-986199693d7e.jpg,ok,,1024,1024,RGB,JPEG
df4a4231-9211-4311-8364-f024de74630a.jpg,train,data/images/df4a4231-9211-4311-8364-f024de74630a.jpg,ok,,896,1195,RGB,JPEG
83826406-4d8c-4ed3-b8c6-ad96d8839867.jpg,train,data/images/83826406-4d8c-4ed3-b8c6-ad96d8839867.jpg,ok,,1024,1024,RGB,JPEG
15ded8c7-5b58-4597-b60b-21000a048d33.jpg,train,data/images/15ded8c7-5b58-4597-b60b-21000a048d33.jpg,ok,,832,1248,RGB,JPEG
80f61a0b-89fa-4804-b123-09c74f51b2d8.jpg,train,data/images/80f61a0b-89fa-4804-b123-09c74f51b2d8.jpg,ok,,2560,2560,RGB,JPEG
df8f08e9-c1cf-4da6-a5c3-53be962e1abb.jpg,train,data/images/df8f08e9-c1cf-4da6-a5c3-53be962e1abb.jpg,ok,,1522,979,RGB,JPEG
558dab7e-2336-42a0-b12c-45994f9dabce.jpg,train,data/images/558dab7e-2336-42a0-b12c-45994f9dabce.jpg,ok,,1024,1024,RGB,JPEG
e429d2b9-a02a-46a5-8b5e-e3ea5300817a.jpg,train,data/images/e429d2b9-a02a-46a5-8b5e-e3ea5300817a.jpg,ok,,97,160,RGBA,PNG
2e8db7ad-5e90-4546-8de3-77c8a4ed60f6.jpg,train,data/images/2e8db7ad-5e90-4546-8de3-77c8a4ed60f6.jpg,ok,,1024,1024,RGB,JPEG
f94cdcdd-a281-414e-b303-05acd3f212cb.jpg,train,data/images/f94cdcdd-a281-414e-b303-05acd3f212cb.jpg,ok,,1024,1024,RGB,JPEG
97d162e2-6158-4493-8c75-5054ae24ebdd.jpg,train,data/images/97d162e2-6158-4493-8c75-5054ae24ebdd.jpg,ok,,1024,716,RGB,JPEG
9be1bc51-d15d-4333-89ba-aa128f1373e2.jpg,train,data/images/9be1bc51-d15d-4333-89ba-aa128f1373e2.jpg,ok,,558,1024,RGB,JPEG
4449c4da-b87c-494e-a0cd-5e2a0a45c73f.jpg,train,data/images/4449c4da-b87c-494e-a0cd-5e2a0a45c73f.jpg,ok,,1024,1024,RGB,JPEG
43eb845e-f396-41fd-b4fe-358d2cb684a0.jpg,train,data/images/43eb845e-f396-41fd-b4fe-358d2cb684a0.jpg,ok,,1024,1024,RGB,JPEG
4ca6aaf1-2cc4-4479-a325-daac140dcd70.jpg,train,data/images/4ca6aaf1-2cc4-4479-a325-daac140dcd70.jpg,ok,,1024,558,RGB,JPEG
a953f899-0f21-4d4f-aae3-2e9d8ae0a325.jpg,train,data/images/a953f899-0f21-4d4f-aae3-2e9d8ae0a325.jpg,ok,,1024,1024,RGB,JPEG
9df3edaa-6710-4f01-95ac-84b94be7591c.jpg,train,data/images/9df3edaa-6710-4f01-95ac-84b94be7591c.jpg,ok,,1024,1024,RGB,JPEG
d0a45624-4cc1-4500-bc3d-d90e80efd8f1.jpg,train,data/images/d0a45624-4cc1-4500-bc3d-d90e80efd8f1.jpg,ok,,1024,558,RGB,JPEG
cbf9d59d-b999-462f-9f03-399967dd44d8.jpg,train,data/images/cbf9d59d-b999-462f-9f03-399967dd44d8.jpg,ok,,2000,2000,RGB,JPEG
d13903f8-f3c9-4b3f-8d33-4a283cbe8e06.jpg,train,data/images/d13903f8-f3c9-4b3f-8d33-4a283cbe8e06.jpg,ok,,1024,1024,RGB,JPEG
8ea5d75a-b36c-4764-96cb-0bd321b5b97e.jpg,train,data/images/8ea5d75a-b36c-4764-96cb-0bd321b5b97e.jpg,ok,,1195,896,RGB,JPEG
d5a591de-2b71-4745-bac0-89d1111b7202.jpg,train,data/images/d5a591de-2b71-4745-bac0-89d1111b7202.jpg,ok,,1024,1024,RGB,JPEG
7ea2c85b-aa22-48a7-a7ef-48b34531d08f.jpg,train,data/images/7ea2c85b-aa22-48a7-a7ef-48b34531d08f.jpg,ok,,1195,896,RGB,JPEG
f10e1318-cc9c-46e5-b969-0a5e753de5f1.jpg,train,data/images/f10e1318-cc9c-46e5-b969-0a5e753de5f1.jpg,ok,,1024,1024,RGB,JPEG
faca9c23-e617-4bb0-8805-fce8205e931f.jpg,train,data/images/faca9c23-e617-4bb0-8805-fce8205e931f.jpg,ok,,896,1195,RGB,JPEG
1dfeef46-c989-43d8-9352-a4637448b1b3.jpg,train,data/images/1dfeef46-c989-43d8-9352-a4637448b1b3.jpg,ok,,1024,1024,RGB,JPEG
0cee8230-e681-4212-bc17-48e697605186.jpg,train,data/images/0cee8230-e681-4212-bc17-48e697605186.jpg,ok,,1024,1024,RGB,JPEG
a34d8264-9d9b-4252-826a-7058d00c8d15.jpg,train,data/images/a34d8264-9d9b-4252-826a-7058d00c8d15.jpg,ok,,1024,1024,RGB,JPEG
aa2f25fc-21ec-4328-8ee1-6e5ae094c192.jpg,train,data/images/aa2f25fc-21ec-4328-8ee1-6e5ae094c192.jpg,ok,,1024,558,RGB,JPEG
649c6611-8cf4-416d-a350-07d6349e58bb.jpg,train,data/images/649c6611-8cf4-416d-a350-07d6349e58bb.jpg,ok,,1024,1024,RGB,JPEG
0520335a-be31-4cf0-a2f6-e7e51433627d.jpg,train,data/images/0520335a-be31-4cf0-a2f6-e7e51433627d.jpg,ok,,2560,2560,RGB,JPEG
1f47cbe2-b04b-4ddd-81d1-5574be895042.jpg,train,data/images/1f47cbe2-b04b-4ddd-81d1-5574be895042.jpg,ok,,1024,1024,RGB,JPEG
428304aa-3038-40c6-a182-77fa7860aae0.jpg,train,data/images/428304aa-3038-40c6-a182-77fa7860aae0.jpg,ok,,1024,1024,RGB,JPEG
726c8964-c872-4039-a02f-456ad4dcb1da.jpg,train,data/images/726c8964-c872-4039-a02f-456ad4dcb1da.jpg,ok,,1024,1024,RGB,JPEG
d1a8719b-6d32-4177-8b81-311e9658c85b.jpg,train,data/images/d1a8719b-6d32-4177-8b81-311e9658c85b.jpg,ok,,832,1248,RGB,JPEG
f5749eb4-9686-4642-bc3c-3aef4546ff62.jpg,train,data/images/f5749eb4-9686-4642-bc3c-3aef4546ff62.jpg,ok,,1248,832,RGB,JPEG
787aeebe-43d2-474f-a583-7c69c79f7e9c.jpg,train,data/images/787aeebe-43d2-474f-a583-7c69c79f7e9c.jpg,ok,,896,1195,RGB,JPEG
95da8800-7a68-4c14-ba34-bb6e4f3d3523.jpg,train,data/images/95da8800-7a68-4c14-ba34-bb6e4f3d3523.jpg,ok,,1024,1280,RGB,JPEG
48d44436-6cf5-4d1a-94f7-5ab74f245891.jpg,train,data/images/48d44436-6cf5-4d1a-94f7-5ab74f245891.jpg,ok,,1024,558,RGB,JPEG
4aeb5130-545e-4004-8a0a-7832ab385785.jpg,train,data/images/4aeb5130-545e-4004-8a0a-7832ab385785.jpg,ok,,1024,1024,RGB,JPEG
731ca5ac-ca3b-49a0-b9d3-38f08aa52725.jpg,train,data/images/731ca5ac-ca3b-49a0-b9d3-38f08aa52725.jpg,ok,,1024,1024,RGB,JPEG
11587078-520c-474a-8fca-07ba386887eb.jpg,train,data/images/11587078-520c-474a-8fca-07ba386887eb.jpg,ok,,1248,832,RGB,JPEG
21b0160a-01c7-484d-9205-d89e7855b2ea.jpg,train,data/images/21b0160a-01c7-484d-9205-d89e7855b2ea.jpg,ok,,1024,1024,RGB,JPEG
0a61ac0a-5dee-430b-9d1a-f076d7f1fb0d.jpg,train,data/images/0a61ac0a-5dee-430b-9d1a-f076d7f1fb0d.jpg,ok,,896,1195,RGB,JPEG
12adda08-f080-4c26-9fb4-afd5696981bd.jpg,train,data/images/12adda08-f080-4c26-9fb4-afd5696981bd.jpg,ok,,1024,1024,RGB,JPEG
93294f76-f158-4d05-8f00-0bb78929a7dc.jpg,train,data/images/93294f76-f158-4d05-8f00-0bb78929a7dc.jpg,ok,,1024,1024,RGB,JPEG
3217adbe-633d-4b45-a7f9-92cc5cbf2ee3.jpg,train,data/images/3217adbe-633d-4b45-a7f9-92cc5cbf2ee3.jpg,ok,,896,1195,RGB,JPEG
4ef7778d-4ee6-44fe-b917-6a8036b1208a.jpg,train,data/images/4ef7778d-4ee6-44fe-b917-6a8036b1208a.jpg,ok,,1024,1024,RGB,JPEG
e0de688c-b31d-4c30-a088-ae188bfe7ed6.jpg,train,data/images/e0de688c-b31d-4c30-a088-ae188bfe7ed6.jpg,ok,,1024,716,RGB,JPEG
a396779e-13c4-4ae5-b192-420d8a6b1f36.jpg,train,data/images/a396779e-13c4-4ae5-b192-420d8a6b1f36.jpg,ok,,1024,1024,RGB,JPEG
9214a8e3-56e5-4c65-95f7-599a06fdb79a.jpg,train,data/images/9214a8e3-56e5-4c65-95f7-599a06fdb79a.jpg,ok,,1024,1024,RGB,JPEG
507599d6-9957-408d-9735-abaa66c4f53d.jpg,train,data/images/507599d6-9957-408d-9735-abaa66c4f53d.jpg,ok,,1024,1024,RGB,JPEG
ae01ebbe-9a83-4fe2-996a-b08ac6af2077.jpg,train,data/images/ae01ebbe-9a83-4fe2-996a-b08ac6af2077.jpg,ok,,2560,2560,RGB,JPEG
31dcc558-2341-40c9-b833-8dad03229ef8.jpg,train,data/images/31dcc558-2341-40c9-b833-8dad03229ef8.jpg,ok,,1024,1024,RGB,JPEG
3a1bdf8c-aded-49ad-abe3-3415be39d23b.jpg,train,data/images/3a1bdf8c-aded-49ad-abe3-3415be39d23b.jpg,ok,,896,1195,RGB,JPEG
d013705b-f6be-4980-9d94-d1eceb0a5542.jpg,train,data/images/d013705b-f6be-4980-9d94-d1eceb0a5542.jpg,ok,,1024,1024,RGB,JPEG
d18f4ddd-927a-4596-99e3-1cac0974be99.jpg,train,data/images/d18f4ddd-927a-4596-99e3-1cac0974be99.jpg,ok,,896,1195,RGB,JPEG
90aab833-1afc-4a8e-9ca9-e2c25842524c.jpg,train,data/images/90aab833-1afc-4a8e-9ca9-e2c25842524c.jpg,ok,,1024,1024,RGB,JPEG
3e41011b-168c-45a7-a937-d02b7a16ad4e.jpg,train,data/images/3e41011b-168c-45a7-a937-d02b7a16ad4e.jpg,ok,,800,800,RGB,JPEG
b36010e7-4683-417b-a015-d2552ab8f2dc.jpg,train,data/images/b36010e7-4683-417b-a015-d2552ab8f2dc.jpg,ok,,1024,1024,RGB,JPEG
70a20fd2-2a0e-4a84-86f9-18c03a98bc13.jpg,train,data/images/70a20fd2-2a0e-4a84-86f9-18c03a98bc13.jpg,ok,,1195,896,RGB,JPEG
7f31e14c-a6f8-4e97-b5e9-1b97c7d2c0f2.jpg,train,data/images/7f31e14c-a6f8-4e97-b5e9-1b97c7d2c0f2.jpg,ok,,1195,896,RGB,JPEG
64c7df26-dbb4-430f-9198-f204e3c8a8b7.jpg,train,data/images/64c7df26-dbb4-430f-9198-f204e3c8a8b7.jpg,ok,,1248,832,RGB,JPEG
08edefe9-beaf-4435-83d5-dcbd1060b615.jpg,train,data/images/08edefe9-beaf-4435-83d5-dcbd1060b615.jpg,ok,,832,1248,RGB,JPEG
2a726fb3-55d9-4cdf-aa11-1322196e2d1b.jpg,train,data/images/2a726fb3-55d9-4cdf-aa11-1322196e2d1b.jpg,ok,,1024,1024,RGB,JPEG
86459279-1ddd-4b4f-a752-b84c11d1220f.jpg,train,data/images/86459279-1ddd-4b4f-a752-b84c11d1220f.jpg,ok,,1024,1024,RGB,JPEG
d5cbaa04-6fd6-4726-abaf-5fe13fa18273.jpg,train,data/images/d5cbaa04-6fd6-4726-abaf-5fe13fa18273.jpg,ok,,1024,716,RGB,JPEG
4186afaa-d88f-4766-976c-60be724c809b.jpg,train,data/images/4186afaa-d88f-4766-976c-60be724c809b.jpg,ok,,1879,2200,RGB,JPEG
3a6b7d72-a379-4e5a-a133-fb7237696622.jpg,train,data/images/3a6b7d72-a379-4e5a-a133-fb7237696622.jpg,ok,,1024,1280,RGB,JPEG
2c74b02c-2152-4f56-8db4-c4b5ee13c790.jpg,train,data/images/2c74b02c-2152-4f56-8db4-c4b5ee13c790.jpg,ok,,1920,2560,RGB,JPEG
f6fd0fea-a1bb-4bc5-a475-f5afcb3adad9.jpg,train,data/images/f6fd0fea-a1bb-4bc5-a475-f5afcb3adad9.jpg,ok,,1024,1024,RGB,JPEG
4484de57-4270-452c-8ca0-3f3e95773c0a.jpg,train,data/images/4484de57-4270-452c-8ca0-3f3e95773c0a.jpg,ok,,1024,1024,RGB,JPEG
e910d5db-f5ff-4478-975a-35cc6d259e64.jpg,train,data/images/e910d5db-f5ff-4478-975a-35cc6d259e64.jpg,ok,,1024,1024,RGB,JPEG
ea5947b5-fa64-48a5-8089-74dce600643c.jpg,train,data/images/ea5947b5-fa64-48a5-8089-74dce600643c.jpg,ok,,1024,1024,RGB,JPEG
b7ef5f2e-2bc5-4eeb-a7f0-cf0ecaf99d3e.jpg,train,data/images/b7ef5f2e-2bc5-4eeb-a7f0-cf0ecaf99d3e.jpg,ok,,1024,1024,RGB,JPEG
b6964725-6636-497e-a451-f7d70aed2585.jpg,train,data/images/b6964725-6636-497e-a451-f7d70aed2585.jpg,ok,,896,1195,RGB,JPEG
401b340d-6dfc-49e4-b421-d7203221be34.jpg,train,data/images/401b340d-6dfc-49e4-b421-d7203221be34.jpg,ok,,1195,896,RGB,JPEG
6fb4e065-5b07-4d85-af43-28fa785ffd18.jpg,train,data/images/6fb4e065-5b07-4d85-af43-28fa785ffd18.jpg,ok,,165,400,RGB,JPEG
a481dd33-938f-420c-bcac-2df1717c486e.jpg,train,data/images/a481dd33-938f-420c-bcac-2df1717c486e.jpg,ok,,200,200,RGBA,PNG
88fc69c9-97f2-4b3c-bcb7-af6a6590173c.jpg,train,data/images/88fc69c9-97f2-4b3c-bcb7-af6a6590173c.jpg,ok,,1248,832,RGB,JPEG
e92bb1f7-79b0-4733-87b7-edd8d5186e4c.jpg,train,data/images/e92bb1f7-79b0-4733-87b7-edd8d5186e4c.jpg,ok,,1024,1024,RGB,JPEG
3436927c-cef4-4ef1-a5db-cf1cf7843f64.jpg,train,data/images/3436927c-cef4-4ef1-a5db-cf1cf7843f64.jpg,ok,,1024,1024,RGB,JPEG
286434aa-ae13-40d2-9761-6560e406ce49.jpg,train,data/images/286434aa-ae13-40d2-9761-6560e406ce49.jpg,ok,,1248,832,RGB,JPEG
aef1b4cd-17f5-4b63-8c6d-eec6a9c8cf28.jpg,train,data/images/aef1b4cd-17f5-4b63-8c6d-eec6a9c8cf28.jpg,ok,,1024,1024,RGB,JPEG
267dd357-a4c3-4319-a020-d01e1b6fcaf1.jpg,train,data/images/267dd357-a4c3-4319-a020-d01e1b6fcaf1.jpg,ok,,1024,1024,RGB,JPEG
c6fb467b-258e-4aba-b056-a62bddf6abbc.jpg,train,data/images/c6fb467b-258e-4aba-b056-a62bddf6abbc.jpg,ok,,832,1248,RGB,JPEG
088ec88d-a51e-43da-850e-0ec6de60b135.jpg,train,data/images/088ec88d-a51e-43da-850e-0ec6de60b135.jpg,ok,,1024,1024,RGB,JPEG
a788cea0-9229-45b1-ad59-0bb4d31c6b49.jpg,train,data/images/a788cea0-9229-45b1-ad59-0bb4d31c6b49.jpg,ok,,1024,716,RGB,JPEG
291bf9bc-2b93-410b-9798-724f4a3535ef.jpg,train,data/images/291bf9bc-2b93-410b-9798-724f4a3535ef.jpg,ok,,1024,1024,RGB,JPEG
d4e623fc-508b-4d3c-ab84-c6ae60ad0ecd.jpg,train,data/images/d4e623fc-508b-4d3c-ab84-c6ae60ad0ecd.jpg,ok,,1024,1024,RGB,JPEG
bcd65793-da49-462b-ae80-58b859a580fd.jpg,train,data/images/bcd65793-da49-462b-ae80-58b859a580fd.jpg,ok,,1280,1024,RGB,JPEG
d527b0ae-861f-4ff2-b059-9365e0c27dba.jpg,train,data/images/d527b0ae-861f-4ff2-b059-9365e0c27dba.jpg,ok,,400,400,RGB,JPEG
b73122a0-555a-4e21-97ce-58099a163a83.jpg,train,data/images/b73122a0-555a-4e21-97ce-58099a163a83.jpg,ok,,896,1195,RGB,JPEG
832216b3-fa58-4fb7-85a9-984183aea94f.jpg,train,data/images/832216b3-fa58-4fb7-85a9-984183aea94f.jpg,ok,,896,1195,RGB,JPEG
f514428c-1a8f-4203-870e-94ccf67e2404.jpg,train,data/images/f514428c-1a8f-4203-870e-94ccf67e2404.jpg,ok,,1024,1024,RGB,JPEG
19f32361-852b-4d14-ae60-5f490b1e07f5.jpg,train,data/images/19f32361-852b-4d14-ae60-5f490b1e07f5.jpg,ok,,832,1248,RGB,JPEG
f347e481-7b28-4b32-8b97-706cf6efd6dc.jpg,train,data/images/f347e481-7b28-4b32-8b97-706cf6efd6dc.jpg,ok,,1152,648,RGB,JPEG
f80f4e39-9ad6-4925-a002-236add3a01f8.jpg,train,data/images/f80f4e39-9ad6-4925-a002-236add3a01f8.jpg,ok,,1024,1024,RGB,JPEG
ea6a1873-8b27-474f-a9ab-a8a6008ffc89.jpg,train,data/images/ea6a1873-8b27-474f-a9ab-a8a6008ffc89.jpg,ok,,1024,1024,RGB,JPEG
f9e135ca-aec1-4121-b1fe-b196ab887cec.jpg,train,data/images/f9e135ca-aec1-4121-b1fe-b196ab887cec.jpg,ok,,1024,1024,RGB,JPEG
ca042d96-41ad-4c7f-b6c1-06930901027f.jpg,train,data/images/ca042d96-41ad-4c7f-b6c1-06930901027f.jpg,ok,,896,1195,RGB,JPEG
4c8612de-f131-4e11-85bf-e16478d75073.jpg,train,data/images/4c8612de-f131-4e11-85bf-e16478d75073.jpg,ok,,1024,1024,RGB,JPEG
9cf8b972-7e2a-406d-9d24-906c63dc2ff6.jpg,train,data/images/9cf8b972-7e2a-406d-9d24-906c63dc2ff6.jpg,ok,,832,1248,RGB,JPEG
a23be806-1a34-4d7a-8ac3-6256afd4bbd9.jpg,train,data/images/a23be806-1a34-4d7a-8ac3-6256afd4bbd9.jpg,ok,,896,1195,RGB,JPEG
d7be8af1-f217-4cb8-b042-ae19933fce35.jpg,train,data/images/d7be8af1-f217-4cb8-b042-ae19933fce35.jpg,ok,,1024,1024,RGB,JPEG
10c63c1b-67a8-40c4-ade6-b667ef38359c.jpg,train,data/images/10c63c1b-67a8-40c4-ade6-b667ef38359c.jpg,ok,,1024,1024,RGB,JPEG
b5d5df57-4af8-45ae-948c-005fa273c785.jpg,train,data/images/b5d5df57-4af8-45ae-948c-005fa273c785.jpg,ok,,832,1248,RGB,JPEG
588b52a2-4e92-4d1c-990a-b99d24f6abc3.jpg,train,data/images/588b52a2-4e92-4d1c-990a-b99d24f6abc3.jpg,ok,,1024,1024,RGB,JPEG
f7eb1c70-62dc-42eb-84f5-5359bdc2a1a6.jpg,train,data/images/f7eb1c70-62dc-42eb-84f5-5359bdc2a1a6.jpg,ok,,1024,1024,RGB,JPEG
5ee9210d-1cae-4e7c-b6b0-3683fc8bea45.jpg,train,data/images/5ee9210d-1cae-4e7c-b6b0-3683fc8bea45.jpg,ok,,1024,1024,RGB,JPEG
7e75e21b-6f67-4b70-8b3b-6e16444ba006.jpg,train,data/images/7e75e21b-6f67-4b70-8b3b-6e16444ba006.jpg,ok,,896,1195,RGB,JPEG
3ea2a7ea-920d-4f54-8294-0decd592cc71.jpg,train,data/images/3ea2a7ea-920d-4f54-8294-0decd592cc71.jpg,ok,,1024,1024,RGB,JPEG
a50f4362-a246-4153-a0c4-abcc35661e16.jpg,train,data/images/a50f4362-a246-4153-a0c4-abcc35661e16.jpg,ok,,1280,1024,RGB,JPEG
2dbea1ce-9cac-4d28-927e-1a20da6db34d.jpg,train,data/images/2dbea1ce-9cac-4d28-927e-1a20da6db34d.jpg,ok,,1024,1024,RGB,JPEG
faf2c930-7f87-4a53-9a14-02bd7b0b0ad1.jpg,train,data/images/faf2c930-7f87-4a53-9a14-02bd7b0b0ad1.jpg,ok,,1024,716,RGB,JPEG
1dbbfbcd-450d-4fae-818f-bf2395adf8df.jpg,train,data/images/1dbbfbcd-450d-4fae-818f-bf2395adf8df.jpg,ok,,1024,1024,RGB,JPEG
94ab787d-1e5b-47e5-ac4a-94f1f8246067.jpg,train,data/images/94ab787d-1e5b-47e5-ac4a-94f1f8246067.jpg,ok,,1024,1024,RGB,JPEG
ba04ac81-1344-4b1c-a5ab-1b4aa26a0102.jpg,train,data/images/ba04ac81-1344-4b1c-a5ab-1b4aa26a0102.jpg,ok,,1024,1024,RGB,JPEG
376325aa-0ecd-4951-9520-9e65715257bd.jpg,train,data/images/376325aa-0ecd-4951-9520-9e65715257bd.jpg,ok,,1024,1024,RGB,JPEG
e984dd73-8bb5-4d74-9e4b-d45cdacba7f7.jpg,train,data/images/e984dd73-8bb5-4d74-9e4b-d45cdacba7f7.jpg,ok,,1024,1024,RGB,JPEG
98a6afb3-a22f-40e2-875d-b3f25880bdb0.jpg,train,data/images/98a6afb3-a22f-40e2-875d-b3f25880bdb0.jpg,ok,,800,800,RGB,JPEG
d0f1d4e1-ad3f-4077-8e70-e5ed75e3ab26.jpg,train,data/images/d0f1d4e1-ad3f-4077-8e70-e5ed75e3ab26.jpg,ok,,1024,558,RGB,JPEG
3b8b2d52-0114-4651-bab9-1f88d8960810.jpg,train,data/images/3b8b2d52-0114-4651-bab9-1f88d8960810.jpg,ok,,300,400,RGB,JPEG
c8948cbf-2c75-40bf-930b-0f40467dd5b2.jpg,train,data/images/c8948cbf-2c75-40bf-930b-0f40467dd5b2.jpg,ok,,1024,1024,RGB,JPEG
11b341cf-a467-4795-a92b-3f0123c67247.jpg,train,data/images/11b341cf-a467-4795-a92b-3f0123c67247.jpg,ok,,1024,1024,RGB,JPEG
eb254494-ea42-48fb-9a39-466e498c94ab.jpg,train,data/images/eb254494-ea42-48fb-9a39-466e498c94ab.jpg,ok,,150,150,RGBA,PNG
682ccb4d-9c3d-4563-a283-739818000909.jpg,train,data/images/682ccb4d-9c3d-4563-a283-739818000909.jpg,ok,,1024,1024,RGB,JPEG
380850ee-3c83-4194-81a7-e6d47ff4feca.jpg,train,data/images/380850ee-3c83-4194-81a7-e6d47ff4feca.jpg,ok,,1024,1024,RGB,JPEG
bf67bc9d-d5a0-4649-8132-8a9fe52cd35f.jpg,train,data/images/bf67bc9d-d5a0-4649-8132-8a9fe52cd35f.jpg,ok,,1024,1280,RGB,JPEG
f24fdef7-5bfe-438f-9675-5068236c3ff4.jpg,train,data/images/f24fdef7-5bfe-438f-9675-5068236c3ff4.jpg,ok,,1024,1024,RGB,JPEG
52bba6b0-273a-4d26-a854-fa93a1355009.jpg,train,data/images/52bba6b0-273a-4d26-a854-fa93a1355009.jpg,ok,,896,1195,RGB,JPEG
3b0eac6d-d4c8-45ba-bf59-174d9fd9cb8e.jpg,train,data/images/3b0eac6d-d4c8-45ba-bf59-174d9fd9cb8e.jpg,ok,,1024,1024,RGB,JPEG
0b8134c4-5d24-4841-97b9-7d46211b5765.jpg,train,data/images/0b8134c4-5d24-4841-97b9-7d46211b5765.jpg,ok,,1024,1024,RGB,JPEG
8111b48e-da39-40bf-8cd8-f743ab823db5.jpg,train,data/images/8111b48e-da39-40bf-8cd8-f743ab823db5.jpg,ok,,63,144,RGBA,PNG
cec5a038-4bf0-40b9-87de-f902077721bb.jpg,train,data/images/cec5a038-4bf0-40b9-87de-f902077721bb.jpg,ok,,896,1195,RGB,JPEG
8894d8b8-a309-46c0-a9ed-b8298a29a24b.jpg,train,data/images/8894d8b8-a309-46c0-a9ed-b8298a29a24b.jpg,ok,,2518,2518,RGB,JPEG
bab25a22-f2ba-4725-ba11-dedc38b878b1.jpg,train,data/images/bab25a22-f2ba-4725-ba11-dedc38b878b1.jpg,ok,,1024,1024,RGB,JPEG
51facbd4-4c82-4ca9-995a-7233bfc6a2a6.jpg,train,data/images/51facbd4-4c82-4ca9-995a-7233bfc6a2a6.jpg,ok,,1024,1024,RGB,JPEG
d091185e-0077-4619-8901-e142c5d05e09.jpg,train,data/images/d091185e-0077-4619-8901-e142c5d05e09.jpg,ok,,1248,832,RGB,JPEG
8de738c9-c0c0-4f36-984d-f05f053b95f2.jpg,train,data/images/8de738c9-c0c0-4f36-984d-f05f053b95f2.jpg,ok,,1024,716,RGB,JPEG
f4dfc550-ccd9-4f42-93f7-48c301f363ef.jpg,train,data/images/f4dfc550-ccd9-4f42-93f7-48c301f363ef.jpg,ok,,250,250,RGBA,PNG
3e5673d0-2e01-49b7-945a-401b46239fe9.jpg,train,data/images/3e5673d0-2e01-49b7-945a-401b46239fe9.jpg,ok,,1024,1024,RGB,JPEG
89750c7c-809b-46c1-8228-dd9391362d91.jpg,train,data/images/89750c7c-809b-46c1-8228-dd9391362d91.jpg,ok,,1024,716,RGB,JPEG
8daa896e-4203-491d-bdd1-c3d31be58af6.jpg,train,data/images/8daa896e-4203-491d-bdd1-c3d31be58af6.jpg,ok,,1024,1024,RGB,JPEG
bd97094e-30f4-4b0e-8eb0-6720904fe3fd.jpg,train,data/images/bd97094e-30f4-4b0e-8eb0-6720904fe3fd.jpg,ok,,1248,832,RGB,JPEG
9fc56d15-7a31-4797-861c-436a585407e5.jpg,train,data/images/9fc56d15-7a31-4797-861c-436a585407e5.jpg,ok,,400,393,RGB,JPEG
778ce9d5-7a45-4b5e-a0e0-9a660f76f9f5.jpg,train,data/images/778ce9d5-7a45-4b5e-a0e0-9a660f76f9f5.jpg,ok,,832,1248,RGB,JPEG
bac3ede2-33e7-4528-bd5b-2b4d19be571d.jpg,train,data/images/bac3ede2-33e7-4528-bd5b-2b4d19be571d.jpg,ok,,1024,716,RGB,JPEG
14e4ed21-12a5-4446-b0c3-f1befd0f7c75.jpg,train,data/images/14e4ed21-12a5-4446-b0c3-f1befd0f7c75.jpg,ok,,1024,1024,RGB,JPEG
816b2d9f-2af3-4a0e-bc0a-d6a36bde6562.jpg,train,data/images/816b2d9f-2af3-4a0e-bc0a-d6a36bde6562.jpg,ok,,1024,1024,RGB,JPEG
bf11d886-13bb-4443-945d-82ee4d0358eb.jpg,train,data/images/bf11d886-13bb-4443-945d-82ee4d0358eb.jpg,ok,,1024,1024,RGB,JPEG
bb0a5f23-76a3-4abb-ae48-dbe234d6116d.jpg,train,data/images/bb0a5f23-76a3-4abb-ae48-dbe234d6116d.jpg,ok,,1024,1024,RGB,JPEG
0152b9c6-23b4-4997-be14-592680b47252.jpg,train,data/images/0152b9c6-23b4-4997-be14-592680b47252.jpg,ok,,400,265,RGB,JPEG
a40438f3-b271-41d6-898e-1800ea56ee16.jpg,train,data/images/a40438f3-b271-41d6-898e-1800ea56ee16.jpg,ok,,1024,1024,RGB,JPEG
bd2cdb17-9da7-4080-a9b7-b1217a5a6293.jpg,train,data/images/bd2cdb17-9da7-4080-a9b7-b1217a5a6293.jpg,ok,,1024,1024,RGB,JPEG
2b493ddc-b685-4022-9d9f-a9a53e69285a.jpg,train,data/images/2b493ddc-b685-4022-9d9f-a9a53e69285a.jpg,ok,,1280,1024,RGB,JPEG
ac299666-da21-4bfc-8ec0-c2d5fc8bcba7.jpg,train,data/images/ac299666-da21-4bfc-8ec0-c2d5fc8bcba7.jpg,ok,,1024,1024,RGB,JPEG
5b2fac8b-85c9-4663-b63c-d8d8e48515f3.jpg,train,data/images/5b2fac8b-85c9-4663-b63c-d8d8e48515f3.jpg,ok,,1024,1024,RGB,JPEG
aa04e7ca-71e3-414a-8d63-f8659777c08c.jpg,train,data/images/aa04e7ca-71e3-414a-8d63-f8659777c08c.jpg,ok,,896,1195,RGB,JPEG
8bbaa020-12db-4c61-be87-e068c8d39205.jpg,train,data/images/8bbaa020-12db-4c61-be87-e068c8d39205.jpg,ok,,1024,1024,RGB,JPEG
5c701dea-6d1d-4b53-9acb-ff50f98b49e3.jpg,train,data/images/5c701dea-6d1d-4b53-9acb-ff50f98b49e3.jpg,ok,,1195,896,RGB,JPEG
19ead207-b8a4-4325-a4e8-17f1c33c295d.jpg,train,data/images/19ead207-b8a4-4325-a4e8-17f1c33c295d.jpg,ok,,1024,1024,RGB,JPEG
2a8ce89d-9297-4ede-8aec-fbe46b8392e2.jpg,train,data/images/2a8ce89d-9297-4ede-8aec-fbe46b8392e2.jpg,ok,,1024,1024,RGB,JPEG
b67dbde6-c9d0-4fd2-bd28-10d14c61d9d8.jpg,train,data/images/b67dbde6-c9d0-4fd2-bd28-10d14c61d9d8.jpg,ok,,183,209,RGB,JPEG
4d437983-4a02-442a-89c4-0199a2b09e13.jpg,train,data/images/4d437983-4a02-442a-89c4-0199a2b09e13.jpg,ok,,832,1248,RGB,JPEG
f2ed1dc3-89a8-4c07-9264-dcf6584e7d65.jpg,train,data/images/f2ed1dc3-89a8-4c07-9264-dcf6584e7d65.jpg,ok,,1024,1024,RGB,JPEG
ac1105a5-8b87-4009-aa62-3d72e7c09785.jpg,train,data/images/ac1105a5-8b87-4009-aa62-3d72e7c09785.jpg,ok,,1024,1024,RGB,JPEG
3f222421-31a1-4183-911f-3a6eb220f2fe.jpg,train,data/images/3f222421-31a1-4183-911f-3a6eb220f2fe.jpg,ok,,1024,1024,RGB,JPEG
86045266-05a2-4453-b21d-bcd7fb54c4e9.jpg,train,data/images/86045266-05a2-4453-b21d-bcd7fb54c4e9.jpg,ok,,1024,1024,RGB,JPEG
c77078c2-10ab-449d-8c9d-fd80c32822b9.jpg,train,data/images/c77078c2-10ab-449d-8c9d-fd80c32822b9.jpg,ok,,1024,1024,RGB,JPEG
dfbd8a6a-5109-4ebd-9f70-7d0fa455e760.jpg,train,data/images/dfbd8a6a-5109-4ebd-9f70-7d0fa455e760.jpg,ok,,1248,832,RGB,JPEG
e05753c7-4e48-4ffd-9a73-42cafc973b01.jpg,train,data/images/e05753c7-4e48-4ffd-9a73-42cafc973b01.jpg,ok,,1024,1024,RGB,JPEG
d49daa07-aa9e-4207-912f-f96ec1574dd7.jpg,train,data/images/d49daa07-aa9e-4207-912f-f96ec1574dd7.jpg,ok,,896,1195,RGB,JPEG
480e5f7a-f5a1-44ea-b466-ed0070db6a2e.jpg,train,data/images/480e5f7a-f5a1-44ea-b466-ed0070db6a2e.jpg,ok,,1024,1024,RGB,JPEG
52cb8ade-edfa-4ff4-b52d-fe6d5bd55913.jpg,train,data/images/52cb8ade-edfa-4ff4-b52d-fe6d5bd55913.jpg,ok,,1024,1024,RGB,JPEG
0c81f5da-b226-40fc-9964-6d0a4828ab58.jpg,train,data/images/0c81f5da-b226-40fc-9964-6d0a4828ab58.jpg,ok,,1000,1334,RGB,JPEG
d7bd42d0-73f9-48b0-a474-f25c7ea5530e.jpg,train,data/images/d7bd42d0-73f9-48b0-a474-f25c7ea5530e.jpg,ok,,1024,1024,RGB,JPEG
b6cc0053-5667-45f1-83ac-4e75edd06f92.jpg,train,data/images/b6cc0053-5667-45f1-83ac-4e75edd06f92.jpg,ok,,1024,1024,RGB,JPEG
936732db-377c-4901-9cf4-38083b195d3d.jpg,train,data/images/936732db-377c-4901-9cf4-38083b195d3d.jpg,ok,,1248,832,RGB,JPEG
9fba90e2-e229-47d7-b503-eb051fcf4362.jpg,train,data/images/9fba90e2-e229-47d7-b503-eb051fcf4362.jpg,ok,,896,1195,RGB,JPEG
1c942bf7-4d03-4553-88bd-47a984fe8d86.jpg,train,data/images/1c942bf7-4d03-4553-88bd-47a984fe8d86.jpg,ok,,1024,1024,RGB,JPEG
02a7eaed-9fee-45f1-bd07-ac1a3e0c389a.jpg,train,data/images/02a7eaed-9fee-45f1-bd07-ac1a3e0c389a.jpg,ok,,1195,896,RGB,JPEG
f1fe3571-5dd0-45dd-861b-58058d2c191a.jpg,train,data/images/f1fe3571-5dd0-45dd-861b-58058d2c191a.jpg,ok,,1024,1024,RGB,JPEG
03e03a35-b6c7-43a9-a689-a809371efdd6.jpg,train,data/images/03e03a35-b6c7-43a9-a689-a809371efdd6.jpg,ok,,1024,1024,RGB,JPEG
2c0051d3-11a4-4f92-829c-ee7e410fd4f4.jpg,train,data/images/2c0051d3-11a4-4f92-829c-ee7e410fd4f4.jpg,ok,,1024,1024,RGB,JPEG
95c8e092-2a25-45ab-8173-d3efef27bcdd.jpg,train,data/images/95c8e092-2a25-45ab-8173-d3efef27bcdd.jpg,ok,,1195,896,RGB,JPEG
80b9af83-c02f-48c8-8351-fe7601f557a8.jpg,train,data/images/80b9af83-c02f-48c8-8351-fe7601f557a8.jpg,ok,,800,800,RGB,JPEG
253f79cc-3d9b-4460-a63e-805a73fb1261.jpg,train,data/images/253f79cc-3d9b-4460-a63e-805a73fb1261.jpg,ok,,1024,1024,RGB,JPEG
5d2fdc8d-7b5a-43c0-96e0-fa4493c780ce.jpg,train,data/images/5d2fdc8d-7b5a-43c0-96e0-fa4493c780ce.jpg,ok,,1024,1024,RGB,JPEG
5c94d8c8-7adb-4af6-a705-aebf9e9ffc70.jpg,train,data/images/5c94d8c8-7adb-4af6-a705-aebf9e9ffc70.jpg,ok,,1024,1024,RGB,JPEG
f45855a4-d44b-4453-a2b1-c983ce6f7063.jpg,train,data/images/f45855a4-d44b-4453-a2b1-c983ce6f7063.jpg,ok,,1024,716,RGB,JPEG
682e7ff1-536b-486a-b32b-6e2267484e31.jpg,train,data/images/682e7ff1-536b-486a-b32b-6e2267484e31.jpg,ok,,1024,1024,RGB,JPEG
1a246b39-68c4-4928-bb08-c0b04366b2da.jpg,train,data/images/1a246b39-68c4-4928-bb08-c0b04366b2da.jpg,ok,,1024,1024,RGB,JPEG
1363088c-0124-40cc-91c7-329a2dca50fb.jpg,train,data/images/1363088c-0124-40cc-91c7-329a2dca50fb.jpg,ok,,1024,1024,RGB,JPEG
58992752-037c-4a5b-8419-268853a8f35d.jpg,train,data/images/58992752-037c-4a5b-8419-268853a8f35d.jpg,ok,,1280,1024,RGB,JPEG
4f4dc8e5-ccaf-4bb7-a463-98d46e6cba6a.jpg,train,data/images/4f4dc8e5-ccaf-4bb7-a463-98d46e6cba6a.jpg,ok,,1024,1024,RGB,JPEG
c1e38c0c-904d-490f-bc5c-74fe05abf0d2.jpg,train,data/images/c1e38c0c-904d-490f-bc5c-74fe05abf0d2.jpg,ok,,832,1248,RGB,JPEG
d7e60d40-37d2-4d6e-9b01-5ff7604b82ec.jpg,train,data/images/d7e60d40-37d2-4d6e-9b01-5ff7604b82ec.jpg,ok,,1024,1024,RGB,JPEG
bf3e4dcb-10d9-48fb-b9f6-00e7ab40c620.jpg,train,data/images/bf3e4dcb-10d9-48fb-b9f6-00e7ab40c620.jpg,ok,,1024,1024,RGB,JPEG
edbed3d9-3fad-49e5-a060-73f7bfb7a009.jpg,train,data/images/edbed3d9-3fad-49e5-a060-73f7bfb7a009.jpg,ok,,1024,1024,RGB,JPEG
3662f11c-6030-4a6c-bcb6-75b3f30b8396.jpg,train,data/images/3662f11c-6030-4a6c-bcb6-75b3f30b8396.jpg,ok,,1195,896,RGB,JPEG
fb923e5c-c354-4caf-b536-008a163a6b9d.jpg,train,data/images/fb923e5c-c354-4caf-b536-008a163a6b9d.jpg,ok,,1248,832,RGB,JPEG
c0a0d745-3c88-46c5-a2a2-567373b7b567.jpg,train,data/images/c0a0d745-3c88-46c5-a2a2-567373b7b567.jpg,ok,,1024,1024,RGB,JPEG
82108e78-a9bf-44e7-ad2c-7be7bb7b9b63.jpg,train,data/images/82108e78-a9bf-44e7-ad2c-7be7bb7b9b63.jpg,ok,,1024,1024,RGB,JPEG
de1ec666-9dbe-436b-b185-ada116c94d99.jpg,train,data/images/de1ec666-9dbe-436b-b185-ada116c94d99.jpg,ok,,832,1248,RGB,JPEG
9229e490-ff4a-4e81-b314-b3bf384546a5.jpg,train,data/images/9229e490-ff4a-4e81-b314-b3bf384546a5.jpg,ok,,1024,558,RGB,JPEG
ae12e7b9-05eb-4102-acde-63203e122556.jpg,train,data/images/ae12e7b9-05eb-4102-acde-63203e122556.jpg,ok,,1195,896,RGB,JPEG
a7325f5f-f2bb-4f0f-97cb-1dcf7882685b.jpg,train,data/images/a7325f5f-f2bb-4f0f-97cb-1dcf7882685b.jpg,ok,,1024,1024,RGB,JPEG
7c126dc6-d878-40ee-8fb6-15a0a180da1f.jpg,train,data/images/7c126dc6-d878-40ee-8fb6-15a0a180da1f.jpg,ok,,1024,1024,RGB,JPEG
de7be727-fa03-4d76-8c3f-dde2b9367fe9.jpg,train,data/images/de7be727-fa03-4d76-8c3f-dde2b9367fe9.jpg,ok,,1024,1024,RGB,JPEG
2faed0c3-aaa6-4c0c-a99c-8f1811c956ad.jpg,train,data/images/2faed0c3-aaa6-4c0c-a99c-8f1811c956ad.jpg,ok,,1248,832,RGB,JPEG
cd7d5527-c2e8-4a4e-bb94-f233dcfae428.jpg,train,data/images/cd7d5527-c2e8-4a4e-bb94-f233dcfae428.jpg,ok,,896,1195,RGB,JPEG
d4158513-75df-487f-b4d5-6173a3da9b88.jpg,train,data/images/d4158513-75df-487f-b4d5-6173a3da9b88.jpg,ok,,1195,896,RGB,JPEG
3e34751d-1e7f-4091-bfa0-01477e45c383.jpg,train,data/images/3e34751d-1e7f-4091-bfa0-01477e45c383.jpg,ok,,1024,716,RGB,JPEG
7fc31626-cc62-4a24-be92-8cdbecf0a16d.jpg,train,data/images/7fc31626-cc62-4a24-be92-8cdbecf0a16d.jpg,ok,,400,300,RGB,JPEG
41b2e572-9ec4-4800-844a-ba026b7da5f6.jpg,train,data/images/41b2e572-9ec4-4800-844a-ba026b7da5f6.jpg,ok,,1024,1024,RGB,JPEG
a606f6ee-de8e-4937-82cf-8d2b9dffe9de.jpg,train,data/images/a606f6ee-de8e-4937-82cf-8d2b9dffe9de.jpg,ok,,400,400,RGB,JPEG
0f63acf5-1013-46af-abde-e37b9949f182.jpg,train,data/images/0f63acf5-1013-46af-abde-e37b9949f182.jpg,ok,,1024,716,RGB,JPEG
9c3dd9ab-13a4-4583-a461-8780096547f5.jpg,train,data/images/9c3dd9ab-13a4-4583-a461-8780096547f5.jpg,ok,,1024,1024,RGB,JPEG
0201731d-f838-4f6f-a69f-878b12dd9c86.jpg,train,data/images/0201731d-f838-4f6f-a69f-878b12dd9c86.jpg,ok,,1195,896,RGB,JPEG
85acf84f-2f6f-4d0f-bc6c-1dd6be2e285a.jpg,train,data/images/85acf84f-2f6f-4d0f-bc6c-1dd6be2e285a.jpg,ok,,1024,1024,RGB,JPEG
ad66c2ec-e2a5-4e5b-ab54-efe5ee458758.jpg,train,data/images/ad66c2ec-e2a5-4e5b-ab54-efe5ee458758.jpg,ok,,1024,1024,RGB,JPEG
80056b71-36b1-4bfb-8a35-2ad6c334e9bc.jpg,train,data/images/80056b71-36b1-4bfb-8a35-2ad6c334e9bc.jpg,ok,,1280,1024,RGB,JPEG
aad95f3a-9d0f-4f40-b620-f70a3719a4b7.jpg,train,data/images/aad95f3a-9d0f-4f40-b620-f70a3719a4b7.jpg,ok,,1024,716,RGB,JPEG
9727fdb6-ed49-43f6-aa93-e8453d21c488.jpg,train,data/images/9727fdb6-ed49-43f6-aa93-e8453d21c488.jpg,ok,,400,360,RGB,JPEG
55524c09-7a09-48e1-9b3f-f2ca66c818e4.jpg,train,data/images/55524c09-7a09-48e1-9b3f-f2ca66c818e4.jpg,ok,,1195,896,RGB,JPEG
2bace5cc-5196-4d1f-988d-a952845932a3.jpg,train,data/images/2bace5cc-5196-4d1f-988d-a952845932a3.jpg,ok,,832,1248,RGB,JPEG
1a13942f-c0ba-4ace-88b2-36c864d09395.jpg,train,data/images/1a13942f-c0ba-4ace-88b2-36c864d09395.jpg,ok,,1024,1024,RGB,JPEG
7f1eaea1-fe4d-4e8d-9a11-fde1d30533c6.jpg,train,data/images/7f1eaea1-fe4d-4e8d-9a11-fde1d30533c6.jpg,ok,,896,1195,RGB,JPEG
5591329d-c14f-4133-a494-8bc19b758ad2.jpg,train,data/images/5591329d-c14f-4133-a494-8bc19b758ad2.jpg,ok,,1024,1024,RGB,JPEG
608b5132-d5c6-4c32-891b-287c6e64c2dc.jpg,train,data/images/608b5132-d5c6-4c32-891b-287c6e64c2dc.jpg,ok,,1024,1024,RGB,JPEG
0909390f-6a61-4d3c-8ecf-86a76422481a.jpg,train,data/images/0909390f-6a61-4d3c-8ecf-86a76422481a.jpg,ok,,1024,1024,RGB,JPEG
de3b55e0-933b-4f36-b7ed-522cdeb50960.jpg,train,data/images/de3b55e0-933b-4f36-b7ed-522cdeb50960.jpg,ok,,1024,1024,RGB,JPEG
601b827e-bfce-4c7d-a690-31963e96c198.jpg,train,data/images/601b827e-bfce-4c7d-a690-31963e96c198.jpg,ok,,896,1195,RGB,JPEG
4630a99a-041b-4e52-adb0-a6efdf286705.jpg,train,data/images/4630a99a-041b-4e52-adb0-a6efdf286705.jpg,ok,,1879,2200,RGB,JPEG
4cc81b7c-f9ed-4e5f-bd56-8dd96f4eb0e6.jpg,train,data/images/4cc81b7c-f9ed-4e5f-bd56-8dd96f4eb0e6.jpg,ok,,305,259,RGBA,PNG
1d656a52-a34d-46aa-a29d-dc93d6663765.jpg,train,data/images/1d656a52-a34d-46aa-a29d-dc93d6663765.jpg,ok,,1879,2200,RGB,JPEG
af1268b0-fd88-47f7-bddd-4b1fac2478a3.jpg,train,data/images/af1268b0-fd88-47f7-bddd-4b1fac2478a3.jpg,ok,,1195,896,RGB,JPEG
dcb67bf2-31e7-486f-95c9-0feb94fd76ac.jpg,train,data/images/dcb67bf2-31e7-486f-95c9-0feb94fd76ac.jpg,ok,,558,1024,RGB,JPEG
be1f7893-6ce5-4408-9c86-878aabee9189.jpg,train,data/images/be1f7893-6ce5-4408-9c86-878aabee9189.jpg,ok,,832,1248,RGB,JPEG
9e969b50-5b16-4f7b-a08e-06c14ce48f32.jpg,train,data/images/9e969b50-5b16-4f7b-a08e-06c14ce48f32.jpg,ok,,896,1195,RGB,JPEG
88259b17-9a41-4f3b-ac69-2bfd6813f194.jpg,train,data/images/88259b17-9a41-4f3b-ac69-2bfd6813f194.jpg,ok,,1024,1024,RGB,JPEG
d270163a-16a5-4449-8620-1180673a119e.jpg,train,data/images/d270163a-16a5-4449-8620-1180673a119e.jpg,ok,,896,1195,RGB,JPEG
4bb89db2-e976-435d-81b0-9c613da8c3f1.jpg,train,data/images/4bb89db2-e976-435d-81b0-9c613da8c3f1.jpg,ok,,1024,1024,RGB,JPEG
67ea4872-3e59-4894-9b71-84b4ee5af4c3.jpg,train,data/images/67ea4872-3e59-4894-9b71-84b4ee5af4c3.jpg,ok,,1024,1024,RGB,JPEG
e2cd66b9-ee2c-4f76-b07c-53d4fe1ec590.jpg,train,data/images/e2cd66b9-ee2c-4f76-b07c-53d4fe1ec590.jpg,ok,,1024,1024,RGB,JPEG
64dffe48-78ea-44cc-8738-4e738218dc5b.jpg,train,data/images/64dffe48-78ea-44cc-8738-4e738218dc5b.jpg,ok,,1024,1024,RGB,JPEG
476affe5-3ccf-4173-86e2-7d3506341302.jpg,train,data/images/476affe5-3ccf-4173-86e2-7d3506341302.jpg,ok,,896,1195,RGB,JPEG
ac99764a-707d-490b-83d6-f1ff76216c8d.jpg,train,data/images/ac99764a-707d-490b-83d6-f1ff76216c8d.jpg,ok,,896,1195,RGB,JPEG
6749c270-a889-48e0-8e1d-1990300c40cb.jpg,train,data/images/6749c270-a889-48e0-8e1d-1990300c40cb.jpg,ok,,1024,1024,RGB,JPEG
c10705f8-e094-4fb0-af51-e4ed466638e5.jpg,train,data/images/c10705f8-e094-4fb0-af51-e4ed466638e5.jpg,ok,,1024,1024,RGB,JPEG
a8f5e474-c89e-45c7-935e-3417583d9594.jpg,train,data/images/a8f5e474-c89e-45c7-935e-3417583d9594.jpg,ok,,1024,1024,RGB,JPEG
b73587af-a002-4c38-a50c-be20de093033.jpg,train,data/images/b73587af-a002-4c38-a50c-be20de093033.jpg,ok,,1024,1024,RGB,JPEG
3415988a-3949-4205-a2ad-ab8ccddb64f7.jpg,train,data/images/3415988a-3949-4205-a2ad-ab8ccddb64f7.jpg,ok,,1879,2200,RGB,JPEG
32f894b6-3689-4a1b-9703-adb8b90681ab.jpg,train,data/images/32f894b6-3689-4a1b-9703-adb8b90681ab.jpg,ok,,1195,896,RGB,JPEG
47d4ee03-dc34-4efa-812a-1ce229d560ff.jpg,train,data/images/47d4ee03-dc34-4efa-812a-1ce229d560ff.jpg,ok,,1024,1024,RGB,JPEG
5af16bf9-fab7-4f49-86bc-74b826b937be.jpg,train,data/images/5af16bf9-fab7-4f49-86bc-74b826b937be.jpg,ok,,1024,1024,RGB,JPEG
16d9b809-392a-4ce0-8bfe-54021de1f7bd.jpg,train,data/images/16d9b809-392a-4ce0-8bfe-54021de1f7bd.jpg,ok,,1024,716,RGB,JPEG
d9f46c23-0e81-4e3b-9d06-6fd237aca8b8.jpg,train,data/images/d9f46c23-0e81-4e3b-9d06-6fd237aca8b8.jpg,ok,,1280,1024,RGB,JPEG
68db8027-865d-43bf-a088-53efacde567b.jpg,train,data/images/68db8027-865d-43bf-a088-53efacde567b.jpg,ok,,1248,832,RGB,JPEG
1a9feaca-5459-40d9-9c0f-b1626a8d19ef.jpg,train,data/images/1a9feaca-5459-40d9-9c0f-b1626a8d19ef.jpg,ok,,832,1248,RGB,JPEG
8dedb2ff-75bd-494d-a4dc-d7ee91424073.jpg,train,data/images/8dedb2ff-75bd-494d-a4dc-d7ee91424073.jpg,ok,,1024,1024,RGB,JPEG
718aaa75-f374-4d78-8222-f751d6937b5f.jpg,train,data/images/718aaa75-f374-4d78-8222-f751d6937b5f.jpg,ok,,1024,716,RGB,JPEG
b38101a1-9036-4d29-9ef7-ec5510f122cf.jpg,train,data/images/b38101a1-9036-4d29-9ef7-ec5510f122cf.jpg,ok,,1024,1024,RGB,JPEG
db15fdc3-f51a-4bc0-85f1-5517d3859bd8.jpg,train,data/images/db15fdc3-f51a-4bc0-85f1-5517d3859bd8.jpg,ok,,1024,1024,RGB,JPEG
d1d9975a-ab42-465e-aee5-3a432a2c374a.jpg,train,data/images/d1d9975a-ab42-465e-aee5-3a432a2c374a.jpg,ok,,1024,1024,RGB,JPEG
14fd1c84-e90e-4f5d-a06f-2e1c6acd07c0.jpg,train,data/images/14fd1c84-e90e-4f5d-a06f-2e1c6acd07c0.jpg,ok,,1024,1024,RGB,JPEG
01ba2fb3-729e-4f49-8f5d-f4ee92fd2f16.jpg,train,data/images/01ba2fb3-729e-4f49-8f5d-f4ee92fd2f16.jpg,ok,,1024,1024,RGB,JPEG
36b53c66-2e63-43f7-adde-8ecde887aeb8.jpg,train,data/images/36b53c66-2e63-43f7-adde-8ecde887aeb8.jpg,ok,,896,1195,RGB,JPEG
81169321-7d03-4e05-a7c5-f367b81faf78.jpg,train,data/images/81169321-7d03-4e05-a7c5-f367b81faf78.jpg,ok,,1024,1024,RGB,JPEG
cdedad34-3746-40a0-916e-ce496f0923c9.jpg,train,data/images/cdedad34-3746-40a0-916e-ce496f0923c9.jpg,ok,,1024,1024,RGB,JPEG
ee292b83-02c1-4a58-b4f3-4f567d1eb0b0.jpg,train,data/images/ee292b83-02c1-4a58-b4f3-4f567d1eb0b0.jpg,ok,,1024,1024,RGB,JPEG
5ba955df-5822-419e-9d8f-f2d58db95416.jpg,train,data/images/5ba955df-5822-419e-9d8f-f2d58db95416.jpg,ok,,1024,1024,RGB,JPEG
b3d741fd-8883-4ad6-8690-a23e7971c00e.jpg,train,data/images/b3d741fd-8883-4ad6-8690-a23e7971c00e.jpg,ok,,1024,1024,RGB,JPEG
47117d15-3e95-407e-aed6-725f94d7ab2c.jpg,train,data/images/47117d15-3e95-407e-aed6-725f94d7ab2c.jpg,ok,,832,1248,RGB,JPEG
0f04f138-2e2e-4fe1-8b07-b34f488ddc59.jpg,train,data/images/0f04f138-2e2e-4fe1-8b07-b34f488ddc59.jpg,ok,,1024,716,RGB,JPEG
757fcedd-2094-4b4e-8b33-6015d9184f72.jpg,train,data/images/757fcedd-2094-4b4e-8b33-6015d9184f72.jpg,ok,,1879,2200,RGB,JPEG
af60bb48-0ea0-4d54-a932-7e9bcc970d7f.jpg,train,data/images/af60bb48-0ea0-4d54-a932-7e9bcc970d7f.jpg,ok,,1024,1024,RGB,JPEG
9f930d0b-83bc-43c8-8be8-6ffd29efb722.jpg,train,data/images/9f930d0b-83bc-43c8-8be8-6ffd29efb722.jpg,ok,,558,1024,RGB,JPEG
e3456d82-45cb-41ba-bc7a-956c11b590d0.jpg,train,data/images/e3456d82-45cb-41ba-bc7a-956c11b590d0.jpg,ok,,1024,1024,RGB,JPEG
4b66e156-47db-4ec8-afc2-778bd2e450ca.jpg,train,data/images/4b66e156-47db-4ec8-afc2-778bd2e450ca.jpg,ok,,1024,1024,RGB,JPEG
0b4fb02a-6a21-4dd2-aecf-acc67fb1baab.jpg,train,data/images/0b4fb02a-6a21-4dd2-aecf-acc67fb1baab.jpg,ok,,1024,1024,RGB,JPEG
5f13942a-a1e6-445b-a1ac-e68c2c28eb42.jpg,train,data/images/5f13942a-a1e6-445b-a1ac-e68c2c28eb42.jpg,ok,,1024,1024,RGB,JPEG
32a7b31a-23a3-463f-957d-a2d6dd6a3822.jpg,train,data/images/32a7b31a-23a3-463f-957d-a2d6dd6a3822.jpg,ok,,1024,1024,RGB,JPEG
1a114300-1654-4d90-ae94-6af6e505e700.jpg,train,data/images/1a114300-1654-4d90-ae94-6af6e505e700.jpg,ok,,1024,1024,RGB,JPEG
79d2bf8e-ed49-4b5a-9377-a70753f4eb94.jpg,train,data/images/79d2bf8e-ed49-4b5a-9377-a70753f4eb94.jpg,ok,,896,1195,RGB,JPEG
eb3c32a2-6731-4131-b086-687e54ddd62e.jpg,train,data/images/eb3c32a2-6731-4131-b086-687e54ddd62e.jpg,ok,,1024,1024,RGB,JPEG
0d8ef5f8-f1bd-4542-8934-65ed078a7b46.jpg,train,data/images/0d8ef5f8-f1bd-4542-8934-65ed078a7b46.jpg,ok,,1024,558,RGB,JPEG
19c5c01a-48d9-4e44-988e-1d3939c2d85a.jpg,train,data/images/19c5c01a-48d9-4e44-988e-1d3939c2d85a.jpg,ok,,1024,1024,RGB,JPEG
ead07220-5b60-4002-ab4f-35c449e7e655.jpg,train,data/images/ead07220-5b60-4002-ab4f-35c449e7e655.jpg,ok,,1024,1024,RGB,JPEG
2d9d131c-4a9f-473a-88aa-e20d81d60a56.jpg,train,data/images/2d9d131c-4a9f-473a-88aa-e20d81d60a56.jpg,ok,,1024,1024,RGB,JPEG
53986d8a-817a-4eb7-8456-4eb00bb45631.jpg,train,data/images/53986d8a-817a-4eb7-8456-4eb00bb45631.jpg,ok,,1195,896,RGB,JPEG
63b55a82-6556-4b14-9e87-f8568e304e66.jpg,train,data/images/63b55a82-6556-4b14-9e87-f8568e304e66.jpg,ok,,1024,1024,RGB,JPEG
230c2946-c86a-4178-8512-5628e3d5043e.jpg,train,data/images/230c2946-c86a-4178-8512-5628e3d5043e.jpg,ok,,1024,1024,RGB,JPEG
45f89a38-f889-4a8d-a65a-0c01da4c37db.jpg,train,data/images/45f89a38-f889-4a8d-a65a-0c01da4c37db.jpg,ok,,1024,716,RGB,JPEG
c8c0161d-f121-4326-bf90-16023d9f9eb3.jpg,train,data/images/c8c0161d-f121-4326-bf90-16023d9f9eb3.jpg,ok,,1248,832,RGB,JPEG
02978c69-0c6c-44b3-b48b-ac8ea6efb63b.jpg,train,data/images/02978c69-0c6c-44b3-b48b-ac8ea6efb63b.jpg,ok,,832,1248,RGB,JPEG
78182fe6-6283-42cc-9f9b-a1d4f4c3bc72.jpg,train,data/images/78182fe6-6283-42cc-9f9b-a1d4f4c3bc72.jpg,ok,,558,1024,RGB,JPEG
e775fdcd-3275-4b6e-b069-0b755b6170c4.jpg,train,data/images/e775fdcd-3275-4b6e-b069-0b755b6170c4.jpg,ok,,852,1136,RGB,JPEG
8b6521a3-25a2-489a-bc47-a785cc2f45d7.jpg,train,data/images/8b6521a3-25a2-489a-bc47-a785cc2f45d7.jpg,ok,,1280,1024,RGB,JPEG
110eb143-19a3-4071-acb2-970d8a68b452.jpg,train,data/images/110eb143-19a3-4071-acb2-970d8a68b452.jpg,ok,,1195,896,RGB,JPEG
b583ec63-4555-4b73-8323-3849b850ee1c.jpg,train,data/images/b583ec63-4555-4b73-8323-3849b850ee1c.jpg,ok,,1024,1024,RGB,JPEG
8ba191c6-b93f-46cf-a976-95e71e37a2c3.jpg,train,data/images/8ba191c6-b93f-46cf-a976-95e71e37a2c3.jpg,ok,,896,1195,RGB,JPEG
c83c0c07-1eae-4959-9edf-43a636a4fe2e.jpg,train,data/images/c83c0c07-1eae-4959-9edf-43a636a4fe2e.jpg,ok,,1024,1024,RGB,JPEG
b148fd7f-3306-457a-82ac-316d4b28110a.jpg,train,data/images/b148fd7f-3306-457a-82ac-316d4b28110a.jpg,ok,,1024,1024,RGB,JPEG
b9485bcc-2cda-41dc-93cb-f32637f6dc55.jpg,train,data/images/b9485bcc-2cda-41dc-93cb-f32637f6dc55.jpg,ok,,1195,896,RGB,JPEG
81456966-75e8-49ea-85dc-0b94cf91b52d.jpg,train,data/images/81456966-75e8-49ea-85dc-0b94cf91b52d.jpg,ok,,896,1195,RGB,JPEG
2d7329c4-feeb-4c2c-8941-a472eee7a3be.jpg,train,data/images/2d7329c4-feeb-4c2c-8941-a472eee7a3be.jpg,ok,,896,1195,RGB,JPEG
82312c9a-abdb-414c-8a4b-d1506cf84738.jpg,train,data/images/82312c9a-abdb-414c-8a4b-d1506cf84738.jpg,ok,,1024,1024,RGB,JPEG
6e3f1b60-a5a7-438a-8fba-30e47aac8450.jpg,train,data/images/6e3f1b60-a5a7-438a-8fba-30e47aac8450.jpg,ok,,1024,1024,RGB,JPEG
6cdc7e67-d2fb-41d5-9674-177e7846c560.jpg,train,data/images/6cdc7e67-d2fb-41d5-9674-177e7846c560.jpg,ok,,832,1248,RGB,JPEG
8872dc29-2fba-4356-85d7-42a8e8449ce8.jpg,train,data/images/8872dc29-2fba-4356-85d7-42a8e8449ce8.jpg,ok,,832,1248,RGB,JPEG
e6c65cee-70c5-4ff2-a1b1-3601a3e2048b.jpg,train,data/images/e6c65cee-70c5-4ff2-a1b1-3601a3e2048b.jpg,ok,,1024,1024,RGB,JPEG
0c36dcf2-9308-48e2-8f6a-160dc3499f36.jpg,train,data/images/0c36dcf2-9308-48e2-8f6a-160dc3499f36.jpg,ok,,1024,1024,RGB,JPEG
1756262b-2aca-43b5-a193-ed537d816a58.jpg,train,data/images/1756262b-2aca-43b5-a193-ed537d816a58.jpg,ok,,1024,1024,RGB,JPEG
064a04b5-a0ad-450b-9856-418e81ecb924.jpg,train,data/images/064a04b5-a0ad-450b-9856-418e81ecb924.jpg,ok,,1024,1024,RGB,JPEG
9bd4e0a5-85ae-4f8b-afa2-cfd731d4bc2e.jpg,train,data/images/9bd4e0a5-85ae-4f8b-afa2-cfd731d4bc2e.jpg,ok,,896,1195,RGB,JPEG
88fafa53-455a-4fdf-9109-b471d049cc3b.jpg,train,data/images/88fafa53-455a-4fdf-9109-b471d049cc3b.jpg,ok,,896,1195,RGB,JPEG
d0f96fff-b8e1-4a69-a734-07c99045a380.jpg,train,data/images/d0f96fff-b8e1-4a69-a734-07c99045a380.jpg,ok,,1951,2560,RGB,JPEG
900a9884-0f7f-402e-bf12-5bfc3ef5fe2a.jpg,train,data/images/900a9884-0f7f-402e-bf12-5bfc3ef5fe2a.jpg,ok,,1024,1024,RGB,JPEG
2795a70e-71b5-4e56-a2e3-b99e00b5612d.jpg,train,data/images/2795a70e-71b5-4e56-a2e3-b99e00b5612d.jpg,ok,,896,1195,RGB,JPEG
60dd76df-6f51-4adb-851f-6616b889e07f.jpg,train,data/images/60dd76df-6f51-4adb-851f-6616b889e07f.jpg,ok,,1195,896,RGB,JPEG
e5641331-f856-477e-937c-5b29194ccd19.jpg,train,data/images/e5641331-f856-477e-937c-5b29194ccd19.jpg,ok,,1024,716,RGB,JPEG
5a0b05da-3a22-4de1-9a2a-99cdffb203ed.jpg,train,data/images/5a0b05da-3a22-4de1-9a2a-99cdffb203ed.jpg,ok,,832,1248,RGB,JPEG
24d0769b-01aa-40c5-ad4c-44a792ab5b8d.jpg,train,data/images/24d0769b-01aa-40c5-ad4c-44a792ab5b8d.jpg,ok,,400,344,RGB,JPEG
bb8ae99a-36b5-420e-91a6-4e39cc2e8099.jpg,train,data/images/bb8ae99a-36b5-420e-91a6-4e39cc2e8099.jpg,ok,,1024,1024,RGB,JPEG
01708295-5d84-4b53-8070-03dd22ed3838.jpg,train,data/images/01708295-5d84-4b53-8070-03dd22ed3838.jpg,ok,,896,1195,RGB,JPEG
032a87c2-dbd7-402b-b218-27787a063333.jpg,train,data/images/032a87c2-dbd7-402b-b218-27787a063333.jpg,ok,,1024,1024,RGB,JPEG
5a8a7321-b26f-4d5b-ae62-cc0f5e53c43a.jpg,train,data/images/5a8a7321-b26f-4d5b-ae62-cc0f5e53c43a.jpg,ok,,896,1195,RGB,JPEG
e12e2deb-c4e6-4c70-88ed-435474a72b7f.jpg,train,data/images/e12e2deb-c4e6-4c70-88ed-435474a72b7f.jpg,ok,,1024,558,RGB,JPEG
3f2b5242-117e-4cb8-a6e7-e24eded5d961.jpg,train,data/images/3f2b5242-117e-4cb8-a6e7-e24eded5d961.jpg,ok,,1024,716,RGB,JPEG
68c88590-9963-4345-bd3e-0690cc6e94cc.jpg,train,data/images/68c88590-9963-4345-bd3e-0690cc6e94cc.jpg,ok,,1024,716,RGB,JPEG
dc4f23fb-e895-49b5-87cb-8742d92c7c2c.jpg,train,data/images/dc4f23fb-e895-49b5-87cb-8742d92c7c2c.jpg,ok,,1024,558,RGB,JPEG
e7a0b470-5e28-4ebd-85f5-9bd3569e7af6.jpg,train,data/images/e7a0b470-5e28-4ebd-85f5-9bd3569e7af6.jpg,ok,,1024,1024,RGB,JPEG
089aadf6-4a19-4dd0-bc26-b4f6f758ea89.jpg,train,data/images/089aadf6-4a19-4dd0-bc26-b4f6f758ea89.jpg,ok,,896,1195,RGB,JPEG
ee0ddd00-9342-493e-af29-43520bcdeb7c.jpg,train,data/images/ee0ddd00-9342-493e-af29-43520bcdeb7c.jpg,ok,,1024,1024,RGB,JPEG
1e735559-9f32-4141-b5b6-973efc846a06.jpg,train,data/images/1e735559-9f32-4141-b5b6-973efc846a06.jpg,ok,,400,266,RGB,JPEG
0c6ade63-71f1-4e25-83e2-e9732a934859.jpg,train,data/images/0c6ade63-71f1-4e25-83e2-e9732a934859.jpg,ok,,2560,2560,RGB,JPEG
7dbdc177-248f-43f4-90a9-0819f5db6fbe.jpg,train,data/images/7dbdc177-248f-43f4-90a9-0819f5db6fbe.jpg,ok,,832,1248,RGB,JPEG
af87aeb2-61e2-4b31-aca4-9399429c3a5c.jpg,train,data/images/af87aeb2-61e2-4b31-aca4-9399429c3a5c.jpg,ok,,1024,1024,RGB,JPEG
96a082f5-b9f2-4a06-8ae8-677808b592ea.jpg,train,data/images/96a082f5-b9f2-4a06-8ae8-677808b592ea.jpg,ok,,2560,2198,RGB,JPEG
4cce918e-8220-4171-bfd7-9f07158da829.jpg,train,data/images/4cce918e-8220-4171-bfd7-9f07158da829.jpg,ok,,1248,832,RGB,JPEG
84452947-b60a-4b22-8abf-0de9afa55b52.jpg,train,data/images/84452947-b60a-4b22-8abf-0de9afa55b52.jpg,ok,,1024,1024,RGB,JPEG
999065a7-0198-466a-a34d-8792044f201f.jpg,train,data/images/999065a7-0198-466a-a34d-8792044f201f.jpg,ok,,1024,1024,RGB,JPEG
b0158b86-7661-4603-9330-3ccde83e3a4b.jpg,train,data/images/b0158b86-7661-4603-9330-3ccde83e3a4b.jpg,ok,,1024,716,RGB,JPEG
a5c6a16b-79d2-400e-b66d-c2283074272a.jpg,train,data/images/a5c6a16b-79d2-400e-b66d-c2283074272a.jpg,ok,,1024,1024,RGB,JPEG
19b97717-f3f4-45e9-834b-2ebcf1b0d9dd.jpg,train,data/images/19b97717-f3f4-45e9-834b-2ebcf1b0d9dd.jpg,ok,,1024,1024,RGB,JPEG
9ffd1194-4001-4f79-a0ab-dc9db61aceac.jpg,train,data/images/9ffd1194-4001-4f79-a0ab-dc9db61aceac.jpg,ok,,1024,1024,RGB,JPEG
af4d58c2-be71-4bba-a7cf-2b5055acbe22.jpg,train,data/images/af4d58c2-be71-4bba-a7cf-2b5055acbe22.jpg,ok,,1024,716,RGB,JPEG
c76fa7dc-da71-4291-8809-4fa7423d27cd.jpg,train,data/images/c76fa7dc-da71-4291-8809-4fa7423d27cd.jpg,ok,,1024,1024,RGB,JPEG
1609da1d-545d-42d2-b603-85407729bd05.jpg,train,data/images/1609da1d-545d-42d2-b603-85407729bd05.jpg,ok,,1024,1024,RGB,JPEG
4b738357-2ffc-41e2-8a6a-05247c7df9f7.jpg,train,data/images/4b738357-2ffc-41e2-8a6a-05247c7df9f7.jpg,ok,,1024,1024,RGB,JPEG
396f4836-2747-4840-b956-03fb781b3439.jpg,train,data/images/396f4836-2747-4840-b956-03fb781b3439.jpg,ok,,1024,1024,RGB,JPEG
d3a03fa4-7106-4295-8b4a-163cf058a542.jpg,train,data/images/d3a03fa4-7106-4295-8b4a-163cf058a542.jpg,ok,,1024,1024,RGB,JPEG
aa1a2eb5-d11e-48eb-b960-d4c4fbaf9ce5.jpg,train,data/images/aa1a2eb5-d11e-48eb-b960-d4c4fbaf9ce5.jpg,ok,,1024,1024,RGB,JPEG
74fc1c44-ac61-4420-8233-697c348acc15.jpg,train,data/images/74fc1c44-ac61-4420-8233-697c348acc15.jpg,ok,,1024,1024,RGB,JPEG
550d51ea-3203-4b6e-b65c-9af691716028.jpg,train,data/images/550d51ea-3203-4b6e-b65c-9af691716028.jpg,ok,,896,1195,RGB,JPEG
489ae32e-fe9a-4f45-9b15-4ee67252c93e.jpg,train,data/images/489ae32e-fe9a-4f45-9b15-4ee67252c93e.jpg,ok,,1024,558,RGB,JPEG
5de6d662-602f-49cb-88dd-b6be62dcb0f2.jpg,train,data/images/5de6d662-602f-49cb-88dd-b6be62dcb0f2.jpg,ok,,1024,1024,RGB,JPEG
dd5a2684-f9b0-4b88-91b1-8e8588e970f1.jpg,train,data/images/dd5a2684-f9b0-4b88-91b1-8e8588e970f1.jpg,ok,,1024,1024,RGB,JPEG
8b7cdf4d-101c-446a-a1f4-c1cf4f64ceee.jpg,train,data/images/8b7cdf4d-101c-446a-a1f4-c1cf4f64ceee.jpg,ok,,1024,1024,RGB,JPEG
ad61dfb8-f86b-43e3-94fa-309366004791.jpg,train,data/images/ad61dfb8-f86b-43e3-94fa-309366004791.jpg,ok,,832,1248,RGB,JPEG
bddbaec9-1f5d-4516-8df5-bf03e2366242.jpg,train,data/images/bddbaec9-1f5d-4516-8df5-bf03e2366242.jpg,ok,,1024,716,RGB,JPEG
dbda4068-f61f-49e1-8a2a-ee8ad4721d5d.jpg,train,data/images/dbda4068-f61f-49e1-8a2a-ee8ad4721d5d.jpg,ok,,1024,1024,RGB,JPEG
3f9804de-8aa5-48f7-8cf3-569277b78338.jpg,train,data/images/3f9804de-8aa5-48f7-8cf3-569277b78338.jpg,ok,,896,1195,RGB,JPEG
4cfa03e3-49a9-45c6-801c-7d17db14deec.jpg,train,data/images/4cfa03e3-49a9-45c6-801c-7d17db14deec.jpg,ok,,1024,558,RGB,JPEG
734f313b-8883-47ee-8b2f-2b3d2633e09c.jpg,train,data/images/734f313b-8883-47ee-8b2f-2b3d2633e09c.jpg,ok,,1024,1024,RGB,JPEG
5434f639-5e5b-4b9f-9c6d-0ed134767121.jpg,train,data/images/5434f639-5e5b-4b9f-9c6d-0ed134767121.jpg,ok,,1024,1024,RGB,JPEG
84791b37-fe9d-4b7a-ac9a-e908914cdc89.jpg,train,data/images/84791b37-fe9d-4b7a-ac9a-e908914cdc89.jpg,ok,,1024,1024,RGB,JPEG
4fb42ed0-b4a7-4a65-b03b-d04e2ea4a874.jpg,train,data/images/4fb42ed0-b4a7-4a65-b03b-d04e2ea4a874.jpg,ok,,1024,1024,RGB,JPEG
3d766dfd-9dd9-4704-b1b4-224ecda067a1.jpg,train,data/images/3d766dfd-9dd9-4704-b1b4-224ecda067a1.jpg,ok,,1195,896,RGB,JPEG
862b61b2-40f6-40c5-b601-b1bc0242a599.jpg,train,data/images/862b61b2-40f6-40c5-b601-b1bc0242a599.jpg,ok,,558,1024,RGB,JPEG
55c21f05-a781-4807-af53-4e7584a9043f.jpg,train,data/images/55c21f05-a781-4807-af53-4e7584a9043f.jpg,ok,,1024,1024,RGB,JPEG
ff462762-ecfe-4c44-a00b-e5ab22774da0.jpg,train,data/images/ff462762-ecfe-4c44-a00b-e5ab22774da0.jpg,ok,,1024,1024,RGB,JPEG
16570736-4482-457c-8e50-9429a0e1f03c.jpg,train,data/images/16570736-4482-457c-8e50-9429a0e1f03c.jpg,ok,,1024,558,RGB,JPEG
4ef54c3e-f3cd-4c4b-999a-63b11b3c01ed.jpg,train,data/images/4ef54c3e-f3cd-4c4b-999a-63b11b3c01ed.jpg,ok,,832,1248,RGB,JPEG
c3fb1e1e-30e3-43c6-89d7-e27318ed6363.jpg,train,data/images/c3fb1e1e-30e3-43c6-89d7-e27318ed6363.jpg,ok,,1946,2560,RGB,JPEG
61455f74-16e4-4346-8bc2-d864dab328c0.jpg,train,data/images/61455f74-16e4-4346-8bc2-d864dab328c0.jpg,ok,,1248,832,RGB,JPEG
3769adfc-d710-41ca-b731-034f539425a2.jpg,train,data/images/3769adfc-d710-41ca-b731-034f539425a2.jpg,ok,,1024,1024,RGB,JPEG
b55cc3a3-fd0c-4185-966f-d6926ee9ca21.jpg,train,data/images/b55cc3a3-fd0c-4185-966f-d6926ee9ca21.jpg,ok,,1024,1024,RGB,JPEG
66b79298-9308-4889-9212-bf1803e22b7f.jpg,train,data/images/66b79298-9308-4889-9212-bf1803e22b7f.jpg,ok,,1024,1024,RGB,JPEG
ef76d1cc-ae97-4e18-bd07-eb3fcdfea604.jpg,train,data/images/ef76d1cc-ae97-4e18-bd07-eb3fcdfea604.jpg,ok,,1024,1024,RGB,JPEG
e70b70b6-0132-4b3a-8172-da29954d744f.jpg,train,data/images/e70b70b6-0132-4b3a-8172-da29954d744f.jpg,ok,,1024,1024,RGB,JPEG
e73e983e-65fd-49be-a6a9-5e1bb3a73cf7.jpg,train,data/images/e73e983e-65fd-49be-a6a9-5e1bb3a73cf7.jpg,ok,,1024,1024,RGB,JPEG
be01bd9b-adee-44f9-b48b-346e09442e03.jpg,train,data/images/be01bd9b-adee-44f9-b48b-346e09442e03.jpg,ok,,400,300,RGB,JPEG
98a5aa01-3bd4-42e6-ba36-3da8f6a45840.jpg,train,data/images/98a5aa01-3bd4-42e6-ba36-3da8f6a45840.jpg,ok,,1024,716,RGB,JPEG
5a4c9e35-188f-472b-a427-317b9c7923f7.jpg,train,data/images/5a4c9e35-188f-472b-a427-317b9c7923f7.jpg,ok,,1024,1024,RGB,JPEG
86203df6-28a1-4597-9986-b79860f35678.jpg,train,data/images/86203df6-28a1-4597-9986-b79860f35678.jpg,ok,,1024,1024,RGB,JPEG
cf61b4f6-3392-4199-ad38-e752a4091abf.jpg,train,data/images/cf61b4f6-3392-4199-ad38-e752a4091abf.jpg,ok,,1280,1024,RGB,JPEG
d74efc1d-27df-4e02-8abe-a0325814980e.jpg,train,data/images/d74efc1d-27df-4e02-8abe-a0325814980e.jpg,ok,,1024,558,RGB,JPEG
6625e051-df19-4be6-877f-2b7fe5ce2801.jpg,train,data/images/6625e051-df19-4be6-877f-2b7fe5ce2801.jpg,ok,,1024,1024,RGB,JPEG
0a85e05c-3a7b-499a-b458-a88d6251d58e.jpg,train,data/images/0a85e05c-3a7b-499a-b458-a88d6251d58e.jpg,ok,,832,1248,RGB,JPEG
13684705-3e6d-4314-8909-f81a81f4d155.jpg,train,data/images/13684705-3e6d-4314-8909-f81a81f4d155.jpg,ok,,1024,1024,RGB,JPEG
77b19054-91d1-418a-9fb3-8fa9a0261eea.jpg,train,data/images/77b19054-91d1-418a-9fb3-8fa9a0261eea.jpg,ok,,896,1195,RGB,JPEG
a563fa53-002f-4881-a9b0-c6e090a220db.jpg,train,data/images/a563fa53-002f-4881-a9b0-c6e090a220db.jpg,ok,,400,300,RGB,JPEG
b9714b30-02e6-4b6f-b8e9-abf5ded6cdac.jpg,train,data/images/b9714b30-02e6-4b6f-b8e9-abf5ded6cdac.jpg,ok,,1024,1024,RGB,JPEG
d1868874-81e6-444d-91ce-58feea67f4de.jpg,train,data/images/d1868874-81e6-444d-91ce-58feea67f4de.jpg,ok,,896,1195,RGB,JPEG
3f7319cb-f8f6-436a-9d32-3f43bc0a9b67.jpg,train,data/images/3f7319cb-f8f6-436a-9d32-3f43bc0a9b67.jpg,ok,,1024,1024,RGB,JPEG
899f1933-273b-4d87-bcb0-88cebe887135.jpg,train,data/images/899f1933-273b-4d87-bcb0-88cebe887135.jpg,ok,,896,1195,RGB,JPEG
fe18be6d-0d99-4f6d-99fa-b4026dd6f98e.jpg,train,data/images/fe18be6d-0d99-4f6d-99fa-b4026dd6f98e.jpg,ok,,1024,558,RGB,JPEG
a46ae6e3-a6b3-46ec-8477-9ab4fe9a1990.jpg,train,data/images/a46ae6e3-a6b3-46ec-8477-9ab4fe9a1990.jpg,ok,,1024,1024,RGB,JPEG
dd5f9746-444e-4448-aef7-75c06c745879.jpg,train,data/images/dd5f9746-444e-4448-aef7-75c06c745879.jpg,ok,,1024,1024,RGB,JPEG
123090fa-fb48-4e74-bc53-9a60677ecb49.jpg,train,data/images/123090fa-fb48-4e74-bc53-9a60677ecb49.jpg,ok,,1024,1024,RGB,JPEG
2d335549-7e1f-45fd-bc1c-3202dd0b5fe6.jpg,train,data/images/2d335549-7e1f-45fd-bc1c-3202dd0b5fe6.jpg,ok,,1024,716,RGB,JPEG
7805f0c3-e62e-4b71-902a-3232f605a7ec.jpg,train,data/images/7805f0c3-e62e-4b71-902a-3232f605a7ec.jpg,ok,,832,1248,RGB,JPEG
b2887e31-fdbb-42e6-b3a1-272e2b9c12be.jpg,train,data/images/b2887e31-fdbb-42e6-b3a1-272e2b9c12be.jpg,ok,,1024,1024,RGB,JPEG
192eeccd-4aad-4460-a3c3-218c951f105f.jpg,train,data/images/192eeccd-4aad-4460-a3c3-218c951f105f.jpg,ok,,896,1195,RGB,JPEG
596e07ef-cc0b-458f-9476-b32f953bc9d3.jpg,train,data/images/596e07ef-cc0b-458f-9476-b32f953bc9d3.jpg,ok,,1024,1024,RGB,JPEG
6e6ed7a1-8c39-4b0f-be5e-709c9747a922.jpg,train,data/images/6e6ed7a1-8c39-4b0f-be5e-709c9747a922.jpg,ok,,1024,1024,RGB,JPEG
5bcb7188-e530-42a5-8f56-ba8b6e7d1afe.jpg,train,data/images/5bcb7188-e530-42a5-8f56-ba8b6e7d1afe.jpg,ok,,896,1195,RGB,JPEG
f002f63b-23d4-471b-b502-3b09bcf740b4.jpg,train,data/images/f002f63b-23d4-471b-b502-3b09bcf740b4.jpg,ok,,1024,1024,RGB,JPEG
54d46328-af94-47c7-80de-0c51e97770c5.jpg,train,data/images/54d46328-af94-47c7-80de-0c51e97770c5.jpg,ok,,1024,1024,RGB,JPEG
513f1e3a-192c-423a-af20-9f896e7c2fb5.jpg,train,data/images/513f1e3a-192c-423a-af20-9f896e7c2fb5.jpg,ok,,1024,1024,RGB,JPEG
8d54001c-7061-4c6e-9fea-49feb8607790.jpg,train,data/images/8d54001c-7061-4c6e-9fea-49feb8607790.jpg,ok,,1024,1024,RGB,JPEG
ce3a2e6e-ca30-4cca-a445-2719e4a1c8b0.jpg,train,data/images/ce3a2e6e-ca30-4cca-a445-2719e4a1c8b0.jpg,ok,,896,1195,RGB,JPEG
61ef197c-209b-4582-af55-941ca0064374.jpg,train,data/images/61ef197c-209b-4582-af55-941ca0064374.jpg,ok,,1024,1024,RGB,JPEG
263e7cb7-f38b-48ab-90fd-47a208777a06.jpg,train,data/images/263e7cb7-f38b-48ab-90fd-47a208777a06.jpg,ok,,1024,1024,RGB,JPEG
ba8e2a8a-57bd-459d-809f-9ad298c87276.jpg,train,data/images/ba8e2a8a-57bd-459d-809f-9ad298c87276.jpg,ok,,1280,1024,RGB,JPEG
fe397aa1-34b0-4a4e-8b16-ce73342eb3f8.jpg,train,data/images/fe397aa1-34b0-4a4e-8b16-ce73342eb3f8.jpg,ok,,1024,1024,RGB,JPEG
b1becce0-14b2-48be-9992-597d400fb580.jpg,train,data/images/b1becce0-14b2-48be-9992-597d400fb580.jpg,ok,,1024,1024,RGB,JPEG
4f4e74f2-e332-4d93-b859-c8ef68ff6703.jpg,train,data/images/4f4e74f2-e332-4d93-b859-c8ef68ff6703.jpg,ok,,1024,1024,RGB,JPEG
765b898d-c49f-41ba-8332-5279f82a406e.jpg,train,data/images/765b898d-c49f-41ba-8332-5279f82a406e.jpg,ok,,1024,1024,RGB,JPEG
0463578e-fdec-45f6-a119-61401e3999ef.jpg,train,data/images/0463578e-fdec-45f6-a119-61401e3999ef.jpg,ok,,1280,1024,RGB,JPEG
a0c5838d-b68a-4cbb-9a26-718e41b8e848.jpg,train,data/images/a0c5838d-b68a-4cbb-9a26-718e41b8e848.jpg,ok,,1024,1024,RGB,JPEG
d75d7dec-5be3-4319-8fa7-fdaf73b3d649.jpg,train,data/images/d75d7dec-5be3-4319-8fa7-fdaf73b3d649.jpg,ok,,1024,1024,RGB,JPEG
0c7332c2-c61f-4703-ab98-d0e4044d9b07.jpg,train,data/images/0c7332c2-c61f-4703-ab98-d0e4044d9b07.jpg,ok,,896,1195,RGB,JPEG
5a034686-f475-405f-bef1-cd7e401913b0.jpg,train,data/images/5a034686-f475-405f-bef1-cd7e401913b0.jpg,ok,,1024,1024,RGB,JPEG
3da61004-656b-458f-a71c-318f131e4c75.jpg,train,data/images/3da61004-656b-458f-a71c-318f131e4c75.jpg,ok,,1024,1024,RGB,JPEG
4a85768a-62ac-4f56-ba66-20a0f910d42f.jpg,train,data/images/4a85768a-62ac-4f56-ba66-20a0f910d42f.jpg,ok,,1248,832,RGB,JPEG
eecabb83-0874-4d11-a31c-685098b9d918.jpg,train,data/images/eecabb83-0874-4d11-a31c-685098b9d918.jpg,ok,,2560,967,RGB,JPEG
20af51f3-cef5-407c-9756-17bd0f9fa00b.jpg,train,data/images/20af51f3-cef5-407c-9756-17bd0f9fa00b.jpg,ok,,1024,1024,RGB,JPEG
16002d17-63a6-42f3-b7c6-68e27f781138.jpg,train,data/images/16002d17-63a6-42f3-b7c6-68e27f781138.jpg,ok,,1024,1024,RGB,JPEG
3620eb5c-e92d-447f-91a6-36a85aba53b3.jpg,train,data/images/3620eb5c-e92d-447f-91a6-36a85aba53b3.jpg,ok,,558,1024,RGB,JPEG
e458253d-1133-40c2-abbf-64afd5d1aaf0.jpg,train,data/images/e458253d-1133-40c2-abbf-64afd5d1aaf0.jpg,ok,,1024,1024,RGB,JPEG
78a86797-5a3c-4dff-903e-615661f4a5e9.jpg,train,data/images/78a86797-5a3c-4dff-903e-615661f4a5e9.jpg,ok,,1024,558,RGB,JPEG
b12b4666-ddd0-41f6-90af-951ce3564e20.jpg,train,data/images/b12b4666-ddd0-41f6-90af-951ce3564e20.jpg,ok,,832,1248,RGB,JPEG
d804df34-81e8-4c27-a809-f8234baf94ad.jpg,train,data/images/d804df34-81e8-4c27-a809-f8234baf94ad.jpg,ok,,1024,1024,RGB,JPEG
7f5af45b-db8f-499f-b320-913b7209a401.jpg,train,data/images/7f5af45b-db8f-499f-b320-913b7209a401.jpg,ok,,1024,558,RGB,JPEG
4a363343-ffae-4d34-ac19-3d398975ad0f.jpg,train,data/images/4a363343-ffae-4d34-ac19-3d398975ad0f.jpg,ok,,1024,1024,RGB,JPEG
0d04d10e-7445-4fcd-87bb-12dba3531a39.jpg,train,data/images/0d04d10e-7445-4fcd-87bb-12dba3531a39.jpg,ok,,1024,1024,RGB,JPEG
59634f1a-90ae-46c5-89d2-64679051832a.jpg,train,data/images/59634f1a-90ae-46c5-89d2-64679051832a.jpg,ok,,1024,1024,RGB,JPEG
ef05c726-7e7d-43a1-af1b-3eede841b5e5.jpg,train,data/images/ef05c726-7e7d-43a1-af1b-3eede841b5e5.jpg,ok,,896,1195,RGB,JPEG
6c686832-8f93-4094-9caf-05b4b8cd0810.jpg,train,data/images/6c686832-8f93-4094-9caf-05b4b8cd0810.jpg,ok,,1248,832,RGB,JPEG
5d86767e-f5d0-483e-bd45-ecce4a9c93a8.jpg,train,data/images/5d86767e-f5d0-483e-bd45-ecce4a9c93a8.jpg,ok,,500,500,RGB,JPEG
9e119787-9831-480b-9888-6e93c33161d8.jpg,train,data/images/9e119787-9831-480b-9888-6e93c33161d8.jpg,ok,,1024,1280,RGB,JPEG
0a54a103-d613-403f-a49c-f6e361abfffd.jpg,train,data/images/0a54a103-d613-403f-a49c-f6e361abfffd.jpg,ok,,800,800,RGB,JPEG
6cb25ecd-e376-48da-9128-31a465a15ad4.jpg,train,data/images/6cb25ecd-e376-48da-9128-31a465a15ad4.jpg,ok,,1024,1024,RGB,JPEG
5eff189b-c4fe-4139-82a1-bcdcbe19c35e.jpg,train,data/images/5eff189b-c4fe-4139-82a1-bcdcbe19c35e.jpg,ok,,1024,1024,RGB,JPEG
07e7420b-4512-475b-af29-6d25282f11e8.jpg,train,data/images/07e7420b-4512-475b-af29-6d25282f11e8.jpg,ok,,896,1195,RGB,JPEG
7582e17c-1937-4624-8770-cc50441d0d26.jpg,train,data/images/7582e17c-1937-4624-8770-cc50441d0d26.jpg,ok,,1024,1024,RGB,JPEG
30aa2b99-e057-4958-a5d6-f8c9cf8d2d86.jpg,train,data/images/30aa2b99-e057-4958-a5d6-f8c9cf8d2d86.jpg,ok,,1024,1024,RGB,JPEG
238933e0-0882-4ed2-8705-3a4d8a1d02b5.jpg,train,data/images/238933e0-0882-4ed2-8705-3a4d8a1d02b5.jpg,ok,,1024,1024,RGB,JPEG
d9ec04e5-c89a-4653-a697-38254307cac1.jpg,train,data/images/d9ec04e5-c89a-4653-a697-38254307cac1.jpg,ok,,896,1195,RGB,JPEG
b1aaea4b-1406-433c-80e1-2741870e1378.jpg,train,data/images/b1aaea4b-1406-433c-80e1-2741870e1378.jpg,ok,,684,912,RGB,JPEG
11d3878a-c67e-4942-b325-fbbf5a219f2d.jpg,train,data/images/11d3878a-c67e-4942-b325-fbbf5a219f2d.jpg,ok,,1024,1024,RGB,JPEG
8ac4bfb4-deca-48ca-aed7-4905152851cd.jpg,train,data/images/8ac4bfb4-deca-48ca-aed7-4905152851cd.jpg,ok,,800,800,RGB,JPEG
87e57aac-afb5-451b-848b-caf30b2374d3.jpg,train,data/images/87e57aac-afb5-451b-848b-caf30b2374d3.jpg,ok,,896,1195,RGB,JPEG
99a6094e-a8b5-4d1b-8255-88ed9ee270ea.jpg,train,data/images/99a6094e-a8b5-4d1b-8255-88ed9ee270ea.jpg,ok,,1024,1024,RGB,JPEG
59659b70-e204-4699-ba6e-e1d10a9d0607.jpg,train,data/images/59659b70-e204-4699-ba6e-e1d10a9d0607.jpg,ok,,1024,1024,RGB,JPEG
5ef4e09d-6687-4333-8a4f-6c228538c65f.jpg,train,data/images/5ef4e09d-6687-4333-8a4f-6c228538c65f.jpg,ok,,558,1024,RGB,JPEG
d98c9323-531a-4ca3-abb7-77e78e0d1a54.jpg,train,data/images/d98c9323-531a-4ca3-abb7-77e78e0d1a54.jpg,ok,,1024,1024,RGB,JPEG
dc37c88f-1358-49e3-94b6-5c488aeb0052.jpg,train,data/images/dc37c88f-1358-49e3-94b6-5c488aeb0052.jpg,ok,,832,1248,RGB,JPEG
3bd41693-49df-4483-b784-8f52ff9ac1c2.jpg,train,data/images/3bd41693-49df-4483-b784-8f52ff9ac1c2.jpg,ok,,1024,1024,RGB,JPEG
489c7a77-65d4-4bd8-bd08-08b72c374d43.jpg,train,data/images/489c7a77-65d4-4bd8-bd08-08b72c374d43.jpg,ok,,896,1195,RGB,JPEG
6ad4974b-b5d7-4b9f-9fa8-086d0756affd.jpg,train,data/images/6ad4974b-b5d7-4b9f-9fa8-086d0756affd.jpg,ok,,1024,1024,RGB,JPEG
a122d2bf-63e7-4f4b-8e93-4b41e2940bce.jpg,train,data/images/a122d2bf-63e7-4f4b-8e93-4b41e2940bce.jpg,ok,,1024,1024,RGB,JPEG
4a82a7d2-98dd-4323-8ae4-7c0f91fbe889.jpg,train,data/images/4a82a7d2-98dd-4323-8ae4-7c0f91fbe889.jpg,ok,,1024,1024,RGB,JPEG
1e3a60fb-fe88-4eab-993f-65e312f285e8.jpg,train,data/images/1e3a60fb-fe88-4eab-993f-65e312f285e8.jpg,ok,,1024,1024,RGB,JPEG
f7b2ca4a-6784-4733-a828-31ad5944beeb.jpg,train,data/images/f7b2ca4a-6784-4733-a828-31ad5944beeb.jpg,ok,,896,1195,RGB,JPEG
7c3cf0a7-50b8-4e2a-ab78-3bef791d234e.jpg,train,data/images/7c3cf0a7-50b8-4e2a-ab78-3bef791d234e.jpg,ok,,1195,896,RGB,JPEG
9306c7b0-ed5b-4825-b4b0-d966719afb4d.jpg,train,data/images/9306c7b0-ed5b-4825-b4b0-d966719afb4d.jpg,ok,,1024,1024,RGB,JPEG
fd0c70b8-058b-40de-8aaa-f6577970b1d6.jpg,train,data/images/fd0c70b8-058b-40de-8aaa-f6577970b1d6.jpg,ok,,1024,1024,RGB,JPEG
e0eea8b5-04f9-4b07-b443-7a7629c38679.jpg,train,data/images/e0eea8b5-04f9-4b07-b443-7a7629c38679.jpg,ok,,896,1195,RGB,JPEG
2b28c612-d327-4829-afbb-2b7defc699e4.jpg,train,data/images/2b28c612-d327-4829-afbb-2b7defc699e4.jpg,ok,,1024,1024,RGB,JPEG
bfa352d2-3d4d-4e2b-be89-840b2ff4497c.jpg,train,data/images/bfa352d2-3d4d-4e2b-be89-840b2ff4497c.jpg,ok,,896,1195,RGB,JPEG
733ae187-399f-43ad-a335-45f729449dcc.jpg,train,data/images/733ae187-399f-43ad-a335-45f729449dcc.jpg,ok,,1280,1024,RGB,JPEG
819a9c68-ec21-4f2c-b2d6-7353876a8e42.jpg,train,data/images/819a9c68-ec21-4f2c-b2d6-7353876a8e42.jpg,ok,,832,1248,RGB,JPEG
de53cf5e-a1f6-4a7d-b37a-9519f0ad0284.jpg,train,data/images/de53cf5e-a1f6-4a7d-b37a-9519f0ad0284.jpg,ok,,1024,1024,RGB,JPEG
dc934272-7ab9-4cde-8f26-cc30fa252c63.jpg,train,data/images/dc934272-7ab9-4cde-8f26-cc30fa252c63.jpg,ok,,1195,896,RGB,JPEG
01bc49c1-c1cc-4eb9-9b3a-5153c9953fbb.jpg,train,data/images/01bc49c1-c1cc-4eb9-9b3a-5153c9953fbb.jpg,ok,,896,1195,RGB,JPEG
7a7b64f0-3b2f-44df-af52-2b4896765ee1.jpg,train,data/images/7a7b64f0-3b2f-44df-af52-2b4896765ee1.jpg,ok,,1024,716,RGB,JPEG
4b8734f9-a864-433b-a022-cbe3fd74f876.jpg,train,data/images/4b8734f9-a864-433b-a022-cbe3fd74f876.jpg,ok,,1024,1024,RGB,JPEG
69fb0486-211f-4ce4-8eb9-f222ccd186bc.jpg,train,data/images/69fb0486-211f-4ce4-8eb9-f222ccd186bc.jpg,ok,,896,1195,RGB,JPEG
fc83062a-dd4d-4490-a496-9ce1dd71c020.jpg,train,data/images/fc83062a-dd4d-4490-a496-9ce1dd71c020.jpg,ok,,1024,1024,RGB,JPEG
64b8eaed-bf23-4cc4-a815-193c66820ea6.jpg,train,data/images/64b8eaed-bf23-4cc4-a815-193c66820ea6.jpg,ok,,1024,1024,RGB,JPEG
241bd748-7c3c-4d8e-abe1-2e8a1ae53478.jpg,train,data/images/241bd748-7c3c-4d8e-abe1-2e8a1ae53478.jpg,ok,,1024,1024,RGB,JPEG
469f264f-6939-49f4-9d5a-a398e45d470b.jpg,train,data/images/469f264f-6939-49f4-9d5a-a398e45d470b.jpg,ok,,1024,1024,RGB,JPEG
f1906723-3a4d-4f28-b0fd-18ffe5ca9614.jpg,train,data/images/f1906723-3a4d-4f28-b0fd-18ffe5ca9614.jpg,ok,,1024,1024,RGB,JPEG
fdbe4b25-9402-4756-9508-f541d918697c.jpg,train,data/images/fdbe4b25-9402-4756-9508-f541d918697c.jpg,ok,,800,800,RGB,JPEG
0833fcba-297b-4cc6-b6ad-0c536004a3fc.jpg,train,data/images/0833fcba-297b-4cc6-b6ad-0c536004a3fc.jpg,ok,,832,1248,RGB,JPEG
c6223eec-30ef-48eb-938e-c2419c3511e4.jpg,train,data/images/c6223eec-30ef-48eb-938e-c2419c3511e4.jpg,ok,,896,1195,RGB,JPEG
574a50bf-a0e5-4fe3-9397-4f80c85dd7e0.jpg,train,data/images/574a50bf-a0e5-4fe3-9397-4f80c85dd7e0.jpg,ok,,1024,1024,RGB,JPEG
2dfeee0b-b97d-4486-942d-527d3f2fdb7e.jpg,train,data/images/2dfeee0b-b97d-4486-942d-527d3f2fdb7e.jpg,ok,,1024,558,RGB,JPEG
5f44ee55-ca09-47e0-9bd4-f18a210fb2ab.jpg,train,data/images/5f44ee55-ca09-47e0-9bd4-f18a210fb2ab.jpg,ok,,1024,1024,RGB,JPEG
ba942355-882d-4e9e-b29e-4e1826d1ebd1.jpg,train,data/images/ba942355-882d-4e9e-b29e-4e1826d1ebd1.jpg,ok,,1024,1024,RGB,JPEG
f6d3d1cc-e3b6-461d-958c-2717eb02e947.jpg,train,data/images/f6d3d1cc-e3b6-461d-958c-2717eb02e947.jpg,ok,,1024,1024,RGB,JPEG
acc38d72-b217-4b15-bfa3-578f97571d77.jpg,train,data/images/acc38d72-b217-4b15-bfa3-578f97571d77.jpg,ok,,1024,1024,RGB,JPEG
8a5ccd45-0965-4a18-adb2-1d30a07e2841.jpg,train,data/images/8a5ccd45-0965-4a18-adb2-1d30a07e2841.jpg,ok,,500,169,RGB,JPEG
9ac440c9-1e4f-4b4d-a515-3a1149d5a293.jpg,train,data/images/9ac440c9-1e4f-4b4d-a515-3a1149d5a293.jpg,ok,,1024,1024,RGB,JPEG
c32f0f60-0519-4cc0-9acb-ab9cd76e13e0.jpg,train,data/images/c32f0f60-0519-4cc0-9acb-ab9cd76e13e0.jpg,ok,,1024,1024,RGB,JPEG
8e418626-6fbc-4fc1-9344-4e1e5cfbe62b.jpg,train,data/images/8e418626-6fbc-4fc1-9344-4e1e5cfbe62b.jpg,ok,,832,1248,RGB,JPEG
10f18af6-9ff9-4804-a61b-09905a8d99c4.jpg,train,data/images/10f18af6-9ff9-4804-a61b-09905a8d99c4.jpg,ok,,1024,1024,RGB,JPEG
4832f5f7-fc27-49f4-93a7-e582b33abd24.jpg,train,data/images/4832f5f7-fc27-49f4-93a7-e582b33abd24.jpg,ok,,1000,1334,RGB,JPEG
d73fb06c-3955-48d3-9f1a-403338c7d80b.jpg,train,data/images/d73fb06c-3955-48d3-9f1a-403338c7d80b.jpg,ok,,558,1024,RGB,JPEG
95cd4c1f-836f-46ff-ab11-d98dc0850506.jpg,train,data/images/95cd4c1f-836f-46ff-ab11-d98dc0850506.jpg,ok,,1024,558,RGB,JPEG
95f95c7e-4c06-414c-bb6f-b38a91859d3e.jpg,train,data/images/95f95c7e-4c06-414c-bb6f-b38a91859d3e.jpg,ok,,832,1248,RGB,JPEG
0b6db2ce-b30a-49f4-b12b-667c4067d394.jpg,train,data/images/0b6db2ce-b30a-49f4-b12b-667c4067d394.jpg,ok,,1024,1024,RGB,JPEG
9866b466-49f8-4cc8-bad9-083d0a33be5a.jpg,train,data/images/9866b466-49f8-4cc8-bad9-083d0a33be5a.jpg,ok,,1024,1024,RGB,JPEG
e4f79840-aa7d-449d-ba6c-0839dd24d22a.jpg,train,data/images/e4f79840-aa7d-449d-ba6c-0839dd24d22a.jpg,ok,,400,128,RGB,JPEG
a132a413-e7a6-45ab-8ccc-b866d6eae77d.jpg,train,data/images/a132a413-e7a6-45ab-8ccc-b866d6eae77d.jpg,ok,,1024,716,RGB,JPEG
6b1f5a58-aba8-46df-8a77-9a6fa3261b71.jpg,train,data/images/6b1f5a58-aba8-46df-8a77-9a6fa3261b71.jpg,ok,,1024,1024,RGB,JPEG
5ba318b6-43c8-42be-9ce5-7b9de800f89a.jpg,train,data/images/5ba318b6-43c8-42be-9ce5-7b9de800f89a.jpg,ok,,1024,716,RGB,JPEG
1962fb5f-b0d0-4dba-866b-4ba4f6f8c871.jpg,train,data/images/1962fb5f-b0d0-4dba-866b-4ba4f6f8c871.jpg,ok,,1024,1024,RGB,JPEG
e21885b3-7894-40de-b27e-08ad9e676752.jpg,train,data/images/e21885b3-7894-40de-b27e-08ad9e676752.jpg,ok,,1500,1500,RGB,JPEG
72a4cf82-cfcf-470e-9cf9-793cd87de1ba.jpg,train,data/images/72a4cf82-cfcf-470e-9cf9-793cd87de1ba.jpg,ok,,1024,1024,RGB,JPEG
f65d9c4e-ee85-4454-84a7-40c721897e0c.jpg,train,data/images/f65d9c4e-ee85-4454-84a7-40c721897e0c.jpg,ok,,1024,1024,RGB,JPEG
c9e45420-6654-42dd-b958-193c98d4f806.jpg,train,data/images/c9e45420-6654-42dd-b958-193c98d4f806.jpg,ok,,832,1248,RGB,JPEG
b3313b2f-9b1e-4f75-82f5-7b3c40f1e68f.jpg,train,data/images/b3313b2f-9b1e-4f75-82f5-7b3c40f1e68f.jpg,ok,,1024,716,RGB,JPEG
be0903b7-4982-4b59-8268-6ebe7b83ea0e.jpg,train,data/images/be0903b7-4982-4b59-8268-6ebe7b83ea0e.jpg,ok,,1248,832,RGB,JPEG
5296ba21-7819-4c5a-938d-845a5ed8028d.jpg,train,data/images/5296ba21-7819-4c5a-938d-845a5ed8028d.jpg,ok,,1024,1024,RGB,JPEG
12e9bbde-516d-421a-a184-1c189af169df.jpg,train,data/images/12e9bbde-516d-421a-a184-1c189af169df.jpg,ok,,1024,1024,RGB,JPEG
9f23acb3-b172-4f4a-86aa-59d1d6819147.jpg,train,data/images/9f23acb3-b172-4f4a-86aa-59d1d6819147.jpg,ok,,1024,1024,RGB,JPEG
710e467e-e025-40c4-b6e0-898ffb13195d.jpg,train,data/images/710e467e-e025-40c4-b6e0-898ffb13195d.jpg,ok,,1024,1024,RGB,JPEG
789ff59d-1b9d-4c23-8b63-b338fe131d78.jpg,train,data/images/789ff59d-1b9d-4c23-8b63-b338fe131d78.jpg,ok,,1024,1024,RGB,JPEG
b7c0eb3e-4bfc-48e3-a816-bca9f74a7f66.jpg,train,data/images/b7c0eb3e-4bfc-48e3-a816-bca9f74a7f66.jpg,ok,,1024,1024,RGB,JPEG
33e2929f-7490-4795-a439-fe3abe672aa0.jpg,train,data/images/33e2929f-7490-4795-a439-fe3abe672aa0.jpg,ok,,896,1195,RGB,JPEG
5bd76c9f-57ea-48ef-8b72-2621e011bbe0.jpg,train,data/images/5bd76c9f-57ea-48ef-8b72-2621e011bbe0.jpg,ok,,896,1195,RGB,JPEG
29182626-658d-4a74-ab46-50fe48a9a386.jpg,train,data/images/29182626-658d-4a74-ab46-50fe48a9a386.jpg,ok,,896,1195,RGB,JPEG
80e37a73-10c3-4cc4-8e48-e19f5e9d038e.jpg,train,data/images/80e37a73-10c3-4cc4-8e48-e19f5e9d038e.jpg,ok,,1195,896,RGB,JPEG
bead5cc1-6d8f-4820-9252-c7026353f012.jpg,train,data/images/bead5cc1-6d8f-4820-9252-c7026353f012.jpg,ok,,1024,1024,RGB,JPEG
5fb823e3-70b5-49fe-947b-7701b9cb8440.jpg,train,data/images/5fb823e3-70b5-49fe-947b-7701b9cb8440.jpg,ok,,1195,896,RGB,JPEG
bb08eef1-aad8-4a81-a564-64620a50a060.jpg,train,data/images/bb08eef1-aad8-4a81-a564-64620a50a060.jpg,ok,,1024,716,RGB,JPEG
bfc09a8e-d4dd-49a9-b9cd-03afb2866d08.jpg,train,data/images/bfc09a8e-d4dd-49a9-b9cd-03afb2866d08.jpg,ok,,896,1195,RGB,JPEG
b6cad44e-3e9d-45f0-b3d1-7f332db56f49.jpg,train,data/images/b6cad44e-3e9d-45f0-b3d1-7f332db56f49.jpg,ok,,1024,716,RGB,JPEG
80dbbce3-d770-4e4a-894d-5b8c6f9fd5fb.jpg,train,data/images/80dbbce3-d770-4e4a-894d-5b8c6f9fd5fb.jpg,ok,,1024,1024,RGB,JPEG
f684d59b-815f-4dd7-94d1-967623c3c23e.jpg,train,data/images/f684d59b-815f-4dd7-94d1-967623c3c23e.jpg,ok,,1248,832,RGB,JPEG
e8dbe49a-49f0-4928-8b30-3f8d793b96fe.jpg,train,data/images/e8dbe49a-49f0-4928-8b30-3f8d793b96fe.jpg,ok,,800,800,RGB,JPEG
2be9f9f1-9e13-4a9a-9f02-70b2a1e4c962.jpg,train,data/images/2be9f9f1-9e13-4a9a-9f02-70b2a1e4c962.jpg,ok,,1248,832,RGB,JPEG
9bf5c2fa-9436-4f50-8c51-68b9525fbce0.jpg,train,data/images/9bf5c2fa-9436-4f50-8c51-68b9525fbce0.jpg,ok,,1024,1024,RGB,JPEG
aead6837-8a01-41bf-8727-02a9dd4b0955.jpg,train,data/images/aead6837-8a01-41bf-8727-02a9dd4b0955.jpg,ok,,1024,1024,RGB,JPEG
c27c6c60-22d8-4ea0-a558-90ff54e8feed.jpg,train,data/images/c27c6c60-22d8-4ea0-a558-90ff54e8feed.jpg,ok,,1024,716,RGB,JPEG
6d6f5e9f-d82e-4a2f-b755-e57ea46896c6.jpg,train,data/images/6d6f5e9f-d82e-4a2f-b755-e57ea46896c6.jpg,ok,,1024,1024,RGB,JPEG
c1d13db6-56b6-4801-9f38-ce768ad9becb.jpg,train,data/images/c1d13db6-56b6-4801-9f38-ce768ad9becb.jpg,ok,,896,1195,RGB,JPEG
e989701c-007a-4b09-b101-6a418850b0f0.jpg,train,data/images/e989701c-007a-4b09-b101-6a418850b0f0.jpg,ok,,558,1024,RGB,JPEG
7d279a65-67aa-4e9a-9d27-94fd29cc990f.jpg,train,data/images/7d279a65-67aa-4e9a-9d27-94fd29cc990f.jpg,ok,,1024,1024,RGB,JPEG
2108d651-83d4-4763-bb0a-344ebe96f871.jpg,train,data/images/2108d651-83d4-4763-bb0a-344ebe96f871.jpg,ok,,1024,1024,RGB,JPEG
f9ea0b09-b9ba-425c-b6ab-2e9bc145b9eb.jpg,train,data/images/f9ea0b09-b9ba-425c-b6ab-2e9bc145b9eb.jpg,ok,,1024,1024,RGB,JPEG
584e64f4-ed48-4be4-9a32-072123956589.jpg,train,data/images/584e64f4-ed48-4be4-9a32-072123956589.jpg,ok,,1024,716,RGB,JPEG
baa9f385-69e6-4f54-842c-03a5aa252d04.jpg,train,data/images/baa9f385-69e6-4f54-842c-03a5aa252d04.jpg,ok,,1024,1024,RGB,JPEG
aa479f14-b7a2-49c0-8a53-7e13d0bcf00e.jpg,train,data/images/aa479f14-b7a2-49c0-8a53-7e13d0bcf00e.jpg,ok,,1024,1024,RGB,JPEG
a8c8e3d6-3ac5-4337-870f-6c9be27e63e5.jpg,train,data/images/a8c8e3d6-3ac5-4337-870f-6c9be27e63e5.jpg,ok,,1024,1024,RGB,JPEG
fb0d20f8-24f9-4a75-951c-5f6c5d2b64ae.jpg,train,data/images/fb0d20f8-24f9-4a75-951c-5f6c5d2b64ae.jpg,ok,,1024,1024,RGB,JPEG
b75975f0-2702-4088-a230-0378b28fd79b.jpg,train,data/images/b75975f0-2702-4088-a230-0378b28fd79b.jpg,ok,,1024,1024,RGB,JPEG
5c647d62-6121-48b4-952f-41c1c528f814.jpg,train,data/images/5c647d62-6121-48b4-952f-41c1c528f814.jpg,ok,,1024,1024,RGB,JPEG
434eb513-ccfd-4949-a7bb-90aa8d1c75ae.jpg,train,data/images/434eb513-ccfd-4949-a7bb-90aa8d1c75ae.jpg,ok,,832,1248,RGB,JPEG
0b428239-4b91-4a03-b5f1-978b3a8a0ab1.jpg,train,data/images/0b428239-4b91-4a03-b5f1-978b3a8a0ab1.jpg,ok,,832,1248,RGB,JPEG
41496774-b1f3-48f3-aa66-9c7f7eb16d04.jpg,train,data/images/41496774-b1f3-48f3-aa66-9c7f7eb16d04.jpg,ok,,1248,832,RGB,JPEG
369fee9d-31f7-4b2d-a421-4ea05caf05a9.jpg,train,data/images/369fee9d-31f7-4b2d-a421-4ea05caf05a9.jpg,ok,,1024,1024,RGB,JPEG
baac543b-7519-40b4-9869-3f8145247d30.jpg,train,data/images/baac543b-7519-40b4-9869-3f8145247d30.jpg,ok,,1024,1024,RGB,JPEG
d72b8360-dd04-4781-994b-1f3d0ab52eba.jpg,train,data/images/d72b8360-dd04-4781-994b-1f3d0ab52eba.jpg,ok,,896,1195,RGB,JPEG
ce123cc5-6948-451d-9b4b-f6e5c1cfd5ef.jpg,train,data/images/ce123cc5-6948-451d-9b4b-f6e5c1cfd5ef.jpg,ok,,1024,1024,RGB,JPEG
d23a6633-f9e6-4317-ab5f-4c26ac1ea6e4.jpg,train,data/images/d23a6633-f9e6-4317-ab5f-4c26ac1ea6e4.jpg,ok,,1195,896,RGB,JPEG
8e6c3dfb-5fcb-4b4e-99fb-f79172b6c1be.jpg,train,data/images/8e6c3dfb-5fcb-4b4e-99fb-f79172b6c1be.jpg,ok,,1024,1024,RGB,JPEG
e70ae34b-db09-4910-a10b-68e735a94780.jpg,train,data/images/e70ae34b-db09-4910-a10b-68e735a94780.jpg,ok,,1024,1024,RGB,JPEG
a8c78017-c281-4f44-9ca7-d7f8b5a483b8.jpg,train,data/images/a8c78017-c281-4f44-9ca7-d7f8b5a483b8.jpg,ok,,1024,1024,RGB,JPEG
31156def-531b-420a-959c-7cb02d86b40e.jpg,train,data/images/31156def-531b-420a-959c-7cb02d86b40e.jpg,ok,,1024,1024,RGB,JPEG
25ed6cd9-96fc-4216-9421-831742a8cfd2.jpg,train,data/images/25ed6cd9-96fc-4216-9421-831742a8cfd2.jpg,ok,,1024,1024,RGB,JPEG
b688d2c7-871d-4117-827d-c6b64d1fdd8e.jpg,train,data/images/b688d2c7-871d-4117-827d-c6b64d1fdd8e.jpg,ok,,1024,1024,RGB,JPEG
bd25cd10-bcff-4f17-a348-16a3bb497405.jpg,train,data/images/bd25cd10-bcff-4f17-a348-16a3bb497405.jpg,ok,,1024,558,RGB,JPEG
575f9880-c01d-4382-b613-4c5f86508eb4.jpg,train,data/images/575f9880-c01d-4382-b613-4c5f86508eb4.jpg,ok,,1024,1024,RGB,JPEG
2615c433-70e5-4c55-9512-61e81f51aac6.jpg,train,data/images/2615c433-70e5-4c55-9512-61e81f51aac6.jpg,ok,,1024,558,RGB,JPEG
abc209ab-a621-4983-bcd9-e43321c9177d.jpg,train,data/images/abc209ab-a621-4983-bcd9-e43321c9177d.jpg,ok,,832,1248,RGB,JPEG
b6db4f22-1deb-456a-a0bc-c91fd37c2090.jpg,train,data/images/b6db4f22-1deb-456a-a0bc-c91fd37c2090.jpg,ok,,1024,1024,RGB,JPEG
3c581650-15a7-44f1-b76d-7e7bd1295768.jpg,train,data/images/3c581650-15a7-44f1-b76d-7e7bd1295768.jpg,ok,,1200,1200,RGB,JPEG
6b2b1f56-60bb-44b3-8b77-27f0e4e01600.jpg,train,data/images/6b2b1f56-60bb-44b3-8b77-27f0e4e01600.jpg,ok,,1024,1024,RGB,JPEG
24d47930-8ab1-4425-ba77-c436c0188d01.jpg,train,data/images/24d47930-8ab1-4425-ba77-c436c0188d01.jpg,ok,,832,1248,RGB,JPEG
21a6f66e-8818-4437-b1ca-ae2845d4bdef.jpg,train,data/images/21a6f66e-8818-4437-b1ca-ae2845d4bdef.jpg,ok,,1024,1024,RGB,JPEG
f2ec8a9d-beae-45ec-8256-592b63b0c629.jpg,train,data/images/f2ec8a9d-beae-45ec-8256-592b63b0c629.jpg,ok,,832,1248,RGB,JPEG
70cfec12-72cd-4fea-9e22-558b284a6d4a.jpg,train,data/images/70cfec12-72cd-4fea-9e22-558b284a6d4a.jpg,ok,,1024,716,RGB,JPEG
53f17047-33d9-43e8-bc76-102cf0749e36.jpg,train,data/images/53f17047-33d9-43e8-bc76-102cf0749e36.jpg,ok,,1024,1024,RGB,JPEG
00bc8a95-bc51-4353-a424-908f772f6393.jpg,train,data/images/00bc8a95-bc51-4353-a424-908f772f6393.jpg,ok,,1024,1024,RGB,JPEG
187e6598-3630-4dde-8e5b-4fca8de749cb.jpg,train,data/images/187e6598-3630-4dde-8e5b-4fca8de749cb.jpg,ok,,896,1195,RGB,JPEG
5ab86fec-2157-4e02-b16f-bf94665fba89.jpg,train,data/images/5ab86fec-2157-4e02-b16f-bf94665fba89.jpg,ok,,1024,1024,RGB,JPEG
0b2ee655-2662-4ba9-b27b-c8a60ac1bfde.jpg,train,data/images/0b2ee655-2662-4ba9-b27b-c8a60ac1bfde.jpg,ok,,1248,832,RGB,JPEG
fd71ea46-c3e5-43ab-a8a8-a8c3ac66a566.jpg,train,data/images/fd71ea46-c3e5-43ab-a8a8-a8c3ac66a566.jpg,ok,,1024,558,RGB,JPEG
bef38b37-9f4f-4f01-802d-b15e90adcb43.jpg,train,data/images/bef38b37-9f4f-4f01-802d-b15e90adcb43.jpg,ok,,1024,1024,RGB,JPEG
26de4515-0011-432d-9c79-a0ab9f755b64.jpg,train,data/images/26de4515-0011-432d-9c79-a0ab9f755b64.jpg,ok,,1024,1024,RGB,JPEG
93da35e9-6df6-4c40-aa77-b40fdc58c5f0.jpg,train,data/images/93da35e9-6df6-4c40-aa77-b40fdc58c5f0.jpg,ok,,1248,832,RGB,JPEG
5a9b75de-dd73-460e-8a94-d1aa335e3a9a.jpg,train,data/images/5a9b75de-dd73-460e-8a94-d1aa335e3a9a.jpg,ok,,1024,1024,RGB,JPEG
00a7efcc-c313-4a5c-ad7c-c377f0084e6e.jpg,train,data/images/00a7efcc-c313-4a5c-ad7c-c377f0084e6e.jpg,ok,,1024,1024,RGB,JPEG
745dbb23-ff50-4c57-9abc-e219be01645f.jpg,train,data/images/745dbb23-ff50-4c57-9abc-e219be01645f.jpg,ok,,1024,1024,RGB,JPEG
8453769b-b44c-4f40-8f22-596f05322cfd.jpg,train,data/images/8453769b-b44c-4f40-8f22-596f05322cfd.jpg,ok,,1024,1024,RGB,JPEG
b09b26ac-2e4b-460a-b6e1-fed138dc6c67.jpg,train,data/images/b09b26ac-2e4b-460a-b6e1-fed138dc6c67.jpg,ok,,1024,1024,RGB,JPEG
e9b862fe-f816-4b23-a186-2c1e056b7121.jpg,train,data/images/e9b862fe-f816-4b23-a186-2c1e056b7121.jpg,ok,,1024,1024,RGB,JPEG
15fc59d7-2f78-4303-905c-68ae9f8e6778.jpg,train,data/images/15fc59d7-2f78-4303-905c-68ae9f8e6778.jpg,ok,,1024,1024,RGB,JPEG
2dfd1867-9db7-4848-afc6-91a518ab411b.jpg,train,data/images/2dfd1867-9db7-4848-afc6-91a518ab411b.jpg,ok,,1024,1024,RGB,JPEG
02cfc65e-acab-4d9f-ab54-b55215535acf.jpg,train,data/images/02cfc65e-acab-4d9f-ab54-b55215535acf.jpg,ok,,1024,716,RGB,JPEG
5d62144e-77c1-4f26-af3f-c8f7fa42617c.jpg,train,data/images/5d62144e-77c1-4f26-af3f-c8f7fa42617c.jpg,ok,,1024,1024,RGB,JPEG
467c5224-2744-4c66-8b43-1cf55e542f75.jpg,train,data/images/467c5224-2744-4c66-8b43-1cf55e542f75.jpg,ok,,1024,1024,RGB,JPEG
b4e72aef-73cb-46ff-9bde-f613bda9e7bd.jpg,train,data/images/b4e72aef-73cb-46ff-9bde-f613bda9e7bd.jpg,ok,,1024,1024,RGB,JPEG
f1f29cef-e37c-4b64-a12c-6edbb6e8b149.jpg,train,data/images/f1f29cef-e37c-4b64-a12c-6edbb6e8b149.jpg,ok,,558,1024,RGB,JPEG
eba4876e-b28c-44a9-85a4-a5c813736c2c.jpg,train,data/images/eba4876e-b28c-44a9-85a4-a5c813736c2c.jpg,ok,,1024,1024,RGB,JPEG
66301083-da3c-4ad0-87c8-df98bbfe5675.jpg,train,data/images/66301083-da3c-4ad0-87c8-df98bbfe5675.jpg,ok,,1024,1024,RGB,JPEG
ae42e1b1-4c0a-4a09-8624-b5ff03ae5c9e.jpg,train,data/images/ae42e1b1-4c0a-4a09-8624-b5ff03ae5c9e.jpg,ok,,1024,1024,RGB,JPEG
dab0a223-82c5-4bf6-b64c-17523e37e757.jpg,train,data/images/dab0a223-82c5-4bf6-b64c-17523e37e757.jpg,ok,,1024,716,RGB,JPEG
d4d2d02e-d0e3-4727-b11c-d773200f0773.jpg,train,data/images/d4d2d02e-d0e3-4727-b11c-d773200f0773.jpg,ok,,1248,832,RGB,JPEG
3df32ed1-5382-4f29-b8c3-e866e9677d1f.jpg,train,data/images/3df32ed1-5382-4f29-b8c3-e866e9677d1f.jpg,ok,,896,1195,RGB,JPEG
82d5b3db-fe68-4ec3-816f-c61e9734d139.jpg,train,data/images/82d5b3db-fe68-4ec3-816f-c61e9734d139.jpg,ok,,558,1024,RGB,JPEG
2be6d5cc-16a3-4935-8c59-809f157d3152.jpg,train,data/images/2be6d5cc-16a3-4935-8c59-809f157d3152.jpg,ok,,1024,1024,RGB,JPEG
24ca02a2-bbb8-4b79-9cd7-f30f81f1bf1f.jpg,train,data/images/24ca02a2-bbb8-4b79-9cd7-f30f81f1bf1f.jpg,ok,,1024,1024,RGB,JPEG
84c1ce4b-0ecb-44cd-b415-aa47effc1105.jpg,train,data/images/84c1ce4b-0ecb-44cd-b415-aa47effc1105.jpg,ok,,1024,1024,RGB,JPEG
5e95f6ed-3d67-4db5-927c-f4510792cc3e.jpg,train,data/images/5e95f6ed-3d67-4db5-927c-f4510792cc3e.jpg,ok,,1024,1024,RGB,JPEG
5a1137c5-5315-4365-9421-793454f41093.jpg,train,data/images/5a1137c5-5315-4365-9421-793454f41093.jpg,ok,,1024,1024,RGB,JPEG
196dab34-dd6f-4a34-9c3c-00a74abee6c2.jpg,train,data/images/196dab34-dd6f-4a34-9c3c-00a74abee6c2.jpg,ok,,944,1024,RGB,JPEG
09b4ccbe-a88a-4ae4-945f-e2b5d5ef8971.jpg,train,data/images/09b4ccbe-a88a-4ae4-945f-e2b5d5ef8971.jpg,ok,,800,800,RGB,JPEG
cba89533-a527-417a-9178-937637ae4ff4.jpg,train,data/images/cba89533-a527-417a-9178-937637ae4ff4.jpg,ok,,1024,558,RGB,JPEG
3a150fae-bf75-4fe3-9209-d892da3d2a88.jpg,train,data/images/3a150fae-bf75-4fe3-9209-d892da3d2a88.jpg,ok,,896,1195,RGB,JPEG
1111882f-b933-49ba-b17f-37e971935c5e.jpg,train,data/images/1111882f-b933-49ba-b17f-37e971935c5e.jpg,ok,,800,800,RGB,JPEG
384a8da7-36fe-4eb1-887f-142d0d30a0cf.jpg,train,data/images/384a8da7-36fe-4eb1-887f-142d0d30a0cf.jpg,ok,,1024,1024,RGB,JPEG
66bcf21e-42e6-4aad-9614-90750828db50.jpg,train,data/images/66bcf21e-42e6-4aad-9614-90750828db50.jpg,ok,,1024,1024,RGB,JPEG
e3e49b79-00a0-4852-9c8a-601dff07aa86.jpg,train,data/images/e3e49b79-00a0-4852-9c8a-601dff07aa86.jpg,ok,,300,400,RGB,JPEG
887ea533-f56e-43f6-8bbb-dda3e68056c3.jpg,train,data/images/887ea533-f56e-43f6-8bbb-dda3e68056c3.jpg,ok,,1248,832,RGB,JPEG
4dd456c0-ad97-4552-87c4-8edc9c3a103d.jpg,train,data/images/4dd456c0-ad97-4552-87c4-8edc9c3a103d.jpg,ok,,1024,1024,RGB,JPEG
ee61acdf-2aad-4f72-9a96-f3fa50920c1f.jpg,train,data/images/ee61acdf-2aad-4f72-9a96-f3fa50920c1f.jpg,ok,,1024,558,RGB,JPEG
f47a211e-7aaa-40b6-b8d2-9b742964b08a.jpg,train,data/images/f47a211e-7aaa-40b6-b8d2-9b742964b08a.jpg,ok,,1248,832,RGB,JPEG
2820c95a-f7ad-4e6c-917e-6b532e44fa3d.jpg,train,data/images/2820c95a-f7ad-4e6c-917e-6b532e44fa3d.jpg,ok,,558,1024,RGB,JPEG
8faf917c-306d-4fef-ba05-4cdba5dd783d.jpg,train,data/images/8faf917c-306d-4fef-ba05-4cdba5dd783d.jpg,ok,,1024,1024,RGB,JPEG
6798a6a5-06e5-4b0c-ae87-3e4820c33fc3.jpg,train,data/images/6798a6a5-06e5-4b0c-ae87-3e4820c33fc3.jpg,ok,,832,1248,RGB,JPEG
2dc98811-8a29-414d-8285-168782e1e871.jpg,train,data/images/2dc98811-8a29-414d-8285-168782e1e871.jpg,ok,,896,1195,RGB,JPEG
98cb6f89-bc7d-49e9-9969-0aa043f976a3.jpg,train,data/images/98cb6f89-bc7d-49e9-9969-0aa043f976a3.jpg,ok,,1024,1024,RGB,JPEG
8f6304fa-0fd9-42e7-b8d3-bd0ffad01ac0.jpg,train,data/images/8f6304fa-0fd9-42e7-b8d3-bd0ffad01ac0.jpg,ok,,1024,1024,RGB,JPEG
e598a45d-18f9-4e1b-813a-4064507d8135.jpg,train,data/images/e598a45d-18f9-4e1b-813a-4064507d8135.jpg,ok,,1195,896,RGB,JPEG
bf664bad-0db7-4876-93e4-ca053d656622.jpg,train,data/images/bf664bad-0db7-4876-93e4-ca053d656622.jpg,ok,,896,1195,RGB,JPEG
7df69595-a2e2-41c7-8f77-6581682a96e0.jpg,train,data/images/7df69595-a2e2-41c7-8f77-6581682a96e0.jpg,ok,,896,1195,RGB,JPEG
d8611313-aed5-4d5a-ad45-01444fcada6a.jpg,train,data/images/d8611313-aed5-4d5a-ad45-01444fcada6a.jpg,ok,,1024,1024,RGB,JPEG
8620d33f-2610-4f2c-a8fe-2e7d3e7e0d8b.jpg,train,data/images/8620d33f-2610-4f2c-a8fe-2e7d3e7e0d8b.jpg,ok,,1024,1024,RGB,JPEG
aeb8a9c9-626f-4dbd-a12f-5eaca751372f.jpg,train,data/images/aeb8a9c9-626f-4dbd-a12f-5eaca751372f.jpg,ok,,1195,896,RGB,JPEG
ecac9990-f190-40ec-8d09-f08b7ad8dd2e.jpg,train,data/images/ecac9990-f190-40ec-8d09-f08b7ad8dd2e.jpg,ok,,1024,1024,RGB,JPEG
1b2c2cce-5818-4cfb-8907-10c39d8ac0d4.jpg,train,data/images/1b2c2cce-5818-4cfb-8907-10c39d8ac0d4.jpg,ok,,1024,938,RGB,JPEG
4f0e5a17-341b-45fc-9025-2837f1832ea3.jpg,train,data/images/4f0e5a17-341b-45fc-9025-2837f1832ea3.jpg,ok,,896,1195,RGB,JPEG
4ca6ce39-1b46-4cdb-9ce2-3e3f31cf75ee.jpg,train,data/images/4ca6ce39-1b46-4cdb-9ce2-3e3f31cf75ee.jpg,ok,,1024,558,RGB,JPEG
353de9d9-c5bc-4428-ad21-6cceb292ff68.jpg,train,data/images/353de9d9-c5bc-4428-ad21-6cceb292ff68.jpg,ok,,1024,1024,RGB,JPEG
6cc2b518-4d34-46ac-8dd6-2e67f98d4044.jpg,train,data/images/6cc2b518-4d34-46ac-8dd6-2e67f98d4044.jpg,ok,,1195,896,RGB,JPEG
c12fef3d-fe83-4418-95e8-7b12d758e70d.jpg,train,data/images/c12fef3d-fe83-4418-95e8-7b12d758e70d.jpg,ok,,400,400,RGB,JPEG
91eb7e7b-d3f5-42d1-a910-3577bc7978f3.jpg,train,data/images/91eb7e7b-d3f5-42d1-a910-3577bc7978f3.jpg,ok,,1024,1024,RGB,JPEG
3174a70c-ecd8-414f-b44a-5bd1755efb6a.jpg,train,data/images/3174a70c-ecd8-414f-b44a-5bd1755efb6a.jpg,ok,,1024,1024,RGB,JPEG
2ac6ba54-6cc2-46f7-9b40-12b66d37db8a.jpg,train,data/images/2ac6ba54-6cc2-46f7-9b40-12b66d37db8a.jpg,ok,,896,1195,RGB,JPEG
e5a521b1-62ea-4f1d-bf35-209a06f9c29f.jpg,train,data/images/e5a521b1-62ea-4f1d-bf35-209a06f9c29f.jpg,ok,,896,1195,RGB,JPEG
de9b1ed1-c801-483c-b787-0416fe633534.jpg,train,data/images/de9b1ed1-c801-483c-b787-0416fe633534.jpg,ok,,896,1195,RGB,JPEG
0aa4df51-c5ee-46cc-926c-ba688f5f9bef.jpg,train,data/images/0aa4df51-c5ee-46cc-926c-ba688f5f9bef.jpg,ok,,1024,1024,RGB,JPEG
8bb6b6d1-6a73-4e7d-a5b2-7995148db89c.jpg,train,data/images/8bb6b6d1-6a73-4e7d-a5b2-7995148db89c.jpg,ok,,1024,1024,RGB,JPEG
f6603700-41ad-4514-9f9a-b1a50aa61781.jpg,train,data/images/f6603700-41ad-4514-9f9a-b1a50aa61781.jpg,ok,,1024,716,RGB,JPEG
4ca100c6-603f-41ea-acea-f7a37a647214.jpg,train,data/images/4ca100c6-603f-41ea-acea-f7a37a647214.jpg,ok,,832,1248,RGB,JPEG
415136a4-5b44-4396-88ce-8886fa30be11.jpg,train,data/images/415136a4-5b44-4396-88ce-8886fa30be11.jpg,ok,,1024,1024,RGB,JPEG
76fd6286-28d0-4023-a7f7-0e3d0eec4be9.jpg,train,data/images/76fd6286-28d0-4023-a7f7-0e3d0eec4be9.jpg,ok,,800,800,RGB,JPEG
7324dafd-bd48-4a32-afc3-96342e0b2513.jpg,train,data/images/7324dafd-bd48-4a32-afc3-96342e0b2513.jpg,ok,,1024,1024,RGB,JPEG
b3843702-b849-4bdf-8893-2d8b93d3c0c1.jpg,train,data/images/b3843702-b849-4bdf-8893-2d8b93d3c0c1.jpg,ok,,1024,1024,RGB,JPEG
d341089c-d92f-4814-839d-315f005d7f8d.jpg,train,data/images/d341089c-d92f-4814-839d-315f005d7f8d.jpg,ok,,1024,1024,RGB,JPEG
701f9823-adac-43da-afca-03eab2d5bf47.jpg,train,data/images/701f9823-adac-43da-afca-03eab2d5bf47.jpg,ok,,1024,1024,RGB,JPEG
bf7bf575-e502-4a53-810c-53dab23bf231.jpg,train,data/images/bf7bf575-e502-4a53-810c-53dab23bf231.jpg,ok,,2000,2000,RGB,JPEG
62f2dea8-1d0c-4a93-98c2-207c63305189.jpg,train,data/images/62f2dea8-1d0c-4a93-98c2-207c63305189.jpg,ok,,1024,1024,RGB,JPEG
81e7771b-fa69-4255-9c9e-82ac0b9380af.jpg,train,data/images/81e7771b-fa69-4255-9c9e-82ac0b9380af.jpg,ok,,1024,1024,RGB,JPEG
4e5cfe9a-263f-43e9-91cd-5c8f6cf9f292.jpg,train,data/images/4e5cfe9a-263f-43e9-91cd-5c8f6cf9f292.jpg,ok,,558,1024,RGB,JPEG
a3b64ab9-61db-4800-babd-1e5a271913ed.jpg,train,data/images/a3b64ab9-61db-4800-babd-1e5a271913ed.jpg,ok,,1024,1024,RGB,JPEG
95e8a026-0118-4aad-8ab0-8ef1a34aed86.jpg,train,data/images/95e8a026-0118-4aad-8ab0-8ef1a34aed86.jpg,ok,,1000,428,RGB,JPEG
4ef8eaa1-59b2-4cf8-9a55-6a17f5cd5a25.jpg,train,data/images/4ef8eaa1-59b2-4cf8-9a55-6a17f5cd5a25.jpg,ok,,1024,1024,RGB,JPEG
0d177d0e-4820-47fc-8363-9c752eb46ffe.jpg,train,data/images/0d177d0e-4820-47fc-8363-9c752eb46ffe.jpg,ok,,1024,1024,RGB,JPEG
5c532685-c32c-4c03-8c29-6f7945ccfcab.jpg,train,data/images/5c532685-c32c-4c03-8c29-6f7945ccfcab.jpg,ok,,1024,716,RGB,JPEG
d309ebe5-7cad-4f98-82d1-7e523bd30b26.jpg,train,data/images/d309ebe5-7cad-4f98-82d1-7e523bd30b26.jpg,ok,,1024,1024,RGB,JPEG
4029e8d0-8b9f-4e6d-ac7d-4d7252b1322f.jpg,train,data/images/4029e8d0-8b9f-4e6d-ac7d-4d7252b1322f.jpg,ok,,1024,1024,RGB,JPEG
633cd3bb-79e3-408c-878a-82658d7c05a3.jpg,train,data/images/633cd3bb-79e3-408c-878a-82658d7c05a3.jpg,ok,,558,1024,RGB,JPEG
c2b22956-ef57-4140-9c3c-66c40763dec9.jpg,train,data/images/c2b22956-ef57-4140-9c3c-66c40763dec9.jpg,ok,,832,1248,RGB,JPEG
8b35f720-4738-4c45-a5de-436f6a96a2f3.jpg,train,data/images/8b35f720-4738-4c45-a5de-436f6a96a2f3.jpg,ok,,1024,1024,RGB,JPEG
f4eb5936-0576-417a-bc0a-0a83f46f40d0.jpg,train,data/images/f4eb5936-0576-417a-bc0a-0a83f46f40d0.jpg,ok,,400,300,RGB,JPEG
ee1134b9-1c9f-4fc6-bbea-4778c73e8791.jpg,train,data/images/ee1134b9-1c9f-4fc6-bbea-4778c73e8791.jpg,ok,,896,1195,RGB,JPEG
aacc52fa-9e2c-44ec-ae15-d0de7acac4e6.jpg,train,data/images/aacc52fa-9e2c-44ec-ae15-d0de7acac4e6.jpg,ok,,1195,896,RGB,JPEG
a65788b8-c60b-4b46-8e3f-da06b3ddd469.jpg,train,data/images/a65788b8-c60b-4b46-8e3f-da06b3ddd469.jpg,ok,,896,1195,RGB,JPEG
e47705a1-f27b-4007-bad5-3ebb4808aa09.jpg,train,data/images/e47705a1-f27b-4007-bad5-3ebb4808aa09.jpg,ok,,1195,896,RGB,JPEG
ab5e57ab-25d4-4fc7-a1e7-c707b90ce610.jpg,train,data/images/ab5e57ab-25d4-4fc7-a1e7-c707b90ce610.jpg,ok,,780,1040,RGB,JPEG
82c72152-77fd-45de-83b9-8caf4936ef6f.jpg,train,data/images/82c72152-77fd-45de-83b9-8caf4936ef6f.jpg,ok,,1024,1024,RGB,JPEG
bc557e74-cbdc-432a-bd36-0bccff8e9504.jpg,train,data/images/bc557e74-cbdc-432a-bd36-0bccff8e9504.jpg,ok,,1024,1024,RGB,JPEG
c228a5dc-c5fa-47be-9c80-7af07c5c561e.jpg,train,data/images/c228a5dc-c5fa-47be-9c80-7af07c5c561e.jpg,ok,,800,800,RGB,JPEG
8acd79cc-a567-497b-a7d6-15c07f1770b4.jpg,train,data/images/8acd79cc-a567-497b-a7d6-15c07f1770b4.jpg,ok,,1024,558,RGB,JPEG
426cc3df-34a1-41f9-8eda-d584ccc92921.jpg,train,data/images/426cc3df-34a1-41f9-8eda-d584ccc92921.jpg,ok,,640,480,RGB,JPEG
25129d1a-eaea-4943-8ae4-db77b44a2d7f.jpg,train,data/images/25129d1a-eaea-4943-8ae4-db77b44a2d7f.jpg,ok,,1195,896,RGB,JPEG
80afe9e0-b79f-4c95-a368-48442184de3f.jpg,train,data/images/80afe9e0-b79f-4c95-a368-48442184de3f.jpg,ok,,1024,1024,RGB,JPEG
6ca21c4c-adf4-48f1-8a55-e43c8abfa9f2.jpg,train,data/images/6ca21c4c-adf4-48f1-8a55-e43c8abfa9f2.jpg,ok,,1248,832,RGB,JPEG
33fafce9-e51c-4f87-bf81-9dc377890a9c.jpg,train,data/images/33fafce9-e51c-4f87-bf81-9dc377890a9c.jpg,ok,,1248,832,RGB,JPEG
69e8fe11-eab5-45d6-bc17-6749e595de1e.jpg,train,data/images/69e8fe11-eab5-45d6-bc17-6749e595de1e.jpg,ok,,1024,558,RGB,JPEG
c9e30ca8-870e-4f85-81ee-6649f06925c7.jpg,train,data/images/c9e30ca8-870e-4f85-81ee-6649f06925c7.jpg,ok,,1024,558,RGB,JPEG
5fd67aa8-eb5c-4732-99ec-c835ba08bbf4.jpg,train,data/images/5fd67aa8-eb5c-4732-99ec-c835ba08bbf4.jpg,ok,,2560,2106,RGB,JPEG
e492a299-535e-426a-a98a-1bc8327941bf.jpg,train,data/images/e492a299-535e-426a-a98a-1bc8327941bf.jpg,ok,,1024,716,RGB,JPEG
68f91634-c67c-4ad0-8b41-5ff49d0cba79.jpg,train,data/images/68f91634-c67c-4ad0-8b41-5ff49d0cba79.jpg,ok,,1024,1024,RGB,JPEG
15197e80-e5d8-4ce7-816e-3795776bb6e6.jpg,train,data/images/15197e80-e5d8-4ce7-816e-3795776bb6e6.jpg,ok,,1024,1024,RGB,JPEG
da560d7c-6296-4fdd-9c18-325c848342c3.jpg,train,data/images/da560d7c-6296-4fdd-9c18-325c848342c3.jpg,ok,,832,1248,RGB,JPEG
4a7b5b55-c245-4926-b79a-a37a2e3f8548.jpg,train,data/images/4a7b5b55-c245-4926-b79a-a37a2e3f8548.jpg,ok,,1024,1024,RGB,JPEG
10a7e7e7-0db9-4d2e-a759-5edcc8ce7058.jpg,train,data/images/10a7e7e7-0db9-4d2e-a759-5edcc8ce7058.jpg,ok,,896,1195,RGB,JPEG
c0f426a3-4d1e-4024-8a90-41f9bdf3f985.jpg,train,data/images/c0f426a3-4d1e-4024-8a90-41f9bdf3f985.jpg,ok,,1024,1024,RGB,JPEG
8a5c8a4d-b424-4849-adea-7d7091d287bb.jpg,train,data/images/8a5c8a4d-b424-4849-adea-7d7091d287bb.jpg,ok,,1195,896,RGB,JPEG
c26df6e0-5492-4629-9f93-5f4f7dfb458f.jpg,train,data/images/c26df6e0-5492-4629-9f93-5f4f7dfb458f.jpg,ok,,913,1024,RGB,JPEG
0b05de9a-a1d4-466a-b062-e8b49de8386a.jpg,train,data/images/0b05de9a-a1d4-466a-b062-e8b49de8386a.jpg,ok,,1024,1280,RGB,JPEG
3f213ec5-feda-4174-b7a4-49a18668f05a.jpg,train,data/images/3f213ec5-feda-4174-b7a4-49a18668f05a.jpg,ok,,1024,1024,RGB,JPEG
b426ffd3-14bc-44f5-8a52-1bb1d0d062ab.jpg,train,data/images/b426ffd3-14bc-44f5-8a52-1bb1d0d062ab.jpg,ok,,249,394,RGBA,PNG
d0992e22-9d6e-4805-928a-3b5a94749dab.jpg,train,data/images/d0992e22-9d6e-4805-928a-3b5a94749dab.jpg,ok,,1024,1024,RGB,JPEG
52abf193-0af6-40ee-95b3-8618ae1617a2.jpg,train,data/images/52abf193-0af6-40ee-95b3-8618ae1617a2.jpg,ok,,1024,1024,RGB,JPEG
25d92f6c-bfa9-4ee0-8a47-70cb02b356e4.jpg,train,data/images/25d92f6c-bfa9-4ee0-8a47-70cb02b356e4.jpg,ok,,896,1195,RGB,JPEG
f46009a5-c7ac-40cc-aca7-3ffa6ad6fd4b.jpg,train,data/images/f46009a5-c7ac-40cc-aca7-3ffa6ad6fd4b.jpg,ok,,1024,1024,RGB,JPEG
3b7de541-edc3-4e14-a087-6406145d808c.jpg,train,data/images/3b7de541-edc3-4e14-a087-6406145d808c.jpg,ok,,1024,1024,RGB,JPEG
d65b9839-4085-4fbf-9727-20d89c61bafd.jpg,train,data/images/d65b9839-4085-4fbf-9727-20d89c61bafd.jpg,ok,,558,1024,RGB,JPEG
64bbc790-9b05-4a27-8c6e-3bfcb831d01a.jpg,train,data/images/64bbc790-9b05-4a27-8c6e-3bfcb831d01a.jpg,ok,,1024,1024,RGB,JPEG
1fd71c91-d994-470a-a95f-b712768caef2.jpg,train,data/images/1fd71c91-d994-470a-a95f-b712768caef2.jpg,ok,,1100,1100,RGB,JPEG
bf61e861-be47-4c37-bc77-3cb92dfd37c3.jpg,train,data/images/bf61e861-be47-4c37-bc77-3cb92dfd37c3.jpg,ok,,1024,1024,RGB,JPEG
6e0f1aec-f14a-4c92-a45a-15197fd2cac0.jpg,train,data/images/6e0f1aec-f14a-4c92-a45a-15197fd2cac0.jpg,ok,,896,1195,RGB,JPEG
d2ceb7e5-4c16-461a-afcb-0722d00789e2.jpg,train,data/images/d2ceb7e5-4c16-461a-afcb-0722d00789e2.jpg,ok,,558,1024,RGB,JPEG
695cb266-028f-48e8-875c-3945937f56c1.jpg,train,data/images/695cb266-028f-48e8-875c-3945937f56c1.jpg,ok,,1195,896,RGB,JPEG
023e0b38-1464-49c8-9dfd-c679dea7c3ef.jpg,train,data/images/023e0b38-1464-49c8-9dfd-c679dea7c3ef.jpg,ok,,1024,1024,RGB,JPEG
5d7e2ae0-00ef-498a-b35b-7305394b1074.jpg,train,data/images/5d7e2ae0-00ef-498a-b35b-7305394b1074.jpg,ok,,896,1195,RGB,JPEG
08cbeb78-1641-4f48-a766-99646618a116.jpg,train,data/images/08cbeb78-1641-4f48-a766-99646618a116.jpg,ok,,896,1195,RGB,JPEG
6534e81f-b300-42c9-b620-4bb2335e379b.jpg,train,data/images/6534e81f-b300-42c9-b620-4bb2335e379b.jpg,ok,,1024,558,RGB,JPEG
90ee6e38-36b2-4961-8151-befc2add526f.jpg,train,data/images/90ee6e38-36b2-4961-8151-befc2add526f.jpg,ok,,1024,1024,RGB,JPEG
834f8d00-dc64-472b-b96e-1e90fb6461ef.jpg,train,data/images/834f8d00-dc64-472b-b96e-1e90fb6461ef.jpg,ok,,1024,1024,RGB,JPEG
664935ab-2e3d-4be2-932b-b51116659b87.jpg,train,data/images/664935ab-2e3d-4be2-932b-b51116659b87.jpg,ok,,1024,1024,RGB,JPEG
04d7b661-de0c-47a2-9bdf-e38cbc7eac49.jpg,train,data/images/04d7b661-de0c-47a2-9bdf-e38cbc7eac49.jpg,ok,,1024,1024,RGB,JPEG
f919f0bc-11ff-4d33-ab5d-cdf7c510d3ee.jpg,train,data/images/f919f0bc-11ff-4d33-ab5d-cdf7c510d3ee.jpg,ok,,1024,1024,RGB,JPEG
aed18814-7213-45a1-9f87-185d7f72992a.jpg,train,data/images/aed18814-7213-45a1-9f87-185d7f72992a.jpg,ok,,1024,1024,RGB,JPEG
979b1159-7ecb-4a32-918b-58e6fe78b06b.jpg,train,data/images/979b1159-7ecb-4a32-918b-58e6fe78b06b.jpg,ok,,1195,896,RGB,JPEG
87f9c4c7-82fd-4383-acd1-0976983b485e.jpg,train,data/images/87f9c4c7-82fd-4383-acd1-0976983b485e.jpg,ok,,1024,1024,RGB,JPEG
1b3c9366-7461-4276-b57d-ac3b2ea71589.jpg,train,data/images/1b3c9366-7461-4276-b57d-ac3b2ea71589.jpg,ok,,1024,1024,RGB,JPEG
4503d3f9-af05-4b9c-bd5a-2091e4304158.jpg,train,data/images/4503d3f9-af05-4b9c-bd5a-2091e4304158.jpg,ok,,1024,1024,RGB,JPEG
c87437a3-4ad2-41f2-b0d0-703cb52a6210.jpg,train,data/images/c87437a3-4ad2-41f2-b0d0-703cb52a6210.jpg,ok,,1024,1024,RGB,JPEG
2a87ba4a-85d6-4413-b515-8084d3b2c2bd.jpg,train,data/images/2a87ba4a-85d6-4413-b515-8084d3b2c2bd.jpg,ok,,1024,1024,RGB,JPEG
6f5c5815-a114-469d-a4c6-424cd32da41b.jpg,train,data/images/6f5c5815-a114-469d-a4c6-424cd32da41b.jpg,ok,,896,1195,RGB,JPEG
63b7946d-e1f9-4420-b982-de2e626e79d4.jpg,train,data/images/63b7946d-e1f9-4420-b982-de2e626e79d4.jpg,ok,,1024,1024,RGB,JPEG
1d6b2650-a80e-4150-8031-9b06ff80472b.jpg,train,data/images/1d6b2650-a80e-4150-8031-9b06ff80472b.jpg,ok,,1195,896,RGB,JPEG
f36bfe6c-1fdf-4f0f-9090-b8fa6237ff38.jpg,train,data/images/f36bfe6c-1fdf-4f0f-9090-b8fa6237ff38.jpg,ok,,896,1195,RGB,JPEG
d2c02996-5cdc-4459-b7b5-83658cdab950.jpg,train,data/images/d2c02996-5cdc-4459-b7b5-83658cdab950.jpg,ok,,1024,1024,RGB,JPEG
cbe73a9b-5e70-479a-bafb-d67feae5ebe1.jpg,train,data/images/cbe73a9b-5e70-479a-bafb-d67feae5ebe1.jpg,ok,,1195,896,RGB,JPEG
efa09aae-803c-4036-984c-6ec6b1d1a996.jpg,train,data/images/efa09aae-803c-4036-984c-6ec6b1d1a996.jpg,ok,,1024,1024,RGB,JPEG
333e5185-0605-494f-aed9-5ace6eedd1e4.jpg,train,data/images/333e5185-0605-494f-aed9-5ace6eedd1e4.jpg,ok,,896,1195,RGB,JPEG
e7c55c4a-574c-4c26-a371-b583b6f20315.jpg,train,data/images/e7c55c4a-574c-4c26-a371-b583b6f20315.jpg,ok,,558,1024,RGB,JPEG
dbceaabd-f7b4-4623-8ce9-575d317671e8.jpg,train,data/images/dbceaabd-f7b4-4623-8ce9-575d317671e8.jpg,ok,,400,300,RGB,JPEG
df9fd94c-a146-486f-93ca-5e7ca0e9f1d6.jpg,train,data/images/df9fd94c-a146-486f-93ca-5e7ca0e9f1d6.jpg,ok,,1024,1024,RGB,JPEG
a77a7fc3-8cdd-46c1-b94c-d3c3265afdc4.jpg,train,data/images/a77a7fc3-8cdd-46c1-b94c-d3c3265afdc4.jpg,ok,,1024,1024,RGB,JPEG
4138e04b-1b79-466d-900f-41d4915a1122.jpg,train,data/images/4138e04b-1b79-466d-900f-41d4915a1122.jpg,ok,,832,1248,RGB,JPEG
ccbb421e-50d2-4ba6-b844-6ea4b2c59ffb.jpg,train,data/images/ccbb421e-50d2-4ba6-b844-6ea4b2c59ffb.jpg,ok,,1024,1024,RGB,JPEG
3e31dbd8-6b78-4452-b172-51298e0dcce9.jpg,train,data/images/3e31dbd8-6b78-4452-b172-51298e0dcce9.jpg,ok,,1024,1024,RGB,JPEG
c97c88a4-3a2e-460f-8650-d176bf5aafbe.jpg,train,data/images/c97c88a4-3a2e-460f-8650-d176bf5aafbe.jpg,ok,,1024,558,RGB,JPEG
4cfb6b84-27a7-4ba2-bee5-09ddc204adac.jpg,train,data/images/4cfb6b84-27a7-4ba2-bee5-09ddc204adac.jpg,ok,,1024,558,RGB,JPEG
eef1f25d-6354-4adc-8c34-1ce73d66780e.jpg,train,data/images/eef1f25d-6354-4adc-8c34-1ce73d66780e.jpg,ok,,1024,1024,RGB,JPEG
6836d0be-67b6-438e-a33e-ce187b1fac47.jpg,train,data/images/6836d0be-67b6-438e-a33e-ce187b1fac47.jpg,ok,,800,800,RGB,JPEG
ec0f2b5e-3b1d-4e8b-8552-73f6473a92e9.jpg,train,data/images/ec0f2b5e-3b1d-4e8b-8552-73f6473a92e9.jpg,ok,,1024,1024,RGB,JPEG
b2029d59-d14c-4d28-8945-d120d47421ee.jpg,train,data/images/b2029d59-d14c-4d28-8945-d120d47421ee.jpg,ok,,1024,1024,RGB,JPEG
3e935c77-c765-49ef-9add-d3a343479d56.jpg,train,data/images/3e935c77-c765-49ef-9add-d3a343479d56.jpg,ok,,1024,1024,RGB,JPEG
f876a513-db5b-4abe-9c71-8e9c00497fc4.jpg,train,data/images/f876a513-db5b-4abe-9c71-8e9c00497fc4.jpg,ok,,1248,832,RGB,JPEG
0d8cf01b-05d7-4594-96f8-56fc1618783b.jpg,train,data/images/0d8cf01b-05d7-4594-96f8-56fc1618783b.jpg,ok,,800,800,RGB,JPEG
37e5dd7f-d4c4-44f0-9866-4d829d8c47a3.jpg,train,data/images/37e5dd7f-d4c4-44f0-9866-4d829d8c47a3.jpg,ok,,1195,896,RGB,JPEG
fd6b84de-0fdd-48eb-9c95-b2ce1cea03ce.jpg,train,data/images/fd6b84de-0fdd-48eb-9c95-b2ce1cea03ce.jpg,ok,,1024,1024,RGB,JPEG
03ac27fb-3d1a-4ee1-aae9-e06276002b6b.jpg,train,data/images/03ac27fb-3d1a-4ee1-aae9-e06276002b6b.jpg,ok,,1024,1024,RGB,JPEG
21bb9bd9-f061-4fe3-af87-f5ee3e60549b.jpg,train,data/images/21bb9bd9-f061-4fe3-af87-f5ee3e60549b.jpg,ok,,1024,1024,RGB,JPEG
95e37fac-38ff-4772-bfb5-129246d947f6.jpg,train,data/images/95e37fac-38ff-4772-bfb5-129246d947f6.jpg,ok,,756,1344,RGB,JPEG
791f1d00-b1b0-436a-a48f-f7f3ba482da1.jpg,train,data/images/791f1d00-b1b0-436a-a48f-f7f3ba482da1.jpg,ok,,1024,1024,RGB,JPEG
24e2f03e-628f-459f-8ce1-d7355b433e5c.jpg,train,data/images/24e2f03e-628f-459f-8ce1-d7355b433e5c.jpg,ok,,1024,558,RGB,JPEG
096dca85-f4f9-4ff5-b1eb-2075a141dcfa.jpg,train,data/images/096dca85-f4f9-4ff5-b1eb-2075a141dcfa.jpg,ok,,1024,1024,RGB,JPEG
556eb41f-6171-4b18-8671-db5690bed58e.jpg,train,data/images/556eb41f-6171-4b18-8671-db5690bed58e.jpg,ok,,1195,896,RGB,JPEG
d2598a24-6c3e-4242-b811-494d533be21b.jpg,train,data/images/d2598a24-6c3e-4242-b811-494d533be21b.jpg,ok,,1024,716,RGB,JPEG
57723ada-9c3b-4c04-b636-6fb79db16d36.jpg,train,data/images/57723ada-9c3b-4c04-b636-6fb79db16d36.jpg,ok,,950,1024,RGB,JPEG
1665cfb0-c066-4764-9535-7aa179179192.jpg,train,data/images/1665cfb0-c066-4764-9535-7aa179179192.jpg,ok,,1024,1024,RGB,JPEG
94e5b22a-c065-49df-9f9a-531b50d035dd.jpg,train,data/images/94e5b22a-c065-49df-9f9a-531b50d035dd.jpg,ok,,1024,716,RGB,JPEG
ae4cbd0c-fdf4-44a7-9e91-e560ae84fff5.jpg,train,data/images/ae4cbd0c-fdf4-44a7-9e91-e560ae84fff5.jpg,ok,,1024,716,RGB,JPEG
44d27360-8403-4147-a295-2e32f6eeef4b.jpg,train,data/images/44d27360-8403-4147-a295-2e32f6eeef4b.jpg,ok,,1195,896,RGB,JPEG
313e11c5-8007-47fc-8dc6-105ec394a9c1.jpg,train,data/images/313e11c5-8007-47fc-8dc6-105ec394a9c1.jpg,ok,,1024,1024,RGB,JPEG
2f44b745-08ff-47e1-b6d8-18e762f3bbf7.jpg,train,data/images/2f44b745-08ff-47e1-b6d8-18e762f3bbf7.jpg,ok,,1248,832,RGB,JPEG
3bb2998a-a82a-483b-ab59-f162692fb9fa.jpg,train,data/images/3bb2998a-a82a-483b-ab59-f162692fb9fa.jpg,ok,,1024,1024,RGB,JPEG
072c85ff-c13b-46de-9309-bb927626a7c8.jpg,train,data/images/072c85ff-c13b-46de-9309-bb927626a7c8.jpg,ok,,896,1195,RGB,JPEG
1434bd6c-1057-4f8e-9f78-0dd5893d694a.jpg,train,data/images/1434bd6c-1057-4f8e-9f78-0dd5893d694a.jpg,ok,,1024,1024,RGB,JPEG
be316280-7530-424b-8da2-73f82ff2e2f4.jpg,train,data/images/be316280-7530-424b-8da2-73f82ff2e2f4.jpg,ok,,1200,1200,RGB,JPEG
d946ab6a-00aa-4d20-92ee-c79a204fd676.jpg,train,data/images/d946ab6a-00aa-4d20-92ee-c79a204fd676.jpg,ok,,832,1248,RGB,JPEG
0283835b-ae98-4ab1-8c12-f7e9309421ce.jpg,train,data/images/0283835b-ae98-4ab1-8c12-f7e9309421ce.jpg,ok,,1024,1024,RGB,JPEG
9cf1c363-93b1-4821-9251-3468e6b446dd.jpg,train,data/images/9cf1c363-93b1-4821-9251-3468e6b446dd.jpg,ok,,1024,716,RGB,JPEG
bd57ced2-fb5d-4f8e-9215-b547c0d98683.jpg,train,data/images/bd57ced2-fb5d-4f8e-9215-b547c0d98683.jpg,ok,,1024,1024,RGB,JPEG
966da691-95a8-474a-8aca-03dcd0ca529d.jpg,train,data/images/966da691-95a8-474a-8aca-03dcd0ca529d.jpg,ok,,1024,1024,RGB,JPEG
8bba1abd-9efd-4d12-9ae2-be94f263d5d2.jpg,train,data/images/8bba1abd-9efd-4d12-9ae2-be94f263d5d2.jpg,ok,,1024,1024,RGB,JPEG
cb34f3fb-7ed9-4348-b497-faa8306b2d7a.jpg,train,data/images/cb34f3fb-7ed9-4348-b497-faa8306b2d7a.jpg,ok,,1024,1024,RGB,JPEG
479468c2-bb3f-4304-8471-23de78f4f620.jpg,train,data/images/479468c2-bb3f-4304-8471-23de78f4f620.jpg,ok,,558,1024,RGB,JPEG
57d520c0-1957-4217-8878-4268a52407f9.jpg,train,data/images/57d520c0-1957-4217-8878-4268a52407f9.jpg,ok,,1024,1024,RGB,JPEG
2606bc78-3a99-4df9-b8e7-88121b50013e.jpg,train,data/images/2606bc78-3a99-4df9-b8e7-88121b50013e.jpg,ok,,1024,1024,RGB,JPEG
e1bc6f99-9d56-42c2-8cd6-bbda2297c5f1.jpg,train,data/images/e1bc6f99-9d56-42c2-8cd6-bbda2297c5f1.jpg,ok,,1024,1024,RGB,JPEG
5f4ee6ae-1dcd-4085-b684-b6aaa6697bc3.jpg,train,data/images/5f4ee6ae-1dcd-4085-b684-b6aaa6697bc3.jpg,ok,,1024,1024,RGB,JPEG
4563f84c-bab2-4a1a-9535-b031b98e9511.jpg,train,data/images/4563f84c-bab2-4a1a-9535-b031b98e9511.jpg,ok,,1024,1024,RGB,JPEG
a3f926a8-e866-4ff0-a72d-fa40facda527.jpg,train,data/images/a3f926a8-e866-4ff0-a72d-fa40facda527.jpg,ok,,1024,1280,RGB,JPEG
da660877-d2b4-4071-8c03-222c6d08ef6f.jpg,train,data/images/da660877-d2b4-4071-8c03-222c6d08ef6f.jpg,ok,,1024,1024,RGB,JPEG
4e044a22-e41e-49c8-afed-e75c61acf9fa.jpg,train,data/images/4e044a22-e41e-49c8-afed-e75c61acf9fa.jpg,ok,,1024,1024,RGB,JPEG
f41e7e85-5bd0-4e7a-a758-24f34a09733d.jpg,train,data/images/f41e7e85-5bd0-4e7a-a758-24f34a09733d.jpg,ok,,832,1248,RGB,JPEG
72333c9a-2ed6-413f-b9c6-502673eeee24.jpg,train,data/images/72333c9a-2ed6-413f-b9c6-502673eeee24.jpg,ok,,896,1195,RGB,JPEG
6a5d3404-c8c0-46a0-9b28-d4318b6c006c.jpg,train,data/images/6a5d3404-c8c0-46a0-9b28-d4318b6c006c.jpg,ok,,832,1248,RGB,JPEG
829faa92-8eee-40ee-9d9c-e865177f545d.jpg,train,data/images/829faa92-8eee-40ee-9d9c-e865177f545d.jpg,ok,,800,800,RGB,JPEG
11673c36-29f6-4a32-a96b-3e17c75224e3.jpg,train,data/images/11673c36-29f6-4a32-a96b-3e17c75224e3.jpg,ok,,1024,1024,RGB,JPEG
a5a804a0-e6e1-4085-b01e-63ead0731b34.jpg,train,data/images/a5a804a0-e6e1-4085-b01e-63ead0731b34.jpg,ok,,1024,1024,RGB,JPEG
a7c0b56b-2031-49f7-9baf-63a987a92141.jpg,train,data/images/a7c0b56b-2031-49f7-9baf-63a987a92141.jpg,ok,,1024,1024,RGB,JPEG
2ebcb7f2-8532-4379-97a1-9f4a01111dda.jpg,train,data/images/2ebcb7f2-8532-4379-97a1-9f4a01111dda.jpg,ok,,1024,1024,RGB,JPEG
54daeafb-2091-497d-9636-79d7fc825c50.jpg,train,data/images/54daeafb-2091-497d-9636-79d7fc825c50.jpg,ok,,1024,1024,RGB,JPEG
7540583c-7df5-41ff-a8c7-a2a6096a9e8f.jpg,train,data/images/7540583c-7df5-41ff-a8c7-a2a6096a9e8f.jpg,ok,,1024,1024,RGB,JPEG
21848bb4-96e0-4050-999f-2a270db295f9.jpg,train,data/images/21848bb4-96e0-4050-999f-2a270db295f9.jpg,ok,,1024,1024,RGB,JPEG
79d59180-861b-4ef9-95c1-9ddef4e55a24.jpg,train,data/images/79d59180-861b-4ef9-95c1-9ddef4e55a24.jpg,ok,,832,1248,RGB,JPEG
c04fa28c-f354-499d-8f50-cb0dced85804.jpg,train,data/images/c04fa28c-f354-499d-8f50-cb0dced85804.jpg,ok,,896,1195,RGB,JPEG
9717dbd7-f69e-42b4-b6f6-ef8ae772ed4c.jpg,train,data/images/9717dbd7-f69e-42b4-b6f6-ef8ae772ed4c.jpg,ok,,800,800,RGB,JPEG
8e058622-164e-4a79-ae06-170b7c89a920.jpg,train,data/images/8e058622-164e-4a79-ae06-170b7c89a920.jpg,ok,,1024,1024,RGB,JPEG
af5d4a88-9e3e-4163-b71f-3d8f63fa8e6c.jpg,train,data/images/af5d4a88-9e3e-4163-b71f-3d8f63fa8e6c.jpg,ok,,1024,558,RGB,JPEG
14aec09a-873b-4f89-8735-02e008566f69.jpg,train,data/images/14aec09a-873b-4f89-8735-02e008566f69.jpg,ok,,1024,1024,RGB,JPEG
f8b73226-3afc-4d49-96d2-f0d308e82a78.jpg,train,data/images/f8b73226-3afc-4d49-96d2-f0d308e82a78.jpg,ok,,1195,896,RGB,JPEG
eb53ace9-88cf-4adf-b744-8d8100e8c922.jpg,train,data/images/eb53ace9-88cf-4adf-b744-8d8100e8c922.jpg,ok,,1024,1024,RGB,JPEG
1022d1a0-5760-4ef8-b575-d4a65afe18cf.jpg,train,data/images/1022d1a0-5760-4ef8-b575-d4a65afe18cf.jpg,ok,,1879,2200,RGB,JPEG
c132851c-17a2-4c96-8e49-810a1dfd2bd5.jpg,train,data/images/c132851c-17a2-4c96-8e49-810a1dfd2bd5.jpg,ok,,1024,1024,RGB,JPEG
65f42ec5-8e02-471f-86c8-eababc607950.jpg,train,data/images/65f42ec5-8e02-471f-86c8-eababc607950.jpg,ok,,896,1195,RGB,JPEG
459c5136-d005-405e-a246-b156ddee2da3.jpg,train,data/images/459c5136-d005-405e-a246-b156ddee2da3.jpg,ok,,1024,1024,RGB,JPEG
473fb42a-74fa-4095-bc4c-259881379234.jpg,train,data/images/473fb42a-74fa-4095-bc4c-259881379234.jpg,ok,,558,1024,RGB,JPEG
1be9b481-ce3b-494f-824d-af68b092b9e3.jpg,train,data/images/1be9b481-ce3b-494f-824d-af68b092b9e3.jpg,ok,,1024,1024,RGB,JPEG
fef10581-c913-42a0-ac1c-ee43501e535c.jpg,train,data/images/fef10581-c913-42a0-ac1c-ee43501e535c.jpg,ok,,1024,1024,RGB,JPEG
ea2d7756-4304-43cc-8b02-f0c337dd5d9b.jpg,train,data/images/ea2d7756-4304-43cc-8b02-f0c337dd5d9b.jpg,ok,,1000,1000,RGB,JPEG
b3a1181c-de15-4691-8833-1e8d24a9cfbe.jpg,train,data/images/b3a1181c-de15-4691-8833-1e8d24a9cfbe.jpg,ok,,1024,1024,RGB,JPEG
81fc91fd-9c46-4c1f-80f6-843233b2cfe7.jpg,train,data/images/81fc91fd-9c46-4c1f-80f6-843233b2cfe7.jpg,ok,,1280,960,RGB,JPEG
e5380cbf-f8a4-43cc-96a8-279cf16d7a6c.jpg,train,data/images/e5380cbf-f8a4-43cc-96a8-279cf16d7a6c.jpg,ok,,1080,1920,RGB,JPEG
9ff48d5c-9f4c-447a-9ee2-295b0091a259.jpg,train,data/images/9ff48d5c-9f4c-447a-9ee2-295b0091a259.jpg,ok,,896,1195,RGB,JPEG
69ef374d-dcf1-47e7-ac69-5c7697345b3f.jpg,train,data/images/69ef374d-dcf1-47e7-ac69-5c7697345b3f.jpg,ok,,1239,1315,RGB,JPEG
a1739286-43be-451a-9218-6f1364442ae8.jpg,train,data/images/a1739286-43be-451a-9218-6f1364442ae8.jpg,ok,,832,1248,RGB,JPEG
0e698014-08cf-47f9-845d-75b0a64f2548.jpg,train,data/images/0e698014-08cf-47f9-845d-75b0a64f2548.jpg,ok,,1024,1024,RGB,JPEG
c0f2ac3c-7792-42ec-924c-555d8bbfc6ac.jpg,train,data/images/c0f2ac3c-7792-42ec-924c-555d8bbfc6ac.jpg,ok,,1024,1024,RGB,JPEG
982b4c42-50fa-4fe6-a5f7-eecacc4a9e8d.jpg,train,data/images/982b4c42-50fa-4fe6-a5f7-eecacc4a9e8d.jpg,ok,,1024,1024,RGB,JPEG
8206349b-5f2c-4efa-b027-e8df6328fff8.jpg,train,data/images/8206349b-5f2c-4efa-b027-e8df6328fff8.jpg,ok,,1024,1024,RGB,JPEG
1c9e9ebb-e975-48ee-9ccf-a0ba2ca66385.jpg,train,data/images/1c9e9ebb-e975-48ee-9ccf-a0ba2ca66385.jpg,ok,,1024,1024,RGB,JPEG
0c0e3256-35d7-4e6b-87ea-28c12961372e.jpg,train,data/images/0c0e3256-35d7-4e6b-87ea-28c12961372e.jpg,ok,,1024,558,RGB,JPEG
fd9bb393-0758-42bc-a4ed-73f685c1a0c1.jpg,train,data/images/fd9bb393-0758-42bc-a4ed-73f685c1a0c1.jpg,ok,,1024,1024,RGB,JPEG
0b67e17d-3fce-488d-a1dc-b88e8b694d46.jpg,train,data/images/0b67e17d-3fce-488d-a1dc-b88e8b694d46.jpg,ok,,1024,1024,RGB,JPEG
6a023d6c-7d08-43db-bee2-b86a34ce8e86.jpg,train,data/images/6a023d6c-7d08-43db-bee2-b86a34ce8e86.jpg,ok,,1280,1024,RGB,JPEG
315bf50c-ff54-46f2-9d55-cab0392673c2.jpg,train,data/images/315bf50c-ff54-46f2-9d55-cab0392673c2.jpg,ok,,1024,1024,RGB,JPEG
e9d6fdf5-3488-4d33-bc47-5d2ded48cd1f.jpg,train,data/images/e9d6fdf5-3488-4d33-bc47-5d2ded48cd1f.jpg,ok,,1195,896,RGB,JPEG
67a20db7-8476-48c4-935c-cea6ffcd30dd.jpg,train,data/images/67a20db7-8476-48c4-935c-cea6ffcd30dd.jpg,ok,,896,1195,RGB,JPEG
fde1fd68-a161-42e3-8089-aa3d38e6d3fb.jpg,train,data/images/fde1fd68-a161-42e3-8089-aa3d38e6d3fb.jpg,ok,,1024,1024,RGB,JPEG
2c5ea2da-5bc2-46f5-94de-586060726a10.jpg,train,data/images/2c5ea2da-5bc2-46f5-94de-586060726a10.jpg,ok,,1024,1024,RGB,JPEG
60aad28f-3292-4b1d-ac9e-dc21ec9ede29.jpg,train,data/images/60aad28f-3292-4b1d-ac9e-dc21ec9ede29.jpg,ok,,1024,1024,RGB,JPEG
61d2c8dc-d164-414e-88f5-fc5d296c46be.jpg,train,data/images/61d2c8dc-d164-414e-88f5-fc5d296c46be.jpg,ok,,1024,1024,RGB,JPEG
74efad39-1471-4ee5-9633-b1302c4eef88.jpg,train,data/images/74efad39-1471-4ee5-9633-b1302c4eef88.jpg,ok,,558,1024,RGB,JPEG
d6ffc87b-d02a-44fc-aae0-cd63bb0f5cb5.jpg,train,data/images/d6ffc87b-d02a-44fc-aae0-cd63bb0f5cb5.jpg,ok,,896,1195,RGB,JPEG
7715674e-ca44-47fd-92d6-049e49d08916.jpg,train,data/images/7715674e-ca44-47fd-92d6-049e49d08916.jpg,ok,,1024,716,RGB,JPEG
de222a72-901a-4da1-927e-024d8dc8724a.jpg,train,data/images/de222a72-901a-4da1-927e-024d8dc8724a.jpg,ok,,832,1248,RGB,JPEG
74bb41ed-5276-4e7b-8720-df85b709e486.jpg,train,data/images/74bb41ed-5276-4e7b-8720-df85b709e486.jpg,ok,,1024,1280,RGB,JPEG
c1fc5c3d-daf7-45b6-a826-d14fb947f25a.jpg,train,data/images/c1fc5c3d-daf7-45b6-a826-d14fb947f25a.jpg,ok,,896,1195,RGB,JPEG
cd732f93-9f27-4163-858d-8549f8d2a949.jpg,train,data/images/cd732f93-9f27-4163-858d-8549f8d2a949.jpg,ok,,896,1195,RGB,JPEG
4342225f-3acd-4567-8a10-9f703c321993.jpg,train,data/images/4342225f-3acd-4567-8a10-9f703c321993.jpg,ok,,896,1195,RGB,JPEG
8bc7943e-90b3-43b7-86d3-63825d0a7ffb.jpg,train,data/images/8bc7943e-90b3-43b7-86d3-63825d0a7ffb.jpg,ok,,1024,1024,RGB,JPEG
c9374471-0bd0-4be8-bc07-871293b2b4c0.jpg,train,data/images/c9374471-0bd0-4be8-bc07-871293b2b4c0.jpg,ok,,1024,1024,RGB,JPEG
ff879877-35bb-4c6c-ad5f-f353b6a9a1a6.jpg,train,data/images/ff879877-35bb-4c6c-ad5f-f353b6a9a1a6.jpg,ok,,1024,1024,RGB,JPEG
ad393b1c-a7b3-48ae-bf5f-10d062f7213f.jpg,train,data/images/ad393b1c-a7b3-48ae-bf5f-10d062f7213f.jpg,ok,,896,1195,RGB,JPEG
c4418133-e4fa-473b-b720-14b213f75a93.jpg,train,data/images/c4418133-e4fa-473b-b720-14b213f75a93.jpg,ok,,1024,1024,RGB,JPEG
b9973429-d1a7-4718-bda0-419d29a1b963.jpg,train,data/images/b9973429-d1a7-4718-bda0-419d29a1b963.jpg,ok,,800,800,RGB,JPEG
9ce1f078-9a96-43a5-afd5-55a77a049a18.jpg,train,data/images/9ce1f078-9a96-43a5-afd5-55a77a049a18.jpg,ok,,1024,1024,RGB,JPEG
e6c257f7-84fc-4a7f-a435-e45e6c23f146.jpg,train,data/images/e6c257f7-84fc-4a7f-a435-e45e6c23f146.jpg,ok,,1024,1024,RGB,JPEG
b890750a-3f36-4f11-81a0-4c1e53894640.jpg,train,data/images/b890750a-3f36-4f11-81a0-4c1e53894640.jpg,ok,,832,1248,RGB,JPEG
f42c7c18-f5bb-489d-809c-6d0d780ab811.jpg,train,data/images/f42c7c18-f5bb-489d-809c-6d0d780ab811.jpg,ok,,1024,1024,RGB,JPEG
7d075412-b92c-48a2-89a3-680862517b2e.jpg,train,data/images/7d075412-b92c-48a2-89a3-680862517b2e.jpg,ok,,1248,832,RGB,JPEG
baa155d2-2088-43cd-bd72-1a5511ad293f.jpg,train,data/images/baa155d2-2088-43cd-bd72-1a5511ad293f.jpg,ok,,1024,1024,RGB,JPEG
b31a565e-a3dd-40a9-8299-58efdb538d7f.jpg,train,data/images/b31a565e-a3dd-40a9-8299-58efdb538d7f.jpg,ok,,1024,1024,RGB,JPEG
929e5d24-012b-4a8b-a24e-221cd69a2711.jpg,train,data/images/929e5d24-012b-4a8b-a24e-221cd69a2711.jpg,ok,,1024,1024,RGB,JPEG
0dd47108-de87-45d5-a8c7-66ecea552c5b.jpg,train,data/images/0dd47108-de87-45d5-a8c7-66ecea552c5b.jpg,ok,,1024,1024,RGB,JPEG
37057ab0-1207-472b-8ada-da6a69392d9d.jpg,train,data/images/37057ab0-1207-472b-8ada-da6a69392d9d.jpg,ok,,1024,1024,RGB,JPEG
1d463b60-6907-4c4a-893d-08f14662a249.jpg,train,data/images/1d463b60-6907-4c4a-893d-08f14662a249.jpg,ok,,1024,1024,RGB,JPEG
05c5e32e-1c31-49d8-b53d-663fd1df1453.jpg,train,data/images/05c5e32e-1c31-49d8-b53d-663fd1df1453.jpg,ok,,400,225,RGB,JPEG
6725f777-8563-417f-b1e7-75f5156d8701.jpg,train,data/images/6725f777-8563-417f-b1e7-75f5156d8701.jpg,ok,,1024,1024,RGB,JPEG
ba659bfd-9841-470d-8524-9e00a5520134.jpg,train,data/images/ba659bfd-9841-470d-8524-9e00a5520134.jpg,ok,,1024,1024,RGB,JPEG
b2f03c9f-0c77-485f-9a8a-d75bd2172953.jpg,train,data/images/b2f03c9f-0c77-485f-9a8a-d75bd2172953.jpg,ok,,1024,1024,RGB,JPEG
fd282406-a66c-4093-964e-bfd0d187b6d0.jpg,train,data/images/fd282406-a66c-4093-964e-bfd0d187b6d0.jpg,ok,,1024,716,RGB,JPEG
e4567dd2-8816-4ad4-bbfb-356cd340dbab.jpg,train,data/images/e4567dd2-8816-4ad4-bbfb-356cd340dbab.jpg,ok,,1024,1024,RGB,JPEG
9ae13f54-2cf6-4484-8aee-69973b8074f0.jpg,train,data/images/9ae13f54-2cf6-4484-8aee-69973b8074f0.jpg,ok,,1024,1024,RGB,JPEG
28708134-e172-4089-acd8-1ca7b5bb7205.jpg,train,data/images/28708134-e172-4089-acd8-1ca7b5bb7205.jpg,ok,,1248,832,RGB,JPEG
ccc00935-a3a0-497d-b531-e5cfb4d2490f.jpg,train,data/images/ccc00935-a3a0-497d-b531-e5cfb4d2490f.jpg,ok,,896,1195,RGB,JPEG
7f1f1464-098d-4005-8e80-a2c294777b53.jpg,train,data/images/7f1f1464-098d-4005-8e80-a2c294777b53.jpg,ok,,896,1195,RGB,JPEG
c10d94a4-d6a5-4701-b175-cf1c89c22037.jpg,train,data/images/c10d94a4-d6a5-4701-b175-cf1c89c22037.jpg,ok,,1024,1024,RGB,JPEG
e38e5314-05f1-4229-ae84-5b1b13d03c84.jpg,train,data/images/e38e5314-05f1-4229-ae84-5b1b13d03c84.jpg,ok,,896,1195,RGB,JPEG
05c24e08-d283-4467-b0eb-bed48bacc11c.jpg,train,data/images/05c24e08-d283-4467-b0eb-bed48bacc11c.jpg,ok,,1248,832,RGB,JPEG
b85ad051-9c14-4d59-8e6a-7fb7489919d4.jpg,train,data/images/b85ad051-9c14-4d59-8e6a-7fb7489919d4.jpg,ok,,755,1444,RGB,JPEG
8ea4a679-8748-427f-ae33-b386187d87dc.jpg,train,data/images/8ea4a679-8748-427f-ae33-b386187d87dc.jpg,ok,,1080,715,RGB,JPEG
86a8f18b-af1f-4411-82bf-25604569692a.jpg,train,data/images/86a8f18b-af1f-4411-82bf-25604569692a.jpg,ok,,1195,896,RGB,JPEG
d1109885-a98c-45a6-b7bc-d50a09dbe460.jpg,train,data/images/d1109885-a98c-45a6-b7bc-d50a09dbe460.jpg,ok,,1024,1024,RGB,JPEG
9a2362fe-2c3a-4dbf-b57d-d753cde317d4.jpg,train,data/images/9a2362fe-2c3a-4dbf-b57d-d753cde317d4.jpg,ok,,1024,1024,RGB,JPEG
50b932b6-e512-4186-887f-a035235774a1.jpg,train,data/images/50b932b6-e512-4186-887f-a035235774a1.jpg,ok,,1280,1024,RGB,JPEG
5fd45ad2-7278-4bbc-b7f0-cceacbe73e33.jpg,train,data/images/5fd45ad2-7278-4bbc-b7f0-cceacbe73e33.jpg,ok,,1024,1024,RGB,JPEG
a51ea7e0-cce5-4a74-a485-b6098a4a62f2.jpg,train,data/images/a51ea7e0-cce5-4a74-a485-b6098a4a62f2.jpg,ok,,1024,1024,RGB,JPEG
29213c80-6050-4144-bd53-879e99c59432.jpg,train,data/images/29213c80-6050-4144-bd53-879e99c59432.jpg,ok,,832,1248,RGB,JPEG
26602afe-ee25-4114-9046-888ee758cd06.jpg,train,data/images/26602afe-ee25-4114-9046-888ee758cd06.jpg,ok,,896,1195,RGB,JPEG
d2d00133-5c7c-4cd5-8f9d-e6754e241c4f.jpg,train,data/images/d2d00133-5c7c-4cd5-8f9d-e6754e241c4f.jpg,ok,,1195,896,RGB,JPEG
de8b6edb-2bf1-41cd-858d-ce22be7aa460.jpg,train,data/images/de8b6edb-2bf1-41cd-858d-ce22be7aa460.jpg,ok,,1024,1024,RGB,JPEG
98a4b801-a936-428b-a0b0-a6472a0f40bb.jpg,train,data/images/98a4b801-a936-428b-a0b0-a6472a0f40bb.jpg,ok,,1879,2200,RGB,JPEG
75114ebc-510c-40ac-a2d1-acf39e22775a.jpg,train,data/images/75114ebc-510c-40ac-a2d1-acf39e22775a.jpg,ok,,1024,1024,RGB,JPEG
da2e13fa-55b9-42c4-b126-2f63a8a7d86e.jpg,train,data/images/da2e13fa-55b9-42c4-b126-2f63a8a7d86e.jpg,ok,,1024,1024,RGB,JPEG
c091808a-f417-49ee-b7d5-e40e92db0fca.jpg,train,data/images/c091808a-f417-49ee-b7d5-e40e92db0fca.jpg,ok,,558,1024,RGB,JPEG
2f903026-72da-4bcd-98dd-7853f6454687.jpg,train,data/images/2f903026-72da-4bcd-98dd-7853f6454687.jpg,ok,,1195,896,RGB,JPEG
4e453bf3-e429-487c-a592-fdecc31a3964.jpg,train,data/images/4e453bf3-e429-487c-a592-fdecc31a3964.jpg,ok,,1024,1024,RGB,JPEG
e4942ebd-0055-494f-9dd5-b701302f5dad.jpg,train,data/images/e4942ebd-0055-494f-9dd5-b701302f5dad.jpg,ok,,896,1195,RGB,JPEG
6037570b-ce57-4d32-b641-6164b2434da3.jpg,train,data/images/6037570b-ce57-4d32-b641-6164b2434da3.jpg,ok,,1024,1024,RGB,JPEG
630a03e0-52e2-4036-9cd1-1357296fa879.jpg,train,data/images/630a03e0-52e2-4036-9cd1-1357296fa879.jpg,ok,,1024,1024,RGB,JPEG
83be6ec1-d8c3-423c-acdf-04408236c6e0.jpg,train,data/images/83be6ec1-d8c3-423c-acdf-04408236c6e0.jpg,ok,,1024,716,RGB,JPEG
68be98b1-e99d-4117-91dd-a1d7eed6c4d7.jpg,train,data/images/68be98b1-e99d-4117-91dd-a1d7eed6c4d7.jpg,ok,,896,1195,RGB,JPEG
a2d316ac-62a4-46fb-84be-9e4851cf33fe.jpg,train,data/images/a2d316ac-62a4-46fb-84be-9e4851cf33fe.jpg,ok,,1024,1024,RGB,JPEG
5f367edb-89ab-401c-8cd7-4bcb92c76554.jpg,train,data/images/5f367edb-89ab-401c-8cd7-4bcb92c76554.jpg,ok,,896,1195,RGB,JPEG
401115df-6046-4be6-ac8b-1a3f62fe81c2.jpg,train,data/images/401115df-6046-4be6-ac8b-1a3f62fe81c2.jpg,ok,,1195,896,RGB,JPEG
d7565a3f-f4b3-4fc8-9dd2-eeb2c58e6e3d.jpg,train,data/images/d7565a3f-f4b3-4fc8-9dd2-eeb2c58e6e3d.jpg,ok,,1024,1024,RGB,JPEG
d6bde8ac-9128-4f57-a7b0-4778e1d350e7.jpg,train,data/images/d6bde8ac-9128-4f57-a7b0-4778e1d350e7.jpg,ok,,896,1195,RGB,JPEG
0f4561b8-a11b-477a-8a69-b34efe63399d.jpg,train,data/images/0f4561b8-a11b-477a-8a69-b34efe63399d.jpg,ok,,1024,716,RGB,JPEG
fa0b2015-4e11-4849-a975-b83e85b86129.jpg,train,data/images/fa0b2015-4e11-4849-a975-b83e85b86129.jpg,ok,,1024,1024,RGB,JPEG
91cc1fb2-5bcc-44e3-a6b0-b23b75591f38.jpg,train,data/images/91cc1fb2-5bcc-44e3-a6b0-b23b75591f38.jpg,ok,,1024,1024,RGB,JPEG
1c824f8f-9ac0-49b0-b174-c4cb016b388f.jpg,train,data/images/1c824f8f-9ac0-49b0-b174-c4cb016b388f.jpg,ok,,1248,832,RGB,JPEG
acdba1c0-737e-4c52-aa5f-edbcbceaefcb.jpg,train,data/images/acdba1c0-737e-4c52-aa5f-edbcbceaefcb.jpg,ok,,1024,1024,RGB,JPEG
bf7eaa3c-af59-4f79-a9d7-22ba65ae4215.jpg,train,data/images/bf7eaa3c-af59-4f79-a9d7-22ba65ae4215.jpg,ok,,1024,1024,RGB,JPEG
6323f3cf-620d-4401-adca-ae4a2f5239a4.jpg,train,data/images/6323f3cf-620d-4401-adca-ae4a2f5239a4.jpg,ok,,1024,1024,RGB,JPEG
efbc4a0c-f724-4102-8d15-5af7d44cb0cd.jpg,train,data/images/efbc4a0c-f724-4102-8d15-5af7d44cb0cd.jpg,ok,,832,1248,RGB,JPEG
1f9cd6c7-fdcf-4729-b3fc-6432777307d3.jpg,train,data/images/1f9cd6c7-fdcf-4729-b3fc-6432777307d3.jpg,ok,,1024,1024,RGB,JPEG
c58e07bd-dd7d-48bc-bb5f-8e4059b8ff2c.jpg,train,data/images/c58e07bd-dd7d-48bc-bb5f-8e4059b8ff2c.jpg,ok,,1195,896,RGB,JPEG
caf11ad9-bf19-4619-9330-039fef65a814.jpg,train,data/images/caf11ad9-bf19-4619-9330-039fef65a814.jpg,ok,,1024,1024,RGB,JPEG
3f778db1-afc0-4d64-a610-b1e430306a00.jpg,train,data/images/3f778db1-afc0-4d64-a610-b1e430306a00.jpg,ok,,1024,1024,RGB,JPEG
d226371a-ac39-4715-b54a-bd3e6f906b41.jpg,train,data/images/d226371a-ac39-4715-b54a-bd3e6f906b41.jpg,ok,,558,1024,RGB,JPEG
433a5d86-876f-4afe-916e-b0b2131492fe.jpg,train,data/images/433a5d86-876f-4afe-916e-b0b2131492fe.jpg,ok,,1024,1280,RGB,JPEG
5da2a1ab-5a94-4f4a-9995-7964d7bfea8d.jpg,train,data/images/5da2a1ab-5a94-4f4a-9995-7964d7bfea8d.jpg,ok,,1024,1024,RGB,JPEG
c91f9212-5574-4826-8bcc-54a47d8ef545.jpg,train,data/images/c91f9212-5574-4826-8bcc-54a47d8ef545.jpg,ok,,1195,896,RGB,JPEG
22f02237-fd9f-4ace-9c7a-eff8093ee4eb.jpg,train,data/images/22f02237-fd9f-4ace-9c7a-eff8093ee4eb.jpg,ok,,1024,1024,RGB,JPEG
16e70a1f-e70e-44ad-ac43-e290e4c8b15e.jpg,train,data/images/16e70a1f-e70e-44ad-ac43-e290e4c8b15e.jpg,ok,,1024,1024,RGB,JPEG
b5e402ab-98b5-4854-9732-01d3c3495c0b.jpg,train,data/images/b5e402ab-98b5-4854-9732-01d3c3495c0b.jpg,ok,,1024,1024,RGB,JPEG
0503ea22-e568-4b6f-b167-e4d497af37f5.jpg,train,data/images/0503ea22-e568-4b6f-b167-e4d497af37f5.jpg,ok,,1248,832,RGB,JPEG
4abeaf80-180c-4dcd-b453-70065d4e8efc.jpg,train,data/images/4abeaf80-180c-4dcd-b453-70065d4e8efc.jpg,ok,,896,1195,RGB,JPEG
975cd60b-b2f3-4454-aba3-055a2efd5a85.jpg,train,data/images/975cd60b-b2f3-4454-aba3-055a2efd5a85.jpg,ok,,896,1195,RGB,JPEG
466e3fb5-8718-41bb-96cf-bfe676c0a0ac.jpg,train,data/images/466e3fb5-8718-41bb-96cf-bfe676c0a0ac.jpg,ok,,896,1195,RGB,JPEG
f2cf7da5-0499-4ff2-a486-15a427b04c61.jpg,train,data/images/f2cf7da5-0499-4ff2-a486-15a427b04c61.jpg,ok,,1024,1024,RGB,JPEG
78d24521-38ad-4acf-ae29-08e0521882ec.jpg,train,data/images/78d24521-38ad-4acf-ae29-08e0521882ec.jpg,ok,,1024,1024,RGB,JPEG
9130caad-73ef-4d61-a643-db08d4a3cd58.jpg,train,data/images/9130caad-73ef-4d61-a643-db08d4a3cd58.jpg,ok,,1024,1024,RGB,JPEG
969508ae-093c-453e-b04c-0ed44e0f4a5d.jpg,train,data/images/969508ae-093c-453e-b04c-0ed44e0f4a5d.jpg,ok,,832,1248,RGB,JPEG
ad459e32-f6de-457f-94bf-255ae9ecc125.jpg,train,data/images/ad459e32-f6de-457f-94bf-255ae9ecc125.jpg,ok,,1024,1024,RGB,JPEG
50a98e4b-864a-4aad-b3f7-33d07a44f3ab.jpg,train,data/images/50a98e4b-864a-4aad-b3f7-33d07a44f3ab.jpg,ok,,832,1248,RGB,JPEG
71a9ee7f-6a0d-4249-b277-903d062f9d9b.jpg,train,data/images/71a9ee7f-6a0d-4249-b277-903d062f9d9b.jpg,ok,,1024,1024,RGB,JPEG
80b705c0-d239-439e-91d1-bca734173a54.jpg,train,data/images/80b705c0-d239-439e-91d1-bca734173a54.jpg,ok,,1024,1280,RGB,JPEG
f64a0bb2-d5f6-4766-b4f2-e42a97c190d9.jpg,train,data/images/f64a0bb2-d5f6-4766-b4f2-e42a97c190d9.jpg,ok,,1024,558,RGB,JPEG
df931743-8cc8-4bf8-a546-ac022d78629a.jpg,train,data/images/df931743-8cc8-4bf8-a546-ac022d78629a.jpg,ok,,1248,832,RGB,JPEG
2e8d9295-6651-4c8b-8604-8602511e9e4f.jpg,train,data/images/2e8d9295-6651-4c8b-8604-8602511e9e4f.jpg,ok,,1024,1024,RGB,JPEG
f20cc86b-5921-4f1e-b3f9-d857b93cbe00.jpg,train,data/images/f20cc86b-5921-4f1e-b3f9-d857b93cbe00.jpg,ok,,896,1195,RGB,JPEG
b64e5222-5b3f-469c-bcc8-eadf4b3aa0d9.jpg,train,data/images/b64e5222-5b3f-469c-bcc8-eadf4b3aa0d9.jpg,ok,,1024,1024,RGB,JPEG
1eeb5a5a-1110-4eb8-b524-fd5afdb37999.jpg,train,data/images/1eeb5a5a-1110-4eb8-b524-fd5afdb37999.jpg,ok,,1024,1024,RGB,JPEG
c286c85b-73fb-442f-ae31-0193a4623ff8.jpg,train,data/images/c286c85b-73fb-442f-ae31-0193a4623ff8.jpg,ok,,2560,2451,RGB,JPEG
83c38e8d-06df-46b2-8d89-08ad4cb53ded.jpg,train,data/images/83c38e8d-06df-46b2-8d89-08ad4cb53ded.jpg,ok,,1024,558,RGB,JPEG
ac0df6a6-e429-4e77-9e4d-1c420ad34373.jpg,train,data/images/ac0df6a6-e429-4e77-9e4d-1c420ad34373.jpg,ok,,1024,1024,RGB,JPEG
c1691e20-9efc-4cfd-a978-243f581daf94.jpg,train,data/images/c1691e20-9efc-4cfd-a978-243f581daf94.jpg,ok,,896,1195,RGB,JPEG
e8ee3060-6b07-45c6-892e-eecd1579f11c.jpg,train,data/images/e8ee3060-6b07-45c6-892e-eecd1579f11c.jpg,ok,,896,1195,RGB,JPEG
d33b71af-38ef-4f7f-9929-7cf74ffd723d.jpg,train,data/images/d33b71af-38ef-4f7f-9929-7cf74ffd723d.jpg,ok,,1024,1024,RGB,JPEG
d3faf01a-7af0-49c4-98a6-c04228a662a0.jpg,train,data/images/d3faf01a-7af0-49c4-98a6-c04228a662a0.jpg,ok,,896,1195,RGB,JPEG
a6a70dd6-89ed-4710-9c2b-fc43c8261dfb.jpg,train,data/images/a6a70dd6-89ed-4710-9c2b-fc43c8261dfb.jpg,ok,,1024,1024,RGB,JPEG
88d4d6ed-b0bb-48cd-9133-2c6d6079c9e1.jpg,train,data/images/88d4d6ed-b0bb-48cd-9133-2c6d6079c9e1.jpg,ok,,96,96,RGBA,PNG
3809d676-abe1-4cba-95c1-aae6290bf922.jpg,train,data/images/3809d676-abe1-4cba-95c1-aae6290bf922.jpg,ok,,1024,716,RGB,JPEG
beee9b71-78f4-4299-8975-74fa132234e9.jpg,train,data/images/beee9b71-78f4-4299-8975-74fa132234e9.jpg,ok,,1024,1024,RGB,JPEG
74ccaae2-14ca-4968-a15a-183062ea6959.jpg,train,data/images/74ccaae2-14ca-4968-a15a-183062ea6959.jpg,ok,,1024,1024,RGB,JPEG
2dc5a9fd-f680-46a5-8b04-232787f6234c.jpg,train,data/images/2dc5a9fd-f680-46a5-8b04-232787f6234c.jpg,ok,,1024,1024,RGB,JPEG
cf162752-9d61-465c-9fd6-7ad04328b322.jpg,train,data/images/cf162752-9d61-465c-9fd6-7ad04328b322.jpg,ok,,400,400,RGB,JPEG
95139ba4-3f1b-4ee8-8dd1-d0826c0a4995.jpg,train,data/images/95139ba4-3f1b-4ee8-8dd1-d0826c0a4995.jpg,ok,,1024,1024,RGB,JPEG
cba64857-5c82-450a-b295-9034d90e7058.jpg,train,data/images/cba64857-5c82-450a-b295-9034d90e7058.jpg,ok,,1024,1024,RGB,JPEG
af4f04df-93eb-42a4-bb3f-b55773d16154.jpg,train,data/images/af4f04df-93eb-42a4-bb3f-b55773d16154.jpg,ok,,1024,1024,RGB,JPEG
36a38a62-c77f-40fe-8250-5661aa040e95.jpg,train,data/images/36a38a62-c77f-40fe-8250-5661aa040e95.jpg,ok,,1024,716,RGB,JPEG
43a870f0-9838-49e4-9ac6-547c3b027acb.jpg,train,data/images/43a870f0-9838-49e4-9ac6-547c3b027acb.jpg,ok,,1024,1024,RGB,JPEG
f08059ca-8b37-46c6-a83d-0027d20222ba.jpg,train,data/images/f08059ca-8b37-46c6-a83d-0027d20222ba.jpg,ok,,1024,1024,RGB,JPEG
7a65cfbd-ea44-4882-a3de-120f7e4a887e.jpg,train,data/images/7a65cfbd-ea44-4882-a3de-120f7e4a887e.jpg,ok,,1024,1024,RGB,JPEG
48831781-0890-4b2e-b447-5c99dc3fb2b4.jpg,train,data/images/48831781-0890-4b2e-b447-5c99dc3fb2b4.jpg,ok,,250,86,RGBA,PNG
6bae4761-65e0-4bab-83f7-684ba53d5ee1.jpg,train,data/images/6bae4761-65e0-4bab-83f7-684ba53d5ee1.jpg,ok,,1024,558,RGB,JPEG
e2814df3-2bc4-4300-b26a-3e76dade361b.jpg,train,data/images/e2814df3-2bc4-4300-b26a-3e76dade361b.jpg,ok,,1024,1280,RGB,JPEG
6abb9344-9b11-414a-90bb-0c28f50bb1db.jpg,train,data/images/6abb9344-9b11-414a-90bb-0c28f50bb1db.jpg,ok,,832,1248,RGB,JPEG
8c4fcea9-5805-48a6-9715-42b90c5e15da.jpg,train,data/images/8c4fcea9-5805-48a6-9715-42b90c5e15da.jpg,ok,,1195,896,RGB,JPEG
638060c6-1d28-433f-932e-10dd1a06dbfe.jpg,train,data/images/638060c6-1d28-433f-932e-10dd1a06dbfe.jpg,ok,,1024,1024,RGB,JPEG
617380da-1d5d-4712-a65d-eb8629a66cac.jpg,train,data/images/617380da-1d5d-4712-a65d-eb8629a66cac.jpg,ok,,1024,1024,RGB,JPEG
b6965111-02cb-485d-9011-e652d2a09468.jpg,train,data/images/b6965111-02cb-485d-9011-e652d2a09468.jpg,ok,,1024,1024,RGB,JPEG
da4edc4c-0cff-46e0-afb1-0af57de522ae.jpg,train,data/images/da4edc4c-0cff-46e0-afb1-0af57de522ae.jpg,ok,,400,267,RGB,JPEG
e2e79245-b5bd-4610-860a-bddacce7071f.jpg,train,data/images/e2e79245-b5bd-4610-860a-bddacce7071f.jpg,ok,,1024,1024,RGB,JPEG
0ca0d43d-e3b9-447f-bb3a-133f37cd0bc1.jpg,train,data/images/0ca0d43d-e3b9-447f-bb3a-133f37cd0bc1.jpg,ok,,1879,2200,RGB,JPEG
4ccaf5de-2948-44d4-bce1-6ab943295f29.jpg,train,data/images/4ccaf5de-2948-44d4-bce1-6ab943295f29.jpg,ok,,896,1195,RGB,JPEG
0386580b-017c-47a2-9017-c577dc660ae9.jpg,train,data/images/0386580b-017c-47a2-9017-c577dc660ae9.jpg,ok,,1024,1024,RGB,JPEG
1decdfbf-c412-41b2-9f83-701d9046e1c4.jpg,train,data/images/1decdfbf-c412-41b2-9f83-701d9046e1c4.jpg,ok,,1080,1920,RGB,JPEG
67fc5bde-2e5f-4690-9de7-d15c9fcce78a.jpg,train,data/images/67fc5bde-2e5f-4690-9de7-d15c9fcce78a.jpg,ok,,1024,1024,RGB,JPEG
5f4684f8-f6f2-4860-91db-1a43362e6846.jpg,train,data/images/5f4684f8-f6f2-4860-91db-1a43362e6846.jpg,ok,,1200,1200,RGB,JPEG
8755428c-89e9-4740-81c9-42e8472ce6d7.jpg,train,data/images/8755428c-89e9-4740-81c9-42e8472ce6d7.jpg,ok,,1195,896,RGB,JPEG
4219f559-7a3c-4297-9bfe-e40ff658df67.jpg,train,data/images/4219f559-7a3c-4297-9bfe-e40ff658df67.jpg,ok,,896,1195,RGB,JPEG
cc9957c6-348c-4699-998a-457c2a6c7bf8.jpg,train,data/images/cc9957c6-348c-4699-998a-457c2a6c7bf8.jpg,ok,,1280,1024,RGB,JPEG
03221697-b893-43c4-8426-0ce6502d161a.jpg,train,data/images/03221697-b893-43c4-8426-0ce6502d161a.jpg,ok,,1024,1024,RGB,JPEG
b292d25f-5f0d-4552-a43e-e388b134864d.jpg,train,data/images/b292d25f-5f0d-4552-a43e-e388b134864d.jpg,ok,,1024,1024,RGB,JPEG
c3bd02b2-435b-4277-89cc-a13a65385918.jpg,train,data/images/c3bd02b2-435b-4277-89cc-a13a65385918.jpg,ok,,1024,1024,RGB,JPEG
bf91a4ae-f6cf-44c0-a791-2286c43e3794.jpg,train,data/images/bf91a4ae-f6cf-44c0-a791-2286c43e3794.jpg,ok,,1248,832,RGB,JPEG
ea3b1bc5-e0cb-4f87-b0d7-bd7c62179c09.jpg,train,data/images/ea3b1bc5-e0cb-4f87-b0d7-bd7c62179c09.jpg,ok,,1024,558,RGB,JPEG
54d573e1-9c96-49d8-91f1-b4441aeb5141.jpg,train,data/images/54d573e1-9c96-49d8-91f1-b4441aeb5141.jpg,ok,,1024,558,RGB,JPEG
4f208827-7baa-4ace-84c5-113f2dcd6381.jpg,train,data/images/4f208827-7baa-4ace-84c5-113f2dcd6381.jpg,ok,,1024,1024,RGB,JPEG
b47aff1e-923a-46fa-8f92-fb847b1886f5.jpg,train,data/images/b47aff1e-923a-46fa-8f92-fb847b1886f5.jpg,ok,,896,1195,RGB,JPEG
2580652a-1483-4172-94b2-c3b9a54b7799.jpg,train,data/images/2580652a-1483-4172-94b2-c3b9a54b7799.jpg,ok,,1024,558,RGB,JPEG
922c264c-5a53-4c19-8295-71e334ae3f41.jpg,train,data/images/922c264c-5a53-4c19-8295-71e334ae3f41.jpg,ok,,896,1195,RGB,JPEG
38c7d449-e941-43c1-81d5-bff9b89cf0c5.jpg,train,data/images/38c7d449-e941-43c1-81d5-bff9b89cf0c5.jpg,ok,,1024,1024,RGB,JPEG
db937794-8201-4792-9104-818e19de3512.jpg,train,data/images/db937794-8201-4792-9104-818e19de3512.jpg,ok,,1024,1024,RGB,JPEG
f0d70755-1999-4769-8cd9-31e065137878.jpg,train,data/images/f0d70755-1999-4769-8cd9-31e065137878.jpg,ok,,896,1195,RGB,JPEG
217d3e02-f8af-4eb3-9193-fe48db037427.jpg,train,data/images/217d3e02-f8af-4eb3-9193-fe48db037427.jpg,ok,,1024,571,RGB,JPEG
ac874ecb-6aa5-47a0-8b7d-eaa7f979aac0.jpg,train,data/images/ac874ecb-6aa5-47a0-8b7d-eaa7f979aac0.jpg,ok,,250,400,RGB,JPEG
7d5f7227-d953-4f54-af62-9c45e7e94bb2.jpg,train,data/images/7d5f7227-d953-4f54-af62-9c45e7e94bb2.jpg,ok,,1248,832,RGB,JPEG
5fe6b882-3b16-450a-8081-ced6dd4f4e32.jpg,train,data/images/5fe6b882-3b16-450a-8081-ced6dd4f4e32.jpg,ok,,1100,1100,RGB,JPEG
e777645b-41f6-4c4b-9bad-b4a4bd00f47e.jpg,train,data/images/e777645b-41f6-4c4b-9bad-b4a4bd00f47e.jpg,ok,,1024,1024,RGB,JPEG
f0adc7ed-b609-4a5d-ad1f-144fc1bf13a8.jpg,train,data/images/f0adc7ed-b609-4a5d-ad1f-144fc1bf13a8.jpg,ok,,1248,832,RGB,JPEG
9ec3f9fb-be74-41a2-a98a-d34c82628404.jpg,train,data/images/9ec3f9fb-be74-41a2-a98a-d34c82628404.jpg,ok,,1024,1024,RGB,JPEG
f2e36ebd-bf12-4aaf-8818-dabd19e061dc.jpg,train,data/images/f2e36ebd-bf12-4aaf-8818-dabd19e061dc.jpg,ok,,1024,716,RGB,JPEG
9a708f7b-7edb-40a2-843e-fadd807728f5.jpg,train,data/images/9a708f7b-7edb-40a2-843e-fadd807728f5.jpg,ok,,1024,1024,RGB,JPEG
1eb993ae-c06d-4edd-804f-6b4ba3b0eb6d.jpg,train,data/images/1eb993ae-c06d-4edd-804f-6b4ba3b0eb6d.jpg,ok,,896,1195,RGB,JPEG
75c043e5-bef8-46a9-bf3e-1a0201213b46.jpg,train,data/images/75c043e5-bef8-46a9-bf3e-1a0201213b46.jpg,ok,,558,1024,RGB,JPEG
2532f4d5-55a8-476e-bf8b-fc82b7b8282c.jpg,train,data/images/2532f4d5-55a8-476e-bf8b-fc82b7b8282c.jpg,ok,,1024,967,RGB,JPEG
a9c74abf-d68d-43a8-bbfc-3c6180a63039.jpg,train,data/images/a9c74abf-d68d-43a8-bbfc-3c6180a63039.jpg,ok,,1195,896,RGB,JPEG
1e6d1ded-b780-434f-bfd5-2d3875c00e94.jpg,train,data/images/1e6d1ded-b780-434f-bfd5-2d3875c00e94.jpg,ok,,1248,832,RGB,JPEG
eff725f0-3dec-412b-9cea-f6a6c5ee9284.jpg,train,data/images/eff725f0-3dec-412b-9cea-f6a6c5ee9284.jpg,ok,,1195,896,RGB,JPEG
315fdcaa-b249-4121-9769-3ba95382fe4c.jpg,train,data/images/315fdcaa-b249-4121-9769-3ba95382fe4c.jpg,ok,,1024,1024,RGB,JPEG
2f1fb757-90b4-4a4e-a868-7665bb6a0267.jpg,train,data/images/2f1fb757-90b4-4a4e-a868-7665bb6a0267.jpg,ok,,1024,558,RGB,JPEG
eed0c993-b8c5-4018-8906-752fbec88fd3.jpg,train,data/images/eed0c993-b8c5-4018-8906-752fbec88fd3.jpg,ok,,1024,558,RGB,JPEG
411f6274-6a23-4cd6-bcce-81e772eeb1a2.jpg,train,data/images/411f6274-6a23-4cd6-bcce-81e772eeb1a2.jpg,ok,,1024,1024,RGB,JPEG
3b138184-a67f-41f8-91af-a010752df370.jpg,train,data/images/3b138184-a67f-41f8-91af-a010752df370.jpg,ok,,1024,1024,RGB,JPEG
f68687a2-6576-43dc-b7b6-c8857a996641.jpg,train,data/images/f68687a2-6576-43dc-b7b6-c8857a996641.jpg,ok,,375,500,RGB,JPEG
afd721a5-aed1-4967-ad6c-efad36638448.jpg,train,data/images/afd721a5-aed1-4967-ad6c-efad36638448.jpg,ok,,1024,1024,RGB,JPEG
34199302-44b4-4ca9-a6df-bf48c81d60d6.jpg,train,data/images/34199302-44b4-4ca9-a6df-bf48c81d60d6.jpg,ok,,1024,1024,RGB,JPEG
d9bd8368-d202-493b-ba4e-4d85db96d2d7.jpg,train,data/images/d9bd8368-d202-493b-ba4e-4d85db96d2d7.jpg,ok,,2560,2560,RGB,JPEG
bc30baf4-b1d2-446d-879a-b8f6de4ce7c4.jpg,train,data/images/bc30baf4-b1d2-446d-879a-b8f6de4ce7c4.jpg,ok,,1024,1024,RGB,JPEG
b753b415-951d-441c-9bea-e48f19d32224.jpg,train,data/images/b753b415-951d-441c-9bea-e48f19d32224.jpg,ok,,1280,1024,RGB,JPEG
9308aea9-4569-40da-ae6b-2cba2b3c8e34.jpg,train,data/images/9308aea9-4569-40da-ae6b-2cba2b3c8e34.jpg,ok,,1195,896,RGB,JPEG
d518662a-e502-4933-bbd2-153034eb9850.jpg,train,data/images/d518662a-e502-4933-bbd2-153034eb9850.jpg,ok,,1024,1024,RGB,JPEG
1990cf42-7dc4-4794-943c-a57c203f22e1.jpg,train,data/images/1990cf42-7dc4-4794-943c-a57c203f22e1.jpg,ok,,1879,2200,RGB,JPEG
5beb86fa-c073-4b08-81c0-ea832000db89.jpg,train,data/images/5beb86fa-c073-4b08-81c0-ea832000db89.jpg,ok,,896,1195,RGB,JPEG
4dbc603d-692a-4637-965e-bd8d6763fe82.jpg,train,data/images/4dbc603d-692a-4637-965e-bd8d6763fe82.jpg,ok,,1024,1024,RGB,JPEG
5734afc8-ce87-4d3b-89c3-5275fd1f3af0.jpg,train,data/images/5734afc8-ce87-4d3b-89c3-5275fd1f3af0.jpg,ok,,1024,1024,RGB,JPEG
f39ccbd2-1c82-457c-b4ec-b25ec37f984c.jpg,train,data/images/f39ccbd2-1c82-457c-b4ec-b25ec37f984c.jpg,ok,,1024,1024,RGB,JPEG
99a96793-a6d7-449a-bbf8-207fb5b37265.jpg,train,data/images/99a96793-a6d7-449a-bbf8-207fb5b37265.jpg,ok,,1024,1024,RGB,JPEG
73011c46-0bda-4da9-a32f-46ab7501ba9b.jpg,train,data/images/73011c46-0bda-4da9-a32f-46ab7501ba9b.jpg,ok,,1024,1024,RGB,JPEG
73f474eb-8166-4b19-a432-8c72fcb3fd32.jpg,train,data/images/73f474eb-8166-4b19-a432-8c72fcb3fd32.jpg,ok,,1024,1024,RGB,JPEG
f5ae0520-043f-4306-ad65-140654fbc5af.jpg,train,data/images/f5ae0520-043f-4306-ad65-140654fbc5af.jpg,ok,,1024,1024,RGB,JPEG
b1ba3497-5181-41b9-a950-56530faa4187.jpg,train,data/images/b1ba3497-5181-41b9-a950-56530faa4187.jpg,ok,,1024,1024,RGB,JPEG
fcdca082-b9aa-4ca5-ba3a-23c707e4f6dc.jpg,train,data/images/fcdca082-b9aa-4ca5-ba3a-23c707e4f6dc.jpg,ok,,1195,896,RGB,JPEG
551046f9-e441-485b-b188-d04aec3c2036.jpg,train,data/images/551046f9-e441-485b-b188-d04aec3c2036.jpg,ok,,896,1195,RGB,JPEG
de2e3ce1-9d5e-45c4-b996-83f7bd4652bc.jpg,train,data/images/de2e3ce1-9d5e-45c4-b996-83f7bd4652bc.jpg,ok,,1024,1024,RGB,JPEG
1031d3cb-c512-4901-9900-e00a0a55fc93.jpg,train,data/images/1031d3cb-c512-4901-9900-e00a0a55fc93.jpg,ok,,558,1024,RGB,JPEG
3d2b8701-7f9f-471d-b1aa-326c9a9c5cca.jpg,train,data/images/3d2b8701-7f9f-471d-b1aa-326c9a9c5cca.jpg,ok,,896,1195,RGB,JPEG
5b7b2caf-1bef-4fe1-97e5-6a0b4829a0c7.jpg,train,data/images/5b7b2caf-1bef-4fe1-97e5-6a0b4829a0c7.jpg,ok,,896,1195,RGB,JPEG
0d820953-888c-489a-a7b6-9726cb4da8c8.jpg,train,data/images/0d820953-888c-489a-a7b6-9726cb4da8c8.jpg,ok,,1024,1024,RGB,JPEG
56a8833b-e1b0-4e89-9ddd-09e77217e230.jpg,train,data/images/56a8833b-e1b0-4e89-9ddd-09e77217e230.jpg,ok,,896,1195,RGB,JPEG
25286fcb-b5f2-448b-b0d2-050e22aae66b.jpg,train,data/images/25286fcb-b5f2-448b-b0d2-050e22aae66b.jpg,ok,,1024,1024,RGB,JPEG
98c6010e-d29a-4436-8cc8-50c2430be8f4.jpg,train,data/images/98c6010e-d29a-4436-8cc8-50c2430be8f4.jpg,ok,,1024,1024,RGB,JPEG
965e4feb-1a7a-497a-a614-825e355bdbd1.jpg,train,data/images/965e4feb-1a7a-497a-a614-825e355bdbd1.jpg,ok,,1248,832,RGB,JPEG
637b37ce-0115-4bea-acd2-67351000b66d.jpg,train,data/images/637b37ce-0115-4bea-acd2-67351000b66d.jpg,ok,,896,1195,RGB,JPEG
80f2747f-2c5e-43f4-bb1b-9c58a7412435.jpg,train,data/images/80f2747f-2c5e-43f4-bb1b-9c58a7412435.jpg,ok,,720,960,RGB,JPEG
1a9682f8-34c8-48e1-8c3b-93b7bd475449.jpg,train,data/images/1a9682f8-34c8-48e1-8c3b-93b7bd475449.jpg,ok,,1024,1024,RGB,JPEG
54a0ea73-a201-4300-b7ca-a0f86f01d42e.jpg,train,data/images/54a0ea73-a201-4300-b7ca-a0f86f01d42e.jpg,ok,,1024,716,RGB,JPEG
8a1c8423-4c88-4560-b8ae-a169ba4ad0e7.jpg,train,data/images/8a1c8423-4c88-4560-b8ae-a169ba4ad0e7.jpg,ok,,1024,1024,RGB,JPEG
293daa42-d4fe-420d-adfc-6f70f9086425.jpg,train,data/images/293daa42-d4fe-420d-adfc-6f70f9086425.jpg,ok,,1024,1024,RGB,JPEG
d900d401-514f-44be-b368-f07f6e5b3a0f.jpg,train,data/images/d900d401-514f-44be-b368-f07f6e5b3a0f.jpg,ok,,1879,2200,RGB,JPEG
cdcc60bb-3676-4f92-aaea-cfa81be8f1fa.jpg,train,data/images/cdcc60bb-3676-4f92-aaea-cfa81be8f1fa.jpg,ok,,1024,1024,RGB,JPEG
9165b95f-0be0-48ea-a77b-281aba5b4e5b.jpg,train,data/images/9165b95f-0be0-48ea-a77b-281aba5b4e5b.jpg,ok,,1024,1024,RGB,JPEG
80245555-2ad0-4c03-bd3d-73a7821752ee.jpg,train,data/images/80245555-2ad0-4c03-bd3d-73a7821752ee.jpg,ok,,1024,1024,RGB,JPEG
b2aaa379-ea21-4900-9381-be1e3bc36934.jpg,train,data/images/b2aaa379-ea21-4900-9381-be1e3bc36934.jpg,ok,,1024,1280,RGB,JPEG
df951e8b-cc9f-4b41-a3d1-aef66677cd04.jpg,train,data/images/df951e8b-cc9f-4b41-a3d1-aef66677cd04.jpg,ok,,1024,716,RGB,JPEG
255df8ae-2973-49d2-8208-5da714d92c6f.jpg,train,data/images/255df8ae-2973-49d2-8208-5da714d92c6f.jpg,ok,,1024,1024,RGB,JPEG
dcbc5dd0-993b-4a57-858f-735d4a3691e6.jpg,train,data/images/dcbc5dd0-993b-4a57-858f-735d4a3691e6.jpg,ok,,372,500,RGB,JPEG
7df596b3-d1d5-41cc-814d-b1fcba3f3907.jpg,train,data/images/7df596b3-d1d5-41cc-814d-b1fcba3f3907.jpg,ok,,1195,896,RGB,JPEG
9cec8f1b-2662-4bec-89fb-b73d28046db0.jpg,train,data/images/9cec8f1b-2662-4bec-89fb-b73d28046db0.jpg,ok,,558,1024,RGB,JPEG
d7b98668-9d34-4256-9dd6-f80211e38c28.jpg,train,data/images/d7b98668-9d34-4256-9dd6-f80211e38c28.jpg,ok,,1024,558,RGB,JPEG
4de77b41-e550-4965-8ec4-a813a5bbee5e.jpg,train,data/images/4de77b41-e550-4965-8ec4-a813a5bbee5e.jpg,ok,,1024,558,RGB,JPEG
000541e8-6ea3-4ae0-a79b-10bd3bc3a38d.jpg,train,data/images/000541e8-6ea3-4ae0-a79b-10bd3bc3a38d.jpg,ok,,1024,1024,RGB,JPEG
d7139c17-15f6-4d42-a8e1-8ea1546e7291.jpg,train,data/images/d7139c17-15f6-4d42-a8e1-8ea1546e7291.jpg,ok,,832,1248,RGB,JPEG
ad3ea4e5-cd48-4363-930b-c69e38081115.jpg,train,data/images/ad3ea4e5-cd48-4363-930b-c69e38081115.jpg,ok,,1024,716,RGB,JPEG
70062380-9584-40be-be13-1ef80d4c4b86.jpg,train,data/images/70062380-9584-40be-be13-1ef80d4c4b86.jpg,ok,,1024,1024,RGB,JPEG
66bf7515-4547-493f-8561-e8c3e08d6749.jpg,train,data/images/66bf7515-4547-493f-8561-e8c3e08d6749.jpg,ok,,1024,1024,RGB,JPEG
5efe8f1b-be6c-4fa0-8c13-4f1bcc6c8c4b.jpg,train,data/images/5efe8f1b-be6c-4fa0-8c13-4f1bcc6c8c4b.jpg,ok,,1024,1024,RGB,JPEG
d1939a4e-3cff-4a0d-824f-7ed898f21b3b.jpg,train,data/images/d1939a4e-3cff-4a0d-824f-7ed898f21b3b.jpg,ok,,1195,896,RGB,JPEG
5e5fc967-52bd-4560-830a-768c5992b8ae.jpg,train,data/images/5e5fc967-52bd-4560-830a-768c5992b8ae.jpg,ok,,1024,1024,RGB,JPEG
aa28d49b-2a87-4a00-8851-dd22f314a523.jpg,train,data/images/aa28d49b-2a87-4a00-8851-dd22f314a523.jpg,ok,,1024,1024,RGB,JPEG
a3f18162-654a-48bb-b918-58b21534b72e.jpg,train,data/images/a3f18162-654a-48bb-b918-58b21534b72e.jpg,ok,,1024,1024,RGB,JPEG
47afa7fb-4bf1-40ac-80a1-5621c48ce8bc.jpg,train,data/images/47afa7fb-4bf1-40ac-80a1-5621c48ce8bc.jpg,ok,,1024,1024,RGB,JPEG
fb8caafb-0a5c-439c-aeff-294dcbc02fd6.jpg,train,data/images/fb8caafb-0a5c-439c-aeff-294dcbc02fd6.jpg,ok,,1024,1024,RGB,JPEG
7bd39d46-b86d-494f-8d79-5073a45e2d41.jpg,train,data/images/7bd39d46-b86d-494f-8d79-5073a45e2d41.jpg,ok,,1024,1024,RGB,JPEG
f0eb3bbb-fc14-4e4d-b0ac-9383382f102b.jpg,train,data/images/f0eb3bbb-fc14-4e4d-b0ac-9383382f102b.jpg,ok,,400,400,RGB,JPEG
bb664f04-544e-453f-89f2-9c21d402762f.jpg,train,data/images/bb664f04-544e-453f-89f2-9c21d402762f.jpg,ok,,1248,832,RGB,JPEG
88a38493-10e6-4881-a086-6e90fe096bc9.jpg,train,data/images/88a38493-10e6-4881-a086-6e90fe096bc9.jpg,ok,,1024,1024,RGB,JPEG
b0e7a7c0-9bd3-4c91-92f1-144812999e31.jpg,train,data/images/b0e7a7c0-9bd3-4c91-92f1-144812999e31.jpg,ok,,1024,1024,RGB,JPEG
6620f40a-807a-4133-a9f5-c93a026bb91f.jpg,train,data/images/6620f40a-807a-4133-a9f5-c93a026bb91f.jpg,ok,,800,800,RGB,JPEG
7d718620-2606-4ebc-b590-8133d0b1ad45.jpg,train,data/images/7d718620-2606-4ebc-b590-8133d0b1ad45.jpg,ok,,1024,1024,RGB,JPEG
ecddaf03-908e-401f-af4f-0dc4f4b72e5f.jpg,train,data/images/ecddaf03-908e-401f-af4f-0dc4f4b72e5f.jpg,ok,,558,1024,RGB,JPEG
ac2178ce-509e-45c2-8fe9-05e3774a9770.jpg,train,data/images/ac2178ce-509e-45c2-8fe9-05e3774a9770.jpg,ok,,1024,1024,RGB,JPEG
0e6ae017-ea0c-4aa0-b8dc-4c9ca833b14a.jpg,train,data/images/0e6ae017-ea0c-4aa0-b8dc-4c9ca833b14a.jpg,ok,,1195,896,RGB,JPEG
0b4ece6f-5b9f-4f71-9c62-eaa73f40d51a.jpg,train,data/images/0b4ece6f-5b9f-4f71-9c62-eaa73f40d51a.jpg,ok,,1024,1024,RGB,JPEG
44f30c15-007e-470c-b131-fcf96c2df0ca.jpg,train,data/images/44f30c15-007e-470c-b131-fcf96c2df0ca.jpg,ok,,1024,1024,RGB,JPEG
8348c158-28df-4963-9b5b-ff709007e133.jpg,train,data/images/8348c158-28df-4963-9b5b-ff709007e133.jpg,ok,,1024,1024,RGB,JPEG
d67b4da9-9703-468a-9108-0f6d04ce585f.jpg,train,data/images/d67b4da9-9703-468a-9108-0f6d04ce585f.jpg,ok,,896,1195,RGB,JPEG
802e2fa2-94c2-4302-84aa-173999bf2104.jpg,train,data/images/802e2fa2-94c2-4302-84aa-173999bf2104.jpg,ok,,1024,1024,RGB,JPEG
0187019b-407b-4053-ae28-6339d8cec2cc.jpg,train,data/images/0187019b-407b-4053-ae28-6339d8cec2cc.jpg,ok,,1024,1024,RGB,JPEG
108be69c-42a2-438b-be50-d2d612426946.jpg,train,data/images/108be69c-42a2-438b-be50-d2d612426946.jpg,ok,,1024,1024,RGB,JPEG
77ad5b75-8a5d-459c-a834-5834a8fc3503.jpg,train,data/images/77ad5b75-8a5d-459c-a834-5834a8fc3503.jpg,ok,,832,1248,RGB,JPEG
f9d990fd-451b-4998-a574-541a09e50520.jpg,train,data/images/f9d990fd-451b-4998-a574-541a09e50520.jpg,ok,,1024,558,RGB,JPEG
2af630bd-7d1e-4cf8-a7e2-ebb8e754be98.jpg,train,data/images/2af630bd-7d1e-4cf8-a7e2-ebb8e754be98.jpg,ok,,1195,896,RGB,JPEG
320dfde8-b2ea-4de6-b8e9-d7d7b2fc5d0e.jpg,train,data/images/320dfde8-b2ea-4de6-b8e9-d7d7b2fc5d0e.jpg,ok,,1024,1024,RGB,JPEG
6cc3d574-c14f-4432-9b17-a2d4e396ed99.jpg,train,data/images/6cc3d574-c14f-4432-9b17-a2d4e396ed99.jpg,ok,,1024,903,RGB,JPEG
4eab97f2-99d6-4770-9d13-c2fdb895c7f6.jpg,train,data/images/4eab97f2-99d6-4770-9d13-c2fdb895c7f6.jpg,ok,,1024,716,RGB,JPEG
ff8eaa69-6bbe-45b4-bf9f-0d5bc735f704.jpg,train,data/images/ff8eaa69-6bbe-45b4-bf9f-0d5bc735f704.jpg,ok,,832,1248,RGB,JPEG
90eb3cf1-bdb3-48a5-91e7-4fb56c74e2bb.jpg,train,data/images/90eb3cf1-bdb3-48a5-91e7-4fb56c74e2bb.jpg,ok,,1195,896,RGB,JPEG
51b40820-15b1-4992-bbb1-6d2c70fddfd6.jpg,train,data/images/51b40820-15b1-4992-bbb1-6d2c70fddfd6.jpg,ok,,896,1195,RGB,JPEG
f20347cd-9ca0-489e-ab7f-3d44e21d8162.jpg,train,data/images/f20347cd-9ca0-489e-ab7f-3d44e21d8162.jpg,ok,,1024,716,RGB,JPEG
ebce2008-f897-4778-a20d-5b772521cc6f.jpg,train,data/images/ebce2008-f897-4778-a20d-5b772521cc6f.jpg,ok,,832,1248,RGB,JPEG
d9fa03e1-a7d0-4ab4-a8ca-8ea9f9219cae.jpg,train,data/images/d9fa03e1-a7d0-4ab4-a8ca-8ea9f9219cae.jpg,ok,,1024,1024,RGB,JPEG
5c296a29-d79d-4383-a67e-18ebd6c3fa1c.jpg,train,data/images/5c296a29-d79d-4383-a67e-18ebd6c3fa1c.jpg,ok,,1024,716,RGB,JPEG
f392b9a0-da23-432a-ac46-c7e1e68a5ff7.jpg,train,data/images/f392b9a0-da23-432a-ac46-c7e1e68a5ff7.jpg,ok,,800,800,RGB,JPEG
e8ca6fca-637e-4282-b3ca-7b927b19d7cd.jpg,train,data/images/e8ca6fca-637e-4282-b3ca-7b927b19d7cd.jpg,ok,,1024,1024,RGB,JPEG
256f8c15-24f5-4b89-8637-7fd7dc70da64.jpg,train,data/images/256f8c15-24f5-4b89-8637-7fd7dc70da64.jpg,ok,,1024,913,RGB,JPEG
d5ee8c2b-7d56-4da6-981e-f9c6126488e5.jpg,train,data/images/d5ee8c2b-7d56-4da6-981e-f9c6126488e5.jpg,ok,,1024,1024,RGB,JPEG
6c460d3e-652d-45ac-a133-abf9f67ceb27.jpg,train,data/images/6c460d3e-652d-45ac-a133-abf9f67ceb27.jpg,ok,,1248,832,RGB,JPEG
e8e4d7ed-0ce8-4ef8-beb6-077c76d3bc8d.jpg,train,data/images/e8e4d7ed-0ce8-4ef8-beb6-077c76d3bc8d.jpg,ok,,1024,1024,RGB,JPEG
fdc218de-5eee-4a6b-a77b-6be0273b143b.jpg,train,data/images/fdc218de-5eee-4a6b-a77b-6be0273b143b.jpg,ok,,896,1195,RGB,JPEG
0fc7048a-a40b-479b-9230-ffd06f5d0a30.jpg,train,data/images/0fc7048a-a40b-479b-9230-ffd06f5d0a30.jpg,ok,,1024,1024,RGB,JPEG
011594ed-4b0a-4601-b601-21c32b71cfc0.jpg,train,data/images/011594ed-4b0a-4601-b601-21c32b71cfc0.jpg,ok,,1024,1024,RGB,JPEG
ed617d33-ca42-421d-b64f-c68f1d8ebfce.jpg,train,data/images/ed617d33-ca42-421d-b64f-c68f1d8ebfce.jpg,ok,,1024,1024,RGB,JPEG
633c6ee7-e11a-452a-bdeb-6e83b2489ded.jpg,train,data/images/633c6ee7-e11a-452a-bdeb-6e83b2489ded.jpg,ok,,1195,896,RGB,JPEG
c9c3d09f-7965-47de-88c6-a7b9de086776.jpg,train,data/images/c9c3d09f-7965-47de-88c6-a7b9de086776.jpg,ok,,1024,1024,RGB,JPEG
460e194b-163f-49b1-acd1-23134642a9e3.jpg,train,data/images/460e194b-163f-49b1-acd1-23134642a9e3.jpg,ok,,1195,896,RGB,JPEG
7df97a98-cfcb-4b98-9679-3380c98f34e4.jpg,train,data/images/7df97a98-cfcb-4b98-9679-3380c98f34e4.jpg,ok,,1024,1024,RGB,JPEG
770a9f90-7abc-45f5-be49-c1c62ecbefff.jpg,train,data/images/770a9f90-7abc-45f5-be49-c1c62ecbefff.jpg,ok,,1024,1024,RGB,JPEG
f541089d-cbbf-45c5-94b8-23539e5be27f.jpg,train,data/images/f541089d-cbbf-45c5-94b8-23539e5be27f.jpg,ok,,1024,1024,RGB,JPEG
f8951c91-91c1-44d8-9c3c-41dadac5fc48.jpg,train,data/images/f8951c91-91c1-44d8-9c3c-41dadac5fc48.jpg,ok,,1024,558,RGB,JPEG
afe62f86-2318-4e4b-8971-6c5ddafd68dc.jpg,train,data/images/afe62f86-2318-4e4b-8971-6c5ddafd68dc.jpg,ok,,558,1024,RGB,JPEG
07e170b5-140b-40fb-8a8c-d1cb90907d96.jpg,train,data/images/07e170b5-140b-40fb-8a8c-d1cb90907d96.jpg,ok,,1195,896,RGB,JPEG
b6e9ff3d-51d3-48eb-aba6-8a9e2b44c4a3.jpg,train,data/images/b6e9ff3d-51d3-48eb-aba6-8a9e2b44c4a3.jpg,ok,,1024,1024,RGB,JPEG
df895a7d-bb7b-4beb-803e-899e065ddb20.jpg,train,data/images/df895a7d-bb7b-4beb-803e-899e065ddb20.jpg,ok,,832,1248,RGB,JPEG
ddfe75f5-c402-4752-be1e-52baeb6c9faa.jpg,train,data/images/ddfe75f5-c402-4752-be1e-52baeb6c9faa.jpg,ok,,1024,1024,RGB,JPEG
fcae37a8-0708-449a-b8d1-5599bc0aa346.jpg,train,data/images/fcae37a8-0708-449a-b8d1-5599bc0aa346.jpg,ok,,1024,1024,RGB,JPEG
25e9f23a-1cb0-4fe6-8a39-d1ac013e46c2.jpg,train,data/images/25e9f23a-1cb0-4fe6-8a39-d1ac013e46c2.jpg,ok,,1195,896,RGB,JPEG
711a75bd-06ef-4699-a88d-9d68f68e6cbc.jpg,train,data/images/711a75bd-06ef-4699-a88d-9d68f68e6cbc.jpg,ok,,896,1195,RGB,JPEG
2a075a30-7fca-44fc-8e29-93bc4e8cfa9e.jpg,train,data/images/2a075a30-7fca-44fc-8e29-93bc4e8cfa9e.jpg,ok,,1024,558,RGB,JPEG
d89ca244-54b2-40bf-8d4d-d7bede084ca5.jpg,train,data/images/d89ca244-54b2-40bf-8d4d-d7bede084ca5.jpg,ok,,1024,1024,RGB,JPEG
d7dd9be4-91db-4f65-a765-d36211b52198.jpg,train,data/images/d7dd9be4-91db-4f65-a765-d36211b52198.jpg,ok,,1024,1024,RGB,JPEG
3d86bd42-bc95-46b5-97bb-8898d15bb041.jpg,train,data/images/3d86bd42-bc95-46b5-97bb-8898d15bb041.jpg,ok,,1024,558,RGB,JPEG
b9cce903-2aa4-46c2-a3e7-29a1fea4b6b5.jpg,train,data/images/b9cce903-2aa4-46c2-a3e7-29a1fea4b6b5.jpg,ok,,1024,558,RGB,JPEG
005af84d-d9ae-4842-a4a2-75fc8f590a94.jpg,train,data/images/005af84d-d9ae-4842-a4a2-75fc8f590a94.jpg,ok,,1024,1024,RGB,JPEG
6347a534-1402-4b6a-a463-d5f3851f039d.jpg,train,data/images/6347a534-1402-4b6a-a463-d5f3851f039d.jpg,ok,,1024,1024,RGB,JPEG
37a0b848-fe13-4a64-a191-def34bc1259e.jpg,train,data/images/37a0b848-fe13-4a64-a191-def34bc1259e.jpg,ok,,1024,1024,RGB,JPEG
eac13fac-cb50-46a8-b8c9-765d8195784e.jpg,train,data/images/eac13fac-cb50-46a8-b8c9-765d8195784e.jpg,ok,,1195,896,RGB,JPEG
0ce4e9b6-16fc-48ce-a415-40e5436adf44.jpg,train,data/images/0ce4e9b6-16fc-48ce-a415-40e5436adf44.jpg,ok,,1024,1024,RGB,JPEG
fcdc5f51-2dd4-41bd-aca6-935965596083.jpg,train,data/images/fcdc5f51-2dd4-41bd-aca6-935965596083.jpg,ok,,1248,832,RGB,JPEG
a0996b94-e9e3-4400-9dc9-f91c967fe4db.jpg,train,data/images/a0996b94-e9e3-4400-9dc9-f91c967fe4db.jpg,ok,,1024,1024,RGB,JPEG
a69a4f2e-4dc5-4951-a130-0b7a472aa8d1.jpg,train,data/images/a69a4f2e-4dc5-4951-a130-0b7a472aa8d1.jpg,ok,,1024,1024,RGB,JPEG
b15bbcb9-0269-4340-b9b2-bb8575e23cf5.jpg,train,data/images/b15bbcb9-0269-4340-b9b2-bb8575e23cf5.jpg,ok,,1024,1024,RGB,JPEG
3219bd46-e081-438a-a094-442d3d59279c.jpg,train,data/images/3219bd46-e081-438a-a094-442d3d59279c.jpg,ok,,1440,1080,RGB,JPEG
af7237a9-3584-471c-a1bc-5315a1876464.jpg,train,data/images/af7237a9-3584-471c-a1bc-5315a1876464.jpg,ok,,1024,1024,RGB,JPEG
9ba83be5-15e3-426c-99f2-d9bb82bea46c.jpg,train,data/images/9ba83be5-15e3-426c-99f2-d9bb82bea46c.jpg,ok,,1024,1024,RGB,JPEG
29b07988-89f7-4230-a7cf-f090d19a1e68.jpg,train,data/images/29b07988-89f7-4230-a7cf-f090d19a1e68.jpg,ok,,1024,1024,RGB,JPEG
2d56e13b-d89b-4b0f-b549-2b446f793a55.jpg,train,data/images/2d56e13b-d89b-4b0f-b549-2b446f793a55.jpg,ok,,896,1195,RGB,JPEG
fe483fc2-372f-4fda-8064-b483d7db6432.jpg,train,data/images/fe483fc2-372f-4fda-8064-b483d7db6432.jpg,ok,,1024,1024,RGB,JPEG
c7a54142-d447-4bde-9c0d-baa95bcace4b.jpg,train,data/images/c7a54142-d447-4bde-9c0d-baa95bcace4b.jpg,ok,,832,1248,RGB,JPEG
859fa6e2-4615-46af-b1d1-78142b2c3a09.jpg,train,data/images/859fa6e2-4615-46af-b1d1-78142b2c3a09.jpg,ok,,896,1195,RGB,JPEG
f96e57c7-b454-4305-bb6a-459a39fe3d7d.jpg,train,data/images/f96e57c7-b454-4305-bb6a-459a39fe3d7d.jpg,ok,,1024,1024,RGB,JPEG
ab70de2e-3c16-4465-8238-8eb8ea5fadeb.jpg,train,data/images/ab70de2e-3c16-4465-8238-8eb8ea5fadeb.jpg,ok,,896,1195,RGB,JPEG
21f111fb-9607-4a6d-8f63-dcf348a5239c.jpg,train,data/images/21f111fb-9607-4a6d-8f63-dcf348a5239c.jpg,ok,,1024,1024,RGB,JPEG
38620006-4364-4959-8b23-572e2efa908e.jpg,train,data/images/38620006-4364-4959-8b23-572e2efa908e.jpg,ok,,1024,1024,RGB,JPEG
f2f65220-dcd4-4aca-8ce0-676faf7d920f.jpg,train,data/images/f2f65220-dcd4-4aca-8ce0-676faf7d920f.jpg,ok,,1024,1024,RGB,JPEG
e99ddae3-ac03-4d2d-a843-a2f981f293be.jpg,train,data/images/e99ddae3-ac03-4d2d-a843-a2f981f293be.jpg,ok,,1024,1024,RGB,JPEG
e9bf090c-dc5a-4d13-8c95-fff4fe109367.jpg,train,data/images/e9bf090c-dc5a-4d13-8c95-fff4fe109367.jpg,ok,,1024,1024,RGB,JPEG
0a9934b8-89ac-4d98-b917-e6955dce4b8a.jpg,train,data/images/0a9934b8-89ac-4d98-b917-e6955dce4b8a.jpg,ok,,1080,1440,RGB,JPEG
0fe5dd85-4ea9-4363-b3d9-c299c63f7ad6.jpg,train,data/images/0fe5dd85-4ea9-4363-b3d9-c299c63f7ad6.jpg,ok,,1024,1024,RGB,JPEG
59144cf3-7cc7-43fd-8480-b3b54ec0d356.jpg,train,data/images/59144cf3-7cc7-43fd-8480-b3b54ec0d356.jpg,ok,,1024,1024,RGB,JPEG
4c57d84d-1fdd-47f6-aef0-08e59bb9afd0.jpg,train,data/images/4c57d84d-1fdd-47f6-aef0-08e59bb9afd0.jpg,ok,,1024,1024,RGB,JPEG
61940547-7dd5-47c6-b356-813837680f3a.jpg,train,data/images/61940547-7dd5-47c6-b356-813837680f3a.jpg,ok,,1024,1024,RGB,JPEG
73d49bd4-2f19-464c-951e-4c0b504fd33c.jpg,train,data/images/73d49bd4-2f19-464c-951e-4c0b504fd33c.jpg,ok,,1200,1200,RGB,JPEG
558c477c-c579-4e3b-a33a-c76cf948578c.jpg,train,data/images/558c477c-c579-4e3b-a33a-c76cf948578c.jpg,ok,,1024,1024,RGB,JPEG
de5f4554-3992-4669-b294-4f1e21a946d0.jpg,train,data/images/de5f4554-3992-4669-b294-4f1e21a946d0.jpg,ok,,1024,1024,RGB,JPEG
722eebc7-905f-4a4c-8e6c-70b2fab00b57.jpg,train,data/images/722eebc7-905f-4a4c-8e6c-70b2fab00b57.jpg,ok,,832,1248,RGB,JPEG
7f7363b2-d60d-4850-b2d6-bf9d52092291.jpg,train,data/images/7f7363b2-d60d-4850-b2d6-bf9d52092291.jpg,ok,,896,1195,RGB,JPEG
39264b44-e30f-4aee-ac23-83c9c048b8ab.jpg,train,data/images/39264b44-e30f-4aee-ac23-83c9c048b8ab.jpg,ok,,1024,1024,RGB,JPEG
7cd85a71-3067-4f3d-9020-113cf8dd7e35.jpg,train,data/images/7cd85a71-3067-4f3d-9020-113cf8dd7e35.jpg,ok,,1024,716,RGB,JPEG
c0a0b7aa-90c7-4c69-9394-a271d83e0cc5.jpg,train,data/images/c0a0b7aa-90c7-4c69-9394-a271d83e0cc5.jpg,ok,,1024,1024,RGB,JPEG
8e616bc8-a3d8-467f-a249-736e827724dd.jpg,train,data/images/8e616bc8-a3d8-467f-a249-736e827724dd.jpg,ok,,300,400,RGB,JPEG
58cd3461-5131-451e-8bd9-7b1386391769.jpg,train,data/images/58cd3461-5131-451e-8bd9-7b1386391769.jpg,ok,,1024,716,RGB,JPEG
05d40748-9fa2-45ec-94b5-6b8ececa95e9.jpg,train,data/images/05d40748-9fa2-45ec-94b5-6b8ececa95e9.jpg,ok,,896,1195,RGB,JPEG
f3629607-5689-4c21-a96b-27e4f3501c84.jpg,train,data/images/f3629607-5689-4c21-a96b-27e4f3501c84.jpg,ok,,1024,1024,RGB,JPEG
b2dd96ae-664c-45de-8898-79a959b3bf87.jpg,train,data/images/b2dd96ae-664c-45de-8898-79a959b3bf87.jpg,ok,,1024,1024,RGB,JPEG
a36b8e63-18d5-4542-8138-9061939c1a07.jpg,train,data/images/a36b8e63-18d5-4542-8138-9061939c1a07.jpg,ok,,1024,1024,RGB,JPEG
7e323531-34eb-45b9-bd5f-b66c0ef1d5ad.jpg,train,data/images/7e323531-34eb-45b9-bd5f-b66c0ef1d5ad.jpg,ok,,1024,1024,RGB,JPEG
03039b60-df6b-4c3a-bcc5-5f3d1203f8b9.jpg,train,data/images/03039b60-df6b-4c3a-bcc5-5f3d1203f8b9.jpg,ok,,1024,1024,RGB,JPEG
23760519-c243-4f77-8bee-b407fa33d283.jpg,train,data/images/23760519-c243-4f77-8bee-b407fa33d283.jpg,ok,,1024,558,RGB,JPEG
f5251ae5-275d-4620-9201-5cf8b6b7fa7e.jpg,train,data/images/f5251ae5-275d-4620-9201-5cf8b6b7fa7e.jpg,ok,,1248,832,RGB,JPEG
039ea0f8-432c-4373-b103-ca9914086fe3.jpg,train,data/images/039ea0f8-432c-4373-b103-ca9914086fe3.jpg,ok,,896,1195,RGB,JPEG
e647d156-64af-49b5-9fdb-c5588c4ed7db.jpg,train,data/images/e647d156-64af-49b5-9fdb-c5588c4ed7db.jpg,ok,,1024,1024,RGB,JPEG
0358da46-3aa2-481b-b619-d96f6922e976.jpg,train,data/images/0358da46-3aa2-481b-b619-d96f6922e976.jpg,ok,,896,1195,RGB,JPEG
ab4289d4-c00f-411d-b6b8-a64337c67d5c.jpg,train,data/images/ab4289d4-c00f-411d-b6b8-a64337c67d5c.jpg,ok,,1024,1024,RGB,JPEG
4f8de24c-6289-4c5d-861c-01a95779bf4d.jpg,train,data/images/4f8de24c-6289-4c5d-861c-01a95779bf4d.jpg,ok,,1024,1024,RGB,JPEG
b1fec01d-f1d6-4e5b-900a-084735b79eb2.jpg,train,data/images/b1fec01d-f1d6-4e5b-900a-084735b79eb2.jpg,ok,,1024,1024,RGB,JPEG
783295c3-7419-4207-8c98-6bbe8052e0a8.jpg,train,data/images/783295c3-7419-4207-8c98-6bbe8052e0a8.jpg,ok,,832,1248,RGB,JPEG
02a78022-561c-4bfa-9490-e02f17211f77.jpg,train,data/images/02a78022-561c-4bfa-9490-e02f17211f77.jpg,ok,,1024,1024,RGB,JPEG
d8413564-8275-4988-9c69-3f5f68646207.jpg,train,data/images/d8413564-8275-4988-9c69-3f5f68646207.jpg,ok,,1024,1024,RGB,JPEG
4a87650e-76c5-41da-bcc5-181e5530f5bf.jpg,train,data/images/4a87650e-76c5-41da-bcc5-181e5530f5bf.jpg,ok,,2560,2560,RGB,JPEG
6949a1fb-9d9f-43b6-a7e1-7d3fb5ac8d3c.jpg,train,data/images/6949a1fb-9d9f-43b6-a7e1-7d3fb5ac8d3c.jpg,ok,,1024,1024,RGB,JPEG
2bfa3e8c-f3fa-4beb-a10b-a8947ac1806b.jpg,train,data/images/2bfa3e8c-f3fa-4beb-a10b-a8947ac1806b.jpg,ok,,1024,1024,RGB,JPEG
e97f648b-e590-4ba4-9b3b-53bd00f6bc5b.jpg,train,data/images/e97f648b-e590-4ba4-9b3b-53bd00f6bc5b.jpg,ok,,832,1248,RGB,JPEG
81a4553d-e0ab-4fec-b23f-e8f7adac9279.jpg,train,data/images/81a4553d-e0ab-4fec-b23f-e8f7adac9279.jpg,ok,,1248,832,RGB,JPEG
d8e975c0-5036-404b-ab31-d1b267c24bc8.jpg,train,data/images/d8e975c0-5036-404b-ab31-d1b267c24bc8.jpg,ok,,800,800,RGB,JPEG
bb1bb1f0-40e6-4139-91c7-1a93a4061f4a.jpg,train,data/images/bb1bb1f0-40e6-4139-91c7-1a93a4061f4a.jpg,ok,,1024,1024,RGB,JPEG
4da4efd7-703c-4e21-9ac4-cdb9f7ef3646.jpg,train,data/images/4da4efd7-703c-4e21-9ac4-cdb9f7ef3646.jpg,ok,,1024,1024,RGB,JPEG
4da495ea-ced0-436a-b850-dd0dd5a368fd.jpg,train,data/images/4da495ea-ced0-436a-b850-dd0dd5a368fd.jpg,ok,,832,1248,RGB,JPEG
a9e3f0b0-2106-4f32-a9d3-5a4aaac38138.jpg,train,data/images/a9e3f0b0-2106-4f32-a9d3-5a4aaac38138.jpg,ok,,832,1248,RGB,JPEG
4fb50885-4c20-4a5a-8fe9-90c6385dfdd4.jpg,train,data/images/4fb50885-4c20-4a5a-8fe9-90c6385dfdd4.jpg,ok,,1879,2200,RGB,JPEG
c63b9228-83ed-4e78-9020-088dad8eb510.jpg,train,data/images/c63b9228-83ed-4e78-9020-088dad8eb510.jpg,ok,,1024,1024,RGB,JPEG
b9df1100-a52b-4fb5-82bd-665ce3d831f5.jpg,train,data/images/b9df1100-a52b-4fb5-82bd-665ce3d831f5.jpg,ok,,1024,1024,RGB,JPEG
7d9ea975-acf5-4548-a1d8-78ef6f0b8ae8.jpg,train,data/images/7d9ea975-acf5-4548-a1d8-78ef6f0b8ae8.jpg,ok,,1024,1024,RGB,JPEG
55f9e352-5a09-44e3-acdc-b84462a3bea3.jpg,train,data/images/55f9e352-5a09-44e3-acdc-b84462a3bea3.jpg,ok,,1024,1024,RGB,JPEG
a3c0cdf4-fd9d-4dea-8e5d-cb5a75b131cf.jpg,train,data/images/a3c0cdf4-fd9d-4dea-8e5d-cb5a75b131cf.jpg,ok,,1024,1024,RGB,JPEG
edcc00b0-2782-4a30-918e-96cc7b6d7ab2.jpg,train,data/images/edcc00b0-2782-4a30-918e-96cc7b6d7ab2.jpg,ok,,1024,716,RGB,JPEG
d2aa3b95-721a-4f3b-b95b-d2d747b82a65.jpg,train,data/images/d2aa3b95-721a-4f3b-b95b-d2d747b82a65.jpg,ok,,1024,558,RGB,JPEG
b193cfca-0e43-41d9-b175-8400548764a7.jpg,train,data/images/b193cfca-0e43-41d9-b175-8400548764a7.jpg,ok,,558,1024,RGB,JPEG
8ff66380-c6bd-4ed4-b595-b7febc4690cc.jpg,train,data/images/8ff66380-c6bd-4ed4-b595-b7febc4690cc.jpg,ok,,1024,1024,RGB,JPEG
9db153e4-6ff6-494b-97b8-35d0af5c3bbd.jpg,train,data/images/9db153e4-6ff6-494b-97b8-35d0af5c3bbd.jpg,ok,,1024,1024,RGB,JPEG
2c6b8ef3-916b-4bfd-8e6a-4b7e1da7b1b5.jpg,train,data/images/2c6b8ef3-916b-4bfd-8e6a-4b7e1da7b1b5.jpg,ok,,1248,832,RGB,JPEG
554b87a0-3dc7-4f7e-9a49-6e920c0872c5.jpg,train,data/images/554b87a0-3dc7-4f7e-9a49-6e920c0872c5.jpg,ok,,1024,1024,RGB,JPEG
e06061b8-bb05-4f9c-942c-39c7875523dc.jpg,train,data/images/e06061b8-bb05-4f9c-942c-39c7875523dc.jpg,ok,,832,1248,RGB,JPEG
2868bd80-f8d2-469b-b5e4-c653faa3d267.jpg,train,data/images/2868bd80-f8d2-469b-b5e4-c653faa3d267.jpg,ok,,1195,896,RGB,JPEG
294d7fa6-6401-4ea0-b2dd-591ee67a04e3.jpg,train,data/images/294d7fa6-6401-4ea0-b2dd-591ee67a04e3.jpg,ok,,1024,1024,RGB,JPEG
a1d0ae98-a3f1-4085-9c09-8cad816a2247.jpg,train,data/images/a1d0ae98-a3f1-4085-9c09-8cad816a2247.jpg,ok,,1024,1024,RGB,JPEG
5b93df86-d488-493d-b976-c0d685468a8e.jpg,train,data/images/5b93df86-d488-493d-b976-c0d685468a8e.jpg,ok,,1024,558,RGB,JPEG
d0dc3056-9b71-4058-b5fc-49744a0722d7.jpg,train,data/images/d0dc3056-9b71-4058-b5fc-49744a0722d7.jpg,ok,,1024,558,RGB,JPEG
b9763cae-3b89-48c0-8a4e-fa8b8e434d1a.jpg,train,data/images/b9763cae-3b89-48c0-8a4e-fa8b8e434d1a.jpg,ok,,1024,716,RGB,JPEG
41ab332d-755c-41ab-a91d-1d945032f017.jpg,train,data/images/41ab332d-755c-41ab-a91d-1d945032f017.jpg,ok,,832,1248,RGB,JPEG
05852d02-6867-464b-b194-b48cfecdfefb.jpg,train,data/images/05852d02-6867-464b-b194-b48cfecdfefb.jpg,ok,,500,500,RGB,JPEG
0318405c-b5d9-44d1-8ccc-f2f614769dc0.jpg,train,data/images/0318405c-b5d9-44d1-8ccc-f2f614769dc0.jpg,ok,,1024,1024,RGB,JPEG
0a3c3b38-9be3-4c1b-9c61-1408a8ed612a.jpg,train,data/images/0a3c3b38-9be3-4c1b-9c61-1408a8ed612a.jpg,ok,,1000,1000,RGB,JPEG
f46bd7ad-daec-47f5-97a6-bde55b06d767.jpg,train,data/images/f46bd7ad-daec-47f5-97a6-bde55b06d767.jpg,ok,,1024,1024,RGB,JPEG
dd822500-cd3e-4210-a6f1-55b24e344301.jpg,train,data/images/dd822500-cd3e-4210-a6f1-55b24e344301.jpg,ok,,1024,1024,RGB,JPEG
6f27966a-8a53-4cd4-be8a-8c603cae6ed0.jpg,train,data/images/6f27966a-8a53-4cd4-be8a-8c603cae6ed0.jpg,ok,,1024,1024,RGB,JPEG
dd9087a5-77cb-4c18-a2a1-8defb56bb33d.jpg,train,data/images/dd9087a5-77cb-4c18-a2a1-8defb56bb33d.jpg,ok,,1024,1024,RGB,JPEG
24cfab20-f9a3-4dd7-a75e-0d548faa1413.jpg,train,data/images/24cfab20-f9a3-4dd7-a75e-0d548faa1413.jpg,ok,,1024,1024,RGB,JPEG
71bec556-b116-4836-99aa-c7fc9a83b225.jpg,train,data/images/71bec556-b116-4836-99aa-c7fc9a83b225.jpg,ok,,832,1248,RGB,JPEG
84fec93f-35e9-411f-a3b8-e9c2dd708989.jpg,train,data/images/84fec93f-35e9-411f-a3b8-e9c2dd708989.jpg,ok,,896,1195,RGB,JPEG
165ca585-f72a-40da-89bc-738e7a013461.jpg,train,data/images/165ca585-f72a-40da-89bc-738e7a013461.jpg,ok,,896,1195,RGB,JPEG
cd141363-bead-42c9-86c4-17cfeceac2ac.jpg,train,data/images/cd141363-bead-42c9-86c4-17cfeceac2ac.jpg,ok,,1024,1024,RGB,JPEG
5fc85b1c-2239-4101-9126-b9d2d038e9dc.jpg,train,data/images/5fc85b1c-2239-4101-9126-b9d2d038e9dc.jpg,ok,,1024,1024,RGB,JPEG
861e6c45-cee5-4dfe-9af8-b509f8d09f14.jpg,train,data/images/861e6c45-cee5-4dfe-9af8-b509f8d09f14.jpg,ok,,1024,1024,RGB,JPEG
86087c2a-93a8-4e33-84a7-df28afff045d.jpg,train,data/images/86087c2a-93a8-4e33-84a7-df28afff045d.jpg,ok,,1248,832,RGB,JPEG
00e74b62-90e9-4e2d-95c8-1e1c0541f839.jpg,train,data/images/00e74b62-90e9-4e2d-95c8-1e1c0541f839.jpg,ok,,1195,896,RGB,JPEG
d6151d0b-0d46-4b2d-8620-55310e36ce92.jpg,train,data/images/d6151d0b-0d46-4b2d-8620-55310e36ce92.jpg,ok,,1024,1024,RGB,JPEG
cbb122c3-4dd8-46b3-b9aa-6b2a037141f5.jpg,train,data/images/cbb122c3-4dd8-46b3-b9aa-6b2a037141f5.jpg,ok,,1024,1024,RGB,JPEG
db4a679c-31d6-4ae3-bec7-a9bf10c498da.jpg,train,data/images/db4a679c-31d6-4ae3-bec7-a9bf10c498da.jpg,ok,,896,1195,RGB,JPEG
70670322-37b9-46b8-aa05-2de3885d6a74.jpg,train,data/images/70670322-37b9-46b8-aa05-2de3885d6a74.jpg,ok,,1024,716,RGB,JPEG
4e64666a-982f-4021-90dd-d42ae35d2ad4.jpg,train,data/images/4e64666a-982f-4021-90dd-d42ae35d2ad4.jpg,ok,,896,1195,RGB,JPEG
d2db554b-9672-4b06-aec0-631954233134.jpg,train,data/images/d2db554b-9672-4b06-aec0-631954233134.jpg,ok,,1024,1024,RGB,JPEG
b05914ed-5b0f-4fa1-aa0e-1710b50a1014.jpg,train,data/images/b05914ed-5b0f-4fa1-aa0e-1710b50a1014.jpg,ok,,1024,558,RGB,JPEG
238b265c-1deb-4571-9ac4-757edc26b089.jpg,train,data/images/238b265c-1deb-4571-9ac4-757edc26b089.jpg,ok,,1024,1024,RGB,JPEG
c08e93bc-8fe2-4bf1-8fc9-e3d4f6207ec8.jpg,train,data/images/c08e93bc-8fe2-4bf1-8fc9-e3d4f6207ec8.jpg,ok,,1195,896,RGB,JPEG
aacb009b-eb72-4dea-9ba1-4162eb5ded9b.jpg,train,data/images/aacb009b-eb72-4dea-9ba1-4162eb5ded9b.jpg,ok,,1024,716,RGB,JPEG
2a24e213-62ca-457a-9bb4-8e22d62f1f48.jpg,train,data/images/2a24e213-62ca-457a-9bb4-8e22d62f1f48.jpg,ok,,1280,1024,RGB,JPEG
468d1a48-6158-40e2-b0cc-9b628caa4093.jpg,train,data/images/468d1a48-6158-40e2-b0cc-9b628caa4093.jpg,ok,,896,1195,RGB,JPEG
bb93550f-a882-4366-974d-772a795fd4ac.jpg,train,data/images/bb93550f-a882-4366-974d-772a795fd4ac.jpg,ok,,1024,558,RGB,JPEG
b51fdf31-5b45-4bf8-aeab-c5e2b26514aa.jpg,train,data/images/b51fdf31-5b45-4bf8-aeab-c5e2b26514aa.jpg,ok,,896,1195,RGB,JPEG
708f527b-94d0-472d-a787-e30fbfba4d56.jpg,train,data/images/708f527b-94d0-472d-a787-e30fbfba4d56.jpg,ok,,896,1195,RGB,JPEG
52dc2ce5-8063-470c-8544-b734dfe50858.jpg,train,data/images/52dc2ce5-8063-470c-8544-b734dfe50858.jpg,ok,,1024,1024,RGB,JPEG
b75b6e1e-eb1b-422c-a7be-dfc974c911c5.jpg,train,data/images/b75b6e1e-eb1b-422c-a7be-dfc974c911c5.jpg,ok,,1024,1024,RGB,JPEG
48333126-2f5c-4fb9-bba2-ef489b99dbfa.jpg,train,data/images/48333126-2f5c-4fb9-bba2-ef489b99dbfa.jpg,ok,,800,800,RGB,JPEG
b6628d02-bedf-432e-bf47-95776c47de47.jpg,train,data/images/b6628d02-bedf-432e-bf47-95776c47de47.jpg,ok,,896,1195,RGB,JPEG
599ce1c9-b96c-40ac-8728-8e4290b98a69.jpg,train,data/images/599ce1c9-b96c-40ac-8728-8e4290b98a69.jpg,ok,,1024,1024,RGB,JPEG
03c8117c-5365-43eb-8117-3e11ac4e5972.jpg,train,data/images/03c8117c-5365-43eb-8117-3e11ac4e5972.jpg,ok,,1024,1024,RGB,JPEG
aa2889b5-f06e-4d4a-ad41-4a15617b93fa.jpg,train,data/images/aa2889b5-f06e-4d4a-ad41-4a15617b93fa.jpg,ok,,1024,1024,RGB,JPEG
e21b09f6-486d-43a2-b3e8-6dae81274b67.jpg,train,data/images/e21b09f6-486d-43a2-b3e8-6dae81274b67.jpg,ok,,1024,1024,RGB,JPEG
74d364eb-aa92-45dd-8010-a3d882005ad9.jpg,train,data/images/74d364eb-aa92-45dd-8010-a3d882005ad9.jpg,ok,,1248,832,RGB,JPEG
f92e9175-55b9-4677-b77f-a514737c2ea0.jpg,train,data/images/f92e9175-55b9-4677-b77f-a514737c2ea0.jpg,ok,,1024,1024,RGB,JPEG
35596300-104d-4bcd-9aa6-8212c294451e.jpg,train,data/images/35596300-104d-4bcd-9aa6-8212c294451e.jpg,ok,,1248,832,RGB,JPEG
e6d56700-f1e1-437b-8df1-677ddce6bd3d.jpg,train,data/images/e6d56700-f1e1-437b-8df1-677ddce6bd3d.jpg,ok,,1024,1024,RGB,JPEG
b761cc8f-f8d9-4d2f-be35-6405bff0069a.jpg,train,data/images/b761cc8f-f8d9-4d2f-be35-6405bff0069a.jpg,ok,,1024,558,RGB,JPEG
f66ff461-4978-405c-b2e8-0d3cb33abbaf.jpg,train,data/images/f66ff461-4978-405c-b2e8-0d3cb33abbaf.jpg,ok,,1024,1024,RGB,JPEG
1c933242-ca4b-4b05-b3e7-b8c04dafa683.jpg,train,data/images/1c933242-ca4b-4b05-b3e7-b8c04dafa683.jpg,ok,,1024,718,RGB,JPEG
61910991-c2a3-42a1-bc4a-1998e5de33a3.jpg,train,data/images/61910991-c2a3-42a1-bc4a-1998e5de33a3.jpg,ok,,1024,558,RGB,JPEG
845cefcb-8f3d-4974-91e6-9388d82cf67e.jpg,train,data/images/845cefcb-8f3d-4974-91e6-9388d82cf67e.jpg,ok,,1024,1024,RGB,JPEG
0816e489-1922-4e66-aee5-d044d287ee50.jpg,train,data/images/0816e489-1922-4e66-aee5-d044d287ee50.jpg,ok,,1024,1024,RGB,JPEG
21b6e410-095b-45f6-8c46-0dccf612b6d7.jpg,train,data/images/21b6e410-095b-45f6-8c46-0dccf612b6d7.jpg,ok,,1024,1024,RGB,JPEG
499ee977-7716-4dbb-8110-d02b543f78eb.jpg,train,data/images/499ee977-7716-4dbb-8110-d02b543f78eb.jpg,ok,,1024,558,RGB,JPEG
2298ec3d-0862-4157-be9d-ed3bb4c7a425.jpg,train,data/images/2298ec3d-0862-4157-be9d-ed3bb4c7a425.jpg,ok,,558,1024,RGB,JPEG
cb78f028-dfe8-4bc4-ac32-b1ccbc1bf2cc.jpg,train,data/images/cb78f028-dfe8-4bc4-ac32-b1ccbc1bf2cc.jpg,ok,,1024,1024,RGB,JPEG
17003790-e26c-497a-9b10-5bb442ff8329.jpg,train,data/images/17003790-e26c-497a-9b10-5bb442ff8329.jpg,ok,,1024,1024,RGB,JPEG
04a5e5a0-41f6-4a9d-842e-15e7fae51e3b.jpg,train,data/images/04a5e5a0-41f6-4a9d-842e-15e7fae51e3b.jpg,ok,,1195,896,RGB,JPEG
1e5d246c-cbce-4046-b4a3-d441a25718ad.jpg,train,data/images/1e5d246c-cbce-4046-b4a3-d441a25718ad.jpg,ok,,1024,1024,RGB,JPEG
3fff2dcc-3d9c-43c0-8029-4418894e1061.jpg,train,data/images/3fff2dcc-3d9c-43c0-8029-4418894e1061.jpg,ok,,1024,716,RGB,JPEG
0cdf3270-f0b2-4757-b0ca-67414de6414d.jpg,train,data/images/0cdf3270-f0b2-4757-b0ca-67414de6414d.jpg,ok,,1024,1024,RGB,JPEG
de18d288-b1b2-4fc6-a289-938bb7a65454.jpg,train,data/images/de18d288-b1b2-4fc6-a289-938bb7a65454.jpg,ok,,500,375,RGB,JPEG
16f9dcff-f4a3-4baa-9431-b7aec4942df2.jpg,train,data/images/16f9dcff-f4a3-4baa-9431-b7aec4942df2.jpg,ok,,1024,1024,RGB,JPEG
1e895746-e3d7-4abc-880e-80257aeb6cce.jpg,train,data/images/1e895746-e3d7-4abc-880e-80257aeb6cce.jpg,ok,,1024,716,RGB,JPEG
2635ab17-5c9a-4583-8ded-4cb70e377782.jpg,train,data/images/2635ab17-5c9a-4583-8ded-4cb70e377782.jpg,ok,,1024,558,RGB,JPEG
16d68d75-869e-49b0-a49e-338c15549261.jpg,train,data/images/16d68d75-869e-49b0-a49e-338c15549261.jpg,ok,,1024,1024,RGB,JPEG
1a25843c-01be-4fca-81e4-2f64901f3b3b.jpg,train,data/images/1a25843c-01be-4fca-81e4-2f64901f3b3b.jpg,ok,,1024,1024,RGB,JPEG
6e4e0732-21c8-4672-a9d6-23c602498b7d.jpg,train,data/images/6e4e0732-21c8-4672-a9d6-23c602498b7d.jpg,ok,,1024,1024,RGB,JPEG
ac336fdb-ba63-4eb7-a758-5d4f3376e269.jpg,train,data/images/ac336fdb-ba63-4eb7-a758-5d4f3376e269.jpg,ok,,1248,832,RGB,JPEG
c6469cab-81a4-4c75-876c-ec4b3051fda4.jpg,train,data/images/c6469cab-81a4-4c75-876c-ec4b3051fda4.jpg,ok,,1024,1024,RGB,JPEG
009f1abc-0e75-4238-8510-604f45c6657c.jpg,train,data/images/009f1abc-0e75-4238-8510-604f45c6657c.jpg,ok,,1024,1024,RGB,JPEG
3cb9e0d8-6cd3-4b61-b4c3-99cd5f363e47.jpg,train,data/images/3cb9e0d8-6cd3-4b61-b4c3-99cd5f363e47.jpg,ok,,1024,1024,RGB,JPEG
150847c9-ea5e-4b62-9ec3-ba8f758c1d01.jpg,train,data/images/150847c9-ea5e-4b62-9ec3-ba8f758c1d01.jpg,ok,,896,1195,RGB,JPEG
8ac155a8-0ca1-4d16-bfcb-55a975a70b7d.jpg,train,data/images/8ac155a8-0ca1-4d16-bfcb-55a975a70b7d.jpg,ok,,1024,1024,RGB,JPEG
36c55e2b-7266-4a14-b0b0-61c52fd6a2aa.jpg,train,data/images/36c55e2b-7266-4a14-b0b0-61c52fd6a2aa.jpg,ok,,1024,1024,RGB,JPEG
732cb4eb-8bf8-4ce4-b3c4-e9311d0d5704.jpg,train,data/images/732cb4eb-8bf8-4ce4-b3c4-e9311d0d5704.jpg,ok,,1024,1024,RGB,JPEG
1edb42e9-28c5-4181-a9af-91fd7f96d1fa.jpg,train,data/images/1edb42e9-28c5-4181-a9af-91fd7f96d1fa.jpg,ok,,1024,1024,RGB,JPEG
5bc57212-0b37-4be7-819d-32721b54f57b.jpg,train,data/images/5bc57212-0b37-4be7-819d-32721b54f57b.jpg,ok,,1248,832,RGB,JPEG
876b4c7b-5f3e-496f-a396-7ce0f7fa814d.jpg,train,data/images/876b4c7b-5f3e-496f-a396-7ce0f7fa814d.jpg,ok,,1024,1024,RGB,JPEG
da852b9b-c99e-4ead-af8a-6a63c27158bd.jpg,train,data/images/da852b9b-c99e-4ead-af8a-6a63c27158bd.jpg,ok,,1024,1024,RGB,JPEG
32708251-5d7e-4832-ba7e-ae200089884f.jpg,train,data/images/32708251-5d7e-4832-ba7e-ae200089884f.jpg,ok,,1024,1024,RGB,JPEG
0a7ad37c-d816-42a1-818b-9cbd76b7bc79.jpg,train,data/images/0a7ad37c-d816-42a1-818b-9cbd76b7bc79.jpg,ok,,1879,2200,RGB,JPEG
bc94015b-144e-4819-acbd-98f03954e105.jpg,train,data/images/bc94015b-144e-4819-acbd-98f03954e105.jpg,ok,,832,1248,RGB,JPEG
1e2662a5-3292-4ede-bff7-fe42b17b49ad.jpg,train,data/images/1e2662a5-3292-4ede-bff7-fe42b17b49ad.jpg,ok,,1024,1024,RGB,JPEG
2df723ae-2258-427d-8583-e69924cf4011.jpg,train,data/images/2df723ae-2258-427d-8583-e69924cf4011.jpg,ok,,1024,1024,RGB,JPEG
182a36d2-10f8-4147-9f0d-fb8430b214d3.jpg,train,data/images/182a36d2-10f8-4147-9f0d-fb8430b214d3.jpg,ok,,1024,1024,RGB,JPEG
44b7972f-0579-4cdb-a079-1b2c16d0c755.jpg,train,data/images/44b7972f-0579-4cdb-a079-1b2c16d0c755.jpg,ok,,1024,1024,RGB,JPEG
10e39d5f-8190-49b8-bdce-37fb2d5b3f60.jpg,train,data/images/10e39d5f-8190-49b8-bdce-37fb2d5b3f60.jpg,ok,,1024,1024,RGB,JPEG
6cb39191-8549-4327-bb5e-b9538b14af26.jpg,train,data/images/6cb39191-8549-4327-bb5e-b9538b14af26.jpg,ok,,896,1195,RGB,JPEG
02085b0e-f67e-4be4-8a55-f46f298881a8.jpg,train,data/images/02085b0e-f67e-4be4-8a55-f46f298881a8.jpg,ok,,832,1248,RGB,JPEG
de88d783-244c-4d19-a44d-31642ca694d0.jpg,train,data/images/de88d783-244c-4d19-a44d-31642ca694d0.jpg,ok,,832,1248,RGB,JPEG
570f39ca-9de1-4593-94ae-a24097b64fc2.jpg,train,data/images/570f39ca-9de1-4593-94ae-a24097b64fc2.jpg,ok,,1024,1024,RGB,JPEG
ffb5fceb-f4b0-4d12-b93b-c05f75e73aa0.jpg,train,data/images/ffb5fceb-f4b0-4d12-b93b-c05f75e73aa0.jpg,ok,,1024,1024,RGB,JPEG
57c72eb4-59ed-4dd5-b1c8-db9462d9fa64.jpg,train,data/images/57c72eb4-59ed-4dd5-b1c8-db9462d9fa64.jpg,ok,,1024,1024,RGB,JPEG
d3b84454-9a4f-4f05-a5c7-0b843cfe4da5.jpg,train,data/images/d3b84454-9a4f-4f05-a5c7-0b843cfe4da5.jpg,ok,,896,1195,RGB,JPEG
7f784eb7-13a1-41b2-be16-2d964da5a9b9.jpg,train,data/images/7f784eb7-13a1-41b2-be16-2d964da5a9b9.jpg,ok,,832,1248,RGB,JPEG
e19c4b8f-a6f0-4d6f-b736-2f7cabdc0c2c.jpg,train,data/images/e19c4b8f-a6f0-4d6f-b736-2f7cabdc0c2c.jpg,ok,,1024,1024,RGB,JPEG
a11b7bce-0277-4d8c-85ed-61c9dee8651d.jpg,train,data/images/a11b7bce-0277-4d8c-85ed-61c9dee8651d.jpg,ok,,1248,832,RGB,JPEG
25824e8d-b01f-4ede-9e8a-ea0b544a988f.jpg,train,data/images/25824e8d-b01f-4ede-9e8a-ea0b544a988f.jpg,ok,,1024,1024,RGB,JPEG
4c13aad7-5b4e-4a39-9e21-5550b8746adf.jpg,train,data/images/4c13aad7-5b4e-4a39-9e21-5550b8746adf.jpg,ok,,1024,1024,RGB,JPEG
c0cf101f-b904-4f99-91ed-a2ab6229e4d5.jpg,train,data/images/c0cf101f-b904-4f99-91ed-a2ab6229e4d5.jpg,ok,,1195,896,RGB,JPEG
379e9e63-ac71-4d80-bf48-72873848168b.jpg,train,data/images/379e9e63-ac71-4d80-bf48-72873848168b.jpg,ok,,1024,1024,RGB,JPEG
b3474be0-158d-4eec-9f17-237eaf366a10.jpg,train,data/images/b3474be0-158d-4eec-9f17-237eaf366a10.jpg,ok,,500,500,RGB,JPEG
c8852b7f-cb32-4bff-b4a7-bb2fa5071cfb.jpg,train,data/images/c8852b7f-cb32-4bff-b4a7-bb2fa5071cfb.jpg,ok,,1024,1024,RGB,JPEG
8dc7776d-384d-43a3-9896-6647b71b126d.jpg,train,data/images/8dc7776d-384d-43a3-9896-6647b71b126d.jpg,ok,,500,324,RGB,JPEG
60bcaa9f-eb1e-44fe-8a96-dc5fca7a765f.jpg,train,data/images/60bcaa9f-eb1e-44fe-8a96-dc5fca7a765f.jpg,ok,,1024,716,RGB,JPEG
17ef3505-d192-4640-95db-57a213df29ac.jpg,train,data/images/17ef3505-d192-4640-95db-57a213df29ac.jpg,ok,,896,1195,RGB,JPEG
51514b03-7647-437b-be5e-b2389a8541f6.jpg,train,data/images/51514b03-7647-437b-be5e-b2389a8541f6.jpg,ok,,558,1024,RGB,JPEG
1cf0ff6a-7200-4539-aae5-a841a57dc0bf.jpg,train,data/images/1cf0ff6a-7200-4539-aae5-a841a57dc0bf.jpg,ok,,1024,1024,RGB,JPEG
e40693a7-72ad-4fe2-8438-4c956eb10061.jpg,train,data/images/e40693a7-72ad-4fe2-8438-4c956eb10061.jpg,ok,,1280,1024,RGB,JPEG
bb48548e-438f-472d-8e8e-9f419ae9e7ad.jpg,train,data/images/bb48548e-438f-472d-8e8e-9f419ae9e7ad.jpg,ok,,1024,1024,RGB,JPEG
76d900be-df12-4362-ab08-ec3cceadac6a.jpg,train,data/images/76d900be-df12-4362-ab08-ec3cceadac6a.jpg,ok,,1024,1024,RGB,JPEG
f9d885d8-e8ff-479d-9340-530ba3430083.jpg,train,data/images/f9d885d8-e8ff-479d-9340-530ba3430083.jpg,ok,,896,1195,RGB,JPEG
7e1394ff-9061-4d28-a2cd-39d60ae3d4ee.jpg,train,data/images/7e1394ff-9061-4d28-a2cd-39d60ae3d4ee.jpg,ok,,800,800,RGB,JPEG
c3373f0a-9ae7-468a-8999-2bb60165eb49.jpg,train,data/images/c3373f0a-9ae7-468a-8999-2bb60165eb49.jpg,ok,,1024,1024,RGB,JPEG
fda600ce-941a-4703-8eb5-53077ee7780a.jpg,train,data/images/fda600ce-941a-4703-8eb5-53077ee7780a.jpg,ok,,1970,2560,RGB,JPEG
e5878ff6-cdb6-46bd-836a-c7b540bc03aa.jpg,train,data/images/e5878ff6-cdb6-46bd-836a-c7b540bc03aa.jpg,ok,,1024,1024,RGB,JPEG
8019e41d-bad8-4f14-97be-519492b94bdc.jpg,train,data/images/8019e41d-bad8-4f14-97be-519492b94bdc.jpg,ok,,1024,1024,RGB,JPEG
0b127b45-fd1a-4291-8838-95c4cee0b488.jpg,train,data/images/0b127b45-fd1a-4291-8838-95c4cee0b488.jpg,ok,,1024,1024,RGB,JPEG
eb27fc0b-2a06-4a7d-9edf-7581b4a6fcc0.jpg,train,data/images/eb27fc0b-2a06-4a7d-9edf-7581b4a6fcc0.jpg,ok,,800,800,RGB,JPEG
fb1f39a2-e73e-463c-ab32-10d47fbd4874.jpg,train,data/images/fb1f39a2-e73e-463c-ab32-10d47fbd4874.jpg,ok,,1024,1024,RGB,JPEG
104cdbd6-3975-4d3c-8e23-87f2e723320c.jpg,train,data/images/104cdbd6-3975-4d3c-8e23-87f2e723320c.jpg,ok,,1024,1024,RGB,JPEG
a11ad8a0-c5d8-42b0-8a1e-aa12347d4f83.jpg,train,data/images/a11ad8a0-c5d8-42b0-8a1e-aa12347d4f83.jpg,ok,,1024,716,RGB,JPEG
34816893-b661-4983-86ea-35c6f2777003.jpg,train,data/images/34816893-b661-4983-86ea-35c6f2777003.jpg,ok,,1248,832,RGB,JPEG
9f1086a3-1b57-497a-a441-efb12e5ea710.jpg,train,data/images/9f1086a3-1b57-497a-a441-efb12e5ea710.jpg,ok,,1024,1280,RGB,JPEG
0d42d2cc-4d11-4603-899b-b04295e4a991.jpg,train,data/images/0d42d2cc-4d11-4603-899b-b04295e4a991.jpg,ok,,832,1248,RGB,JPEG
bff7b664-525e-416e-961d-3de1fab5a1f3.jpg,train,data/images/bff7b664-525e-416e-961d-3de1fab5a1f3.jpg,ok,,1024,1024,RGB,JPEG
eeb2d47f-72c6-46b5-9d70-27ad999212ae.jpg,train,data/images/eeb2d47f-72c6-46b5-9d70-27ad999212ae.jpg,ok,,1024,1280,RGB,JPEG
aa38efa6-3c5c-4e2b-81a6-4bba9617ada9.jpg,train,data/images/aa38efa6-3c5c-4e2b-81a6-4bba9617ada9.jpg,ok,,896,1195,RGB,JPEG
fd9a2ca2-242f-4d82-82c5-8e28b12377af.jpg,train,data/images/fd9a2ca2-242f-4d82-82c5-8e28b12377af.jpg,ok,,896,1195,RGB,JPEG
92369f8c-93f3-4fc6-82b1-923f200e7cff.jpg,train,data/images/92369f8c-93f3-4fc6-82b1-923f200e7cff.jpg,ok,,1024,1024,RGB,JPEG
982f3af9-c271-4d4d-921c-cfa2a93e3c5a.jpg,train,data/images/982f3af9-c271-4d4d-921c-cfa2a93e3c5a.jpg,ok,,1024,716,RGB,JPEG
b6f60c3b-efaa-4301-a3da-494aa1355ee6.jpg,train,data/images/b6f60c3b-efaa-4301-a3da-494aa1355ee6.jpg,ok,,1024,1024,RGB,JPEG
1f914c7d-3bb8-47c8-8d31-fe56a1948559.jpg,train,data/images/1f914c7d-3bb8-47c8-8d31-fe56a1948559.jpg,ok,,896,1195,RGB,JPEG
1d129cc0-0861-44cd-9a28-7e61bd05895e.jpg,train,data/images/1d129cc0-0861-44cd-9a28-7e61bd05895e.jpg,ok,,1280,1024,RGB,JPEG
207a63c7-6ad4-4c19-a788-832560309642.jpg,train,data/images/207a63c7-6ad4-4c19-a788-832560309642.jpg,ok,,1248,832,RGB,JPEG
82bd071a-e710-4716-90eb-6dc4b65bbcbd.jpg,train,data/images/82bd071a-e710-4716-90eb-6dc4b65bbcbd.jpg,ok,,1195,896,RGB,JPEG
a48ef5d2-f352-4f99-bad5-f6010432cf90.jpg,train,data/images/a48ef5d2-f352-4f99-bad5-f6010432cf90.jpg,ok,,1024,1024,RGB,JPEG
f0143546-becb-4d6f-8174-c71c032a43c3.jpg,train,data/images/f0143546-becb-4d6f-8174-c71c032a43c3.jpg,ok,,1195,896,RGB,JPEG
aed5e8b8-4509-4d47-acb5-fe901eb274af.jpg,train,data/images/aed5e8b8-4509-4d47-acb5-fe901eb274af.jpg,ok,,1024,1024,RGB,JPEG
353f7864-62eb-4a67-b83e-5593c11f32fb.jpg,train,data/images/353f7864-62eb-4a67-b83e-5593c11f32fb.jpg,ok,,1195,896,RGB,JPEG
adedc36e-97fa-454d-bba3-a4d368f4138a.jpg,train,data/images/adedc36e-97fa-454d-bba3-a4d368f4138a.jpg,ok,,1195,896,RGB,JPEG
7f69dfa1-88a7-43d7-b2f7-5fc5d3cc0cc5.jpg,train,data/images/7f69dfa1-88a7-43d7-b2f7-5fc5d3cc0cc5.jpg,ok,,1024,558,RGB,JPEG
498f7461-02af-4ec3-87bf-3fad1ecd949a.jpg,train,data/images/498f7461-02af-4ec3-87bf-3fad1ecd949a.jpg,ok,,1195,896,RGB,JPEG
d0bb1fa7-d8fb-446c-9330-2cb9fd7d68e6.jpg,train,data/images/d0bb1fa7-d8fb-446c-9330-2cb9fd7d68e6.jpg,ok,,280,280,RGBA,PNG
fa240e4b-3729-40e3-8195-0e1d4c86e2c2.jpg,train,data/images/fa240e4b-3729-40e3-8195-0e1d4c86e2c2.jpg,ok,,1024,1024,RGB,JPEG
1d2364d6-3d3e-485f-aad5-c6ad696557e0.jpg,train,data/images/1d2364d6-3d3e-485f-aad5-c6ad696557e0.jpg,ok,,1024,1024,RGB,JPEG
b622e12f-95e8-42b3-a9f7-a856c5fcdddf.jpg,train,data/images/b622e12f-95e8-42b3-a9f7-a856c5fcdddf.jpg,ok,,2560,1768,RGB,JPEG
5eee07f0-63eb-4581-bf0b-f7b9ff86b800.jpg,train,data/images/5eee07f0-63eb-4581-bf0b-f7b9ff86b800.jpg,ok,,1024,1024,RGB,JPEG
fa77d481-b9df-4e25-accf-fa78c0cb3695.jpg,train,data/images/fa77d481-b9df-4e25-accf-fa78c0cb3695.jpg,ok,,1024,1024,RGB,JPEG
8c1eed52-442b-4809-a400-56380930f88f.jpg,train,data/images/8c1eed52-442b-4809-a400-56380930f88f.jpg,ok,,1024,1024,RGB,JPEG
f1320842-271a-4715-9fd7-a751b631a5d0.jpg,train,data/images/f1320842-271a-4715-9fd7-a751b631a5d0.jpg,ok,,1024,1024,RGB,JPEG
150c44ad-c2c4-44c4-b4a6-386b57d8417e.jpg,train,data/images/150c44ad-c2c4-44c4-b4a6-386b57d8417e.jpg,ok,,1024,1024,RGB,JPEG
7492c370-e161-419f-9867-8e9e5d929716.jpg,train,data/images/7492c370-e161-419f-9867-8e9e5d929716.jpg,ok,,832,1248,RGB,JPEG
aa6f33d2-e330-4760-985d-55358a140e99.jpg,train,data/images/aa6f33d2-e330-4760-985d-55358a140e99.jpg,ok,,1024,1024,RGB,JPEG
518fba2b-9710-49f2-9116-b661d9c54d2c.jpg,train,data/images/518fba2b-9710-49f2-9116-b661d9c54d2c.jpg,ok,,1024,1024,RGB,JPEG
47767351-80a7-490a-9d46-2c99abd6c99c.jpg,train,data/images/47767351-80a7-490a-9d46-2c99abd6c99c.jpg,ok,,1024,1024,RGB,JPEG
6037f69b-b396-46d0-b9e3-cdcfa25b8e90.jpg,train,data/images/6037f69b-b396-46d0-b9e3-cdcfa25b8e90.jpg,ok,,896,1195,RGB,JPEG
24307bdd-cd41-4f48-9c1b-ebcbfb856c6d.jpg,train,data/images/24307bdd-cd41-4f48-9c1b-ebcbfb856c6d.jpg,ok,,2560,1707,RGB,JPEG
0b0aed83-30d8-4320-a397-c2d5623ee8c1.jpg,train,data/images/0b0aed83-30d8-4320-a397-c2d5623ee8c1.jpg,ok,,1024,1024,RGB,JPEG
9ceb2016-a6ae-4df8-b973-9eb0ac2b5e9f.jpg,train,data/images/9ceb2016-a6ae-4df8-b973-9eb0ac2b5e9f.jpg,ok,,1024,1024,RGB,JPEG
2c8ec2c4-5c39-4839-be03-3305cee54b60.jpg,train,data/images/2c8ec2c4-5c39-4839-be03-3305cee54b60.jpg,ok,,1024,1024,RGB,JPEG
be3729d9-3566-4cbb-9969-0b6e9bf5d860.jpg,train,data/images/be3729d9-3566-4cbb-9969-0b6e9bf5d860.jpg,ok,,375,500,RGB,JPEG
174d1c91-44a0-42f0-93b6-d952b6e7c407.jpg,train,data/images/174d1c91-44a0-42f0-93b6-d952b6e7c407.jpg,ok,,1024,1024,RGB,JPEG
8ae904d9-e434-47de-9893-c4cf478c5db0.jpg,train,data/images/8ae904d9-e434-47de-9893-c4cf478c5db0.jpg,ok,,1024,1024,RGB,JPEG
3188335b-a440-4911-8b8e-5f2fa9cb6fa2.jpg,train,data/images/3188335b-a440-4911-8b8e-5f2fa9cb6fa2.jpg,ok,,1024,1024,RGB,JPEG
f99989ac-3d08-4391-a43b-945391db0f44.jpg,train,data/images/f99989ac-3d08-4391-a43b-945391db0f44.jpg,ok,,1024,1024,RGB,JPEG
06d9dc08-3341-4e8e-86bf-7b7d154b67ac.jpg,train,data/images/06d9dc08-3341-4e8e-86bf-7b7d154b67ac.jpg,ok,,1024,1024,RGB,JPEG
00db7baa-a8fe-4c79-8ccf-c38f2e09f423.jpg,train,data/images/00db7baa-a8fe-4c79-8ccf-c38f2e09f423.jpg,ok,,1024,1024,RGB,JPEG
5d13ff59-abfe-42c4-b3c9-761618d33a5e.jpg,train,data/images/5d13ff59-abfe-42c4-b3c9-761618d33a5e.jpg,ok,,896,1195,RGB,JPEG
2d9d476b-1e5e-4a7b-9a6e-7b7c4ca49db0.jpg,train,data/images/2d9d476b-1e5e-4a7b-9a6e-7b7c4ca49db0.jpg,ok,,1024,1024,RGB,JPEG
4647a5bb-6c9d-43f5-80ac-2926cd981c54.jpg,train,data/images/4647a5bb-6c9d-43f5-80ac-2926cd981c54.jpg,ok,,1248,832,RGB,JPEG
40bb6426-abc4-4ca6-8063-54102f8da1ba.jpg,train,data/images/40bb6426-abc4-4ca6-8063-54102f8da1ba.jpg,ok,,1248,832,RGB,JPEG
6a2894d3-0a23-4b89-a388-dc06d8abea10.jpg,train,data/images/6a2894d3-0a23-4b89-a388-dc06d8abea10.jpg,ok,,1024,1024,RGB,JPEG
0a71584e-3fc7-4511-b54c-494a0de104af.jpg,train,data/images/0a71584e-3fc7-4511-b54c-494a0de104af.jpg,ok,,1024,1024,RGB,JPEG
56134a60-1816-4750-b0af-e9dc536f6e6e.jpg,train,data/images/56134a60-1816-4750-b0af-e9dc536f6e6e.jpg,ok,,1879,2200,RGB,JPEG
f79ca68f-8d60-4756-b477-81bfff0e9e2a.jpg,train,data/images/f79ca68f-8d60-4756-b477-81bfff0e9e2a.jpg,ok,,896,1195,RGB,JPEG
8a5179e5-31ae-4a2b-9859-57873e1abf13.jpg,train,data/images/8a5179e5-31ae-4a2b-9859-57873e1abf13.jpg,ok,,1024,558,RGB,JPEG
16e2f418-4e58-405a-87c5-81072df4a25f.jpg,train,data/images/16e2f418-4e58-405a-87c5-81072df4a25f.jpg,ok,,1024,1024,RGB,JPEG
b4d34fbc-047d-4181-848d-86abfb38c62d.jpg,train,data/images/b4d34fbc-047d-4181-848d-86abfb38c62d.jpg,ok,,1195,896,RGB,JPEG
34337e51-48aa-4bee-8ee4-78fa42c4fdab.jpg,train,data/images/34337e51-48aa-4bee-8ee4-78fa42c4fdab.jpg,ok,,1024,558,RGB,JPEG
d9cdb5dc-85ac-412f-91ff-b5f13daa12da.jpg,train,data/images/d9cdb5dc-85ac-412f-91ff-b5f13daa12da.jpg,ok,,1024,1024,RGB,JPEG
65ad0607-cd27-44e1-8b86-3c85e579da9e.jpg,train,data/images/65ad0607-cd27-44e1-8b86-3c85e579da9e.jpg,ok,,1024,1024,RGB,JPEG
0c030240-e031-489e-a45a-e1fca617f658.jpg,train,data/images/0c030240-e031-489e-a45a-e1fca617f658.jpg,ok,,243,158,RGBA,PNG
1b87b8bf-42d1-4475-9e0d-0ebfdc3b1b4f.jpg,train,data/images/1b87b8bf-42d1-4475-9e0d-0ebfdc3b1b4f.jpg,ok,,1024,1024,RGB,JPEG
05f01fe8-8b8e-4ed7-9600-1f59c397cd62.jpg,train,data/images/05f01fe8-8b8e-4ed7-9600-1f59c397cd62.jpg,ok,,896,1195,RGB,JPEG
295c65c1-dda3-486d-9bb2-33314a3e7174.jpg,train,data/images/295c65c1-dda3-486d-9bb2-33314a3e7174.jpg,ok,,1248,832,RGB,JPEG
1c089ec0-c40d-4888-93b1-6d8e7254f8ca.jpg,train,data/images/1c089ec0-c40d-4888-93b1-6d8e7254f8ca.jpg,ok,,1024,1024,RGB,JPEG
e59b0708-8d4c-491b-8328-18055dc80533.jpg,train,data/images/e59b0708-8d4c-491b-8328-18055dc80533.jpg,ok,,300,400,RGB,JPEG
9a9817d6-f5c5-4f22-bfe9-a3605f42fcfd.jpg,train,data/images/9a9817d6-f5c5-4f22-bfe9-a3605f42fcfd.jpg,ok,,1024,1024,RGB,JPEG
0f82637e-66bb-4bec-9f02-1f2b4900d3ab.jpg,train,data/images/0f82637e-66bb-4bec-9f02-1f2b4900d3ab.jpg,ok,,896,1195,RGB,JPEG
e8f06b7f-e2d8-4408-9589-b9d12a87478d.jpg,train,data/images/e8f06b7f-e2d8-4408-9589-b9d12a87478d.jpg,ok,,1248,832,RGB,JPEG
9aeb8280-22e2-459a-b617-e855198877bb.jpg,train,data/images/9aeb8280-22e2-459a-b617-e855198877bb.jpg,ok,,896,1195,RGB,JPEG
e67a3e77-f810-44c6-951a-99555bc38150.jpg,train,data/images/e67a3e77-f810-44c6-951a-99555bc38150.jpg,ok,,1024,558,RGB,JPEG
c074eeef-0851-4bf6-a251-458fee1cdfb9.jpg,train,data/images/c074eeef-0851-4bf6-a251-458fee1cdfb9.jpg,ok,,896,1195,RGB,JPEG
d267c9c5-ab52-4feb-a3db-3b763ceac777.jpg,train,data/images/d267c9c5-ab52-4feb-a3db-3b763ceac777.jpg,ok,,1024,1024,RGB,JPEG
2bb892b3-ca26-4095-98c7-9aebc1b583b6.jpg,train,data/images/2bb892b3-ca26-4095-98c7-9aebc1b583b6.jpg,ok,,1024,1024,RGB,JPEG
a863492d-cf31-4381-ba76-647cbda76f95.jpg,train,data/images/a863492d-cf31-4381-ba76-647cbda76f95.jpg,ok,,558,1024,RGB,JPEG
d91a6baa-77ab-4a0c-9b98-6040aa3ec389.jpg,train,data/images/d91a6baa-77ab-4a0c-9b98-6040aa3ec389.jpg,ok,,1024,1024,RGB,JPEG
18d75780-d7b0-4e4b-b471-b20a8871d129.jpg,train,data/images/18d75780-d7b0-4e4b-b471-b20a8871d129.jpg,ok,,1024,558,RGB,JPEG
55bb7d90-9029-4544-9ddc-88ddddb79eda.jpg,train,data/images/55bb7d90-9029-4544-9ddc-88ddddb79eda.jpg,ok,,1024,1024,RGB,JPEG
58664bdd-ecaa-4356-8940-db2cc2f1037f.jpg,train,data/images/58664bdd-ecaa-4356-8940-db2cc2f1037f.jpg,ok,,400,400,RGB,JPEG
5682f6cd-a29b-45c4-9209-7ea500bfd836.jpg,train,data/images/5682f6cd-a29b-45c4-9209-7ea500bfd836.jpg,ok,,896,1195,RGB,JPEG
5cecdaa2-fa4a-474a-98f7-73c20266a24b.jpg,train,data/images/5cecdaa2-fa4a-474a-98f7-73c20266a24b.jpg,ok,,896,1195,RGB,JPEG
4dd9e10f-80a4-4400-bc15-f02fedcecf2c.jpg,train,data/images/4dd9e10f-80a4-4400-bc15-f02fedcecf2c.jpg,ok,,1024,716,RGB,JPEG
d51cb20a-d698-4117-b0a6-ddb72054a8be.jpg,train,data/images/d51cb20a-d698-4117-b0a6-ddb72054a8be.jpg,ok,,1024,1024,RGB,JPEG
c3a447ec-9b1b-4f77-b4e5-1c3d6bb9f464.jpg,train,data/images/c3a447ec-9b1b-4f77-b4e5-1c3d6bb9f464.jpg,ok,,1024,1024,RGB,JPEG
a36bc136-3f44-4b52-8c1b-cbf99e86fe7f.jpg,train,data/images/a36bc136-3f44-4b52-8c1b-cbf99e86fe7f.jpg,ok,,1879,2200,RGB,JPEG
f4c7260b-1d48-47c8-bd0a-5af67e94de8e.jpg,train,data/images/f4c7260b-1d48-47c8-bd0a-5af67e94de8e.jpg,ok,,1024,1024,RGB,JPEG
3d6ebecf-ace4-4d91-9755-b5b469f740af.jpg,train,data/images/3d6ebecf-ace4-4d91-9755-b5b469f740af.jpg,ok,,1024,1024,RGB,JPEG
49a0b42d-1813-4a47-99e4-7232fb4b17b7.jpg,train,data/images/49a0b42d-1813-4a47-99e4-7232fb4b17b7.jpg,ok,,1024,1024,RGB,JPEG
b5937c08-2d07-4b86-b404-f3b114c46aa5.jpg,train,data/images/b5937c08-2d07-4b86-b404-f3b114c46aa5.jpg,ok,,1024,1024,RGB,JPEG
c754bd7a-0c12-421d-8bf1-1c3150a30979.jpg,train,data/images/c754bd7a-0c12-421d-8bf1-1c3150a30979.jpg,ok,,896,1195,RGB,JPEG
9f25011f-b4f3-4320-b87f-d000aa25258c.jpg,train,data/images/9f25011f-b4f3-4320-b87f-d000aa25258c.jpg,ok,,896,1195,RGB,JPEG
e5095cb9-3fca-4912-b267-ff87ffc6b6f4.jpg,train,data/images/e5095cb9-3fca-4912-b267-ff87ffc6b6f4.jpg,ok,,1024,1024,RGB,JPEG
f7936784-f54c-4f48-aa00-1d60e1506c4d.jpg,train,data/images/f7936784-f54c-4f48-aa00-1d60e1506c4d.jpg,ok,,1024,716,RGB,JPEG
bd37811d-428f-4f1e-9118-2dbc429d849d.jpg,train,data/images/bd37811d-428f-4f1e-9118-2dbc429d849d.jpg,ok,,896,1195,RGB,JPEG
35e44e7d-a9de-43c0-8e8c-d6a346de981a.jpg,train,data/images/35e44e7d-a9de-43c0-8e8c-d6a346de981a.jpg,ok,,1024,1024,RGB,JPEG
d1aca19c-2e1b-485a-80d7-12fb4622deae.jpg,train,data/images/d1aca19c-2e1b-485a-80d7-12fb4622deae.jpg,ok,,1280,1024,RGB,JPEG
21cb7801-04f7-4fb8-b739-606f50f87683.jpg,train,data/images/21cb7801-04f7-4fb8-b739-606f50f87683.jpg,ok,,1024,1024,RGB,JPEG
d2515cbe-cf5d-420d-a3ec-e0bf367fe540.jpg,train,data/images/d2515cbe-cf5d-420d-a3ec-e0bf367fe540.jpg,ok,,1024,558,RGB,JPEG
c5a4b21b-2cfa-4a67-a4c8-9ffd7ce09398.jpg,train,data/images/c5a4b21b-2cfa-4a67-a4c8-9ffd7ce09398.jpg,ok,,400,300,RGB,JPEG
01f8bff4-f65c-4847-ae73-d17297c9db79.jpg,train,data/images/01f8bff4-f65c-4847-ae73-d17297c9db79.jpg,ok,,1024,1024,RGB,JPEG
4812fdd0-e210-48f5-a452-4ba4ca2192c7.jpg,train,data/images/4812fdd0-e210-48f5-a452-4ba4ca2192c7.jpg,ok,,1024,716,RGB,JPEG
d7029b06-6ed0-465b-bb86-63a50dfd5b19.jpg,train,data/images/d7029b06-6ed0-465b-bb86-63a50dfd5b19.jpg,ok,,1024,1024,RGB,JPEG
8efecf9d-4dca-447a-8829-5789a0e32aff.jpg,train,data/images/8efecf9d-4dca-447a-8829-5789a0e32aff.jpg,ok,,1024,1024,RGB,JPEG
38bf5a9d-a2e4-469e-86ab-021a3c41aa64.jpg,train,data/images/38bf5a9d-a2e4-469e-86ab-021a3c41aa64.jpg,ok,,1024,1024,RGB,JPEG
0bde1906-90ae-4920-a8c5-aa720b0f8b4c.jpg,train,data/images/0bde1906-90ae-4920-a8c5-aa720b0f8b4c.jpg,ok,,896,1195,RGB,JPEG
8e973410-b1b2-4f02-9d0f-af7e33b31efb.jpg,train,data/images/8e973410-b1b2-4f02-9d0f-af7e33b31efb.jpg,ok,,1024,1024,RGB,JPEG
01da1d2f-2b50-417e-8abc-a0b859727825.jpg,train,data/images/01da1d2f-2b50-417e-8abc-a0b859727825.jpg,ok,,2560,2560,RGB,JPEG
e945d4bf-bc1a-4c10-b795-7e1ba33aa078.jpg,train,data/images/e945d4bf-bc1a-4c10-b795-7e1ba33aa078.jpg,ok,,1024,1024,RGB,JPEG
a3da6879-051d-448a-8b8a-ee6cac19a564.jpg,train,data/images/a3da6879-051d-448a-8b8a-ee6cac19a564.jpg,ok,,1024,1024,RGB,JPEG
4ab803c2-1be9-4aee-bc7c-78aee4a9e84e.jpg,train,data/images/4ab803c2-1be9-4aee-bc7c-78aee4a9e84e.jpg,ok,,1024,1024,RGB,JPEG
036d8d19-2aa7-4159-9217-4aed6ab57305.jpg,train,data/images/036d8d19-2aa7-4159-9217-4aed6ab57305.jpg,ok,,896,1195,RGB,JPEG
12ce02e3-e83c-48e1-8ab9-cf7e913d3eaf.jpg,train,data/images/12ce02e3-e83c-48e1-8ab9-cf7e913d3eaf.jpg,ok,,832,1248,RGB,JPEG
d5ee3c02-4390-46f4-9998-3710b6d61ba8.jpg,train,data/images/d5ee3c02-4390-46f4-9998-3710b6d61ba8.jpg,ok,,896,1195,RGB,JPEG
0ce3529e-6f3d-49ee-8689-53d890faaa2e.jpg,train,data/images/0ce3529e-6f3d-49ee-8689-53d890faaa2e.jpg,ok,,832,1248,RGB,JPEG
9c8bb9dc-19d6-459b-87d7-0f8d69e0a6ee.jpg,train,data/images/9c8bb9dc-19d6-459b-87d7-0f8d69e0a6ee.jpg,ok,,1024,1024,RGB,JPEG
e89b2cfd-6361-4e37-a6d1-757288ac4e45.jpg,train,data/images/e89b2cfd-6361-4e37-a6d1-757288ac4e45.jpg,ok,,1024,1024,RGB,JPEG
526349e3-25f3-41cd-9c06-0f89dcfc3670.jpg,train,data/images/526349e3-25f3-41cd-9c06-0f89dcfc3670.jpg,ok,,1024,1024,RGB,JPEG
4542f426-db4a-42e0-93c4-6a667ad70e5a.jpg,train,data/images/4542f426-db4a-42e0-93c4-6a667ad70e5a.jpg,ok,,1024,1024,RGB,JPEG
410d0fea-2215-4976-bf77-569a1498939c.jpg,train,data/images/410d0fea-2215-4976-bf77-569a1498939c.jpg,ok,,1024,1024,RGB,JPEG
fc4ff449-d55c-434d-8859-48af4018c98d.jpg,train,data/images/fc4ff449-d55c-434d-8859-48af4018c98d.jpg,ok,,832,1248,RGB,JPEG
4d29f749-c542-4c96-9d6c-951a2fc71d8b.jpg,train,data/images/4d29f749-c542-4c96-9d6c-951a2fc71d8b.jpg,ok,,896,1195,RGB,JPEG
7e7ccf0f-04ef-4db7-b621-40dcfa4391aa.jpg,train,data/images/7e7ccf0f-04ef-4db7-b621-40dcfa4391aa.jpg,ok,,1024,1024,RGB,JPEG
3464a126-17ab-422c-ae48-a0d604a7cc69.jpg,train,data/images/3464a126-17ab-422c-ae48-a0d604a7cc69.jpg,ok,,1024,1024,RGB,JPEG
2b6194db-420b-4604-b27c-e0520d2ae841.jpg,train,data/images/2b6194db-420b-4604-b27c-e0520d2ae841.jpg,ok,,1024,1024,RGB,JPEG
a8cabab3-a6fc-41cc-8cfe-9eaa835231d1.jpg,train,data/images/a8cabab3-a6fc-41cc-8cfe-9eaa835231d1.jpg,ok,,896,1195,RGB,JPEG
fc1c64fa-7aca-4193-bffb-07f93717181b.jpg,train,data/images/fc1c64fa-7aca-4193-bffb-07f93717181b.jpg,ok,,1195,896,RGB,JPEG
1099e0ec-d642-4b27-9972-10b11ee81f6f.jpg,train,data/images/1099e0ec-d642-4b27-9972-10b11ee81f6f.jpg,ok,,1024,1024,RGB,JPEG
ac0095a6-fa9f-430d-945c-05f3c36d6422.jpg,train,data/images/ac0095a6-fa9f-430d-945c-05f3c36d6422.jpg,ok,,558,1024,RGB,JPEG
ddd892a5-cb16-4db2-a9d0-b9ae46304c2a.jpg,train,data/images/ddd892a5-cb16-4db2-a9d0-b9ae46304c2a.jpg,ok,,1024,716,RGB,JPEG
5c4262f6-6b6f-492a-ad3c-3439db79bf3b.jpg,train,data/images/5c4262f6-6b6f-492a-ad3c-3439db79bf3b.jpg,ok,,1024,1024,RGB,JPEG
60a0cf48-24a2-4f1a-a0e3-073d8e4fc3f4.jpg,train,data/images/60a0cf48-24a2-4f1a-a0e3-073d8e4fc3f4.jpg,ok,,1024,1024,RGB,JPEG
bb1e19cf-8a58-4030-a22f-035260e5cc18.jpg,train,data/images/bb1e19cf-8a58-4030-a22f-035260e5cc18.jpg,ok,,1024,1024,RGB,JPEG
8a60dbfe-f956-4f57-98f8-4b0730f10cdc.jpg,train,data/images/8a60dbfe-f956-4f57-98f8-4b0730f10cdc.jpg,ok,,1248,832,RGB,JPEG
8b17b471-0f87-4ec7-887a-ed48f1cd6829.jpg,train,data/images/8b17b471-0f87-4ec7-887a-ed48f1cd6829.jpg,ok,,1248,832,RGB,JPEG
642c05c7-52d1-431c-8496-f5d067d19dfd.jpg,train,data/images/642c05c7-52d1-431c-8496-f5d067d19dfd.jpg,ok,,896,1195,RGB,JPEG
cfb625a4-0d1c-4b15-b1e0-074d2d900ead.jpg,train,data/images/cfb625a4-0d1c-4b15-b1e0-074d2d900ead.jpg,ok,,1969,2560,RGB,JPEG
bdda5d04-8eee-4d26-9f60-7d3849ba4b83.jpg,train,data/images/bdda5d04-8eee-4d26-9f60-7d3849ba4b83.jpg,ok,,1024,1024,RGB,JPEG
59670736-1323-4463-91cc-dd5b29d3595a.jpg,train,data/images/59670736-1323-4463-91cc-dd5b29d3595a.jpg,ok,,896,1195,RGB,JPEG
7c23578a-eb26-44ac-9ef2-5335a3097d75.jpg,train,data/images/7c23578a-eb26-44ac-9ef2-5335a3097d75.jpg,ok,,1024,1024,RGB,JPEG
92c5791b-72e2-410e-9db8-5bf8f6f6e5d7.jpg,train,data/images/92c5791b-72e2-410e-9db8-5bf8f6f6e5d7.jpg,ok,,1024,558,RGB,JPEG
ecc03a4d-dfdf-47fb-9239-8121983f7146.jpg,train,data/images/ecc03a4d-dfdf-47fb-9239-8121983f7146.jpg,ok,,1024,1024,RGB,JPEG
aceaa94c-a491-4ade-afb8-cd9d46a7cb3f.jpg,train,data/images/aceaa94c-a491-4ade-afb8-cd9d46a7cb3f.jpg,ok,,896,1195,RGB,JPEG
71f021fc-853d-4cc5-a75b-dc5b47140f8f.jpg,train,data/images/71f021fc-853d-4cc5-a75b-dc5b47140f8f.jpg,ok,,1024,1024,RGB,JPEG
e13ee2d9-9400-42d8-80c5-c9dc3e01020a.jpg,train,data/images/e13ee2d9-9400-42d8-80c5-c9dc3e01020a.jpg,ok,,1195,896,RGB,JPEG
424c6349-ebad-495b-aca9-acb6822d93f6.jpg,train,data/images/424c6349-ebad-495b-aca9-acb6822d93f6.jpg,ok,,896,1195,RGB,JPEG
d8a2088c-cbea-4b7d-a696-8ebc77fd14d6.jpg,train,data/images/d8a2088c-cbea-4b7d-a696-8ebc77fd14d6.jpg,ok,,1024,1024,RGB,JPEG
de3b2133-e424-4cab-8675-9e71ed1f371d.jpg,train,data/images/de3b2133-e424-4cab-8675-9e71ed1f371d.jpg,ok,,1195,896,RGB,JPEG
916c40e5-454e-44d7-9324-0b100f7126c7.jpg,train,data/images/916c40e5-454e-44d7-9324-0b100f7126c7.jpg,ok,,558,1024,RGB,JPEG
667ebf0e-f0a3-461a-93a5-e79ecb5fc164.jpg,train,data/images/667ebf0e-f0a3-461a-93a5-e79ecb5fc164.jpg,ok,,1024,1024,RGB,JPEG
e0a7b6d2-c45d-4c0f-b033-fc0a6e1a4547.jpg,train,data/images/e0a7b6d2-c45d-4c0f-b033-fc0a6e1a4547.jpg,ok,,1248,832,RGB,JPEG
7b952a2e-2e08-4902-97e1-06001f8eccad.jpg,train,data/images/7b952a2e-2e08-4902-97e1-06001f8eccad.jpg,ok,,1024,1024,RGB,JPEG
b3e7ad9b-e08e-4fb9-85b8-bf63f17eefaf.jpg,train,data/images/b3e7ad9b-e08e-4fb9-85b8-bf63f17eefaf.jpg,ok,,1248,832,RGB,JPEG
5108cc08-98de-45aa-b3b2-c63f1f33fe70.jpg,train,data/images/5108cc08-98de-45aa-b3b2-c63f1f33fe70.jpg,ok,,1024,1024,RGB,JPEG
1b649c8d-9d75-4bb5-ab98-8e75abb0d665.jpg,train,data/images/1b649c8d-9d75-4bb5-ab98-8e75abb0d665.jpg,ok,,1024,1024,RGB,JPEG
8acfd566-c5fe-4e8f-b526-b2dce567449a.jpg,train,data/images/8acfd566-c5fe-4e8f-b526-b2dce567449a.jpg,ok,,1024,716,RGB,JPEG
28781560-f45a-4787-b0ae-4f9415aec2a8.jpg,train,data/images/28781560-f45a-4787-b0ae-4f9415aec2a8.jpg,ok,,832,1248,RGB,JPEG
aa8fa1d2-61ec-429e-b740-c51c8d4bf075.jpg,train,data/images/aa8fa1d2-61ec-429e-b740-c51c8d4bf075.jpg,ok,,832,1248,RGB,JPEG
8cba7ae9-f901-4f3c-8996-b12a7f6fffa3.jpg,train,data/images/8cba7ae9-f901-4f3c-8996-b12a7f6fffa3.jpg,ok,,1024,1024,RGB,JPEG
29ce36cf-1070-459c-bc54-1bd3a3c7e6ac.jpg,train,data/images/29ce36cf-1070-459c-bc54-1bd3a3c7e6ac.jpg,ok,,832,1248,RGB,JPEG
e626dd9c-af70-4d65-8ef8-39518b3821f1.jpg,train,data/images/e626dd9c-af70-4d65-8ef8-39518b3821f1.jpg,ok,,1024,1024,RGB,JPEG
4efeba61-089e-4095-9438-f01ec0813728.jpg,train,data/images/4efeba61-089e-4095-9438-f01ec0813728.jpg,ok,,1024,1024,RGB,JPEG
b63582eb-4990-4ef5-9571-8b9d79681670.jpg,train,data/images/b63582eb-4990-4ef5-9571-8b9d79681670.jpg,ok,,800,800,RGB,JPEG
8d53dd9f-4a95-46fa-a305-d8ca7f524c62.jpg,train,data/images/8d53dd9f-4a95-46fa-a305-d8ca7f524c62.jpg,ok,,1024,1024,RGB,JPEG
3ff18038-4332-4b91-a637-0da860c8ce44.jpg,train,data/images/3ff18038-4332-4b91-a637-0da860c8ce44.jpg,ok,,1024,1024,RGB,JPEG
071b41ce-0f98-4062-b8b9-5934bfd00445.jpg,train,data/images/071b41ce-0f98-4062-b8b9-5934bfd00445.jpg,ok,,1024,1024,RGB,JPEG
a0c1c321-f874-42ab-b51c-5b0ed74a3ebc.jpg,train,data/images/a0c1c321-f874-42ab-b51c-5b0ed74a3ebc.jpg,ok,,896,1195,RGB,JPEG
972c4cbe-4a4d-4cb0-a993-ba0963d66ecf.jpg,train,data/images/972c4cbe-4a4d-4cb0-a993-ba0963d66ecf.jpg,ok,,1879,2200,RGB,JPEG
b1a10b29-bd04-4ed3-9fcb-33b4870f3a90.jpg,train,data/images/b1a10b29-bd04-4ed3-9fcb-33b4870f3a90.jpg,ok,,1024,1024,RGB,JPEG
61d648c1-e738-419e-af51-cf20cfe6035e.jpg,train,data/images/61d648c1-e738-419e-af51-cf20cfe6035e.jpg,ok,,1024,1024,RGB,JPEG
456f5bc6-cf4d-4990-9a6c-77bed90e2d2f.jpg,train,data/images/456f5bc6-cf4d-4990-9a6c-77bed90e2d2f.jpg,ok,,1024,1024,RGB,JPEG
b535cbd0-fd5f-4ca9-a213-ad2a7df28305.jpg,train,data/images/b535cbd0-fd5f-4ca9-a213-ad2a7df28305.jpg,ok,,1024,1024,RGB,JPEG
e6b77e09-e488-4a54-9ae0-ccdede21f16a.jpg,train,data/images/e6b77e09-e488-4a54-9ae0-ccdede21f16a.jpg,ok,,1248,832,RGB,JPEG
689b4575-3bdb-488f-92d9-509df0e04f98.jpg,train,data/images/689b4575-3bdb-488f-92d9-509df0e04f98.jpg,ok,,1024,1024,RGB,JPEG
b0854c0c-d3a1-42e4-b76d-719c05263eee.jpg,train,data/images/b0854c0c-d3a1-42e4-b76d-719c05263eee.jpg,ok,,1280,1024,RGB,JPEG
4273c156-8645-4e98-98ba-c57f9157ebfa.jpg,train,data/images/4273c156-8645-4e98-98ba-c57f9157ebfa.jpg,ok,,1024,1024,RGB,JPEG
0fe90638-b3cb-40ab-97db-2f87e116b699.jpg,train,data/images/0fe90638-b3cb-40ab-97db-2f87e116b699.jpg,ok,,1024,1024,RGB,JPEG
ccbecc14-bb8a-4cab-a545-b033e1398d15.jpg,train,data/images/ccbecc14-bb8a-4cab-a545-b033e1398d15.jpg,ok,,1024,1024,RGB,JPEG
2bb5db51-29e8-416c-b84c-934e7cfb43bc.jpg,train,data/images/2bb5db51-29e8-416c-b84c-934e7cfb43bc.jpg,ok,,1024,1024,RGB,JPEG
1ebf6249-df49-4a31-9858-6da7e695e53e.jpg,train,data/images/1ebf6249-df49-4a31-9858-6da7e695e53e.jpg,ok,,1024,1024,RGB,JPEG
49903b93-f5de-4d03-88ef-1f380f123df1.jpg,train,data/images/49903b93-f5de-4d03-88ef-1f380f123df1.jpg,ok,,1248,832,RGB,JPEG
71667cff-b7eb-4c41-81a6-c9d26a0aa57d.jpg,train,data/images/71667cff-b7eb-4c41-81a6-c9d26a0aa57d.jpg,ok,,1248,832,RGB,JPEG
879194f5-f4bb-4236-92fb-87f89f14c65d.jpg,train,data/images/879194f5-f4bb-4236-92fb-87f89f14c65d.jpg,ok,,1024,1024,RGB,JPEG
deff3672-4d7c-4ebc-96da-dc6542c65a6b.jpg,train,data/images/deff3672-4d7c-4ebc-96da-dc6542c65a6b.jpg,ok,,1195,896,RGB,JPEG
915965f9-0877-4416-b597-98d184fa0073.jpg,train,data/images/915965f9-0877-4416-b597-98d184fa0073.jpg,ok,,1024,1024,RGB,JPEG
e47d33ec-3d9e-45d3-8610-fdd1227c61f1.jpg,train,data/images/e47d33ec-3d9e-45d3-8610-fdd1227c61f1.jpg,ok,,1024,1024,RGB,JPEG
7626b009-962f-4b2f-8ee9-aedd457f6b76.jpg,train,data/images/7626b009-962f-4b2f-8ee9-aedd457f6b76.jpg,ok,,2560,1442,RGB,JPEG
ac23a35e-349c-41c0-96b6-432ad9e7fa69.jpg,train,data/images/ac23a35e-349c-41c0-96b6-432ad9e7fa69.jpg,ok,,1024,1024,RGB,JPEG
4497fb3f-1909-43cf-b361-dec5b336e6d4.jpg,train,data/images/4497fb3f-1909-43cf-b361-dec5b336e6d4.jpg,ok,,1024,1024,RGB,JPEG
559f7da2-e31f-45bc-b07a-85262e81eb15.jpg,train,data/images/559f7da2-e31f-45bc-b07a-85262e81eb15.jpg,ok,,1024,1024,RGB,JPEG
58f53138-a10b-4ae7-b794-8cee09c127f2.jpg,train,data/images/58f53138-a10b-4ae7-b794-8cee09c127f2.jpg,ok,,1024,1024,RGB,JPEG
405dc518-87be-4c48-9e25-6a7f14ea5e01.jpg,train,data/images/405dc518-87be-4c48-9e25-6a7f14ea5e01.jpg,ok,,1024,1024,RGB,JPEG
4fd6f6cf-5fbf-4af3-a3e9-2a67c48f72b3.jpg,train,data/images/4fd6f6cf-5fbf-4af3-a3e9-2a67c48f72b3.jpg,ok,,1024,1024,RGB,JPEG
390cf5c6-22b8-4923-a9ad-aa96e78d41b3.jpg,train,data/images/390cf5c6-22b8-4923-a9ad-aa96e78d41b3.jpg,ok,,1024,1024,RGB,JPEG
6b954471-0d13-4e5b-9069-4b8c297cc1f7.jpg,train,data/images/6b954471-0d13-4e5b-9069-4b8c297cc1f7.jpg,ok,,1195,896,RGB,JPEG
4557fe91-0425-43cb-a192-6b3025dbe34c.jpg,train,data/images/4557fe91-0425-43cb-a192-6b3025dbe34c.jpg,ok,,1248,832,RGB,JPEG
e377298c-9954-4eac-a74f-201b4d83afb7.jpg,train,data/images/e377298c-9954-4eac-a74f-201b4d83afb7.jpg,ok,,1024,1024,RGB,JPEG
0166b313-6aa6-4623-8e35-1f4977dd3582.jpg,train,data/images/0166b313-6aa6-4623-8e35-1f4977dd3582.jpg,ok,,1969,2560,RGB,JPEG
27366c9d-2a7c-41b4-b1c6-5761de3a75fb.jpg,train,data/images/27366c9d-2a7c-41b4-b1c6-5761de3a75fb.jpg,ok,,1024,716,RGB,JPEG
ba7835a4-14e0-4b83-9a4a-e002989f1e4d.jpg,train,data/images/ba7835a4-14e0-4b83-9a4a-e002989f1e4d.jpg,ok,,832,1248,RGB,JPEG
6f906a53-0f94-4b7e-94ab-0918a21253cb.jpg,train,data/images/6f906a53-0f94-4b7e-94ab-0918a21253cb.jpg,ok,,1248,832,RGB,JPEG
f0927a0b-e569-4b59-9181-c41d9eb42b8b.jpg,train,data/images/f0927a0b-e569-4b59-9181-c41d9eb42b8b.jpg,ok,,1024,1024,RGB,JPEG
4ebbffb5-ce3a-4534-bb7a-fa15667472e5.jpg,train,data/images/4ebbffb5-ce3a-4534-bb7a-fa15667472e5.jpg,ok,,1245,2560,RGB,JPEG
d73fa80a-f16b-43a2-8b39-1392aa66b37e.jpg,train,data/images/d73fa80a-f16b-43a2-8b39-1392aa66b37e.jpg,ok,,1024,1024,RGB,JPEG
4d3f1473-d953-48fb-a98e-fba01ce0dedc.jpg,train,data/images/4d3f1473-d953-48fb-a98e-fba01ce0dedc.jpg,ok,,1024,1024,RGB,JPEG
1f84f273-8549-427b-ab94-1a942c18e114.jpg,train,data/images/1f84f273-8549-427b-ab94-1a942c18e114.jpg,ok,,1024,1024,RGB,JPEG
5d4f3dae-d6f9-48d5-86dd-023a58319943.jpg,train,data/images/5d4f3dae-d6f9-48d5-86dd-023a58319943.jpg,ok,,896,1195,RGB,JPEG
4b2dabf0-9ba0-487d-8be3-264de17a1a35.jpg,train,data/images/4b2dabf0-9ba0-487d-8be3-264de17a1a35.jpg,ok,,1024,1024,RGB,JPEG
2b422851-a999-4676-9300-51a9b41a8496.jpg,train,data/images/2b422851-a999-4676-9300-51a9b41a8496.jpg,ok,,1195,896,RGB,JPEG
ac2cd56a-4ed6-467b-90ad-c13e47979258.jpg,train,data/images/ac2cd56a-4ed6-467b-90ad-c13e47979258.jpg,ok,,1024,1024,RGB,JPEG
a991c942-c94e-48b4-a837-be15ee411a6e.jpg,train,data/images/a991c942-c94e-48b4-a837-be15ee411a6e.jpg,ok,,1024,1024,RGB,JPEG
d681da53-26a1-4f2e-8d88-93162e0e89c7.jpg,train,data/images/d681da53-26a1-4f2e-8d88-93162e0e89c7.jpg,ok,,1024,1024,RGB,JPEG
187fd077-bed6-46a3-b8fd-2e8e2b4ce9b5.jpg,train,data/images/187fd077-bed6-46a3-b8fd-2e8e2b4ce9b5.jpg,ok,,1024,1024,RGB,JPEG
e343d509-a9d6-4d4a-a6e3-fcbdb212445f.jpg,train,data/images/e343d509-a9d6-4d4a-a6e3-fcbdb212445f.jpg,ok,,1024,1024,RGB,JPEG
0e14bc17-9f9d-4b52-b20f-ee3202f7dc73.jpg,train,data/images/0e14bc17-9f9d-4b52-b20f-ee3202f7dc73.jpg,ok,,1024,716,RGB,JPEG
a0d0ffd5-b2ef-4227-aad8-5d0d84e0235a.jpg,train,data/images/a0d0ffd5-b2ef-4227-aad8-5d0d84e0235a.jpg,ok,,1024,1024,RGB,JPEG
3d0aed00-c38d-4d6c-912f-de1f7defd466.jpg,train,data/images/3d0aed00-c38d-4d6c-912f-de1f7defd466.jpg,ok,,1024,558,RGB,JPEG
ca62cfdc-5884-4517-80da-a6a61baaae5c.jpg,train,data/images/ca62cfdc-5884-4517-80da-a6a61baaae5c.jpg,ok,,896,1195,RGB,JPEG
3d749862-4746-41cc-a04f-74c2826395f9.jpg,train,data/images/3d749862-4746-41cc-a04f-74c2826395f9.jpg,ok,,1024,1024,RGB,JPEG
6e1a73e3-89e9-49a4-9fd8-077e49c9fe2a.jpg,train,data/images/6e1a73e3-89e9-49a4-9fd8-077e49c9fe2a.jpg,ok,,1024,1024,RGB,JPEG
f4c58530-b076-48d5-bf80-cfd1544a764a.jpg,train,data/images/f4c58530-b076-48d5-bf80-cfd1544a764a.jpg,ok,,1024,1024,RGB,JPEG
86621bd3-2b8a-418f-bc65-cc86efe56c02.jpg,train,data/images/86621bd3-2b8a-418f-bc65-cc86efe56c02.jpg,ok,,1024,1024,RGB,JPEG
54c2aad9-55c2-41e9-947f-1ecb01ac37b9.jpg,train,data/images/54c2aad9-55c2-41e9-947f-1ecb01ac37b9.jpg,ok,,896,1195,RGB,JPEG
364e018a-569e-4f3c-9f0e-7c41f3229627.jpg,train,data/images/364e018a-569e-4f3c-9f0e-7c41f3229627.jpg,ok,,1024,1024,RGB,JPEG
31a5913c-94c7-4377-9922-d2c7920db1bb.jpg,train,data/images/31a5913c-94c7-4377-9922-d2c7920db1bb.jpg,ok,,1024,1024,RGB,JPEG
76fe2fa9-a7b9-4de8-954a-7df4116e5f72.jpg,train,data/images/76fe2fa9-a7b9-4de8-954a-7df4116e5f72.jpg,ok,,1024,558,RGB,JPEG
4ee4a647-d66b-48f3-abb1-f5407379edcc.jpg,train,data/images/4ee4a647-d66b-48f3-abb1-f5407379edcc.jpg,ok,,1024,1024,RGB,JPEG
8694fab9-866a-4df2-b302-e6fc4032dec2.jpg,train,data/images/8694fab9-866a-4df2-b302-e6fc4032dec2.jpg,ok,,558,1024,RGB,JPEG
46f6a873-fbc7-4afa-ad6f-6c7fce6250ce.jpg,train,data/images/46f6a873-fbc7-4afa-ad6f-6c7fce6250ce.jpg,ok,,896,1195,RGB,JPEG
27688bf9-48b8-4d11-81aa-2a9eff0f9719.jpg,train,data/images/27688bf9-48b8-4d11-81aa-2a9eff0f9719.jpg,ok,,1024,1024,RGB,JPEG
e069d15a-8735-4dff-bb1a-4b0b15a058c8.jpg,train,data/images/e069d15a-8735-4dff-bb1a-4b0b15a058c8.jpg,ok,,1024,1024,RGB,JPEG
ce309b3b-d471-42e0-b62d-55087982c42f.jpg,train,data/images/ce309b3b-d471-42e0-b62d-55087982c42f.jpg,ok,,896,1195,RGB,JPEG
d033cc7b-2a20-403f-bfe1-e45873fabb2a.jpg,train,data/images/d033cc7b-2a20-403f-bfe1-e45873fabb2a.jpg,ok,,1024,716,RGB,JPEG
6a711c9b-c4ad-41ce-bc18-28d72e13c432.jpg,train,data/images/6a711c9b-c4ad-41ce-bc18-28d72e13c432.jpg,ok,,1195,896,RGB,JPEG
b03c1684-55b1-4473-9d62-0da19ab9fe6a.jpg,train,data/images/b03c1684-55b1-4473-9d62-0da19ab9fe6a.jpg,ok,,558,1024,RGB,JPEG
59ac35b5-4e38-4d39-8ece-d6a486a1372c.jpg,train,data/images/59ac35b5-4e38-4d39-8ece-d6a486a1372c.jpg,ok,,1024,1024,RGB,JPEG
f476d6fc-f612-4292-becf-79330bb46b36.jpg,train,data/images/f476d6fc-f612-4292-becf-79330bb46b36.jpg,ok,,1024,1024,RGB,JPEG
bf1e164f-4569-409e-a836-7fb4b66a4cc2.jpg,train,data/images/bf1e164f-4569-409e-a836-7fb4b66a4cc2.jpg,ok,,832,1248,RGB,JPEG
832fbadd-d0f6-4839-9cde-2ae5ab3b68d8.jpg,train,data/images/832fbadd-d0f6-4839-9cde-2ae5ab3b68d8.jpg,ok,,896,1195,RGB,JPEG
200cfa87-2440-46b1-a91a-1ca0b5b98c2c.jpg,train,data/images/200cfa87-2440-46b1-a91a-1ca0b5b98c2c.jpg,ok,,1024,1024,RGB,JPEG
aac0adb3-9c5f-42aa-9dcd-1c0b483c5707.jpg,train,data/images/aac0adb3-9c5f-42aa-9dcd-1c0b483c5707.jpg,ok,,1024,1024,RGB,JPEG
1d9a8ea3-725f-4de1-8c55-5e73b6e0690b.jpg,train,data/images/1d9a8ea3-725f-4de1-8c55-5e73b6e0690b.jpg,ok,,896,1195,RGB,JPEG
5f0141ab-7029-4b36-8fe6-9a3bcc7b60e0.jpg,train,data/images/5f0141ab-7029-4b36-8fe6-9a3bcc7b60e0.jpg,ok,,1024,1024,RGB,JPEG
f727122f-abf6-4e1b-babd-91127aae1870.jpg,train,data/images/f727122f-abf6-4e1b-babd-91127aae1870.jpg,ok,,1248,832,RGB,JPEG
5afb7dd9-0711-43f4-b0da-d9355de03ab5.jpg,train,data/images/5afb7dd9-0711-43f4-b0da-d9355de03ab5.jpg,ok,,896,1195,RGB,JPEG
75693d87-e748-4109-9f40-7dc5ce63d237.jpg,train,data/images/75693d87-e748-4109-9f40-7dc5ce63d237.jpg,ok,,638,850,RGB,JPEG
ec5419f7-04a4-4c6e-bcaa-1b50c71fee56.jpg,train,data/images/ec5419f7-04a4-4c6e-bcaa-1b50c71fee56.jpg,ok,,896,1195,RGB,JPEG
db9fd694-7d93-44b2-ace8-046e9fc8018a.jpg,train,data/images/db9fd694-7d93-44b2-ace8-046e9fc8018a.jpg,ok,,896,1195,RGB,JPEG
921a3df8-91d5-4432-b3ff-9af4bb0a047f.jpg,train,data/images/921a3df8-91d5-4432-b3ff-9af4bb0a047f.jpg,ok,,1195,896,RGB,JPEG
7182d196-fe0e-4149-a879-88c5382a2159.jpg,train,data/images/7182d196-fe0e-4149-a879-88c5382a2159.jpg,ok,,1024,1024,RGB,JPEG
23d25d70-dd69-490d-8e33-f6d6c1f96a3f.jpg,train,data/images/23d25d70-dd69-490d-8e33-f6d6c1f96a3f.jpg,ok,,200,200,RGBA,PNG
6d6a89e7-57f4-4476-8772-38b147214715.jpg,train,data/images/6d6a89e7-57f4-4476-8772-38b147214715.jpg,ok,,1024,1024,RGB,JPEG
8f113695-f469-4b5e-8f88-8293f345f6d3.jpg,train,data/images/8f113695-f469-4b5e-8f88-8293f345f6d3.jpg,ok,,1024,1024,RGB,JPEG
1bdd6326-55e7-4b57-b7b7-0afabf3e9e3d.jpg,train,data/images/1bdd6326-55e7-4b57-b7b7-0afabf3e9e3d.jpg,ok,,810,1440,RGB,JPEG
1bfd4d1a-fe01-4559-a344-5ff137ec6ed7.jpg,train,data/images/1bfd4d1a-fe01-4559-a344-5ff137ec6ed7.jpg,ok,,1195,896,RGB,JPEG
ead0ee26-b5b4-4965-a9f7-7c992fa5047f.jpg,train,data/images/ead0ee26-b5b4-4965-a9f7-7c992fa5047f.jpg,ok,,832,1248,RGB,JPEG
2fd7702b-49d4-4bd0-8516-078527a265c9.jpg,train,data/images/2fd7702b-49d4-4bd0-8516-078527a265c9.jpg,ok,,896,1195,RGB,JPEG
96ffab4d-f9f2-4b98-9ff0-6fbe4b112cd0.jpg,train,data/images/96ffab4d-f9f2-4b98-9ff0-6fbe4b112cd0.jpg,ok,,1024,558,RGB,JPEG
53da7bc3-bd39-407f-97c5-bf9657f272b8.jpg,train,data/images/53da7bc3-bd39-407f-97c5-bf9657f272b8.jpg,ok,,1024,1024,RGB,JPEG
513a289b-f065-4af6-aff5-69ad10e7d081.jpg,train,data/images/513a289b-f065-4af6-aff5-69ad10e7d081.jpg,ok,,2560,2560,RGB,JPEG
320e4a68-82a1-4917-a5af-ce69f2413372.jpg,train,data/images/320e4a68-82a1-4917-a5af-ce69f2413372.jpg,ok,,896,1195,RGB,JPEG
48edf5c1-43f0-40da-9912-e8b36650f006.jpg,train,data/images/48edf5c1-43f0-40da-9912-e8b36650f006.jpg,ok,,1024,1024,RGB,JPEG
0a12a373-d608-4241-8769-78e45ed1e909.jpg,train,data/images/0a12a373-d608-4241-8769-78e45ed1e909.jpg,ok,,1248,832,RGB,JPEG
ad26b032-d517-472f-8706-3512105eeba0.jpg,train,data/images/ad26b032-d517-472f-8706-3512105eeba0.jpg,ok,,1024,1024,RGB,JPEG
53ab2558-2ccd-4e8f-aca1-ac20d38a7250.jpg,train,data/images/53ab2558-2ccd-4e8f-aca1-ac20d38a7250.jpg,ok,,500,466,RGB,JPEG
51a0ca93-c5b4-4154-be9d-dd707ab7a0c5.jpg,train,data/images/51a0ca93-c5b4-4154-be9d-dd707ab7a0c5.jpg,ok,,1195,896,RGB,JPEG
deeef137-8948-4d4b-824e-0abd2a148796.jpg,train,data/images/deeef137-8948-4d4b-824e-0abd2a148796.jpg,ok,,1024,558,RGB,JPEG
c8fb45ca-ea8c-4327-9db6-e1f2184d31f9.jpg,train,data/images/c8fb45ca-ea8c-4327-9db6-e1f2184d31f9.jpg,ok,,1879,2200,RGB,JPEG
98079cac-7fd1-4153-9b1c-529281af63eb.jpg,train,data/images/98079cac-7fd1-4153-9b1c-529281af63eb.jpg,ok,,400,400,RGB,JPEG
4a3acf0d-d528-4148-931f-893acbb4fea8.jpg,train,data/images/4a3acf0d-d528-4148-931f-893acbb4fea8.jpg,ok,,1024,1024,RGB,JPEG
7ab4ecba-e0d4-4b1c-948d-ce4120dbf50f.jpg,train,data/images/7ab4ecba-e0d4-4b1c-948d-ce4120dbf50f.jpg,ok,,1024,1024,RGB,JPEG
878f0693-f1e5-48de-befd-0731e7465234.jpg,train,data/images/878f0693-f1e5-48de-befd-0731e7465234.jpg,ok,,896,1195,RGB,JPEG
38ae2d37-7a1a-4aef-837e-2b632390f48c.jpg,train,data/images/38ae2d37-7a1a-4aef-837e-2b632390f48c.jpg,ok,,1024,1024,RGB,JPEG
3a21d2a4-797d-4f8c-ba7b-61eb53cc8a40.jpg,train,data/images/3a21d2a4-797d-4f8c-ba7b-61eb53cc8a40.jpg,ok,,896,1195,RGB,JPEG
cf605a69-179f-4d63-8c69-530ff6cfde79.jpg,train,data/images/cf605a69-179f-4d63-8c69-530ff6cfde79.jpg,ok,,150,150,RGBA,PNG
e3601f6c-6256-47ff-9a50-6e17c0cb4a47.jpg,train,data/images/e3601f6c-6256-47ff-9a50-6e17c0cb4a47.jpg,ok,,1024,1024,RGB,JPEG
1de420e3-08aa-4df2-8854-d147481dadd5.jpg,train,data/images/1de420e3-08aa-4df2-8854-d147481dadd5.jpg,ok,,1024,1024,RGB,JPEG
e9b615df-2b53-4433-a4f1-cb2f05108ae4.jpg,train,data/images/e9b615df-2b53-4433-a4f1-cb2f05108ae4.jpg,ok,,1024,1024,RGB,JPEG
138e7879-f66b-4dc8-aea1-5caf44f0f44a.jpg,train,data/images/138e7879-f66b-4dc8-aea1-5caf44f0f44a.jpg,ok,,1024,1024,RGB,JPEG
97bf17a0-5055-4086-a4e9-bed7f422243f.jpg,train,data/images/97bf17a0-5055-4086-a4e9-bed7f422243f.jpg,ok,,1024,1024,RGB,JPEG
2db7c48d-688b-4396-8e7a-3ab0b909ebf0.jpg,train,data/images/2db7c48d-688b-4396-8e7a-3ab0b909ebf0.jpg,ok,,1024,1024,RGB,JPEG
71c1ee60-42d3-4b0c-b1dc-84b1f7830e5f.jpg,train,data/images/71c1ee60-42d3-4b0c-b1dc-84b1f7830e5f.jpg,ok,,1024,1024,RGB,JPEG
bbaa157c-44e6-4d8b-b93e-eacf9f40fc7f.jpg,train,data/images/bbaa157c-44e6-4d8b-b93e-eacf9f40fc7f.jpg,ok,,1024,1024,RGB,JPEG
e5080d60-dbbd-437f-a715-5913fcc4b92d.jpg,train,data/images/e5080d60-dbbd-437f-a715-5913fcc4b92d.jpg,ok,,2560,2560,RGB,JPEG
f719eed7-3dbc-4278-aad5-d594d4eba15f.jpg,train,data/images/f719eed7-3dbc-4278-aad5-d594d4eba15f.jpg,ok,,1024,716,RGB,JPEG
0fb4c96a-b340-41e4-8c95-c5416351b2dd.jpg,train,data/images/0fb4c96a-b340-41e4-8c95-c5416351b2dd.jpg,ok,,1024,1024,RGB,JPEG
4b18f9e5-8672-44de-8801-84eb69e457fb.jpg,train,data/images/4b18f9e5-8672-44de-8801-84eb69e457fb.jpg,ok,,1024,1024,RGB,JPEG
17b94e10-5fc4-4a5d-8377-5a314b53549d.jpg,train,data/images/17b94e10-5fc4-4a5d-8377-5a314b53549d.jpg,ok,,1024,1024,RGB,JPEG
5639b83b-2a93-4f6a-a685-0e51192dc415.jpg,train,data/images/5639b83b-2a93-4f6a-a685-0e51192dc415.jpg,ok,,1024,1024,RGB,JPEG
08746a62-3996-48fa-ab04-aa97ce7cc2ff.jpg,train,data/images/08746a62-3996-48fa-ab04-aa97ce7cc2ff.jpg,ok,,832,1248,RGB,JPEG
528e6108-5bc0-476c-bacf-b78de9954b09.jpg,train,data/images/528e6108-5bc0-476c-bacf-b78de9954b09.jpg,ok,,1024,1024,RGB,JPEG
08352f75-28c0-4ac8-b558-c8a5d086aa62.jpg,train,data/images/08352f75-28c0-4ac8-b558-c8a5d086aa62.jpg,ok,,1024,1024,RGB,JPEG
c10fde8c-f468-4386-aae9-8e3e0e3972d0.jpg,train,data/images/c10fde8c-f468-4386-aae9-8e3e0e3972d0.jpg,ok,,896,1195,RGB,JPEG
5ec45f94-fdea-4098-9a52-9b5ec230aaee.jpg,train,data/images/5ec45f94-fdea-4098-9a52-9b5ec230aaee.jpg,ok,,1024,1024,RGB,JPEG
3b5948d9-653c-43b1-800a-1e6ac2087ae5.jpg,train,data/images/3b5948d9-653c-43b1-800a-1e6ac2087ae5.jpg,ok,,1024,558,RGB,JPEG
a4c58c0a-339a-44c8-a8c5-d024e1581184.jpg,train,data/images/a4c58c0a-339a-44c8-a8c5-d024e1581184.jpg,ok,,1248,832,RGB,JPEG
6085ba70-b522-43e9-b221-20bc6992e31d.jpg,train,data/images/6085ba70-b522-43e9-b221-20bc6992e31d.jpg,ok,,1024,1024,RGB,JPEG
53a107ca-475c-47f1-9ffb-958115540494.jpg,train,data/images/53a107ca-475c-47f1-9ffb-958115540494.jpg,ok,,1024,716,RGB,JPEG
74824ecd-b2e6-42bb-aefe-648f4663291a.jpg,train,data/images/74824ecd-b2e6-42bb-aefe-648f4663291a.jpg,ok,,1024,1024,RGB,JPEG
f669e4c9-9bf4-40e0-9392-1aaa4f302d78.jpg,train,data/images/f669e4c9-9bf4-40e0-9392-1aaa4f302d78.jpg,ok,,1024,1024,RGB,JPEG
aa9c114f-d8b1-4376-a82f-8e92bc9f129a.jpg,train,data/images/aa9c114f-d8b1-4376-a82f-8e92bc9f129a.jpg,ok,,1024,1024,RGB,JPEG
85017d89-c002-4d68-9491-9b34def5484b.jpg,train,data/images/85017d89-c002-4d68-9491-9b34def5484b.jpg,ok,,896,1195,RGB,JPEG
532974aa-75c1-43c6-a1c4-82e785182912.jpg,train,data/images/532974aa-75c1-43c6-a1c4-82e785182912.jpg,ok,,1024,1024,RGB,JPEG
b80cac20-208f-4674-acba-edad54337aea.jpg,train,data/images/b80cac20-208f-4674-acba-edad54337aea.jpg,ok,,1024,1024,RGB,JPEG
0fa89b23-8080-4e1b-a964-a64ab84d4642.jpg,train,data/images/0fa89b23-8080-4e1b-a964-a64ab84d4642.jpg,ok,,558,1024,RGB,JPEG
ab77c924-17c0-4ba2-9879-f7e020a9788b.jpg,train,data/images/ab77c924-17c0-4ba2-9879-f7e020a9788b.jpg,ok,,1024,1024,RGB,JPEG
8d9a1c77-854d-4a71-83ea-385e5ffc4f2b.jpg,train,data/images/8d9a1c77-854d-4a71-83ea-385e5ffc4f2b.jpg,ok,,1280,1024,RGB,JPEG
a4e83dfc-1ec1-4444-a140-c4a5cfa979b0.jpg,train,data/images/a4e83dfc-1ec1-4444-a140-c4a5cfa979b0.jpg,ok,,1024,1024,RGB,JPEG
96a0919b-8f52-4a68-9edb-1599fc5238b0.jpg,train,data/images/96a0919b-8f52-4a68-9edb-1599fc5238b0.jpg,ok,,832,1248,RGB,JPEG
8b191ce4-b7e9-4887-aa42-31166b0bfc15.jpg,train,data/images/8b191ce4-b7e9-4887-aa42-31166b0bfc15.jpg,ok,,1024,1024,RGB,JPEG
ccb71b03-6bb3-449a-9fdb-3a49a2621cc8.jpg,train,data/images/ccb71b03-6bb3-449a-9fdb-3a49a2621cc8.jpg,ok,,1195,896,RGB,JPEG
9bacc5a5-bb66-484a-a5fc-10327b9ea955.jpg,train,data/images/9bacc5a5-bb66-484a-a5fc-10327b9ea955.jpg,ok,,1024,1024,RGB,JPEG
63c36977-0639-4c31-b397-2b186539f344.jpg,train,data/images/63c36977-0639-4c31-b397-2b186539f344.jpg,ok,,1024,1024,RGB,JPEG
69b50c67-c9ea-460e-92d2-85e6659766c4.jpg,train,data/images/69b50c67-c9ea-460e-92d2-85e6659766c4.jpg,ok,,1024,1024,RGB,JPEG
1bb2d358-9d5c-4f79-b990-e16bb701a6aa.jpg,train,data/images/1bb2d358-9d5c-4f79-b990-e16bb701a6aa.jpg,ok,,896,1195,RGB,JPEG
9295ca33-29ae-4cf1-9a33-c6f0d4a80a62.jpg,train,data/images/9295ca33-29ae-4cf1-9a33-c6f0d4a80a62.jpg,ok,,400,400,RGB,JPEG
dac60dc4-aabb-434d-bf51-f8c5ec1b439d.jpg,train,data/images/dac60dc4-aabb-434d-bf51-f8c5ec1b439d.jpg,ok,,1024,1024,RGB,JPEG
27b6aa52-5422-463b-8382-ed395ba78325.jpg,train,data/images/27b6aa52-5422-463b-8382-ed395ba78325.jpg,ok,,1024,1024,RGB,JPEG
f190d370-bf14-4bb1-9fb9-6887b5978c76.jpg,train,data/images/f190d370-bf14-4bb1-9fb9-6887b5978c76.jpg,ok,,896,1195,RGB,JPEG
9ae72ba0-e108-4536-87e3-bc945e68a7ac.jpg,train,data/images/9ae72ba0-e108-4536-87e3-bc945e68a7ac.jpg,ok,,1024,1024,RGB,JPEG
4b8f71fc-4326-4543-b7a0-a6b78809394d.jpg,train,data/images/4b8f71fc-4326-4543-b7a0-a6b78809394d.jpg,ok,,1248,832,RGB,JPEG
d5adcd5b-4f82-4db3-8176-695033239f95.jpg,train,data/images/d5adcd5b-4f82-4db3-8176-695033239f95.jpg,ok,,1024,1024,RGB,JPEG
6f7575e3-9c8e-4b6c-986b-75f6889180d5.jpg,train,data/images/6f7575e3-9c8e-4b6c-986b-75f6889180d5.jpg,ok,,1024,1024,RGB,JPEG
458e6062-a1af-47c2-8a3f-ba92b42fd631.jpg,train,data/images/458e6062-a1af-47c2-8a3f-ba92b42fd631.jpg,ok,,1024,1024,RGB,JPEG
0b06d7e6-c474-410c-a27e-93c89f2a26fe.jpg,train,data/images/0b06d7e6-c474-410c-a27e-93c89f2a26fe.jpg,ok,,1024,1024,RGB,JPEG
1e9e2efe-5996-4832-b884-c84e89e51d9e.jpg,train,data/images/1e9e2efe-5996-4832-b884-c84e89e51d9e.jpg,ok,,1024,1280,RGB,JPEG
65a23054-2b0e-4948-b23a-cb483047fcff.jpg,train,data/images/65a23054-2b0e-4948-b23a-cb483047fcff.jpg,ok,,1024,1024,RGB,JPEG
6cfb8b70-f453-4cfa-ae50-0ba9b0fdb8da.jpg,train,data/images/6cfb8b70-f453-4cfa-ae50-0ba9b0fdb8da.jpg,ok,,558,1024,RGB,JPEG
9406aa98-a587-4624-99ac-f225d98f74a3.jpg,train,data/images/9406aa98-a587-4624-99ac-f225d98f74a3.jpg,ok,,780,1040,RGB,JPEG
d30ccfa6-bab9-45ba-8fd6-45b43900f415.jpg,train,data/images/d30ccfa6-bab9-45ba-8fd6-45b43900f415.jpg,ok,,1024,1024,RGB,JPEG
b317feeb-0ed9-45c1-8852-9545b180e143.jpg,train,data/images/b317feeb-0ed9-45c1-8852-9545b180e143.jpg,ok,,558,1024,RGB,JPEG
4be82cc9-9b28-47d7-a26b-8d91ecb5769b.jpg,train,data/images/4be82cc9-9b28-47d7-a26b-8d91ecb5769b.jpg,ok,,1024,1024,RGB,JPEG
3b9ce43a-153c-4e20-9baf-b0ce86308aa9.jpg,train,data/images/3b9ce43a-153c-4e20-9baf-b0ce86308aa9.jpg,ok,,896,1195,RGB,JPEG
bb1dd9fe-8e3b-4ed3-ac7c-06e0f8ac6c56.jpg,train,data/images/bb1dd9fe-8e3b-4ed3-ac7c-06e0f8ac6c56.jpg,ok,,896,1195,RGB,JPEG
34fc6ed8-f444-45e6-8d30-0a822d68add5.jpg,train,data/images/34fc6ed8-f444-45e6-8d30-0a822d68add5.jpg,ok,,1024,1280,RGB,JPEG
5a57d35c-b6eb-4102-9a46-3c08d410789d.jpg,train,data/images/5a57d35c-b6eb-4102-9a46-3c08d410789d.jpg,ok,,1024,1024,RGB,JPEG
313a8166-4528-4d3c-afbb-25314e4fdf88.jpg,train,data/images/313a8166-4528-4d3c-afbb-25314e4fdf88.jpg,ok,,1024,1024,RGB,JPEG
07d080e0-3d97-480c-b2ab-2d5ae2f5211e.jpg,train,data/images/07d080e0-3d97-480c-b2ab-2d5ae2f5211e.jpg,ok,,1024,1024,RGB,JPEG
da77c413-6705-4e1b-a968-cb59380ec874.jpg,train,data/images/da77c413-6705-4e1b-a968-cb59380ec874.jpg,ok,,1024,1024,RGB,JPEG
ee28f3e8-efd9-4691-ab53-1c9065a9c69b.jpg,train,data/images/ee28f3e8-efd9-4691-ab53-1c9065a9c69b.jpg,ok,,1024,716,RGB,JPEG
a54cf628-ee3e-4c66-bdb8-d589a682944e.jpg,train,data/images/a54cf628-ee3e-4c66-bdb8-d589a682944e.jpg,ok,,1024,1024,RGB,JPEG
30a8e867-0d70-4f31-acb6-4db8f9b0c928.jpg,train,data/images/30a8e867-0d70-4f31-acb6-4db8f9b0c928.jpg,ok,,1024,1024,RGB,JPEG
f495a90f-46a7-45f2-9e47-57ecbe3b670a.jpg,train,data/images/f495a90f-46a7-45f2-9e47-57ecbe3b670a.jpg,ok,,1024,1024,RGB,JPEG
1643774a-09a5-4676-939b-3a18ef3eb2f0.jpg,train,data/images/1643774a-09a5-4676-939b-3a18ef3eb2f0.jpg,ok,,1024,1024,RGB,JPEG
74dc15d7-8a97-4fdd-b4e2-9412fe23ce8d.jpg,train,data/images/74dc15d7-8a97-4fdd-b4e2-9412fe23ce8d.jpg,ok,,1024,1024,RGB,JPEG
0b5697a9-a32f-4df9-9337-e3f3cc5a04ba.jpg,train,data/images/0b5697a9-a32f-4df9-9337-e3f3cc5a04ba.jpg,ok,,832,1248,RGB,JPEG
a0546df1-4a55-4084-9883-399616d8475f.jpg,train,data/images/a0546df1-4a55-4084-9883-399616d8475f.jpg,ok,,1024,1024,RGB,JPEG
b439ed2d-966d-4bc5-b36c-dd6cda01d72f.jpg,train,data/images/b439ed2d-966d-4bc5-b36c-dd6cda01d72f.jpg,ok,,1024,1024,RGB,JPEG
8ccff6d1-06df-4bf5-9db6-368ac497a44e.jpg,train,data/images/8ccff6d1-06df-4bf5-9db6-368ac497a44e.jpg,ok,,1440,810,RGB,JPEG
d10cb983-c6b5-43dd-b0cb-21d388d0f86a.jpg,train,data/images/d10cb983-c6b5-43dd-b0cb-21d388d0f86a.jpg,ok,,1024,1024,RGB,JPEG
9f201892-2af2-4b38-9ca1-ad35c59b1ade.jpg,train,data/images/9f201892-2af2-4b38-9ca1-ad35c59b1ade.jpg,ok,,756,1008,RGB,JPEG
477d242a-582d-4206-8cec-78f7a4946f53.jpg,train,data/images/477d242a-582d-4206-8cec-78f7a4946f53.jpg,ok,,1024,558,RGB,JPEG
0e0dcbf4-af70-4a01-ac44-9272cf5fcd0e.jpg,train,data/images/0e0dcbf4-af70-4a01-ac44-9272cf5fcd0e.jpg,ok,,1024,1024,RGB,JPEG
ab38dc34-7b13-40d8-8983-ff71b42c0e0d.jpg,train,data/images/ab38dc34-7b13-40d8-8983-ff71b42c0e0d.jpg,ok,,1024,1024,RGB,JPEG
3b61dff6-8539-48da-8d91-31389328062c.jpg,train,data/images/3b61dff6-8539-48da-8d91-31389328062c.jpg,ok,,1024,1024,RGB,JPEG
174b0cc2-654e-43f3-955d-05c61c0eaeed.jpg,train,data/images/174b0cc2-654e-43f3-955d-05c61c0eaeed.jpg,ok,,1024,1024,RGB,JPEG
44c7b095-17ed-40f8-bb65-206042d2e918.jpg,train,data/images/44c7b095-17ed-40f8-bb65-206042d2e918.jpg,ok,,1024,1024,RGB,JPEG
b1011772-6137-4565-b15f-657a614688f1.jpg,train,data/images/b1011772-6137-4565-b15f-657a614688f1.jpg,ok,,1024,1024,RGB,JPEG
9ed9ecb6-e17a-4704-9692-bff103fe666f.jpg,train,data/images/9ed9ecb6-e17a-4704-9692-bff103fe666f.jpg,ok,,1024,558,RGB,JPEG
ae2fb455-138e-40f2-8ce7-a01086f18200.jpg,train,data/images/ae2fb455-138e-40f2-8ce7-a01086f18200.jpg,ok,,1024,1024,RGB,JPEG
97d0a0b5-ca76-432c-8f9d-e021846b6507.jpg,train,data/images/97d0a0b5-ca76-432c-8f9d-e021846b6507.jpg,ok,,1195,896,RGB,JPEG
7121cb59-f543-4257-9316-1dfdb7c325d3.jpg,train,data/images/7121cb59-f543-4257-9316-1dfdb7c325d3.jpg,ok,,1248,832,RGB,JPEG
fca385d2-2c38-4cf4-bf5d-488a01b7689d.jpg,train,data/images/fca385d2-2c38-4cf4-bf5d-488a01b7689d.jpg,ok,,1195,896,RGB,JPEG
94d1d605-f0c7-4b75-98f0-8be551949221.jpg,train,data/images/94d1d605-f0c7-4b75-98f0-8be551949221.jpg,ok,,1656,2208,RGB,JPEG
427b29fc-1507-45dd-858a-b4338bd62232.jpg,train,data/images/427b29fc-1507-45dd-858a-b4338bd62232.jpg,ok,,1024,1024,RGB,JPEG
40e7b428-4bb2-49f7-a56e-41d8d0effd8d.jpg,train,data/images/40e7b428-4bb2-49f7-a56e-41d8d0effd8d.jpg,ok,,1280,1024,RGB,JPEG
30a01428-e573-4d0e-832b-634fb7a610c0.jpg,train,data/images/30a01428-e573-4d0e-832b-634fb7a610c0.jpg,ok,,896,1195,RGB,JPEG
e1d3e52e-e1f9-476c-aacc-d2e22b42138f.jpg,train,data/images/e1d3e52e-e1f9-476c-aacc-d2e22b42138f.jpg,ok,,896,1195,RGB,JPEG
5ae8de93-a84a-4ca2-8b63-3f561f3172e6.jpg,train,data/images/5ae8de93-a84a-4ca2-8b63-3f561f3172e6.jpg,ok,,1879,2200,RGB,JPEG
baae8ef0-a8f6-44b5-b716-8ff41721c9f5.jpg,train,data/images/baae8ef0-a8f6-44b5-b716-8ff41721c9f5.jpg,ok,,896,1195,RGB,JPEG
2a1e6dee-d2d4-42d6-b23d-d944e7ef3ba4.jpg,train,data/images/2a1e6dee-d2d4-42d6-b23d-d944e7ef3ba4.jpg,ok,,896,1195,RGB,JPEG
cfffd5e5-a537-4ccd-9f0b-27295fe6a61b.jpg,train,data/images/cfffd5e5-a537-4ccd-9f0b-27295fe6a61b.jpg,ok,,500,303,RGB,JPEG
e6784258-2810-4c1e-8278-ec529016b612.jpg,train,data/images/e6784258-2810-4c1e-8278-ec529016b612.jpg,ok,,1024,1024,RGB,JPEG
496202b5-6d6e-44da-89a0-348a6e93bf4f.jpg,train,data/images/496202b5-6d6e-44da-89a0-348a6e93bf4f.jpg,ok,,896,1195,RGB,JPEG
2ab93f00-6d2f-42d3-b0e4-067d97798ec5.jpg,train,data/images/2ab93f00-6d2f-42d3-b0e4-067d97798ec5.jpg,ok,,896,1195,RGB,JPEG
8534f73f-099f-40f3-96e5-81ebccab637c.jpg,train,data/images/8534f73f-099f-40f3-96e5-81ebccab637c.jpg,ok,,1024,1024,RGB,JPEG
1e36a7fc-b2fa-453c-b84d-7489ef9ff1ad.jpg,train,data/images/1e36a7fc-b2fa-453c-b84d-7489ef9ff1ad.jpg,ok,,1024,1024,RGB,JPEG
a3400949-402d-40ff-83a2-cc47fdb23565.jpg,train,data/images/a3400949-402d-40ff-83a2-cc47fdb23565.jpg,ok,,1024,1280,RGB,JPEG
9071c5c5-266e-4960-a8f8-f643abad797a.jpg,train,data/images/9071c5c5-266e-4960-a8f8-f643abad797a.jpg,ok,,896,1195,RGB,JPEG
3b14faa9-bd97-46f5-ad40-5d87422a25fd.jpg,train,data/images/3b14faa9-bd97-46f5-ad40-5d87422a25fd.jpg,ok,,1024,558,RGB,JPEG
abbb1a49-7a0e-435e-879b-f6edce7ebfaa.jpg,train,data/images/abbb1a49-7a0e-435e-879b-f6edce7ebfaa.jpg,ok,,1280,1024,RGB,JPEG
1d1783c8-8f90-4fad-b695-f07c16c9a0e0.jpg,train,data/images/1d1783c8-8f90-4fad-b695-f07c16c9a0e0.jpg,ok,,896,1195,RGB,JPEG
6c953c61-314d-4636-b221-f445d2382866.jpg,train,data/images/6c953c61-314d-4636-b221-f445d2382866.jpg,ok,,1024,1024,RGB,JPEG
33cfdf8e-516e-46f5-ac44-6a407848149b.jpg,train,data/images/33cfdf8e-516e-46f5-ac44-6a407848149b.jpg,ok,,896,1195,RGB,JPEG
4b197fc2-a70f-45be-9bce-1d1754bdf926.jpg,train,data/images/4b197fc2-a70f-45be-9bce-1d1754bdf926.jpg,ok,,1024,558,RGB,JPEG
4cba4796-21ad-48d8-8eba-76501d5bd21c.jpg,train,data/images/4cba4796-21ad-48d8-8eba-76501d5bd21c.jpg,ok,,800,800,RGB,JPEG
489321d3-e168-40a0-805b-c2f34e11c5de.jpg,train,data/images/489321d3-e168-40a0-805b-c2f34e11c5de.jpg,ok,,1024,1024,RGB,JPEG
120831d1-d314-430c-8250-da4ac8160b74.jpg,train,data/images/120831d1-d314-430c-8250-da4ac8160b74.jpg,ok,,1024,1280,RGB,JPEG
96db6151-17c4-4047-b81a-043b09099fab.jpg,train,data/images/96db6151-17c4-4047-b81a-043b09099fab.jpg,ok,,1195,896,RGB,JPEG
8762820e-4087-4db4-afb0-a77c903fbd20.jpg,train,data/images/8762820e-4087-4db4-afb0-a77c903fbd20.jpg,ok,,1024,1024,RGB,JPEG
254a38c4-ab2b-4d91-bcc7-e0dfa2863aaa.jpg,train,data/images/254a38c4-ab2b-4d91-bcc7-e0dfa2863aaa.jpg,ok,,1195,896,RGB,JPEG
51a7eb60-c8c0-43fb-bc0f-11e8e5f38d44.jpg,train,data/images/51a7eb60-c8c0-43fb-bc0f-11e8e5f38d44.jpg,ok,,896,1195,RGB,JPEG
381a5f00-0865-42ff-a334-d9c7a2cf2c51.jpg,train,data/images/381a5f00-0865-42ff-a334-d9c7a2cf2c51.jpg,ok,,896,1195,RGB,JPEG
d3357950-19eb-4478-a45d-06a3864bc12e.jpg,train,data/images/d3357950-19eb-4478-a45d-06a3864bc12e.jpg,ok,,1024,1024,RGB,JPEG
2b80c47b-7d07-4779-afeb-3e46d81ff0f9.jpg,train,data/images/2b80c47b-7d07-4779-afeb-3e46d81ff0f9.jpg,ok,,1024,1024,RGB,JPEG
244fb800-3654-459c-ac52-d613c9466590.jpg,train,data/images/244fb800-3654-459c-ac52-d613c9466590.jpg,ok,,1024,1024,RGB,JPEG
1f287cea-40fd-4a4d-9f79-692328bb26f8.jpg,train,data/images/1f287cea-40fd-4a4d-9f79-692328bb26f8.jpg,ok,,832,1248,RGB,JPEG
f87c8402-2027-4092-bcdc-e876438372fe.jpg,train,data/images/f87c8402-2027-4092-bcdc-e876438372fe.jpg,ok,,1024,1024,RGB,JPEG
17e67839-f417-4a98-9133-fc6d62c8ac23.jpg,train,data/images/17e67839-f417-4a98-9133-fc6d62c8ac23.jpg,ok,,896,1195,RGB,JPEG
ed610302-8106-4301-b406-320a0470469e.jpg,train,data/images/ed610302-8106-4301-b406-320a0470469e.jpg,ok,,1024,716,RGB,JPEG
2995de34-c947-4be0-8ecb-f61dd2e3f526.jpg,train,data/images/2995de34-c947-4be0-8ecb-f61dd2e3f526.jpg,ok,,1024,1024,RGB,JPEG
bfce8bdc-7b8a-4581-a15b-cb71134db309.jpg,train,data/images/bfce8bdc-7b8a-4581-a15b-cb71134db309.jpg,ok,,200,200,RGBA,PNG
d66174b2-1bd7-41c3-be82-1142758ac919.jpg,train,data/images/d66174b2-1bd7-41c3-be82-1142758ac919.jpg,ok,,1024,1024,RGB,JPEG
97bb3e26-d77d-44df-83b8-97bfc45ffa73.jpg,train,data/images/97bb3e26-d77d-44df-83b8-97bfc45ffa73.jpg,ok,,852,1136,RGB,JPEG
226932f6-a213-43eb-ab14-5480d3284aff.jpg,train,data/images/226932f6-a213-43eb-ab14-5480d3284aff.jpg,ok,,1024,1024,RGB,JPEG
8883f2c2-48d8-4de2-a006-5f5a46ca4c67.jpg,train,data/images/8883f2c2-48d8-4de2-a006-5f5a46ca4c67.jpg,ok,,1024,1024,RGB,JPEG
9c9a7f1e-55e4-4a0a-aea8-82af24d9459b.jpg,train,data/images/9c9a7f1e-55e4-4a0a-aea8-82af24d9459b.jpg,ok,,1024,716,RGB,JPEG
9a585d45-cbac-46d1-8327-ccde8727172c.jpg,train,data/images/9a585d45-cbac-46d1-8327-ccde8727172c.jpg,ok,,1024,1024,RGB,JPEG
43dbc3d1-f591-40b0-9c2e-c1176dc482fa.jpg,train,data/images/43dbc3d1-f591-40b0-9c2e-c1176dc482fa.jpg,ok,,1024,1024,RGB,JPEG
58088b22-b077-4ead-993b-e7a664f46110.jpg,train,data/images/58088b22-b077-4ead-993b-e7a664f46110.jpg,ok,,896,1195,RGB,JPEG
ce6cda3d-485d-44c8-a49e-af83935bc898.jpg,train,data/images/ce6cda3d-485d-44c8-a49e-af83935bc898.jpg,ok,,1024,1024,RGB,JPEG
9e7e2594-70c1-4dd5-9650-acef260e7699.jpg,train,data/images/9e7e2594-70c1-4dd5-9650-acef260e7699.jpg,ok,,1024,1024,RGB,JPEG
0e58944a-7391-4307-bd58-d071fcdfcc8d.jpg,train,data/images/0e58944a-7391-4307-bd58-d071fcdfcc8d.jpg,ok,,1024,716,RGB,JPEG
77eb9044-37fa-47aa-9d90-91539bce13f8.jpg,train,data/images/77eb9044-37fa-47aa-9d90-91539bce13f8.jpg,ok,,1024,1024,RGB,JPEG
bc22ff1a-6153-48b7-b87c-9ea8796dc0c4.jpg,train,data/images/bc22ff1a-6153-48b7-b87c-9ea8796dc0c4.jpg,ok,,1024,716,RGB,JPEG
4e18ffa6-d704-4461-b881-caa8dea041a5.jpg,train,data/images/4e18ffa6-d704-4461-b881-caa8dea041a5.jpg,ok,,1024,716,RGB,JPEG
5bdc067b-dd82-4f36-a80f-3554980ee970.jpg,train,data/images/5bdc067b-dd82-4f36-a80f-3554980ee970.jpg,ok,,1248,832,RGB,JPEG
501948a8-0587-4c14-a833-11b314542014.jpg,train,data/images/501948a8-0587-4c14-a833-11b314542014.jpg,ok,,1024,1024,RGB,JPEG
69388acf-3093-4a32-bd45-2ccb58a653a1.jpg,train,data/images/69388acf-3093-4a32-bd45-2ccb58a653a1.jpg,ok,,1024,1024,RGB,JPEG
36ae7ba9-c8ce-4c07-abd3-c6998db7aa19.jpg,train,data/images/36ae7ba9-c8ce-4c07-abd3-c6998db7aa19.jpg,ok,,1024,1024,RGB,JPEG
cf471129-802f-4fe5-b123-de0111048a3c.jpg,train,data/images/cf471129-802f-4fe5-b123-de0111048a3c.jpg,ok,,1024,1024,RGB,JPEG
256a262e-d001-49af-873e-d09b11bb13d1.jpg,train,data/images/256a262e-d001-49af-873e-d09b11bb13d1.jpg,ok,,1024,1024,RGB,JPEG
ab047ac8-2fc6-4554-a35e-e7d364f7603e.jpg,train,data/images/ab047ac8-2fc6-4554-a35e-e7d364f7603e.jpg,ok,,896,1195,RGB,JPEG
8b536112-5496-46de-a666-3f4a1839321a.jpg,train,data/images/8b536112-5496-46de-a666-3f4a1839321a.jpg,ok,,896,1195,RGB,JPEG
a7853cf6-ead8-48f0-bdc8-5232e2859b42.jpg,train,data/images/a7853cf6-ead8-48f0-bdc8-5232e2859b42.jpg,ok,,832,1248,RGB,JPEG
acd05a7e-4ad9-4a2c-961a-4e0f6c8f6ecb.jpg,train,data/images/acd05a7e-4ad9-4a2c-961a-4e0f6c8f6ecb.jpg,ok,,1024,1024,RGB,JPEG
80fe47ca-76da-464d-a065-24627a987a4b.jpg,train,data/images/80fe47ca-76da-464d-a065-24627a987a4b.jpg,ok,,1248,832,RGB,JPEG
51dbe1f6-6a55-4d1e-9d0a-bf5788939ad0.jpg,train,data/images/51dbe1f6-6a55-4d1e-9d0a-bf5788939ad0.jpg,ok,,896,1195,RGB,JPEG
0b65e96f-2678-42b8-88e8-57c7b0af5524.jpg,train,data/images/0b65e96f-2678-42b8-88e8-57c7b0af5524.jpg,ok,,1024,1024,RGB,JPEG
44d99e33-28b7-46c3-97da-375c1e571d1d.jpg,train,data/images/44d99e33-28b7-46c3-97da-375c1e571d1d.jpg,ok,,1024,1024,RGB,JPEG
bce6b477-c613-4f1f-9519-ddc43489b207.jpg,train,data/images/bce6b477-c613-4f1f-9519-ddc43489b207.jpg,ok,,1024,1024,RGB,JPEG
eba6ea61-f890-41cc-bd69-29aeafe72e5d.jpg,train,data/images/eba6ea61-f890-41cc-bd69-29aeafe72e5d.jpg,ok,,896,1195,RGB,JPEG
6720e328-738c-4c24-97eb-5475e4893305.jpg,train,data/images/6720e328-738c-4c24-97eb-5475e4893305.jpg,ok,,2560,2560,RGB,JPEG
58ab6dcb-8e7e-4b05-9695-baca12dc9780.jpg,train,data/images/58ab6dcb-8e7e-4b05-9695-baca12dc9780.jpg,ok,,896,1195,RGB,JPEG
e63c81af-32bf-4505-ba45-132600577ba0.jpg,train,data/images/e63c81af-32bf-4505-ba45-132600577ba0.jpg,ok,,1024,1024,RGB,JPEG
442f52d1-34fd-4962-84b9-71e1960830f7.jpg,train,data/images/442f52d1-34fd-4962-84b9-71e1960830f7.jpg,ok,,1024,1024,RGB,JPEG
2921fd85-ed6c-4d29-be20-5f2636e6f858.jpg,train,data/images/2921fd85-ed6c-4d29-be20-5f2636e6f858.jpg,ok,,1024,1024,RGB,JPEG
c663b0b0-c649-46e0-a0b5-a30b8c99edd5.jpg,train,data/images/c663b0b0-c649-46e0-a0b5-a30b8c99edd5.jpg,ok,,896,1195,RGB,JPEG
100ca342-cfea-4983-b4ee-2f0252f23001.jpg,train,data/images/100ca342-cfea-4983-b4ee-2f0252f23001.jpg,ok,,1024,1024,RGB,JPEG
b37c2194-4343-42c4-a4e5-32e2dd9a148e.jpg,train,data/images/b37c2194-4343-42c4-a4e5-32e2dd9a148e.jpg,ok,,1024,1024,RGB,JPEG
f8d30bf8-928f-4e6f-9d47-bccbd49190af.jpg,train,data/images/f8d30bf8-928f-4e6f-9d47-bccbd49190af.jpg,ok,,1024,1024,RGB,JPEG
f3fc5f61-6e45-42f9-9054-e7de2519f485.jpg,train,data/images/f3fc5f61-6e45-42f9-9054-e7de2519f485.jpg,ok,,1024,1024,RGB,JPEG
12f683e9-d712-4711-8114-19e27652043c.jpg,train,data/images/12f683e9-d712-4711-8114-19e27652043c.jpg,ok,,1024,1024,RGB,JPEG
29ca581d-c5df-4635-baa0-fb4bce144924.jpg,train,data/images/29ca581d-c5df-4635-baa0-fb4bce144924.jpg,ok,,1024,1024,RGB,JPEG
cc0c62c0-f1f2-4a86-9457-ca0b83766a62.jpg,train,data/images/cc0c62c0-f1f2-4a86-9457-ca0b83766a62.jpg,ok,,1248,832,RGB,JPEG
6aef9420-5cac-47c7-807f-6a2d3af7f0f6.jpg,train,data/images/6aef9420-5cac-47c7-807f-6a2d3af7f0f6.jpg,ok,,896,1195,RGB,JPEG
8f674795-6b81-42a7-9047-1f8947c30285.jpg,train,data/images/8f674795-6b81-42a7-9047-1f8947c30285.jpg,ok,,96,96,RGBA,PNG
14b5c723-ef04-4406-a4c9-4313924ab8d8.jpg,train,data/images/14b5c723-ef04-4406-a4c9-4313924ab8d8.jpg,ok,,1024,1024,RGB,JPEG
2fd2aebd-4eb0-432d-b5fb-68168befd522.jpg,train,data/images/2fd2aebd-4eb0-432d-b5fb-68168befd522.jpg,ok,,1248,832,RGB,JPEG
d1b0cfee-a8ce-4d7b-9277-65a94d687150.jpg,train,data/images/d1b0cfee-a8ce-4d7b-9277-65a94d687150.jpg,ok,,1024,1024,RGB,JPEG
b1f70dd1-ca5c-488b-b505-29f14c76f693.jpg,train,data/images/b1f70dd1-ca5c-488b-b505-29f14c76f693.jpg,ok,,1024,1024,RGB,JPEG
a0a90afc-19ff-4aa1-8a03-33b45c2d62ff.jpg,train,data/images/a0a90afc-19ff-4aa1-8a03-33b45c2d62ff.jpg,ok,,1024,1024,RGB,JPEG
aa14b5c6-f8c4-4727-864e-76c5a1adc8dc.jpg,train,data/images/aa14b5c6-f8c4-4727-864e-76c5a1adc8dc.jpg,ok,,1024,1024,RGB,JPEG
5f89be84-af55-4e93-8fe9-0a79a0a4a8a9.jpg,train,data/images/5f89be84-af55-4e93-8fe9-0a79a0a4a8a9.jpg,ok,,1024,1024,RGB,JPEG
28669b21-7d31-4cff-be76-c00299764d76.jpg,train,data/images/28669b21-7d31-4cff-be76-c00299764d76.jpg,ok,,1024,1024,RGB,JPEG
68d5db23-8775-4cf8-bf15-27e4997dcd29.jpg,train,data/images/68d5db23-8775-4cf8-bf15-27e4997dcd29.jpg,ok,,1024,1024,RGB,JPEG
fff814c3-d972-4bec-8ad1-875f8eff28e0.jpg,train,data/images/fff814c3-d972-4bec-8ad1-875f8eff28e0.jpg,ok,,1024,1024,RGB,JPEG
386955a6-839f-4c4a-90cb-2d9cf44d3d45.jpg,train,data/images/386955a6-839f-4c4a-90cb-2d9cf44d3d45.jpg,ok,,1024,1024,RGB,JPEG
2217feef-fb34-4f49-9acc-8d987bd6da3d.jpg,train,data/images/2217feef-fb34-4f49-9acc-8d987bd6da3d.jpg,ok,,1024,1024,RGB,JPEG
1b629512-3e55-4b70-869f-2bb88c11283d.jpg,train,data/images/1b629512-3e55-4b70-869f-2bb88c11283d.jpg,ok,,1024,1024,RGB,JPEG
3871f5a7-1b66-4cbd-8107-dbb3247e5449.jpg,train,data/images/3871f5a7-1b66-4cbd-8107-dbb3247e5449.jpg,ok,,1024,1024,RGB,JPEG
78bb94a8-6113-4009-a4f7-f6764a307b41.jpg,train,data/images/78bb94a8-6113-4009-a4f7-f6764a307b41.jpg,ok,,1024,1024,RGB,JPEG
e09a81a8-f8ce-4490-a3fd-5b65bbf3f753.jpg,train,data/images/e09a81a8-f8ce-4490-a3fd-5b65bbf3f753.jpg,ok,,1024,716,RGB,JPEG
e7b3667a-533f-420a-8e01-1b6c9be3bd2e.jpg,train,data/images/e7b3667a-533f-420a-8e01-1b6c9be3bd2e.jpg,ok,,1163,444,RGB,JPEG
1402d36c-cd6a-4c73-85ab-d51b1cb60135.jpg,train,data/images/1402d36c-cd6a-4c73-85ab-d51b1cb60135.jpg,ok,,1024,1024,RGB,JPEG
6328f07e-862c-4785-9242-e5f2ccd29bdb.jpg,train,data/images/6328f07e-862c-4785-9242-e5f2ccd29bdb.jpg,ok,,1248,832,RGB,JPEG
413544ac-729e-4405-a2a0-feaf171943f4.jpg,train,data/images/413544ac-729e-4405-a2a0-feaf171943f4.jpg,ok,,375,500,RGB,JPEG
80bd4909-5d8c-440d-97ba-ac4aeba9513d.jpg,train,data/images/80bd4909-5d8c-440d-97ba-ac4aeba9513d.jpg,ok,,1024,716,RGB,JPEG
42e0289f-ffa4-4f51-bbc5-bc7fb23e959a.jpg,train,data/images/42e0289f-ffa4-4f51-bbc5-bc7fb23e959a.jpg,ok,,1248,832,RGB,JPEG
e7572c39-9c2b-4df7-9170-d5a772543cdd.jpg,train,data/images/e7572c39-9c2b-4df7-9170-d5a772543cdd.jpg,ok,,1024,1024,RGB,JPEG
f9c5b6f2-94e7-4229-82bc-c308bfe073d6.jpg,train,data/images/f9c5b6f2-94e7-4229-82bc-c308bfe073d6.jpg,ok,,1024,1024,RGB,JPEG
811ff1fd-d6ad-4eb7-89b1-1c09f11b7b14.jpg,train,data/images/811ff1fd-d6ad-4eb7-89b1-1c09f11b7b14.jpg,ok,,1024,1024,RGB,JPEG
1e50eb39-4cf5-417c-b4e4-da8cba04d7a7.jpg,train,data/images/1e50eb39-4cf5-417c-b4e4-da8cba04d7a7.jpg,ok,,1248,832,RGB,JPEG
f76f7a61-b999-4f3b-aec4-a95d427eef25.jpg,train,data/images/f76f7a61-b999-4f3b-aec4-a95d427eef25.jpg,ok,,1024,558,RGB,JPEG
dbfe1efb-800b-4b05-a797-d11f61d5a888.jpg,train,data/images/dbfe1efb-800b-4b05-a797-d11f61d5a888.jpg,ok,,1024,716,RGB,JPEG
e9385a46-61c3-497f-8a74-38c19e6dc36f.jpg,train,data/images/e9385a46-61c3-497f-8a74-38c19e6dc36f.jpg,ok,,1024,558,RGB,JPEG
1d8e71fe-2220-4475-a1e7-629750363ad1.jpg,train,data/images/1d8e71fe-2220-4475-a1e7-629750363ad1.jpg,ok,,896,1195,RGB,JPEG
4a3d5a93-d00f-4534-ae51-600e346fb79f.jpg,train,data/images/4a3d5a93-d00f-4534-ae51-600e346fb79f.jpg,ok,,1248,832,RGB,JPEG
0eb7a46a-d1e1-4196-85b4-19568a05ccbf.jpg,train,data/images/0eb7a46a-d1e1-4196-85b4-19568a05ccbf.jpg,ok,,1195,896,RGB,JPEG
5e53ca85-4870-47f6-9de0-59abb3ec3314.jpg,train,data/images/5e53ca85-4870-47f6-9de0-59abb3ec3314.jpg,ok,,1195,896,RGB,JPEG
2e379d0d-5d5b-49f8-bc16-6407f0dbc5c7.jpg,train,data/images/2e379d0d-5d5b-49f8-bc16-6407f0dbc5c7.jpg,ok,,1024,1024,RGB,JPEG
6feb6168-6f4d-4ac0-a516-1b08d1ffb904.jpg,train,data/images/6feb6168-6f4d-4ac0-a516-1b08d1ffb904.jpg,ok,,896,1195,RGB,JPEG
ff2af874-2596-494f-b14c-05c73ce26848.jpg,train,data/images/ff2af874-2596-494f-b14c-05c73ce26848.jpg,ok,,1024,1024,RGB,JPEG
7d8b99e3-c51b-438e-884f-a76a87afb1f9.jpg,train,data/images/7d8b99e3-c51b-438e-884f-a76a87afb1f9.jpg,ok,,1024,1024,RGB,JPEG
39c646df-11e8-4fb8-a2e3-81aba913c767.jpg,train,data/images/39c646df-11e8-4fb8-a2e3-81aba913c767.jpg,ok,,1024,1024,RGB,JPEG
e525b372-1775-48bc-be5b-df2b19740dfc.jpg,train,data/images/e525b372-1775-48bc-be5b-df2b19740dfc.jpg,ok,,1024,1024,RGB,JPEG
46f84396-b603-4417-9c6d-975020f03b38.jpg,train,data/images/46f84396-b603-4417-9c6d-975020f03b38.jpg,ok,,896,1195,RGB,JPEG
ebbda517-dd8d-4053-8c2a-a6ec8dd5da89.jpg,train,data/images/ebbda517-dd8d-4053-8c2a-a6ec8dd5da89.jpg,ok,,1024,716,RGB,JPEG
2118d254-4704-4a99-b865-44c81c25e9ab.jpg,train,data/images/2118d254-4704-4a99-b865-44c81c25e9ab.jpg,ok,,896,1195,RGB,JPEG
0e1ace36-08ff-412b-bfd6-e1bc43526a3a.jpg,train,data/images/0e1ace36-08ff-412b-bfd6-e1bc43526a3a.jpg,ok,,1024,1024,RGB,JPEG
1cf054c2-c984-4cb7-b33f-4f9bf3f064c3.jpg,train,data/images/1cf054c2-c984-4cb7-b33f-4f9bf3f064c3.jpg,ok,,558,1024,RGB,JPEG
d4139375-012f-4ae2-8c9e-e74714166da4.jpg,train,data/images/d4139375-012f-4ae2-8c9e-e74714166da4.jpg,ok,,1195,896,RGB,JPEG
77320b29-8352-415f-8093-8e618133e514.jpg,train,data/images/77320b29-8352-415f-8093-8e618133e514.jpg,ok,,1024,1024,RGB,JPEG
9c2d2e8e-1fe7-4481-8b4b-66a12e247517.jpg,train,data/images/9c2d2e8e-1fe7-4481-8b4b-66a12e247517.jpg,ok,,1024,716,RGB,JPEG
fd7f54f3-503f-4d06-905c-f516537837f4.jpg,train,data/images/fd7f54f3-503f-4d06-905c-f516537837f4.jpg,ok,,1024,1024,RGB,JPEG
5921831b-9850-48d4-a209-6ed1cfcf8905.jpg,train,data/images/5921831b-9850-48d4-a209-6ed1cfcf8905.jpg,ok,,896,1195,RGB,JPEG
496bda92-550c-40b3-a941-13ca0c9ef4d8.jpg,train,data/images/496bda92-550c-40b3-a941-13ca0c9ef4d8.jpg,ok,,896,1195,RGB,JPEG
92c801c8-6c6c-4a84-9ca4-28b06c696bcc.jpg,train,data/images/92c801c8-6c6c-4a84-9ca4-28b06c696bcc.jpg,ok,,1024,716,RGB,JPEG
5f2a1137-f2d5-483a-aadb-34e9ab7dd7e4.jpg,train,data/images/5f2a1137-f2d5-483a-aadb-34e9ab7dd7e4.jpg,ok,,1195,896,RGB,JPEG
4113804e-5dc3-4bd4-b6ce-3f847b0679c6.jpg,train,data/images/4113804e-5dc3-4bd4-b6ce-3f847b0679c6.jpg,ok,,1024,1024,RGB,JPEG
045fd4a4-2b3d-4fcd-860c-f1ceae877d13.jpg,train,data/images/045fd4a4-2b3d-4fcd-860c-f1ceae877d13.jpg,ok,,1024,1024,RGB,JPEG
4613a5fb-9fcc-40f1-8e1d-89db845109ac.jpg,train,data/images/4613a5fb-9fcc-40f1-8e1d-89db845109ac.jpg,ok,,1024,1024,RGB,JPEG
8648a25b-5a55-488c-a1b5-138f1a235377.jpg,train,data/images/8648a25b-5a55-488c-a1b5-138f1a235377.jpg,ok,,1024,1024,RGB,JPEG
fa6b7e75-80d1-464d-8288-ac3d99afeb44.jpg,train,data/images/fa6b7e75-80d1-464d-8288-ac3d99afeb44.jpg,ok,,1024,1024,RGB,JPEG
86a74d70-80de-4138-be1e-1487cb560067.jpg,train,data/images/86a74d70-80de-4138-be1e-1487cb560067.jpg,ok,,1195,896,RGB,JPEG
e7067994-48cf-4c9a-b1fd-2b0939e17eb8.jpg,train,data/images/e7067994-48cf-4c9a-b1fd-2b0939e17eb8.jpg,ok,,1024,1024,RGB,JPEG
a032595c-d1c7-46c5-83a0-245666c34b6b.jpg,train,data/images/a032595c-d1c7-46c5-83a0-245666c34b6b.jpg,ok,,1024,558,RGB,JPEG
ff7479e4-1e4d-47eb-b5ce-cd3fc2a9e829.jpg,train,data/images/ff7479e4-1e4d-47eb-b5ce-cd3fc2a9e829.jpg,ok,,896,1195,RGB,JPEG
c7da5ae0-92b4-475d-a415-912142778a96.jpg,train,data/images/c7da5ae0-92b4-475d-a415-912142778a96.jpg,ok,,1024,1024,RGB,JPEG
6e60a54e-6a9e-44f6-9462-4e13c4c917c7.jpg,train,data/images/6e60a54e-6a9e-44f6-9462-4e13c4c917c7.jpg,ok,,1248,832,RGB,JPEG
3ea304cf-e7e1-4aff-9295-fe9662abe7f3.jpg,train,data/images/3ea304cf-e7e1-4aff-9295-fe9662abe7f3.jpg,ok,,1024,1024,RGB,JPEG
e687240f-cbdf-4a1e-a286-2a297b2aa3f9.jpg,train,data/images/e687240f-cbdf-4a1e-a286-2a297b2aa3f9.jpg,ok,,1024,1024,RGB,JPEG
8d4b7f33-414a-4255-9dbf-3b05984ec0f2.jpg,train,data/images/8d4b7f33-414a-4255-9dbf-3b05984ec0f2.jpg,ok,,832,1248,RGB,JPEG
0e297de9-8fcd-4012-bf1d-85b0c7311c12.jpg,train,data/images/0e297de9-8fcd-4012-bf1d-85b0c7311c12.jpg,ok,,1024,1024,RGB,JPEG
6b75d7e5-2b3a-4f10-b818-b5fbc64ec8f0.jpg,train,data/images/6b75d7e5-2b3a-4f10-b818-b5fbc64ec8f0.jpg,ok,,896,1195,RGB,JPEG
d9627790-ec15-45f1-8692-74aa1a7e700c.jpg,train,data/images/d9627790-ec15-45f1-8692-74aa1a7e700c.jpg,ok,,1280,1024,RGB,JPEG
1eb93be4-dc8a-4f18-b7f3-1c6aeb5e8c33.jpg,train,data/images/1eb93be4-dc8a-4f18-b7f3-1c6aeb5e8c33.jpg,ok,,800,800,RGB,JPEG
10c9dd05-ccb3-49de-a186-5e5d8587c6f0.jpg,train,data/images/10c9dd05-ccb3-49de-a186-5e5d8587c6f0.jpg,ok,,832,1248,RGB,JPEG
0ecb2d4c-bd0e-4c08-b540-15ee7cf0ffa5.jpg,train,data/images/0ecb2d4c-bd0e-4c08-b540-15ee7cf0ffa5.jpg,ok,,1024,1024,RGB,JPEG
b62f76a4-0e77-41a7-94bc-90b6f8abd4e5.jpg,train,data/images/b62f76a4-0e77-41a7-94bc-90b6f8abd4e5.jpg,ok,,1024,1024,RGB,JPEG
90810a1e-39a9-4785-a4de-55a872b87110.jpg,train,data/images/90810a1e-39a9-4785-a4de-55a872b87110.jpg,ok,,1024,1024,RGB,JPEG
22f27f58-03ce-4c5f-aa20-95c84fde07d3.jpg,train,data/images/22f27f58-03ce-4c5f-aa20-95c84fde07d3.jpg,ok,,1248,832,RGB,JPEG
65bfd53b-82a8-47d9-8687-8c931e60e698.jpg,train,data/images/65bfd53b-82a8-47d9-8687-8c931e60e698.jpg,ok,,896,1195,RGB,JPEG
8a64c121-0e0d-4505-894e-40e1968902d2.jpg,train,data/images/8a64c121-0e0d-4505-894e-40e1968902d2.jpg,ok,,896,1195,RGB,JPEG
075e4836-475a-4def-b955-ba32bc7a8f84.jpg,train,data/images/075e4836-475a-4def-b955-ba32bc7a8f84.jpg,ok,,1024,1024,RGB,JPEG
596de9a7-0b5e-4e97-9a80-91dc7157c54c.jpg,train,data/images/596de9a7-0b5e-4e97-9a80-91dc7157c54c.jpg,ok,,1024,716,RGB,JPEG
4384bea5-645c-4a2d-8636-476d3921cf17.jpg,train,data/images/4384bea5-645c-4a2d-8636-476d3921cf17.jpg,ok,,832,1248,RGB,JPEG
aa1eb74f-f01d-4d0f-838a-ad1d05b69a61.jpg,train,data/images/aa1eb74f-f01d-4d0f-838a-ad1d05b69a61.jpg,ok,,1024,1024,RGB,JPEG
5f951871-faa8-487e-a014-a04577841f9c.jpg,train,data/images/5f951871-faa8-487e-a014-a04577841f9c.jpg,ok,,558,1024,RGB,JPEG
37939623-816a-497d-850c-b9827fcf6943.jpg,train,data/images/37939623-816a-497d-850c-b9827fcf6943.jpg,ok,,1024,1024,RGB,JPEG
612f0eec-81b2-416a-acee-546b277f03f5.jpg,train,data/images/612f0eec-81b2-416a-acee-546b277f03f5.jpg,ok,,1248,832,RGB,JPEG
469afb1e-241f-4814-bfc9-d6dd8bd76a3f.jpg,train,data/images/469afb1e-241f-4814-bfc9-d6dd8bd76a3f.jpg,ok,,832,1248,RGB,JPEG
76c9d0ab-9a35-491d-80fe-393ad7a7e5df.jpg,train,data/images/76c9d0ab-9a35-491d-80fe-393ad7a7e5df.jpg,ok,,166,167,RGBA,PNG
ff859d9a-9426-4884-9c79-ea1539b1ac63.jpg,train,data/images/ff859d9a-9426-4884-9c79-ea1539b1ac63.jpg,ok,,558,1024,RGB,JPEG
cd0a6c55-9144-479c-96c5-d9e3d41005a0.jpg,train,data/images/cd0a6c55-9144-479c-96c5-d9e3d41005a0.jpg,ok,,1024,1024,RGB,JPEG
a5953a3d-c6fa-41d1-922f-468febe89212.jpg,train,data/images/a5953a3d-c6fa-41d1-922f-468febe89212.jpg,ok,,1024,1024,RGB,JPEG
f5122cd9-4b2d-4a0d-a294-a1f1d7beda27.jpg,train,data/images/f5122cd9-4b2d-4a0d-a294-a1f1d7beda27.jpg,ok,,1024,1024,RGB,JPEG
588e93dc-bf4e-4f26-8e43-0162a2f4c0a0.jpg,train,data/images/588e93dc-bf4e-4f26-8e43-0162a2f4c0a0.jpg,ok,,1024,1024,RGB,JPEG
9ebdf927-b2a2-47a0-913c-7fdf50b8eabc.jpg,train,data/images/9ebdf927-b2a2-47a0-913c-7fdf50b8eabc.jpg,ok,,1024,1024,RGB,JPEG
11e253e3-e34a-46ad-b71c-c8e4324672d6.jpg,train,data/images/11e253e3-e34a-46ad-b71c-c8e4324672d6.jpg,ok,,832,1248,RGB,JPEG
d895c763-5b07-4f59-9d7a-7319df5648db.jpg,train,data/images/d895c763-5b07-4f59-9d7a-7319df5648db.jpg,ok,,558,1024,RGB,JPEG
da5829d6-6c10-4d84-9bbb-58fb2a5b335d.jpg,train,data/images/da5829d6-6c10-4d84-9bbb-58fb2a5b335d.jpg,ok,,913,1024,RGB,JPEG
1e585371-6f85-4247-b2ca-98712ed2cad0.jpg,train,data/images/1e585371-6f85-4247-b2ca-98712ed2cad0.jpg,ok,,1879,2200,RGB,JPEG
9e18dd14-232d-4212-85b9-5dcfbf97b9ec.jpg,train,data/images/9e18dd14-232d-4212-85b9-5dcfbf97b9ec.jpg,ok,,1024,558,RGB,JPEG
02219dcb-a958-463b-9ec3-f9559001b98c.jpg,train,data/images/02219dcb-a958-463b-9ec3-f9559001b98c.jpg,ok,,1248,832,RGB,JPEG
0ce4ec4e-d943-4c60-aec4-f404d45c8836.jpg,train,data/images/0ce4ec4e-d943-4c60-aec4-f404d45c8836.jpg,ok,,1248,832,RGB,JPEG
832ff9cb-b132-41aa-ae71-ddb35c34607e.jpg,train,data/images/832ff9cb-b132-41aa-ae71-ddb35c34607e.jpg,ok,,1024,1024,RGB,JPEG
1d7a619e-7f0c-4f5d-9dfc-0ded1eab4de1.jpg,train,data/images/1d7a619e-7f0c-4f5d-9dfc-0ded1eab4de1.jpg,ok,,832,1248,RGB,JPEG
ee88d79b-49e4-4a23-8d10-6c8ee3bc8f8f.jpg,train,data/images/ee88d79b-49e4-4a23-8d10-6c8ee3bc8f8f.jpg,ok,,1024,1024,RGB,JPEG
36242797-5c51-4510-acff-58c429351849.jpg,train,data/images/36242797-5c51-4510-acff-58c429351849.jpg,ok,,1024,1024,RGB,JPEG
2c6dd79b-ad59-4536-8cfe-9b7b280b8221.jpg,train,data/images/2c6dd79b-ad59-4536-8cfe-9b7b280b8221.jpg,ok,,896,1195,RGB,JPEG
d2b4c71c-e11a-4921-92a4-acd4173ba2ad.jpg,train,data/images/d2b4c71c-e11a-4921-92a4-acd4173ba2ad.jpg,ok,,1024,1024,RGB,JPEG
69413141-8d10-47f6-929f-b281340cc6be.jpg,train,data/images/69413141-8d10-47f6-929f-b281340cc6be.jpg,ok,,1024,1024,RGB,JPEG
c4de29f5-2e32-43f1-aeff-106c6c7a1c5c.jpg,train,data/images/c4de29f5-2e32-43f1-aeff-106c6c7a1c5c.jpg,ok,,1024,1024,RGB,JPEG
0293c053-178e-4595-b77b-8123b8e4cf9b.jpg,train,data/images/0293c053-178e-4595-b77b-8123b8e4cf9b.jpg,ok,,896,1195,RGB,JPEG
0c799687-83f3-4a97-bcec-c2d5c873ea24.jpg,train,data/images/0c799687-83f3-4a97-bcec-c2d5c873ea24.jpg,ok,,1248,832,RGB,JPEG
b949cb53-0817-4859-9300-800de719f8b7.jpg,train,data/images/b949cb53-0817-4859-9300-800de719f8b7.jpg,ok,,1024,1024,RGB,JPEG
d801ca02-313b-4b9b-adac-77b47ee48090.jpg,train,data/images/d801ca02-313b-4b9b-adac-77b47ee48090.jpg,ok,,1024,1024,RGB,JPEG
ddc39573-3969-4271-bb28-edf4c1d9c445.jpg,train,data/images/ddc39573-3969-4271-bb28-edf4c1d9c445.jpg,ok,,1024,1024,RGB,JPEG
a9c0ef70-de83-4b01-bc0f-ab63702f6f64.jpg,train,data/images/a9c0ef70-de83-4b01-bc0f-ab63702f6f64.jpg,ok,,1024,1024,RGB,JPEG
0c7b368e-4d7e-4d44-ab17-703110c9ccfb.jpg,train,data/images/0c7b368e-4d7e-4d44-ab17-703110c9ccfb.jpg,ok,,896,1195,RGB,JPEG
3044ec23-6203-4116-aeb2-0814c4d6ec3d.jpg,train,data/images/3044ec23-6203-4116-aeb2-0814c4d6ec3d.jpg,ok,,1024,1024,RGB,JPEG
63486b1f-7f65-40be-bab7-3bad67a654ab.jpg,train,data/images/63486b1f-7f65-40be-bab7-3bad67a654ab.jpg,ok,,1024,1024,RGB,JPEG
793896d9-0763-4f72-aee5-af9ba158df68.jpg,train,data/images/793896d9-0763-4f72-aee5-af9ba158df68.jpg,ok,,1024,558,RGB,JPEG
57176cde-b996-4d7b-b30e-2bd7dc930106.jpg,train,data/images/57176cde-b996-4d7b-b30e-2bd7dc930106.jpg,ok,,1024,1024,RGB,JPEG
c9692593-4962-4d54-ad55-ca4fb8db1846.jpg,train,data/images/c9692593-4962-4d54-ad55-ca4fb8db1846.jpg,ok,,1248,832,RGB,JPEG
81a2329a-d86d-4ca3-a553-ecff3306b019.jpg,train,data/images/81a2329a-d86d-4ca3-a553-ecff3306b019.jpg,ok,,1024,1024,RGB,JPEG
2d10d27a-1dfa-4837-90c1-5f91713b61ea.jpg,train,data/images/2d10d27a-1dfa-4837-90c1-5f91713b61ea.jpg,ok,,1024,1024,RGB,JPEG
a330b662-cf51-4289-af8d-89fbda3f710a.jpg,train,data/images/a330b662-cf51-4289-af8d-89fbda3f710a.jpg,ok,,1024,1024,RGB,JPEG
f125996e-811c-4fb8-b1fa-df8c1111cb6c.jpg,train,data/images/f125996e-811c-4fb8-b1fa-df8c1111cb6c.jpg,ok,,1024,1024,RGB,JPEG
6a819690-9d8e-461a-adac-3aa072219d94.jpg,train,data/images/6a819690-9d8e-461a-adac-3aa072219d94.jpg,ok,,1195,896,RGB,JPEG
0f345e68-5871-41f7-86c1-4fd683be4b51.jpg,train,data/images/0f345e68-5871-41f7-86c1-4fd683be4b51.jpg,ok,,1024,1024,RGB,JPEG
353c2e3c-fbb7-4061-9c77-18bd1cab7d66.jpg,train,data/images/353c2e3c-fbb7-4061-9c77-18bd1cab7d66.jpg,ok,,1248,832,RGB,JPEG
5d1d5963-c754-4b99-8a24-a73452126b47.jpg,train,data/images/5d1d5963-c754-4b99-8a24-a73452126b47.jpg,ok,,1024,1024,RGB,JPEG
f4fa654c-c056-494b-b0e8-8b290ffcdafd.jpg,train,data/images/f4fa654c-c056-494b-b0e8-8b290ffcdafd.jpg,ok,,1195,896,RGB,JPEG
021942a4-aa17-4026-8329-73216dd40e05.jpg,train,data/images/021942a4-aa17-4026-8329-73216dd40e05.jpg,ok,,896,1195,RGB,JPEG
cb356de2-54a9-4b70-9448-32e4bbdde2fd.jpg,train,data/images/cb356de2-54a9-4b70-9448-32e4bbdde2fd.jpg,ok,,1024,1024,RGB,JPEG
c3fae0b9-f035-41db-ad1a-1bc3d4b837ce.jpg,train,data/images/c3fae0b9-f035-41db-ad1a-1bc3d4b837ce.jpg,ok,,896,1195,RGB,JPEG
99784473-e222-409c-8e74-be6bf7f769e4.jpg,train,data/images/99784473-e222-409c-8e74-be6bf7f769e4.jpg,ok,,1024,1024,RGB,JPEG
3507a586-47ba-4f9b-abb0-06be3931a4b2.jpg,train,data/images/3507a586-47ba-4f9b-abb0-06be3931a4b2.jpg,ok,,1024,1024,RGB,JPEG
3c0049b3-c858-4f93-b773-f96206dae7e1.jpg,train,data/images/3c0049b3-c858-4f93-b773-f96206dae7e1.jpg,ok,,558,1024,RGB,JPEG
015de3eb-bed4-4cae-ac49-c585504d2526.jpg,train,data/images/015de3eb-bed4-4cae-ac49-c585504d2526.jpg,ok,,558,1024,RGB,JPEG
4ea8eb4e-3c82-4cc7-be1c-2b93f6a58656.jpg,train,data/images/4ea8eb4e-3c82-4cc7-be1c-2b93f6a58656.jpg,ok,,1024,1024,RGB,JPEG
f25663d1-f932-42e9-bbee-7730a06e9977.jpg,train,data/images/f25663d1-f932-42e9-bbee-7730a06e9977.jpg,ok,,800,800,RGB,JPEG
0ce8dd5c-731e-49d3-9dbe-e0f4da0f17e9.jpg,train,data/images/0ce8dd5c-731e-49d3-9dbe-e0f4da0f17e9.jpg,ok,,1248,832,RGB,JPEG
651669ac-3ade-43a8-89be-a229bd61be7b.jpg,train,data/images/651669ac-3ade-43a8-89be-a229bd61be7b.jpg,ok,,1024,1024,RGB,JPEG
44aafb4b-9f57-420c-9eb3-e3e4f503f51f.jpg,train,data/images/44aafb4b-9f57-420c-9eb3-e3e4f503f51f.jpg,ok,,1024,1024,RGB,JPEG
b2a0281b-b06b-4a62-9bdd-b4a16321a9c8.jpg,train,data/images/b2a0281b-b06b-4a62-9bdd-b4a16321a9c8.jpg,ok,,1024,1024,RGB,JPEG
ad788009-5829-4178-8384-05a13bb879bd.jpg,train,data/images/ad788009-5829-4178-8384-05a13bb879bd.jpg,ok,,1024,1024,RGB,JPEG
1fbb0f62-1dc8-4b69-b4d5-6047ea916e98.jpg,train,data/images/1fbb0f62-1dc8-4b69-b4d5-6047ea916e98.jpg,ok,,1024,1024,RGB,JPEG
cff39912-9848-4a92-9b16-e0bdcc0ac5fc.jpg,train,data/images/cff39912-9848-4a92-9b16-e0bdcc0ac5fc.jpg,ok,,1024,716,RGB,JPEG
c7bb94b9-f82e-4a28-80fb-6927a94d98d0.jpg,train,data/images/c7bb94b9-f82e-4a28-80fb-6927a94d98d0.jpg,ok,,1024,1024,RGB,JPEG
ba4c2375-5f63-4eed-93de-6d655d227335.jpg,train,data/images/ba4c2375-5f63-4eed-93de-6d655d227335.jpg,ok,,1024,1024,RGB,JPEG
63939de6-c12a-4b61-9440-c666fe9b1538.jpg,train,data/images/63939de6-c12a-4b61-9440-c666fe9b1538.jpg,ok,,1024,1024,RGB,JPEG
861e903c-7ed8-40a8-9a06-c7acd44872a3.jpg,train,data/images/861e903c-7ed8-40a8-9a06-c7acd44872a3.jpg,ok,,832,1248,RGB,JPEG
90ae8cd7-39ca-407a-a522-7764e5b0c854.jpg,train,data/images/90ae8cd7-39ca-407a-a522-7764e5b0c854.jpg,ok,,1024,558,RGB,JPEG
55f79a47-22c8-4ff6-bbdb-10a6e5a12ca1.jpg,train,data/images/55f79a47-22c8-4ff6-bbdb-10a6e5a12ca1.jpg,ok,,896,1195,RGB,JPEG
eaab080c-a279-4181-b399-cbc406ff5c83.jpg,train,data/images/eaab080c-a279-4181-b399-cbc406ff5c83.jpg,ok,,400,300,RGB,JPEG
0a08317b-b607-49f6-875c-a1b6c124571a.jpg,train,data/images/0a08317b-b607-49f6-875c-a1b6c124571a.jpg,ok,,1024,1024,RGB,JPEG
4b791c00-8cb7-4538-9e66-c9adead36434.jpg,train,data/images/4b791c00-8cb7-4538-9e66-c9adead36434.jpg,ok,,1024,716,RGB,JPEG
d0cd8e80-99bc-4bd2-915e-94c217129f3d.jpg,train,data/images/d0cd8e80-99bc-4bd2-915e-94c217129f3d.jpg,ok,,832,1248,RGB,JPEG
43e29b37-a676-4a16-85c2-0db318e05242.jpg,train,data/images/43e29b37-a676-4a16-85c2-0db318e05242.jpg,ok,,1195,896,RGB,JPEG
fe90b556-21e7-40bc-ba89-b8b842aad1fb.jpg,train,data/images/fe90b556-21e7-40bc-ba89-b8b842aad1fb.jpg,ok,,1024,1024,RGB,JPEG
9ba072ed-36f6-4974-9e1c-5562ce5ae8c7.jpg,train,data/images/9ba072ed-36f6-4974-9e1c-5562ce5ae8c7.jpg,ok,,1024,1024,RGB,JPEG
a872cc0e-d971-445d-ba2a-7f7636a54e68.jpg,train,data/images/a872cc0e-d971-445d-ba2a-7f7636a54e68.jpg,ok,,1024,1024,RGB,JPEG
5a357d33-2f63-458f-8f7a-f5e8122f53a3.jpg,train,data/images/5a357d33-2f63-458f-8f7a-f5e8122f53a3.jpg,ok,,1024,1024,RGB,JPEG
9d564b69-3eff-4ca7-8f88-a5268fabfb65.jpg,train,data/images/9d564b69-3eff-4ca7-8f88-a5268fabfb65.jpg,ok,,896,1195,RGB,JPEG
a8236e81-22a5-422e-8c64-13d7f52ca0d3.jpg,train,data/images/a8236e81-22a5-422e-8c64-13d7f52ca0d3.jpg,ok,,1024,1024,RGB,JPEG
b15e225e-116a-410b-8473-454c96ae91bc.jpg,train,data/images/b15e225e-116a-410b-8473-454c96ae91bc.jpg,ok,,1248,832,RGB,JPEG
ab9fc0f2-e7bd-4c06-90fe-622d12c30055.jpg,train,data/images/ab9fc0f2-e7bd-4c06-90fe-622d12c30055.jpg,ok,,1024,1024,RGB,JPEG
5ba8f7ae-3546-4572-8f29-cd599f10b5cb.jpg,train,data/images/5ba8f7ae-3546-4572-8f29-cd599f10b5cb.jpg,ok,,1024,1024,RGB,JPEG
5ddf4fd2-1522-46a7-a4d7-64b692adb26f.jpg,train,data/images/5ddf4fd2-1522-46a7-a4d7-64b692adb26f.jpg,ok,,896,1195,RGB,JPEG
8ed1e704-10c8-4310-8f6d-ce5e210ad829.jpg,train,data/images/8ed1e704-10c8-4310-8f6d-ce5e210ad829.jpg,ok,,558,1024,RGB,JPEG
6d1d7794-ea34-4ce7-8daf-8efc5421e088.jpg,train,data/images/6d1d7794-ea34-4ce7-8daf-8efc5421e088.jpg,ok,,2560,1065,RGB,JPEG
492b5df5-6093-44ed-8296-a643db516eaf.jpg,train,data/images/492b5df5-6093-44ed-8296-a643db516eaf.jpg,ok,,1024,558,RGB,JPEG
aa9ca430-2662-48ce-b521-9bfa8c346997.jpg,train,data/images/aa9ca430-2662-48ce-b521-9bfa8c346997.jpg,ok,,1024,1024,RGB,JPEG
239d8d6c-83e7-450e-8538-fc82b8e9d10e.jpg,train,data/images/239d8d6c-83e7-450e-8538-fc82b8e9d10e.jpg,ok,,400,400,RGB,JPEG
2855c1fe-c939-431f-9b03-eb270e1ddec6.jpg,train,data/images/2855c1fe-c939-431f-9b03-eb270e1ddec6.jpg,ok,,1024,1024,RGB,JPEG
521ba683-e7c9-483d-a210-42a6102cbd5c.jpg,train,data/images/521ba683-e7c9-483d-a210-42a6102cbd5c.jpg,ok,,896,1195,RGB,JPEG
c8945aac-2486-420a-a9bf-b528794d4fcf.jpg,train,data/images/c8945aac-2486-420a-a9bf-b528794d4fcf.jpg,ok,,2560,1828,RGB,JPEG
ee3af370-1872-4a70-ba61-6cdcb57b2db1.jpg,train,data/images/ee3af370-1872-4a70-ba61-6cdcb57b2db1.jpg,ok,,1024,1024,RGB,JPEG
67720639-2d47-4680-aaf9-10f8e146ed91.jpg,train,data/images/67720639-2d47-4680-aaf9-10f8e146ed91.jpg,ok,,1195,896,RGB,JPEG
a4deeb9a-be11-4777-ae44-cf379fa538fb.jpg,train,data/images/a4deeb9a-be11-4777-ae44-cf379fa538fb.jpg,ok,,3024,4032,RGB,JPEG
04cf6372-17b7-424c-9981-b6de559a01ea.jpg,train,data/images/04cf6372-17b7-424c-9981-b6de559a01ea.jpg,ok,,1024,1024,RGB,JPEG
3683f604-c713-4074-93d6-3e4c9f5ac1a9.jpg,train,data/images/3683f604-c713-4074-93d6-3e4c9f5ac1a9.jpg,ok,,896,1195,RGB,JPEG
6384c057-7cc8-4e9c-a9e8-d208d66759bd.jpg,train,data/images/6384c057-7cc8-4e9c-a9e8-d208d66759bd.jpg,ok,,800,800,RGB,JPEG
51963a09-cbc4-4b41-8c37-bc61551c571f.jpg,train,data/images/51963a09-cbc4-4b41-8c37-bc61551c571f.jpg,ok,,1024,558,RGB,JPEG
400eb955-6375-4996-929f-55265f201dbb.jpg,train,data/images/400eb955-6375-4996-929f-55265f201dbb.jpg,ok,,1024,1024,RGB,JPEG
db2e2bc0-e4bf-45b9-80d4-c0362ef4dd4f.jpg,train,data/images/db2e2bc0-e4bf-45b9-80d4-c0362ef4dd4f.jpg,ok,,1024,558,RGB,JPEG
9d4b6428-3d9d-4f82-8fee-bcdc4bacefdc.jpg,train,data/images/9d4b6428-3d9d-4f82-8fee-bcdc4bacefdc.jpg,ok,,1024,1024,RGB,JPEG
f8eaa151-ed8c-4745-82f5-e00841ed0340.jpg,train,data/images/f8eaa151-ed8c-4745-82f5-e00841ed0340.jpg,ok,,1280,1024,RGB,JPEG
4708a5bf-8e6c-489b-a908-db7c0f67c950.jpg,train,data/images/4708a5bf-8e6c-489b-a908-db7c0f67c950.jpg,ok,,1024,1024,RGB,JPEG
1457f4c8-0c19-4b5c-8227-f9eaad24d689.jpg,train,data/images/1457f4c8-0c19-4b5c-8227-f9eaad24d689.jpg,ok,,1024,1024,RGB,JPEG
afe7e1b2-5905-4f95-b4cd-0a458918cbf9.jpg,train,data/images/afe7e1b2-5905-4f95-b4cd-0a458918cbf9.jpg,ok,,1000,1000,RGB,JPEG
f1f28cc0-0308-4b9c-80e3-acf872c80cab.jpg,train,data/images/f1f28cc0-0308-4b9c-80e3-acf872c80cab.jpg,ok,,1024,558,RGB,JPEG
f61cbb47-2010-49fb-88b7-9d489dde9b0d.jpg,train,data/images/f61cbb47-2010-49fb-88b7-9d489dde9b0d.jpg,ok,,1024,1024,RGB,JPEG
63cdfbd4-9704-40f5-a9d3-e95a2298773e.jpg,train,data/images/63cdfbd4-9704-40f5-a9d3-e95a2298773e.jpg,ok,,832,1248,RGB,JPEG
7769c466-e7cd-4479-a883-c34d1b279982.jpg,train,data/images/7769c466-e7cd-4479-a883-c34d1b279982.jpg,ok,,558,1024,RGB,JPEG
775894fc-7e02-4cc3-a2a6-5dab378cde91.jpg,train,data/images/775894fc-7e02-4cc3-a2a6-5dab378cde91.jpg,ok,,1280,1024,RGB,JPEG
8e0b1fa3-33e3-4a53-bff2-bc05fad5882d.jpg,train,data/images/8e0b1fa3-33e3-4a53-bff2-bc05fad5882d.jpg,ok,,1024,1024,RGB,JPEG
a0e2a5df-22b1-40fd-804b-ead28df6fea4.jpg,train,data/images/a0e2a5df-22b1-40fd-804b-ead28df6fea4.jpg,ok,,558,1024,RGB,JPEG
a3d22825-d261-4fcb-b369-e531106b9cac.jpg,train,data/images/a3d22825-d261-4fcb-b369-e531106b9cac.jpg,ok,,1248,832,RGB,JPEG
135661a5-af99-4696-84c3-8059bad9ad6b.jpg,train,data/images/135661a5-af99-4696-84c3-8059bad9ad6b.jpg,ok,,1024,1024,RGB,JPEG
eab6b59c-5585-4700-ae28-a75305e2a5d6.jpg,train,data/images/eab6b59c-5585-4700-ae28-a75305e2a5d6.jpg,ok,,1024,1024,RGB,JPEG
cd5cc583-cb85-4212-b59b-6ab2d5268cf9.jpg,train,data/images/cd5cc583-cb85-4212-b59b-6ab2d5268cf9.jpg,ok,,1024,1024,RGB,JPEG
14accb3e-16d6-489c-a82f-85a17938af37.jpg,train,data/images/14accb3e-16d6-489c-a82f-85a17938af37.jpg,ok,,896,1195,RGB,JPEG
cb565af0-03ae-4b26-8ee8-53689d25b09b.jpg,train,data/images/cb565af0-03ae-4b26-8ee8-53689d25b09b.jpg,ok,,1024,1024,RGB,JPEG
d2a3267a-6dd1-439f-905b-eff558249833.jpg,train,data/images/d2a3267a-6dd1-439f-905b-eff558249833.jpg,ok,,1024,1024,RGB,JPEG
39a180ed-6b0a-4469-8562-320cd32592e6.jpg,train,data/images/39a180ed-6b0a-4469-8562-320cd32592e6.jpg,ok,,1248,832,RGB,JPEG
42238bae-f9ab-4781-8b30-dcaad5e6eee6.jpg,train,data/images/42238bae-f9ab-4781-8b30-dcaad5e6eee6.jpg,ok,,800,800,RGB,JPEG
cb5a3be4-4e42-4c06-b7b2-e6fe05061ff5.jpg,train,data/images/cb5a3be4-4e42-4c06-b7b2-e6fe05061ff5.jpg,ok,,1024,1024,RGB,JPEG
5dd4616f-7273-4c97-92ee-52083680db5d.jpg,train,data/images/5dd4616f-7273-4c97-92ee-52083680db5d.jpg,ok,,896,1195,RGB,JPEG
c3a0cbc7-4b51-418f-9742-71852ef48be0.jpg,train,data/images/c3a0cbc7-4b51-418f-9742-71852ef48be0.jpg,ok,,1024,1024,RGB,JPEG
da545ab2-7b72-4773-a48f-a36a044f9689.jpg,train,data/images/da545ab2-7b72-4773-a48f-a36a044f9689.jpg,ok,,1024,1024,RGB,JPEG
a54790af-031a-4108-a5a9-f5b028d9fd16.jpg,train,data/images/a54790af-031a-4108-a5a9-f5b028d9fd16.jpg,ok,,1024,1024,RGB,JPEG
2762f491-49ba-4ccd-a392-8e9ec7351497.jpg,train,data/images/2762f491-49ba-4ccd-a392-8e9ec7351497.jpg,ok,,896,1195,RGB,JPEG
30d7ff3e-cb16-4f2e-803a-93bfcbf889ed.jpg,train,data/images/30d7ff3e-cb16-4f2e-803a-93bfcbf889ed.jpg,ok,,1024,1024,RGB,JPEG
9b672ab1-dc25-4fe1-aea5-d0e9ecbc610c.jpg,train,data/images/9b672ab1-dc25-4fe1-aea5-d0e9ecbc610c.jpg,ok,,896,1195,RGB,JPEG
e927cda1-b29d-4efb-b384-7512c31ebee8.jpg,train,data/images/e927cda1-b29d-4efb-b384-7512c31ebee8.jpg,ok,,1024,1024,RGB,JPEG
791ae849-e676-4486-b293-bcb920111167.jpg,train,data/images/791ae849-e676-4486-b293-bcb920111167.jpg,ok,,1024,1024,RGB,JPEG
3b49f65c-6cea-4071-8047-3912723f4640.jpg,train,data/images/3b49f65c-6cea-4071-8047-3912723f4640.jpg,ok,,800,800,RGB,JPEG
fd580ecf-934c-431f-8646-ff7926428876.jpg,train,data/images/fd580ecf-934c-431f-8646-ff7926428876.jpg,ok,,1024,1024,RGB,JPEG
96591f5e-6918-4850-9003-484cca8b5b49.jpg,train,data/images/96591f5e-6918-4850-9003-484cca8b5b49.jpg,ok,,896,1195,RGB,JPEG
efa645d7-2b10-4114-9597-9f3db078fab1.jpg,train,data/images/efa645d7-2b10-4114-9597-9f3db078fab1.jpg,ok,,1024,558,RGB,JPEG
92e4f379-ebe7-4dab-9698-1cf861053d8b.jpg,train,data/images/92e4f379-ebe7-4dab-9698-1cf861053d8b.jpg,ok,,896,1195,RGB,JPEG
427dff6e-56a0-46b7-9b58-5faeb9d71f30.jpg,train,data/images/427dff6e-56a0-46b7-9b58-5faeb9d71f30.jpg,ok,,558,1024,RGB,JPEG
fd047705-5090-49ab-878e-6a71240d8712.jpg,train,data/images/fd047705-5090-49ab-878e-6a71240d8712.jpg,ok,,896,1195,RGB,JPEG
f3a435c7-5b25-43e1-8cae-208e95403d0a.jpg,train,data/images/f3a435c7-5b25-43e1-8cae-208e95403d0a.jpg,ok,,1024,1024,RGB,JPEG
e09ffee4-21ee-457a-b4b0-85679855b5af.jpg,train,data/images/e09ffee4-21ee-457a-b4b0-85679855b5af.jpg,ok,,1024,1024,RGB,JPEG
069ec635-6c70-4ce2-a6cf-8e6b4d8139fd.jpg,train,data/images/069ec635-6c70-4ce2-a6cf-8e6b4d8139fd.jpg,ok,,1195,896,RGB,JPEG
251bb8f4-b858-40ae-b301-047bdb44387f.jpg,train,data/images/251bb8f4-b858-40ae-b301-047bdb44387f.jpg,ok,,1024,1024,RGB,JPEG
0963c3f5-e999-45fc-9d40-bfc597a11036.jpg,train,data/images/0963c3f5-e999-45fc-9d40-bfc597a11036.jpg,ok,,1024,558,RGB,JPEG
488a1128-5cc4-49cf-9206-c34abf269eaf.jpg,train,data/images/488a1128-5cc4-49cf-9206-c34abf269eaf.jpg,ok,,1024,1024,RGB,JPEG
188177de-f908-4bd3-a367-33b38fe43d73.jpg,train,data/images/188177de-f908-4bd3-a367-33b38fe43d73.jpg,ok,,1280,1024,RGB,JPEG
af90a476-6abe-4c9a-9077-158cce5482bf.jpg,train,data/images/af90a476-6abe-4c9a-9077-158cce5482bf.jpg,ok,,377,400,RGB,JPEG
74753cf9-0867-4a61-89e0-b408b493e05c.jpg,train,data/images/74753cf9-0867-4a61-89e0-b408b493e05c.jpg,ok,,1024,1024,RGB,JPEG
e707a1a9-4db5-4960-bc92-d75036e08fff.jpg,train,data/images/e707a1a9-4db5-4960-bc92-d75036e08fff.jpg,ok,,558,1024,RGB,JPEG
9869ff79-088d-4e8c-b603-be29e807c139.jpg,train,data/images/9869ff79-088d-4e8c-b603-be29e807c139.jpg,ok,,1195,896,RGB,JPEG
bfa6f3d1-f10d-4d9d-93c4-cf143432efb8.jpg,train,data/images/bfa6f3d1-f10d-4d9d-93c4-cf143432efb8.jpg,ok,,1024,1024,RGB,JPEG
dbc4d3b8-fef2-4a7d-bd56-2f3c6f3e5543.jpg,train,data/images/dbc4d3b8-fef2-4a7d-bd56-2f3c6f3e5543.jpg,ok,,896,1195,RGB,JPEG
9552d2dd-39a8-43eb-9e62-805da220a64a.jpg,train,data/images/9552d2dd-39a8-43eb-9e62-805da220a64a.jpg,ok,,1024,1024,RGB,JPEG
76089e9a-8dd4-4c04-9424-bb9af2340662.jpg,train,data/images/76089e9a-8dd4-4c04-9424-bb9af2340662.jpg,ok,,1024,1024,RGB,JPEG
560849a3-c04f-4930-a6df-3bc549e8d61e.jpg,train,data/images/560849a3-c04f-4930-a6df-3bc549e8d61e.jpg,ok,,1195,896,RGB,JPEG
77e22367-f056-471a-ac9c-e353799113ee.jpg,train,data/images/77e22367-f056-471a-ac9c-e353799113ee.jpg,ok,,1024,1024,RGB,JPEG
aa4e6a19-ac5d-4f6f-81ec-ac009eee45da.jpg,train,data/images/aa4e6a19-ac5d-4f6f-81ec-ac009eee45da.jpg,ok,,1195,896,RGB,JPEG
e81347e4-4c1c-427d-96e7-b295071bea40.jpg,train,data/images/e81347e4-4c1c-427d-96e7-b295071bea40.jpg,ok,,1248,832,RGB,JPEG
6d274099-2438-4bfd-bc60-12d2b576f1f6.jpg,train,data/images/6d274099-2438-4bfd-bc60-12d2b576f1f6.jpg,ok,,1280,1024,RGB,JPEG
7b307f57-dd08-4820-b236-0526faa06e8f.jpg,train,data/images/7b307f57-dd08-4820-b236-0526faa06e8f.jpg,ok,,1024,1024,RGB,JPEG
c08d639e-4fc4-46b0-acdc-aace448e0f6d.jpg,train,data/images/c08d639e-4fc4-46b0-acdc-aace448e0f6d.jpg,ok,,896,1195,RGB,JPEG
b8ddb618-73f8-4905-8bf2-1226e2838574.jpg,train,data/images/b8ddb618-73f8-4905-8bf2-1226e2838574.jpg,ok,,1024,1024,RGB,JPEG
97b0aac9-8fd1-4b96-b2d5-04c05db246ed.jpg,train,data/images/97b0aac9-8fd1-4b96-b2d5-04c05db246ed.jpg,ok,,1024,1024,RGB,JPEG
3662fa62-0c3f-4ef0-ab20-0755cf01b282.jpg,train,data/images/3662fa62-0c3f-4ef0-ab20-0755cf01b282.jpg,ok,,1248,832,RGB,JPEG
22279eb0-95c0-4bab-ba2f-a5960a6ddbd6.jpg,train,data/images/22279eb0-95c0-4bab-ba2f-a5960a6ddbd6.jpg,ok,,1024,1024,RGB,JPEG
97c7dd8a-6add-4efe-a985-c773474b2b31.jpg,train,data/images/97c7dd8a-6add-4efe-a985-c773474b2b31.jpg,ok,,1024,1024,RGB,JPEG
6fbaecf2-b87c-4df2-a10b-cee7679e3845.jpg,train,data/images/6fbaecf2-b87c-4df2-a10b-cee7679e3845.jpg,ok,,800,800,RGB,JPEG
a42b510f-9c5f-428e-b7a2-97dcc6ca352f.jpg,train,data/images/a42b510f-9c5f-428e-b7a2-97dcc6ca352f.jpg,ok,,1248,832,RGB,JPEG
151887eb-22df-43bb-8f50-6d935e35b18b.jpg,train,data/images/151887eb-22df-43bb-8f50-6d935e35b18b.jpg,ok,,1024,1024,RGB,JPEG
7ca6d15a-960e-4c07-83e4-ee7947070cb1.jpg,train,data/images/7ca6d15a-960e-4c07-83e4-ee7947070cb1.jpg,ok,,896,1195,RGB,JPEG
5932fdb5-4398-42d8-b95e-9734c2e54e65.jpg,train,data/images/5932fdb5-4398-42d8-b95e-9734c2e54e65.jpg,ok,,1024,1024,RGB,JPEG
907734d2-9b75-4337-b3f3-129c774a7d9c.jpg,train,data/images/907734d2-9b75-4337-b3f3-129c774a7d9c.jpg,ok,,896,1195,RGB,JPEG
d747f1c1-8e64-4f3c-bead-ba89c4bd97fd.jpg,train,data/images/d747f1c1-8e64-4f3c-bead-ba89c4bd97fd.jpg,ok,,1024,1024,RGB,JPEG
e65f2858-5977-462c-afa3-0b9d11033acc.jpg,train,data/images/e65f2858-5977-462c-afa3-0b9d11033acc.jpg,ok,,1024,1024,RGB,JPEG
d529641d-c653-4480-877f-3a7637e04a9b.jpg,train,data/images/d529641d-c653-4480-877f-3a7637e04a9b.jpg,ok,,1024,1024,RGB,JPEG
774a8330-170d-48af-bca2-5b06f75cdeef.jpg,train,data/images/774a8330-170d-48af-bca2-5b06f75cdeef.jpg,ok,,1024,1024,RGB,JPEG
10cbd288-4f4b-4717-a803-470f4a1629a1.jpg,train,data/images/10cbd288-4f4b-4717-a803-470f4a1629a1.jpg,ok,,896,1195,RGB,JPEG
79bd3da7-90b8-4acc-9a24-480debe23950.jpg,train,data/images/79bd3da7-90b8-4acc-9a24-480debe23950.jpg,ok,,1024,558,RGB,JPEG
4328ad63-b075-49af-9177-3bc1c445384f.jpg,train,data/images/4328ad63-b075-49af-9177-3bc1c445384f.jpg,ok,,1024,1024,RGB,JPEG
3ca0e337-320e-4a54-a334-60a9ee30c696.jpg,train,data/images/3ca0e337-320e-4a54-a334-60a9ee30c696.jpg,ok,,1195,896,RGB,JPEG
f85a8854-49e7-4179-80e6-fc593a169056.jpg,train,data/images/f85a8854-49e7-4179-80e6-fc593a169056.jpg,ok,,1248,832,RGB,JPEG
ad32d0eb-91c4-4688-ac45-b5dac77b0fd4.jpg,train,data/images/ad32d0eb-91c4-4688-ac45-b5dac77b0fd4.jpg,ok,,1248,832,RGB,JPEG
b3900f47-075d-4cd4-a5f1-9119f8ede279.jpg,train,data/images/b3900f47-075d-4cd4-a5f1-9119f8ede279.jpg,ok,,1024,1024,RGB,JPEG
92a0ea0a-742b-4e01-a9f7-f2809bbe1b4e.jpg,train,data/images/92a0ea0a-742b-4e01-a9f7-f2809bbe1b4e.jpg,ok,,1195,896,RGB,JPEG
771c6479-bacd-4f3b-8caf-777fb754288d.jpg,train,data/images/771c6479-bacd-4f3b-8caf-777fb754288d.jpg,ok,,1248,832,RGB,JPEG
46131e36-8677-4431-9ef2-dd67e3d3b739.jpg,train,data/images/46131e36-8677-4431-9ef2-dd67e3d3b739.jpg,ok,,896,1195,RGB,JPEG
1aa0ddbf-000e-4184-83a0-ee8a6546e901.jpg,train,data/images/1aa0ddbf-000e-4184-83a0-ee8a6546e901.jpg,ok,,1024,1024,RGB,JPEG
171ae428-b1d4-4989-b202-65d7e02ca429.jpg,train,data/images/171ae428-b1d4-4989-b202-65d7e02ca429.jpg,ok,,1248,832,RGB,JPEG
8f86f02e-f3e8-4849-9c91-fed66cbbd445.jpg,train,data/images/8f86f02e-f3e8-4849-9c91-fed66cbbd445.jpg,ok,,1024,1024,RGB,JPEG
95ac3dcd-4aa9-4044-9299-8bba254276c2.jpg,train,data/images/95ac3dcd-4aa9-4044-9299-8bba254276c2.jpg,ok,,1024,1024,RGB,JPEG
54dd21f1-3ec2-4ca7-ac8c-4d16754ba00a.jpg,train,data/images/54dd21f1-3ec2-4ca7-ac8c-4d16754ba00a.jpg,ok,,832,1248,RGB,JPEG
8c56aa46-c497-457f-af37-7654f58e1456.jpg,train,data/images/8c56aa46-c497-457f-af37-7654f58e1456.jpg,ok,,1024,1024,RGB,JPEG
c2025e8f-ca1b-4a2d-ae36-64ee1515c2bc.jpg,train,data/images/c2025e8f-ca1b-4a2d-ae36-64ee1515c2bc.jpg,ok,,1024,1024,RGB,JPEG
1ef3366d-ff79-44f7-a4e6-c1e94d421d4f.jpg,train,data/images/1ef3366d-ff79-44f7-a4e6-c1e94d421d4f.jpg,ok,,1195,896,RGB,JPEG
2b8d3b7a-27b2-4867-8166-371759ffc0fb.jpg,train,data/images/2b8d3b7a-27b2-4867-8166-371759ffc0fb.jpg,ok,,1024,1024,RGB,JPEG
3f38e2e8-ffe6-4db5-859d-8e0b1fe5e0ea.jpg,train,data/images/3f38e2e8-ffe6-4db5-859d-8e0b1fe5e0ea.jpg,ok,,1024,1024,RGB,JPEG
6213fb9d-626d-4952-b7a7-c7b119a85f94.jpg,train,data/images/6213fb9d-626d-4952-b7a7-c7b119a85f94.jpg,ok,,1024,1024,RGB,JPEG
7d41589c-6f83-4f30-a3ea-a6967fc006c6.jpg,train,data/images/7d41589c-6f83-4f30-a3ea-a6967fc006c6.jpg,ok,,1024,1024,RGB,JPEG
2deaae61-5485-4ea8-83c6-a4b0fdff3932.jpg,train,data/images/2deaae61-5485-4ea8-83c6-a4b0fdff3932.jpg,ok,,1024,1024,RGB,JPEG
5af596b3-e978-40ad-bd1f-3faf59ffaf2a.jpg,train,data/images/5af596b3-e978-40ad-bd1f-3faf59ffaf2a.jpg,ok,,1024,1024,RGB,JPEG
4fafbc34-af6e-4834-8e1b-ef786296fa48.jpg,train,data/images/4fafbc34-af6e-4834-8e1b-ef786296fa48.jpg,ok,,1024,1024,RGB,JPEG
e93b4676-52a2-4627-83d4-c66d825be27f.jpg,train,data/images/e93b4676-52a2-4627-83d4-c66d825be27f.jpg,ok,,1024,1024,RGB,JPEG
064423da-d323-4c41-9adb-7267273b709d.jpg,train,data/images/064423da-d323-4c41-9adb-7267273b709d.jpg,ok,,1024,558,RGB,JPEG
5f70b938-bf1e-4ac7-87f1-a55200f76ae2.jpg,train,data/images/5f70b938-bf1e-4ac7-87f1-a55200f76ae2.jpg,ok,,896,1195,RGB,JPEG
281c1c55-e826-4327-ae51-4ae13056cc46.jpg,train,data/images/281c1c55-e826-4327-ae51-4ae13056cc46.jpg,ok,,1024,1024,RGB,JPEG
5f08537d-816d-4cde-b44c-e754d16bfbe1.jpg,train,data/images/5f08537d-816d-4cde-b44c-e754d16bfbe1.jpg,ok,,1248,832,RGB,JPEG
46272ffa-5d1e-4a7c-ab8d-67623496344b.jpg,train,data/images/46272ffa-5d1e-4a7c-ab8d-67623496344b.jpg,ok,,1024,1024,RGB,JPEG
6080766e-154e-4333-9d65-21c2a75a646f.jpg,train,data/images/6080766e-154e-4333-9d65-21c2a75a646f.jpg,ok,,1024,1024,RGB,JPEG
333d97a2-9b6c-424b-a8bb-a7b42fa18cf1.jpg,train,data/images/333d97a2-9b6c-424b-a8bb-a7b42fa18cf1.jpg,ok,,1024,1024,RGB,JPEG
a95bd5af-a2de-402a-9445-deee2ccb7652.jpg,train,data/images/a95bd5af-a2de-402a-9445-deee2ccb7652.jpg,ok,,1024,1024,RGB,JPEG
cb65e5a2-dbb1-4f18-ac31-1ee5edfc24d7.jpg,train,data/images/cb65e5a2-dbb1-4f18-ac31-1ee5edfc24d7.jpg,ok,,832,1248,RGB,JPEG
81bcc9de-f7ee-4365-ad00-c8a5bb7de955.jpg,train,data/images/81bcc9de-f7ee-4365-ad00-c8a5bb7de955.jpg,ok,,1195,896,RGB,JPEG
5c7ba254-c1bc-452b-af33-bf08c7d26c3f.jpg,train,data/images/5c7ba254-c1bc-452b-af33-bf08c7d26c3f.jpg,ok,,1195,896,RGB,JPEG
595bf511-7a9b-4502-9062-2fda6ae12bdd.jpg,train,data/images/595bf511-7a9b-4502-9062-2fda6ae12bdd.jpg,ok,,1024,1024,RGB,JPEG
a3f310e2-d98f-4578-af58-a5f9b8d72ad1.jpg,train,data/images/a3f310e2-d98f-4578-af58-a5f9b8d72ad1.jpg,ok,,1195,896,RGB,JPEG
5d256e29-360b-4727-a780-f9fdfca7597e.jpg,train,data/images/5d256e29-360b-4727-a780-f9fdfca7597e.jpg,ok,,558,1024,RGB,JPEG
d56ada0e-be69-4ed9-bad9-e5992349af06.jpg,train,data/images/d56ada0e-be69-4ed9-bad9-e5992349af06.jpg,ok,,1024,1024,RGB,JPEG
e4f0b6fd-f317-4cee-9b09-94012e199006.jpg,train,data/images/e4f0b6fd-f317-4cee-9b09-94012e199006.jpg,ok,,832,1248,RGB,JPEG
efaebd50-84ce-4b4f-9397-1d49d5819a8b.jpg,train,data/images/efaebd50-84ce-4b4f-9397-1d49d5819a8b.jpg,ok,,1024,1024,RGB,JPEG
ff8239ce-29d1-49fa-810e-065888807b35.jpg,train,data/images/ff8239ce-29d1-49fa-810e-065888807b35.jpg,ok,,1024,1024,RGB,JPEG
efa33b9a-4ea9-4208-8dd4-03ee2c70d092.jpg,train,data/images/efa33b9a-4ea9-4208-8dd4-03ee2c70d092.jpg,ok,,896,1195,RGB,JPEG
19a947b5-6e70-4e34-90ce-f159fb0a4302.jpg,train,data/images/19a947b5-6e70-4e34-90ce-f159fb0a4302.jpg,ok,,1024,1024,RGB,JPEG
621115c9-acfa-4889-847c-c1838ef78c68.jpg,train,data/images/621115c9-acfa-4889-847c-c1838ef78c68.jpg,ok,,1024,1024,RGB,JPEG
a3098c21-1e04-471a-bfee-2f055ab55a4d.jpg,train,data/images/a3098c21-1e04-471a-bfee-2f055ab55a4d.jpg,ok,,832,1248,RGB,JPEG
e2722ae0-bf6c-4a0c-99e9-0c921c4413c1.jpg,train,data/images/e2722ae0-bf6c-4a0c-99e9-0c921c4413c1.jpg,ok,,1024,1024,RGB,JPEG
84272a50-ddc2-482a-b101-b9890a7d1984.jpg,train,data/images/84272a50-ddc2-482a-b101-b9890a7d1984.jpg,ok,,1879,2200,RGB,JPEG
bd2820ea-735c-4967-bed3-0cad6914ee90.jpg,train,data/images/bd2820ea-735c-4967-bed3-0cad6914ee90.jpg,ok,,1024,1024,RGB,JPEG
0420c162-14a9-4c2f-bf98-af8d1f83eef3.jpg,train,data/images/0420c162-14a9-4c2f-bf98-af8d1f83eef3.jpg,ok,,1024,1024,RGB,JPEG
38a03a86-bf2d-48f3-bcab-4a800260e65e.jpg,train,data/images/38a03a86-bf2d-48f3-bcab-4a800260e65e.jpg,ok,,1024,558,RGB,JPEG
cde26aea-7fc9-470a-a366-eaecb0cc7707.jpg,train,data/images/cde26aea-7fc9-470a-a366-eaecb0cc7707.jpg,ok,,1024,1024,RGB,JPEG
ef30104d-7381-4c9e-b84b-907c101b4928.jpg,train,data/images/ef30104d-7381-4c9e-b84b-907c101b4928.jpg,ok,,1024,1024,RGB,JPEG
f1f63f8a-f804-463e-9972-5a1ea5de5ceb.jpg,train,data/images/f1f63f8a-f804-463e-9972-5a1ea5de5ceb.jpg,ok,,1024,1024,RGB,JPEG
6a6e6ad9-26f0-44d1-9a48-d27c3ccdf729.jpg,train,data/images/6a6e6ad9-26f0-44d1-9a48-d27c3ccdf729.jpg,ok,,1024,558,RGB,JPEG
eed9988d-a44c-428f-a5b0-a0f652df4809.jpg,train,data/images/eed9988d-a44c-428f-a5b0-a0f652df4809.jpg,ok,,1024,1024,RGB,JPEG
b4ecd136-eb0d-400b-851d-2b719d540f01.jpg,train,data/images/b4ecd136-eb0d-400b-851d-2b719d540f01.jpg,ok,,896,1195,RGB,JPEG
15990335-be36-48de-ae08-f17b991200b4.jpg,train,data/images/15990335-be36-48de-ae08-f17b991200b4.jpg,ok,,1024,1024,RGB,JPEG
009eeb23-c531-43fc-808d-2646d604a787.jpg,train,data/images/009eeb23-c531-43fc-808d-2646d604a787.jpg,ok,,1024,1024,RGB,JPEG
bcefea59-8b04-4226-a94b-9af5b6741e6c.jpg,train,data/images/bcefea59-8b04-4226-a94b-9af5b6741e6c.jpg,ok,,832,1248,RGB,JPEG
d596b210-6ae0-40e6-9f94-44b95958e14e.jpg,train,data/images/d596b210-6ae0-40e6-9f94-44b95958e14e.jpg,ok,,1280,1024,RGB,JPEG
90641c4b-823c-45ed-9a6b-aa7044846bf0.jpg,train,data/images/90641c4b-823c-45ed-9a6b-aa7044846bf0.jpg,ok,,1024,1024,RGB,JPEG
18126684-2483-4e84-9fec-85ba88228e9f.jpg,train,data/images/18126684-2483-4e84-9fec-85ba88228e9f.jpg,ok,,1024,1024,RGB,JPEG
7afcfdc2-4785-462a-a988-58945eaaf4d8.jpg,train,data/images/7afcfdc2-4785-462a-a988-58945eaaf4d8.jpg,ok,,832,1248,RGB,JPEG
fdadb0d2-ee90-4d64-86c1-b7fb2e780045.jpg,train,data/images/fdadb0d2-ee90-4d64-86c1-b7fb2e780045.jpg,ok,,1024,558,RGB,JPEG
eade75a4-d35a-4d9a-b64c-50309d2ca8bf.jpg,train,data/images/eade75a4-d35a-4d9a-b64c-50309d2ca8bf.jpg,ok,,1024,1024,RGB,JPEG
84a3f35e-d042-4994-bb33-8a40f16ff6d2.jpg,train,data/images/84a3f35e-d042-4994-bb33-8a40f16ff6d2.jpg,ok,,558,1024,RGB,JPEG
4871f088-c43f-424a-8b97-baae639432d0.jpg,train,data/images/4871f088-c43f-424a-8b97-baae639432d0.jpg,ok,,1024,1024,RGB,JPEG
90f56ada-90de-4e90-814d-5032ee262765.jpg,train,data/images/90f56ada-90de-4e90-814d-5032ee262765.jpg,ok,,1024,1024,RGB,JPEG
f0985f6e-c187-43c6-b1ad-db29058a2a57.jpg,train,data/images/f0985f6e-c187-43c6-b1ad-db29058a2a57.jpg,ok,,1024,1024,RGB,JPEG
c0edc8ca-528f-4cf2-8704-aded7f50c945.jpg,train,data/images/c0edc8ca-528f-4cf2-8704-aded7f50c945.jpg,ok,,832,1248,RGB,JPEG
4e69358d-4129-4aa2-8df3-892c879fcd7b.jpg,train,data/images/4e69358d-4129-4aa2-8df3-892c879fcd7b.jpg,ok,,896,1195,RGB,JPEG
87c215e7-9056-437e-bd79-07ab8008b064.jpg,train,data/images/87c215e7-9056-437e-bd79-07ab8008b064.jpg,ok,,1024,1024,RGB,JPEG
ca1a3538-00c1-42d1-9eae-5b5c2f2f5756.jpg,train,data/images/ca1a3538-00c1-42d1-9eae-5b5c2f2f5756.jpg,ok,,1024,1024,RGB,JPEG
b4f6cc1b-9f2c-4ea6-a30e-5a3318b9b9dd.jpg,train,data/images/b4f6cc1b-9f2c-4ea6-a30e-5a3318b9b9dd.jpg,ok,,1024,1024,RGB,JPEG
70463030-bc4d-40a8-adad-d97b65d32f48.jpg,train,data/images/70463030-bc4d-40a8-adad-d97b65d32f48.jpg,ok,,1024,1024,RGB,JPEG
0068b91f-794a-4520-83a4-0f8735d2a229.jpg,train,data/images/0068b91f-794a-4520-83a4-0f8735d2a229.jpg,ok,,896,1195,RGB,JPEG
635d1996-c44a-4d7e-9ba7-ddfc84483d5d.jpg,train,data/images/635d1996-c44a-4d7e-9ba7-ddfc84483d5d.jpg,ok,,896,1195,RGB,JPEG
d86d29e8-63b4-4b07-b799-8672f02b462a.jpg,train,data/images/d86d29e8-63b4-4b07-b799-8672f02b462a.jpg,ok,,896,1195,RGB,JPEG
0cb04cc8-fa8c-4635-8d48-62df2dbc32df.jpg,train,data/images/0cb04cc8-fa8c-4635-8d48-62df2dbc32df.jpg,ok,,110,171,RGBA,PNG
d8e91f20-10c0-4da5-849e-73b3771618f1.jpg,train,data/images/d8e91f20-10c0-4da5-849e-73b3771618f1.jpg,ok,,1500,1500,RGB,JPEG
576df7c0-e49c-456f-ada4-9384e2d5c5cb.jpg,train,data/images/576df7c0-e49c-456f-ada4-9384e2d5c5cb.jpg,ok,,1024,1024,RGB,JPEG
a02bda47-455e-42dc-b8b8-9399f6df802d.jpg,train,data/images/a02bda47-455e-42dc-b8b8-9399f6df802d.jpg,ok,,896,1195,RGB,JPEG
92824363-7da2-4416-ae07-400164bb2001.jpg,train,data/images/92824363-7da2-4416-ae07-400164bb2001.jpg,ok,,1024,1024,RGB,JPEG
fac6b398-68e8-4bdf-8ea2-628bd0681ee3.jpg,train,data/images/fac6b398-68e8-4bdf-8ea2-628bd0681ee3.jpg,ok,,1280,1024,RGB,JPEG
5818bca5-323c-48ad-9d69-a78013881083.jpg,train,data/images/5818bca5-323c-48ad-9d69-a78013881083.jpg,ok,,1024,1024,RGB,JPEG
c7e49524-ed89-4a66-9062-c11e14ebe3f1.jpg,train,data/images/c7e49524-ed89-4a66-9062-c11e14ebe3f1.jpg,ok,,558,1024,RGB,JPEG
a4c7497c-d476-4a29-9df1-b1b5b1a09c14.jpg,train,data/images/a4c7497c-d476-4a29-9df1-b1b5b1a09c14.jpg,ok,,1024,1024,RGB,JPEG
2634f297-0087-408a-af5f-9d57d34d13ec.jpg,train,data/images/2634f297-0087-408a-af5f-9d57d34d13ec.jpg,ok,,896,1195,RGB,JPEG
f45c8ef4-912f-4124-8420-d0e3f58f1f03.jpg,train,data/images/f45c8ef4-912f-4124-8420-d0e3f58f1f03.jpg,ok,,1024,1024,RGB,JPEG
33db4d2b-fc8c-4c7d-a159-b960ee3612ff.jpg,train,data/images/33db4d2b-fc8c-4c7d-a159-b960ee3612ff.jpg,ok,,832,1248,RGB,JPEG
0f4b1b84-c0c1-4fa2-bf36-5e547a585b4b.jpg,train,data/images/0f4b1b84-c0c1-4fa2-bf36-5e547a585b4b.jpg,ok,,832,1248,RGB,JPEG
2fee2376-9bed-478d-8395-ae0bb7754e0d.jpg,train,data/images/2fee2376-9bed-478d-8395-ae0bb7754e0d.jpg,ok,,1024,1024,RGB,JPEG
b7272eab-2fa3-4be1-b8ac-2f40bdd0de6f.jpg,train,data/images/b7272eab-2fa3-4be1-b8ac-2f40bdd0de6f.jpg,ok,,1024,1024,RGB,JPEG
b95b625e-f88a-4413-b83f-25e42233267e.jpg,train,data/images/b95b625e-f88a-4413-b83f-25e42233267e.jpg,ok,,832,1248,RGB,JPEG
f5a73f83-689a-4545-b1a5-033badab16dd.jpg,train,data/images/f5a73f83-689a-4545-b1a5-033badab16dd.jpg,ok,,896,1195,RGB,JPEG
fda8ba81-6830-4476-9fc9-16cc83bf5299.jpg,train,data/images/fda8ba81-6830-4476-9fc9-16cc83bf5299.jpg,ok,,1024,1024,RGB,JPEG
016b2115-b302-4a39-aed5-bed81b32b020.jpg,train,data/images/016b2115-b302-4a39-aed5-bed81b32b020.jpg,ok,,1248,832,RGB,JPEG
0094a51e-89f0-4042-8e63-1dbf616d9e80.jpg,train,data/images/0094a51e-89f0-4042-8e63-1dbf616d9e80.jpg,ok,,1248,832,RGB,JPEG
8fe5a9eb-8148-4a4a-b664-e62a478d51b9.jpg,train,data/images/8fe5a9eb-8148-4a4a-b664-e62a478d51b9.jpg,ok,,1024,1024,RGB,JPEG
08709f2e-c08a-4390-8e10-6c40f3464dea.jpg,train,data/images/08709f2e-c08a-4390-8e10-6c40f3464dea.jpg,ok,,1024,1024,RGB,JPEG
404b0fdb-d4a7-436d-a3ed-edc68d78ee36.jpg,train,data/images/404b0fdb-d4a7-436d-a3ed-edc68d78ee36.jpg,ok,,1024,1024,RGB,JPEG
49c43647-f76a-4dc3-b3b0-5ef66d54047c.jpg,train,data/images/49c43647-f76a-4dc3-b3b0-5ef66d54047c.jpg,ok,,1024,1024,RGB,JPEG
f1b01644-b5ff-433a-b43e-982593125883.jpg,train,data/images/f1b01644-b5ff-433a-b43e-982593125883.jpg,ok,,1024,1024,RGB,JPEG
611e42bd-0c7c-451a-9305-d4c8e3f627ce.jpg,train,data/images/611e42bd-0c7c-451a-9305-d4c8e3f627ce.jpg,ok,,1024,716,RGB,JPEG
097c65d4-fe7d-4256-8825-2de7bd0fb704.jpg,train,data/images/097c65d4-fe7d-4256-8825-2de7bd0fb704.jpg,ok,,1024,1024,RGB,JPEG
4feacaa8-48f1-493d-b977-a4f2b7c2bc72.jpg,train,data/images/4feacaa8-48f1-493d-b977-a4f2b7c2bc72.jpg,ok,,1024,558,RGB,JPEG
ace68c57-cd5f-47e7-b67e-68dd68d2ce6a.jpg,train,data/images/ace68c57-cd5f-47e7-b67e-68dd68d2ce6a.jpg,ok,,1024,1024,RGB,JPEG
a7220d23-71b2-4fcc-a79e-b0f3031da370.jpg,train,data/images/a7220d23-71b2-4fcc-a79e-b0f3031da370.jpg,ok,,832,1248,RGB,JPEG
530dd7d1-4659-4957-9f3b-a9ff6373144f.jpg,train,data/images/530dd7d1-4659-4957-9f3b-a9ff6373144f.jpg,ok,,896,1195,RGB,JPEG
b7af020b-2f0e-4b59-9aab-c2be49549a75.jpg,train,data/images/b7af020b-2f0e-4b59-9aab-c2be49549a75.jpg,ok,,2560,2560,RGB,JPEG
461c8d59-6470-4ad1-a597-63a34ded4ee6.jpg,train,data/images/461c8d59-6470-4ad1-a597-63a34ded4ee6.jpg,ok,,896,1195,RGB,JPEG
62220717-4d9d-4a5d-88f4-683bf205d1cb.jpg,train,data/images/62220717-4d9d-4a5d-88f4-683bf205d1cb.jpg,ok,,1024,1024,RGB,JPEG
e355202f-d649-4603-8974-954424bc1c3f.jpg,train,data/images/e355202f-d649-4603-8974-954424bc1c3f.jpg,ok,,832,1248,RGB,JPEG
a72b9814-d885-4b41-a44d-aa14331bdac2.jpg,train,data/images/a72b9814-d885-4b41-a44d-aa14331bdac2.jpg,ok,,1024,1024,RGB,JPEG
9fbef431-b5f1-4c7f-bdc2-5b5e7f66cadc.jpg,train,data/images/9fbef431-b5f1-4c7f-bdc2-5b5e7f66cadc.jpg,ok,,832,1248,RGB,JPEG
fdcf6a86-f955-4fa3-b966-9770e6a870f7.jpg,train,data/images/fdcf6a86-f955-4fa3-b966-9770e6a870f7.jpg,ok,,150,168,RGBA,PNG
8b738bca-291e-4c5c-a9e1-6e70e2bc2aec.jpg,train,data/images/8b738bca-291e-4c5c-a9e1-6e70e2bc2aec.jpg,ok,,1024,1024,RGB,JPEG
712d41b7-3117-4ca1-bd25-9951d2de9965.jpg,train,data/images/712d41b7-3117-4ca1-bd25-9951d2de9965.jpg,ok,,1280,1024,RGB,JPEG
f51d4b3d-e045-4e23-b2e9-029a1c65a137.jpg,train,data/images/f51d4b3d-e045-4e23-b2e9-029a1c65a137.jpg,ok,,896,1195,RGB,JPEG
c20c7e6d-03b6-43e7-94ca-b8363420f5b6.jpg,train,data/images/c20c7e6d-03b6-43e7-94ca-b8363420f5b6.jpg,ok,,300,400,RGB,JPEG
49f7f3e0-84f6-4e2c-9b40-300a7d3794f4.jpg,train,data/images/49f7f3e0-84f6-4e2c-9b40-300a7d3794f4.jpg,ok,,1024,558,RGB,JPEG
24ce4b4c-d37b-4f00-b49b-6d98cefb8019.jpg,train,data/images/24ce4b4c-d37b-4f00-b49b-6d98cefb8019.jpg,ok,,1024,1024,RGB,JPEG
f4d825ab-70be-441e-8c20-40bed7f96059.jpg,train,data/images/f4d825ab-70be-441e-8c20-40bed7f96059.jpg,ok,,1024,1024,RGB,JPEG
8b8c1bfa-b4dc-41e5-98ea-277e4c292152.jpg,train,data/images/8b8c1bfa-b4dc-41e5-98ea-277e4c292152.jpg,ok,,1024,1024,RGB,JPEG
05044900-08e6-4009-860a-3b84da0cd199.jpg,train,data/images/05044900-08e6-4009-860a-3b84da0cd199.jpg,ok,,1024,1024,RGB,JPEG
b2c577d2-728f-43d9-b003-50790883c880.jpg,train,data/images/b2c577d2-728f-43d9-b003-50790883c880.jpg,ok,,1024,1024,RGB,JPEG
d5fb0fc5-dcf4-4284-b223-61463529c96f.jpg,train,data/images/d5fb0fc5-dcf4-4284-b223-61463529c96f.jpg,ok,,1248,832,RGB,JPEG
9ccfed70-e20c-41d9-9c25-b0a3944ace98.jpg,train,data/images/9ccfed70-e20c-41d9-9c25-b0a3944ace98.jpg,ok,,896,1195,RGB,JPEG
031b22d3-7abf-4623-ba4a-162e1f18b046.jpg,train,data/images/031b22d3-7abf-4623-ba4a-162e1f18b046.jpg,ok,,1024,1024,RGB,JPEG
bde49628-64ba-4a30-b485-c8f2488431ff.jpg,train,data/images/bde49628-64ba-4a30-b485-c8f2488431ff.jpg,ok,,2249,2249,RGB,JPEG
06f8d578-495c-4cc6-9443-5630b1884cce.jpg,train,data/images/06f8d578-495c-4cc6-9443-5630b1884cce.jpg,ok,,558,1024,RGB,JPEG
afdd6d28-b20e-4327-b4e0-d8e68bdd0849.jpg,train,data/images/afdd6d28-b20e-4327-b4e0-d8e68bdd0849.jpg,ok,,558,1024,RGB,JPEG
b7c2d479-2e0e-411a-945d-4df295a4892d.jpg,train,data/images/b7c2d479-2e0e-411a-945d-4df295a4892d.jpg,ok,,1024,1024,RGB,JPEG
5485b451-cd87-4255-a2f5-f32dcb69a78e.jpg,train,data/images/5485b451-cd87-4255-a2f5-f32dcb69a78e.jpg,ok,,1024,1024,RGB,JPEG
a2ae7d35-f94e-47d8-a46f-193d7cf2e3dc.jpg,train,data/images/a2ae7d35-f94e-47d8-a46f-193d7cf2e3dc.jpg,ok,,1248,832,RGB,JPEG
72358fda-41dd-4844-878d-f07a465307a6.jpg,train,data/images/72358fda-41dd-4844-878d-f07a465307a6.jpg,ok,,1024,1024,RGB,JPEG
54707df3-d6bc-4b82-a746-faa3924251cb.jpg,train,data/images/54707df3-d6bc-4b82-a746-faa3924251cb.jpg,ok,,375,500,RGB,JPEG
7d8f671f-f329-4571-80f2-893972e568a3.jpg,train,data/images/7d8f671f-f329-4571-80f2-893972e568a3.jpg,ok,,1024,1024,RGB,JPEG
59930fc6-e9c2-4f82-a81f-8aa74a147db4.jpg,train,data/images/59930fc6-e9c2-4f82-a81f-8aa74a147db4.jpg,ok,,1024,1024,RGB,JPEG
d5306a82-404c-44c8-bfb2-7bd8e17a22a0.jpg,train,data/images/d5306a82-404c-44c8-bfb2-7bd8e17a22a0.jpg,ok,,896,1195,RGB,JPEG
71430f9f-eced-4cc4-9463-850e85917258.jpg,train,data/images/71430f9f-eced-4cc4-9463-850e85917258.jpg,ok,,1024,1024,RGB,JPEG
ee0d8ce8-dd34-4483-ac11-98c8c6a72d77.jpg,train,data/images/ee0d8ce8-dd34-4483-ac11-98c8c6a72d77.jpg,ok,,1024,1024,RGB,JPEG
4ecfea87-5490-4606-bb04-5b6b0e7b8d58.jpg,train,data/images/4ecfea87-5490-4606-bb04-5b6b0e7b8d58.jpg,ok,,1248,832,RGB,JPEG
e8422493-0cb6-4f51-b034-bd19d62d1c52.jpg,train,data/images/e8422493-0cb6-4f51-b034-bd19d62d1c52.jpg,ok,,1195,896,RGB,JPEG
20d5a030-81f0-4b85-98aa-c10eec89cfdd.jpg,train,data/images/20d5a030-81f0-4b85-98aa-c10eec89cfdd.jpg,ok,,1024,1024,RGB,JPEG
9a4ec57a-291c-43b2-a5f9-899a5d1d775f.jpg,train,data/images/9a4ec57a-291c-43b2-a5f9-899a5d1d775f.jpg,ok,,1024,1024,RGB,JPEG
2faabb59-c1e4-44a8-8da3-9dd993670822.jpg,train,data/images/2faabb59-c1e4-44a8-8da3-9dd993670822.jpg,ok,,1024,1024,RGB,JPEG
b58a0264-3030-4366-bd02-51c97a0b7374.jpg,train,data/images/b58a0264-3030-4366-bd02-51c97a0b7374.jpg,ok,,1024,1024,RGB,JPEG
cfc0f233-f623-4319-a669-30e58571742e.jpg,train,data/images/cfc0f233-f623-4319-a669-30e58571742e.jpg,ok,,1024,1024,RGB,JPEG
0dd2616b-2a4f-4887-9297-186f583617ad.jpg,train,data/images/0dd2616b-2a4f-4887-9297-186f583617ad.jpg,ok,,1024,1024,RGB,JPEG
85fd2501-08e2-4ba0-bd63-1a6b4c0e72b4.jpg,train,data/images/85fd2501-08e2-4ba0-bd63-1a6b4c0e72b4.jpg,ok,,1024,1024,RGB,JPEG
7efb156a-d705-44bd-b08c-f6bc087d077a.jpg,train,data/images/7efb156a-d705-44bd-b08c-f6bc087d077a.jpg,ok,,1024,716,RGB,JPEG
210fcda7-367b-4f1d-a844-04fd2ac7da40.jpg,train,data/images/210fcda7-367b-4f1d-a844-04fd2ac7da40.jpg,ok,,832,1248,RGB,JPEG
a6dfcecc-3939-416d-bbac-1fe34cdced2c.jpg,train,data/images/a6dfcecc-3939-416d-bbac-1fe34cdced2c.jpg,ok,,896,1195,RGB,JPEG
9ae10c4e-0473-4363-a00c-aa02e27b32f7.jpg,train,data/images/9ae10c4e-0473-4363-a00c-aa02e27b32f7.jpg,ok,,1024,1024,RGB,JPEG
80848f06-204e-4f23-b75f-a473965a1c94.jpg,train,data/images/80848f06-204e-4f23-b75f-a473965a1c94.jpg,ok,,1024,1024,RGB,JPEG
28c58f7d-4ba8-4f6f-a763-276bedede75c.jpg,train,data/images/28c58f7d-4ba8-4f6f-a763-276bedede75c.jpg,ok,,1024,716,RGB,JPEG
d4e775a9-f278-4ce7-b75c-0021e8d11326.jpg,train,data/images/d4e775a9-f278-4ce7-b75c-0021e8d11326.jpg,ok,,1248,832,RGB,JPEG
e02469a7-f1c5-4b30-b5fb-506eb34534cb.jpg,train,data/images/e02469a7-f1c5-4b30-b5fb-506eb34534cb.jpg,ok,,1195,896,RGB,JPEG
b8aa1443-e60f-42df-a091-de2baba5e991.jpg,train,data/images/b8aa1443-e60f-42df-a091-de2baba5e991.jpg,ok,,400,225,RGB,JPEG
8941edaf-ee52-477b-b51e-3cd616e13f11.jpg,train,data/images/8941edaf-ee52-477b-b51e-3cd616e13f11.jpg,ok,,1024,558,RGB,JPEG
c2270044-d45c-41a8-a4f6-315e5d411950.jpg,train,data/images/c2270044-d45c-41a8-a4f6-315e5d411950.jpg,ok,,1879,2200,RGB,JPEG
014efe3b-59ef-406b-9daa-44144df9d1a1.jpg,train,data/images/014efe3b-59ef-406b-9daa-44144df9d1a1.jpg,ok,,1024,1024,RGB,JPEG
324abe25-1c62-42b8-8486-289c93b023fc.jpg,train,data/images/324abe25-1c62-42b8-8486-289c93b023fc.jpg,ok,,1024,1024,RGB,JPEG
daa27bd1-e506-4ff9-aaf5-0b2866b80c3c.jpg,train,data/images/daa27bd1-e506-4ff9-aaf5-0b2866b80c3c.jpg,ok,,1024,1024,RGB,JPEG
1f7cecf5-945d-47d1-99f2-81db409c5723.jpg,train,data/images/1f7cecf5-945d-47d1-99f2-81db409c5723.jpg,ok,,896,1195,RGB,JPEG
bcc76b75-d441-485f-8dde-6446ae76d883.jpg,train,data/images/bcc76b75-d441-485f-8dde-6446ae76d883.jpg,ok,,1024,1024,RGB,JPEG
4bdc23a3-bb99-4b53-ab7e-b53205ffffa0.jpg,train,data/images/4bdc23a3-bb99-4b53-ab7e-b53205ffffa0.jpg,ok,,1248,832,RGB,JPEG
e4742e91-5c3a-4237-b63b-58b9343a7034.jpg,train,data/images/e4742e91-5c3a-4237-b63b-58b9343a7034.jpg,ok,,1024,1024,RGB,JPEG
2a47f25e-e627-4e34-9e3a-c1436c1b10f1.jpg,train,data/images/2a47f25e-e627-4e34-9e3a-c1436c1b10f1.jpg,ok,,1024,1024,RGB,JPEG
b8fcd852-9ab9-4740-a28d-a700c9321c80.jpg,train,data/images/b8fcd852-9ab9-4740-a28d-a700c9321c80.jpg,ok,,1024,558,RGB,JPEG
4f696100-ed04-4683-80ab-91fcb4c314b4.jpg,train,data/images/4f696100-ed04-4683-80ab-91fcb4c314b4.jpg,ok,,1024,716,RGB,JPEG
b6ca8aea-27ac-4767-9bc7-bcf9fda13edd.jpg,train,data/images/b6ca8aea-27ac-4767-9bc7-bcf9fda13edd.jpg,ok,,1024,1024,RGB,JPEG
0a16b455-0dd3-41b9-96d9-305dc1f8b777.jpg,train,data/images/0a16b455-0dd3-41b9-96d9-305dc1f8b777.jpg,ok,,1024,1024,RGB,JPEG
53904d78-6083-45cd-8765-05b4e99e0611.jpg,train,data/images/53904d78-6083-45cd-8765-05b4e99e0611.jpg,ok,,832,1248,RGB,JPEG
be368461-9a3e-478e-9857-771a0df41b33.jpg,train,data/images/be368461-9a3e-478e-9857-771a0df41b33.jpg,ok,,1024,1024,RGB,JPEG
6718d9f9-0760-4794-bcbc-d4cb07e078d7.jpg,train,data/images/6718d9f9-0760-4794-bcbc-d4cb07e078d7.jpg,ok,,832,1248,RGB,JPEG
6a92ab94-e380-46c4-b9c0-3c060c5c4137.jpg,train,data/images/6a92ab94-e380-46c4-b9c0-3c060c5c4137.jpg,ok,,1024,1024,RGB,JPEG
c5d0f3f3-ed06-4e66-ae68-db5bf8e67c5f.jpg,train,data/images/c5d0f3f3-ed06-4e66-ae68-db5bf8e67c5f.jpg,ok,,1024,1024,RGB,JPEG
7bfdf3bf-cf19-4875-912a-168385f62218.jpg,train,data/images/7bfdf3bf-cf19-4875-912a-168385f62218.jpg,ok,,1024,1024,RGB,JPEG
1026f7b9-36d4-411b-82d4-59d83d056512.jpg,train,data/images/1026f7b9-36d4-411b-82d4-59d83d056512.jpg,ok,,1024,1024,RGB,JPEG
9f5754d4-0e84-4829-9ab9-c24d8453672d.jpg,train,data/images/9f5754d4-0e84-4829-9ab9-c24d8453672d.jpg,ok,,1024,1024,RGB,JPEG
2c2a6d2a-908f-4f93-8d38-4a331ac0951a.jpg,train,data/images/2c2a6d2a-908f-4f93-8d38-4a331ac0951a.jpg,ok,,1024,1024,RGB,JPEG
9ca86ebe-555c-4347-834e-da62514e456c.jpg,train,data/images/9ca86ebe-555c-4347-834e-da62514e456c.jpg,ok,,1024,1024,RGB,JPEG
3a494270-52b3-4844-b854-0dc1617998d0.jpg,train,data/images/3a494270-52b3-4844-b854-0dc1617998d0.jpg,ok,,896,1195,RGB,JPEG
e9bee629-e5df-4551-a375-c47d05c20fe6.jpg,train,data/images/e9bee629-e5df-4551-a375-c47d05c20fe6.jpg,ok,,1024,1024,RGB,JPEG
72d73d2b-c5bd-466f-85c1-d54de2b38e34.jpg,train,data/images/72d73d2b-c5bd-466f-85c1-d54de2b38e34.jpg,ok,,1024,1024,RGB,JPEG
027a92b6-ad0d-4e68-bd77-e6b574ba3538.jpg,train,data/images/027a92b6-ad0d-4e68-bd77-e6b574ba3538.jpg,ok,,1024,1024,RGB,JPEG
de986104-8b60-447a-8e1c-f1bb7fbb8458.jpg,train,data/images/de986104-8b60-447a-8e1c-f1bb7fbb8458.jpg,ok,,1024,1024,RGB,JPEG
e3792500-a47d-4be5-bda0-38d8602f73f8.jpg,train,data/images/e3792500-a47d-4be5-bda0-38d8602f73f8.jpg,ok,,1024,1024,RGB,JPEG
f529f9ed-8a98-4d08-bc7c-1b7ee4714641.jpg,train,data/images/f529f9ed-8a98-4d08-bc7c-1b7ee4714641.jpg,ok,,1024,558,RGB,JPEG
25ee8256-5a72-429f-b5c1-b0985f164e8a.jpg,train,data/images/25ee8256-5a72-429f-b5c1-b0985f164e8a.jpg,ok,,1248,832,RGB,JPEG
1646b316-bcca-4e30-a389-2511e2cce6a5.jpg,train,data/images/1646b316-bcca-4e30-a389-2511e2cce6a5.jpg,ok,,1195,896,RGB,JPEG
5acd1152-64c4-4013-a2ec-5d72a47092d3.jpg,train,data/images/5acd1152-64c4-4013-a2ec-5d72a47092d3.jpg,ok,,896,1195,RGB,JPEG
18a16560-0e64-4b36-8e2c-fbd719282c00.jpg,train,data/images/18a16560-0e64-4b36-8e2c-fbd719282c00.jpg,ok,,1024,1024,RGB,JPEG
fd717566-9f5c-4c73-a92f-4ceba8c07edc.jpg,train,data/images/fd717566-9f5c-4c73-a92f-4ceba8c07edc.jpg,ok,,832,1248,RGB,JPEG
69eda2ce-3d86-4ed4-8f20-0fa8947314ec.jpg,train,data/images/69eda2ce-3d86-4ed4-8f20-0fa8947314ec.jpg,ok,,832,1248,RGB,JPEG
d43d4a92-274f-4b76-bd7f-d84234f4af3b.jpg,train,data/images/d43d4a92-274f-4b76-bd7f-d84234f4af3b.jpg,ok,,800,800,RGB,JPEG
97749a36-ce29-4c19-b32e-c3dd502f75dc.jpg,train,data/images/97749a36-ce29-4c19-b32e-c3dd502f75dc.jpg,ok,,896,1195,RGB,JPEG
55563b63-5924-4648-b252-31e149c7626d.jpg,train,data/images/55563b63-5924-4648-b252-31e149c7626d.jpg,ok,,1024,1024,RGB,JPEG
b03bc8b5-932f-49a4-a6ef-164a56ee54f2.jpg,train,data/images/b03bc8b5-932f-49a4-a6ef-164a56ee54f2.jpg,ok,,1024,1024,RGB,JPEG
f14a9c77-5bee-4a3f-9d5b-7b67281d9764.jpg,train,data/images/f14a9c77-5bee-4a3f-9d5b-7b67281d9764.jpg,ok,,1024,1024,RGB,JPEG
dc69aa9c-2edb-49d4-9a05-127919b728ea.jpg,train,data/images/dc69aa9c-2edb-49d4-9a05-127919b728ea.jpg,ok,,1024,1024,RGB,JPEG
f8a3acc9-bb98-48f3-93eb-d35fd4482467.jpg,train,data/images/f8a3acc9-bb98-48f3-93eb-d35fd4482467.jpg,ok,,1024,1024,RGB,JPEG
09184418-de1b-40d5-98a3-b81ae2c382e4.jpg,train,data/images/09184418-de1b-40d5-98a3-b81ae2c382e4.jpg,ok,,896,1195,RGB,JPEG
f6183c56-6326-4067-939d-127a497b1614.jpg,train,data/images/f6183c56-6326-4067-939d-127a497b1614.jpg,ok,,1024,1024,RGB,JPEG
84a2a3c9-b0eb-4ab5-a4f2-2c465df9d067.jpg,train,data/images/84a2a3c9-b0eb-4ab5-a4f2-2c465df9d067.jpg,ok,,1024,1024,RGB,JPEG
b75cf6bc-ec5f-4da2-a81c-2dc9d8a26887.jpg,train,data/images/b75cf6bc-ec5f-4da2-a81c-2dc9d8a26887.jpg,ok,,1024,1024,RGB,JPEG
245396c1-0b90-4e56-b808-dadf1ed55fbf.jpg,train,data/images/245396c1-0b90-4e56-b808-dadf1ed55fbf.jpg,ok,,1024,1024,RGB,JPEG
ad268176-d9bd-48ed-b6c4-e0126c70d1b2.jpg,train,data/images/ad268176-d9bd-48ed-b6c4-e0126c70d1b2.jpg,ok,,1024,716,RGB,JPEG
f5ecf53a-a15d-42be-9d3f-ce7f8573ce9f.jpg,train,data/images/f5ecf53a-a15d-42be-9d3f-ce7f8573ce9f.jpg,ok,,832,1248,RGB,JPEG
c90d3b8a-cccd-4cd0-b121-7bd3a58e9175.jpg,train,data/images/c90d3b8a-cccd-4cd0-b121-7bd3a58e9175.jpg,ok,,1024,1024,RGB,JPEG
ced8ee7d-7cba-42de-8493-d0771f318f7b.jpg,train,data/images/ced8ee7d-7cba-42de-8493-d0771f318f7b.jpg,ok,,1024,1024,RGB,JPEG
cef28218-0090-4b0e-99ac-4c9b7a7619e7.jpg,train,data/images/cef28218-0090-4b0e-99ac-4c9b7a7619e7.jpg,ok,,896,1195,RGB,JPEG
e9b4bf4c-5deb-472f-87c1-653466759b3d.jpg,train,data/images/e9b4bf4c-5deb-472f-87c1-653466759b3d.jpg,ok,,1248,832,RGB,JPEG
4b497dd2-0382-499e-b600-2d39c8836a2c.jpg,train,data/images/4b497dd2-0382-499e-b600-2d39c8836a2c.jpg,ok,,1024,1024,RGB,JPEG
1b25b800-f2e7-4f51-97af-e6ec772f41f3.jpg,train,data/images/1b25b800-f2e7-4f51-97af-e6ec772f41f3.jpg,ok,,896,1195,RGB,JPEG
6f8499c7-f47b-4af2-b503-a265feea4a1b.jpg,train,data/images/6f8499c7-f47b-4af2-b503-a265feea4a1b.jpg,ok,,1024,1024,RGB,JPEG
635e5a71-5f67-46a2-8ff8-8e5605f0634a.jpg,train,data/images/635e5a71-5f67-46a2-8ff8-8e5605f0634a.jpg,ok,,1024,1024,RGB,JPEG
d7bf8068-3854-40c0-b661-2f45c12bf2ee.jpg,train,data/images/d7bf8068-3854-40c0-b661-2f45c12bf2ee.jpg,ok,,400,400,RGB,JPEG
023d95bb-1360-4862-a77b-3c9d612baf1b.jpg,train,data/images/023d95bb-1360-4862-a77b-3c9d612baf1b.jpg,ok,,1195,896,RGB,JPEG
7ec0339b-45e8-4929-922b-52fdffcc0d49.jpg,train,data/images/7ec0339b-45e8-4929-922b-52fdffcc0d49.jpg,ok,,1024,1024,RGB,JPEG
56fd26b4-f95d-4543-bc93-be0409c9d0b3.jpg,train,data/images/56fd26b4-f95d-4543-bc93-be0409c9d0b3.jpg,ok,,1024,1024,RGB,JPEG
2764021f-1600-47dd-817a-202b32c5fd97.jpg,train,data/images/2764021f-1600-47dd-817a-202b32c5fd97.jpg,ok,,1024,1024,RGB,JPEG
2e8ced6a-bacf-492d-9345-c33f220325a4.jpg,train,data/images/2e8ced6a-bacf-492d-9345-c33f220325a4.jpg,ok,,1248,832,RGB,JPEG
6e386de0-290f-45f7-96e8-8de0fc801dcd.jpg,train,data/images/6e386de0-290f-45f7-96e8-8de0fc801dcd.jpg,ok,,896,1195,RGB,JPEG
b9fa85b3-9e0a-4a99-8333-4561173569d0.jpg,train,data/images/b9fa85b3-9e0a-4a99-8333-4561173569d0.jpg,ok,,1195,896,RGB,JPEG
4e47953f-aeaf-4c54-929f-296bb96cd927.jpg,train,data/images/4e47953f-aeaf-4c54-929f-296bb96cd927.jpg,ok,,896,1195,RGB,JPEG
fb0a849d-6569-43ba-a134-b772c5ca896a.jpg,train,data/images/fb0a849d-6569-43ba-a134-b772c5ca896a.jpg,ok,,832,1248,RGB,JPEG
63041061-5497-438d-b5ef-7304a73edc9d.jpg,train,data/images/63041061-5497-438d-b5ef-7304a73edc9d.jpg,ok,,1024,1024,RGB,JPEG
ef9a140c-9eac-47d2-89a2-671e6333c18e.jpg,train,data/images/ef9a140c-9eac-47d2-89a2-671e6333c18e.jpg,ok,,1024,1024,RGB,JPEG
aedfaeb9-58e8-4f31-8fa9-68fd1c6cb31e.jpg,train,data/images/aedfaeb9-58e8-4f31-8fa9-68fd1c6cb31e.jpg,ok,,896,1195,RGB,JPEG
9ee9b428-6057-4ca5-8511-b3784aa5226b.jpg,train,data/images/9ee9b428-6057-4ca5-8511-b3784aa5226b.jpg,ok,,1024,1024,RGB,JPEG
be7d36f9-be61-4d89-9a39-7dc5447352e4.jpg,train,data/images/be7d36f9-be61-4d89-9a39-7dc5447352e4.jpg,ok,,896,1195,RGB,JPEG
e894416e-e61b-4eb1-9a2f-e08a3a0c0093.jpg,train,data/images/e894416e-e61b-4eb1-9a2f-e08a3a0c0093.jpg,ok,,1195,896,RGB,JPEG
42170c51-931c-45b8-ac94-a7de0bab98d5.jpg,train,data/images/42170c51-931c-45b8-ac94-a7de0bab98d5.jpg,ok,,1024,1024,RGB,JPEG
b1252a78-866f-49fd-9789-f621751801aa.jpg,train,data/images/b1252a78-866f-49fd-9789-f621751801aa.jpg,ok,,1024,1024,RGB,JPEG
29361570-d6c6-419e-8fc5-956f35509bed.jpg,train,data/images/29361570-d6c6-419e-8fc5-956f35509bed.jpg,ok,,1248,832,RGB,JPEG
3f4987da-ce93-46f4-a6d7-77edd5711eec.jpg,train,data/images/3f4987da-ce93-46f4-a6d7-77edd5711eec.jpg,ok,,1195,896,RGB,JPEG
3bc26b35-38a7-4aa4-bd09-7d28bf49b1dc.jpg,train,data/images/3bc26b35-38a7-4aa4-bd09-7d28bf49b1dc.jpg,ok,,1024,1024,RGB,JPEG
c41164dc-dd9d-4851-a716-c4953f95a3c8.jpg,train,data/images/c41164dc-dd9d-4851-a716-c4953f95a3c8.jpg,ok,,896,1195,RGB,JPEG
9159e01e-33a3-4e9e-b55b-510233c3bf13.jpg,train,data/images/9159e01e-33a3-4e9e-b55b-510233c3bf13.jpg,ok,,896,1195,RGB,JPEG
a8f1ff1f-fa59-4ed8-b007-7c392688e41d.jpg,train,data/images/a8f1ff1f-fa59-4ed8-b007-7c392688e41d.jpg,ok,,450,800,RGB,JPEG
9d4b4537-7878-4686-8219-76d167bd4e3d.jpg,train,data/images/9d4b4537-7878-4686-8219-76d167bd4e3d.jpg,ok,,1280,1024,RGB,JPEG
5ca258c7-64a5-45e5-9ca1-50651131f6d4.jpg,train,data/images/5ca258c7-64a5-45e5-9ca1-50651131f6d4.jpg,ok,,1195,896,RGB,JPEG
300074eb-3f06-491a-9aa6-5c1a7aa4f8a3.jpg,train,data/images/300074eb-3f06-491a-9aa6-5c1a7aa4f8a3.jpg,ok,,832,1248,RGB,JPEG
af5f383c-2498-4f42-a0d7-fb846c899431.jpg,train,data/images/af5f383c-2498-4f42-a0d7-fb846c899431.jpg,ok,,1024,1024,RGB,JPEG
133f949a-0341-43a0-8bce-869d3e961f8c.jpg,train,data/images/133f949a-0341-43a0-8bce-869d3e961f8c.jpg,ok,,1248,832,RGB,JPEG
6acd72d2-18b7-4fe1-93c9-916d41b6db90.jpg,train,data/images/6acd72d2-18b7-4fe1-93c9-916d41b6db90.jpg,ok,,896,1195,RGB,JPEG
1a8adf97-e5c4-4cbf-bd1f-c612f5731c9e.jpg,train,data/images/1a8adf97-e5c4-4cbf-bd1f-c612f5731c9e.jpg,ok,,558,1024,RGB,JPEG
226f819f-b431-463b-88d6-215dc0ef27e8.jpg,train,data/images/226f819f-b431-463b-88d6-215dc0ef27e8.jpg,ok,,896,1195,RGB,JPEG
d8a13dea-c55d-4514-ab3a-b998db23ffb7.jpg,train,data/images/d8a13dea-c55d-4514-ab3a-b998db23ffb7.jpg,ok,,1024,613,RGB,JPEG
69e8dfab-ed31-4e2e-a3fa-01ddc608da06.jpg,train,data/images/69e8dfab-ed31-4e2e-a3fa-01ddc608da06.jpg,ok,,1024,1280,RGB,JPEG
e068cc86-c554-471a-9648-cc1370212953.jpg,train,data/images/e068cc86-c554-471a-9648-cc1370212953.jpg,ok,,1024,716,RGB,JPEG
9ed22add-b902-4121-94bd-ad471f4af164.jpg,train,data/images/9ed22add-b902-4121-94bd-ad471f4af164.jpg,ok,,896,1195,RGB,JPEG
cf0e426a-0d6a-44bf-86a1-ee9b59444d86.jpg,train,data/images/cf0e426a-0d6a-44bf-86a1-ee9b59444d86.jpg,ok,,1024,1024,RGB,JPEG
b580b083-e90e-4477-8a01-a12df2728aab.jpg,train,data/images/b580b083-e90e-4477-8a01-a12df2728aab.jpg,ok,,1200,1200,RGB,JPEG
175b1f0a-3aac-4588-a5fe-f8d12ef6ef99.jpg,train,data/images/175b1f0a-3aac-4588-a5fe-f8d12ef6ef99.jpg,ok,,896,1195,RGB,JPEG
cd06b0ae-099f-476c-8237-4773fb4c246d.jpg,train,data/images/cd06b0ae-099f-476c-8237-4773fb4c246d.jpg,ok,,1024,1024,RGB,JPEG
b3c6b424-b733-46fe-b876-d80088210cb5.jpg,train,data/images/b3c6b424-b733-46fe-b876-d80088210cb5.jpg,ok,,558,1024,RGB,JPEG
05b5d6a4-672a-4a4c-9568-d60623c1bfa5.jpg,train,data/images/05b5d6a4-672a-4a4c-9568-d60623c1bfa5.jpg,ok,,1024,1024,RGB,JPEG
d2330b38-a43f-4659-8101-a10b4c460c60.jpg,train,data/images/d2330b38-a43f-4659-8101-a10b4c460c60.jpg,ok,,1024,1024,RGB,JPEG
f5a257db-ab26-4354-952d-b75e51e16eb5.jpg,train,data/images/f5a257db-ab26-4354-952d-b75e51e16eb5.jpg,ok,,558,1024,RGB,JPEG
c15ceb44-3023-443e-90e2-8809d122dc0c.jpg,train,data/images/c15ceb44-3023-443e-90e2-8809d122dc0c.jpg,ok,,1024,1024,RGB,JPEG
46b1f143-d686-4a69-b09e-1111bdf1ef11.jpg,train,data/images/46b1f143-d686-4a69-b09e-1111bdf1ef11.jpg,ok,,1024,1024,RGB,JPEG
cccc372c-34c3-4a47-9ec1-727932810b37.jpg,train,data/images/cccc372c-34c3-4a47-9ec1-727932810b37.jpg,ok,,1024,716,RGB,JPEG
45c9fa02-260c-4293-b816-6083988ebfab.jpg,train,data/images/45c9fa02-260c-4293-b816-6083988ebfab.jpg,ok,,1024,1024,RGB,JPEG
41b7adc7-27c7-4c3a-a9ad-5f88465da68c.jpg,train,data/images/41b7adc7-27c7-4c3a-a9ad-5f88465da68c.jpg,ok,,1195,896,RGB,JPEG
045c0f6b-a9d2-4f07-9020-dd62b5c73ab0.jpg,train,data/images/045c0f6b-a9d2-4f07-9020-dd62b5c73ab0.jpg,ok,,1024,1024,RGB,JPEG
1362496a-bf0f-4551-a907-4f880f3eb114.jpg,train,data/images/1362496a-bf0f-4551-a907-4f880f3eb114.jpg,ok,,1195,896,RGB,JPEG
3b0bcda2-64a3-4410-ae88-b11cd9d25b80.jpg,train,data/images/3b0bcda2-64a3-4410-ae88-b11cd9d25b80.jpg,ok,,1024,1024,RGB,JPEG
e0b8737f-d355-4f3e-9470-aca7fbe37560.jpg,train,data/images/e0b8737f-d355-4f3e-9470-aca7fbe37560.jpg,ok,,1024,1024,RGB,JPEG
0e8edd5e-52ba-4ab1-88a8-ea53c941055f.jpg,train,data/images/0e8edd5e-52ba-4ab1-88a8-ea53c941055f.jpg,ok,,1879,2200,RGB,JPEG
0390e436-b142-45f3-aca5-cac619b0efb6.jpg,train,data/images/0390e436-b142-45f3-aca5-cac619b0efb6.jpg,ok,,832,1248,RGB,JPEG
0d0cbf1e-8320-4d14-b6be-36e2df4e11c1.jpg,train,data/images/0d0cbf1e-8320-4d14-b6be-36e2df4e11c1.jpg,ok,,1024,1280,RGB,JPEG
3b3d1a6b-d311-4384-a141-129e16dfb4fe.jpg,train,data/images/3b3d1a6b-d311-4384-a141-129e16dfb4fe.jpg,ok,,1024,1024,RGB,JPEG
abdd456d-d0ee-4053-8c6c-344e7ad4712a.jpg,train,data/images/abdd456d-d0ee-4053-8c6c-344e7ad4712a.jpg,ok,,1024,1024,RGB,JPEG
eae63724-0193-4bde-a235-36e8cc184d9e.jpg,train,data/images/eae63724-0193-4bde-a235-36e8cc184d9e.jpg,ok,,1024,1024,RGB,JPEG
177a26a1-1337-4ee4-9b51-7f8af2b3f202.jpg,train,data/images/177a26a1-1337-4ee4-9b51-7f8af2b3f202.jpg,ok,,1024,558,RGB,JPEG
1f17e673-b50c-4580-a048-e9d3f22d82d8.jpg,train,data/images/1f17e673-b50c-4580-a048-e9d3f22d82d8.jpg,ok,,558,1024,RGB,JPEG
697b5be5-80a5-45dc-82cc-9d200d90580b.jpg,train,data/images/697b5be5-80a5-45dc-82cc-9d200d90580b.jpg,ok,,1024,716,RGB,JPEG
547f6bca-6681-407a-b5fe-49e1e71bb081.jpg,train,data/images/547f6bca-6681-407a-b5fe-49e1e71bb081.jpg,ok,,1024,1024,RGB,JPEG
fc93c10e-868d-48e5-888b-651dd4482a31.jpg,train,data/images/fc93c10e-868d-48e5-888b-651dd4482a31.jpg,ok,,1024,716,RGB,JPEG
02851192-5784-4fff-a1fb-dde50cbee4cf.jpg,train,data/images/02851192-5784-4fff-a1fb-dde50cbee4cf.jpg,ok,,2000,2000,RGB,JPEG
16e7668b-cf57-415a-811b-0a502ddd3bc2.jpg,train,data/images/16e7668b-cf57-415a-811b-0a502ddd3bc2.jpg,ok,,500,362,RGB,JPEG
103e9e5c-3b46-4e20-a62a-e14dc2b887ef.jpg,train,data/images/103e9e5c-3b46-4e20-a62a-e14dc2b887ef.jpg,ok,,1328,996,RGB,JPEG
858b0cc4-3023-457b-b7c9-fbac6b83d60f.jpg,train,data/images/858b0cc4-3023-457b-b7c9-fbac6b83d60f.jpg,ok,,896,1195,RGB,JPEG
c7ce05c6-f11c-4c4e-990e-19099f760a25.jpg,train,data/images/c7ce05c6-f11c-4c4e-990e-19099f760a25.jpg,ok,,400,400,RGB,JPEG
4409d6f9-5285-4bd1-9627-39c758094c0b.jpg,train,data/images/4409d6f9-5285-4bd1-9627-39c758094c0b.jpg,ok,,1024,1024,RGB,JPEG
c546ad9a-2643-495d-9837-5cef7836fc22.jpg,train,data/images/c546ad9a-2643-495d-9837-5cef7836fc22.jpg,ok,,896,1195,RGB,JPEG
7678a293-3901-4e1c-9a6f-5f5d528b0e9a.jpg,train,data/images/7678a293-3901-4e1c-9a6f-5f5d528b0e9a.jpg,ok,,1280,1024,RGB,JPEG
3b80156f-64ad-4b70-ace8-f197ab7b04a4.jpg,train,data/images/3b80156f-64ad-4b70-ace8-f197ab7b04a4.jpg,ok,,896,1195,RGB,JPEG
fb7537be-609e-42aa-b1e7-abf5c717dbcb.jpg,train,data/images/fb7537be-609e-42aa-b1e7-abf5c717dbcb.jpg,ok,,1024,1024,RGB,JPEG
4c705f3f-852a-4b5f-b1aa-100e102f7f59.jpg,train,data/images/4c705f3f-852a-4b5f-b1aa-100e102f7f59.jpg,ok,,500,375,RGB,JPEG
dd772142-bd70-4445-9910-4fd1662b4ca7.jpg,train,data/images/dd772142-bd70-4445-9910-4fd1662b4ca7.jpg,ok,,1024,1024,RGB,JPEG
18ddd286-e7ad-4c8c-8f4e-4aa95e49e735.jpg,train,data/images/18ddd286-e7ad-4c8c-8f4e-4aa95e49e735.jpg,ok,,1024,1024,RGB,JPEG
36b5e59d-b2a5-4cb0-ae48-740622ab88ca.jpg,train,data/images/36b5e59d-b2a5-4cb0-ae48-740622ab88ca.jpg,ok,,1024,1024,RGB,JPEG
04d6541e-88ea-4f76-bba5-4b2b33442d11.jpg,train,data/images/04d6541e-88ea-4f76-bba5-4b2b33442d11.jpg,ok,,1024,1024,RGB,JPEG
8a1408c6-2dc9-43da-90f7-d7c9c84261ed.jpg,train,data/images/8a1408c6-2dc9-43da-90f7-d7c9c84261ed.jpg,ok,,400,300,RGB,JPEG
0e943491-b9a4-483f-99d5-f7260d20d3d5.jpg,train,data/images/0e943491-b9a4-483f-99d5-f7260d20d3d5.jpg,ok,,1024,1024,RGB,JPEG
52e5f7c9-76e9-4aab-a098-338e1ac64a95.jpg,train,data/images/52e5f7c9-76e9-4aab-a098-338e1ac64a95.jpg,ok,,1024,1024,RGB,JPEG
003a55e2-901d-4e2a-b6ab-186041ee792d.jpg,train,data/images/003a55e2-901d-4e2a-b6ab-186041ee792d.jpg,ok,,896,1195,RGB,JPEG
d80c8f11-9d12-4141-82b7-a5e9af473594.jpg,train,data/images/d80c8f11-9d12-4141-82b7-a5e9af473594.jpg,ok,,1024,1024,RGB,JPEG
ab5f2701-6dca-4086-940b-8a63416917aa.jpg,train,data/images/ab5f2701-6dca-4086-940b-8a63416917aa.jpg,ok,,1024,1024,RGB,JPEG
5816b57a-fa02-48ad-8ea6-9f673a266b98.jpg,train,data/images/5816b57a-fa02-48ad-8ea6-9f673a266b98.jpg,ok,,400,300,RGB,JPEG
fa693bf0-035a-469b-8860-e227ad0a8b56.jpg,train,data/images/fa693bf0-035a-469b-8860-e227ad0a8b56.jpg,ok,,1024,1024,RGB,JPEG
8c103d7a-0e25-4a12-8b48-8e2769ef3b5a.jpg,train,data/images/8c103d7a-0e25-4a12-8b48-8e2769ef3b5a.jpg,ok,,1024,1024,RGB,JPEG
bf3d3e80-f6c8-4ba2-94c8-e8addb6f43b5.jpg,train,data/images/bf3d3e80-f6c8-4ba2-94c8-e8addb6f43b5.jpg,ok,,1278,349,RGB,JPEG
bb8f8b86-22db-43c4-8281-049b21f1d979.jpg,train,data/images/bb8f8b86-22db-43c4-8281-049b21f1d979.jpg,ok,,1024,1024,RGB,JPEG
fbe3e070-d702-4758-8002-a0b67899a984.jpg,train,data/images/fbe3e070-d702-4758-8002-a0b67899a984.jpg,ok,,1988,2000,RGB,JPEG
8eb5d772-83f7-4ff1-8ae8-de4201c2bf3c.jpg,train,data/images/8eb5d772-83f7-4ff1-8ae8-de4201c2bf3c.jpg,ok,,1024,1024,RGB,JPEG
1f0be05c-5dd3-4614-9796-4c7fc203630c.jpg,train,data/images/1f0be05c-5dd3-4614-9796-4c7fc203630c.jpg,ok,,1024,1024,RGB,JPEG
c2f64790-9fd6-44fd-b10e-554e0154f89e.jpg,train,data/images/c2f64790-9fd6-44fd-b10e-554e0154f89e.jpg,ok,,558,1024,RGB,JPEG
a53e062b-a56c-412f-998f-cc2d00b7e1a4.jpg,train,data/images/a53e062b-a56c-412f-998f-cc2d00b7e1a4.jpg,ok,,896,1195,RGB,JPEG
2c5a7c10-11ff-4716-9009-0b54266fcc7c.jpg,train,data/images/2c5a7c10-11ff-4716-9009-0b54266fcc7c.jpg,ok,,1195,896,RGB,JPEG
06a90bf4-02b9-4322-84a6-f168e5ebc8d8.jpg,train,data/images/06a90bf4-02b9-4322-84a6-f168e5ebc8d8.jpg,ok,,1024,1024,RGB,JPEG
04a191da-7ebf-4a1a-a29b-4a414adbf21b.jpg,train,data/images/04a191da-7ebf-4a1a-a29b-4a414adbf21b.jpg,ok,,1248,832,RGB,JPEG
59140d68-68cd-4c78-97f4-d5af74eeff17.jpg,train,data/images/59140d68-68cd-4c78-97f4-d5af74eeff17.jpg,ok,,1024,1024,RGB,JPEG
dbdd566b-f9d9-4924-af0f-995d34ce2345.jpg,train,data/images/dbdd566b-f9d9-4924-af0f-995d34ce2345.jpg,ok,,1024,716,RGB,JPEG
d73a2e57-aaaa-46b7-8532-d9c681c166a5.jpg,train,data/images/d73a2e57-aaaa-46b7-8532-d9c681c166a5.jpg,ok,,1024,1024,RGB,JPEG
7bdd3693-6427-4dbd-9de2-703c3d2b11d1.jpg,train,data/images/7bdd3693-6427-4dbd-9de2-703c3d2b11d1.jpg,ok,,1024,716,RGB,JPEG
81cebe8c-ed26-4f20-86ac-3b8338925cc3.jpg,train,data/images/81cebe8c-ed26-4f20-86ac-3b8338925cc3.jpg,ok,,164,155,RGBA,PNG
0f349e7d-edc3-46fd-985b-212972182e06.jpg,train,data/images/0f349e7d-edc3-46fd-985b-212972182e06.jpg,ok,,1024,1024,RGB,JPEG
c5652fd1-d7ec-4fac-bf67-486cc916621a.jpg,train,data/images/c5652fd1-d7ec-4fac-bf67-486cc916621a.jpg,ok,,1024,1024,RGB,JPEG
1605ea40-d609-4dd3-aa09-1a0dc7a4af62.jpg,train,data/images/1605ea40-d609-4dd3-aa09-1a0dc7a4af62.jpg,ok,,1024,1024,RGB,JPEG
387ab89d-02f0-4cfc-b417-7586ac02424f.jpg,train,data/images/387ab89d-02f0-4cfc-b417-7586ac02424f.jpg,ok,,1024,1024,RGB,JPEG
2d36cc02-6f8b-4b8f-9c56-ff25a30353cc.jpg,train,data/images/2d36cc02-6f8b-4b8f-9c56-ff25a30353cc.jpg,ok,,1024,1024,RGB,JPEG
40e2ce86-288f-4a9d-8234-4244b381baf1.jpg,train,data/images/40e2ce86-288f-4a9d-8234-4244b381baf1.jpg,ok,,896,1195,RGB,JPEG
f98a57a2-9fee-4ffb-8a30-5ca9d7baed37.jpg,train,data/images/f98a57a2-9fee-4ffb-8a30-5ca9d7baed37.jpg,ok,,1024,1024,RGB,JPEG
bad0ee31-1a2e-4546-a5d5-84099b11a42b.jpg,train,data/images/bad0ee31-1a2e-4546-a5d5-84099b11a42b.jpg,ok,,1195,896,RGB,JPEG
98d6394f-7d05-4b51-8685-0bfd273d3981.jpg,train,data/images/98d6394f-7d05-4b51-8685-0bfd273d3981.jpg,ok,,1024,1024,RGB,JPEG
11aadcca-8d2f-4d08-ad56-105566597199.jpg,train,data/images/11aadcca-8d2f-4d08-ad56-105566597199.jpg,ok,,1024,1024,RGB,JPEG
26790904-7b7a-46b6-b113-b555ba835490.jpg,train,data/images/26790904-7b7a-46b6-b113-b555ba835490.jpg,ok,,1195,896,RGB,JPEG
b07b5a7c-8e88-4e6c-8352-8203a2dca1cf.jpg,train,data/images/b07b5a7c-8e88-4e6c-8352-8203a2dca1cf.jpg,ok,,1024,1024,RGB,JPEG
44d068ed-7f0c-4290-a298-7014a311e8bb.jpg,train,data/images/44d068ed-7f0c-4290-a298-7014a311e8bb.jpg,ok,,1024,1024,RGB,JPEG
c64023ff-1b43-401b-bc4c-90b55e8a70f4.jpg,train,data/images/c64023ff-1b43-401b-bc4c-90b55e8a70f4.jpg,ok,,896,1195,RGB,JPEG
fe60eac7-7a97-429a-8430-2aca765868e3.jpg,train,data/images/fe60eac7-7a97-429a-8430-2aca765868e3.jpg,ok,,1024,1024,RGB,JPEG
1700609d-f7ed-46d8-8135-741ff33d2c4b.jpg,train,data/images/1700609d-f7ed-46d8-8135-741ff33d2c4b.jpg,ok,,896,1195,RGB,JPEG
7a9c5a3a-6b38-4c1f-bedf-b6beca26003b.jpg,train,data/images/7a9c5a3a-6b38-4c1f-bedf-b6beca26003b.jpg,ok,,1024,1024,RGB,JPEG
140e8fc2-1879-4cb3-b0dd-ed5e898ac66d.jpg,train,data/images/140e8fc2-1879-4cb3-b0dd-ed5e898ac66d.jpg,ok,,1195,896,RGB,JPEG
668edf8a-0224-466e-bb69-8f47d11c98c3.jpg,train,data/images/668edf8a-0224-466e-bb69-8f47d11c98c3.jpg,ok,,1024,1024,RGB,JPEG
1a108e5c-987d-4d88-94a9-10127d07d7d0.jpg,train,data/images/1a108e5c-987d-4d88-94a9-10127d07d7d0.jpg,ok,,1024,1024,RGB,JPEG
27f2eb2c-1af8-4079-909c-5df4b1cc2716.jpg,train,data/images/27f2eb2c-1af8-4079-909c-5df4b1cc2716.jpg,ok,,896,1195,RGB,JPEG
73e18efa-fc5c-43ba-b947-09cf97ed1ba8.jpg,train,data/images/73e18efa-fc5c-43ba-b947-09cf97ed1ba8.jpg,ok,,1024,716,RGB,JPEG
895dc4b3-7bcd-4a56-a5f1-0438812ac83f.jpg,train,data/images/895dc4b3-7bcd-4a56-a5f1-0438812ac83f.jpg,ok,,896,1195,RGB,JPEG
30521e40-998d-4d68-a3c3-e3142a8ea7f9.jpg,train,data/images/30521e40-998d-4d68-a3c3-e3142a8ea7f9.jpg,ok,,1024,1024,RGB,JPEG
a9113570-36ae-4b5d-b3ea-e5765e9f9fbc.jpg,train,data/images/a9113570-36ae-4b5d-b3ea-e5765e9f9fbc.jpg,ok,,1195,896,RGB,JPEG
c5167ff3-d23a-40d8-ac28-180c7a8c0a59.jpg,train,data/images/c5167ff3-d23a-40d8-ac28-180c7a8c0a59.jpg,ok,,1024,1024,RGB,JPEG
30e6bfbf-8998-4d54-855a-e3e99b51b063.jpg,train,data/images/30e6bfbf-8998-4d54-855a-e3e99b51b063.jpg,ok,,1024,1024,RGB,JPEG
75541b00-6dc9-4b83-9198-c5b3a4b284ba.jpg,train,data/images/75541b00-6dc9-4b83-9198-c5b3a4b284ba.jpg,ok,,896,1195,RGB,JPEG
053d9758-d647-4e35-bcc1-aa7804c7725a.jpg,train,data/images/053d9758-d647-4e35-bcc1-aa7804c7725a.jpg,ok,,800,800,RGB,JPEG
5d974b1e-0cfa-41dc-ae9d-a05b964c56a2.jpg,train,data/images/5d974b1e-0cfa-41dc-ae9d-a05b964c56a2.jpg,ok,,1248,832,RGB,JPEG
272cea9b-7a45-4c84-91c9-2616feb7d450.jpg,train,data/images/272cea9b-7a45-4c84-91c9-2616feb7d450.jpg,ok,,1024,1024,RGB,JPEG
2929da15-d033-45e1-b9f2-e7237a8833c7.jpg,train,data/images/2929da15-d033-45e1-b9f2-e7237a8833c7.jpg,ok,,1195,896,RGB,JPEG
18a3115a-0397-4b0c-b8ef-eb20f968930f.jpg,train,data/images/18a3115a-0397-4b0c-b8ef-eb20f968930f.jpg,ok,,800,800,RGB,JPEG
ae0a7987-f6f6-441e-adb4-4756069193ce.jpg,train,data/images/ae0a7987-f6f6-441e-adb4-4756069193ce.jpg,ok,,1024,1024,RGB,JPEG
4f821dde-a75f-4534-a3f0-ad33d0a664be.jpg,train,data/images/4f821dde-a75f-4534-a3f0-ad33d0a664be.jpg,ok,,217,229,RGBA,PNG
35d49205-5695-4cc9-aefa-8590d9c24e9a.jpg,train,data/images/35d49205-5695-4cc9-aefa-8590d9c24e9a.jpg,ok,,1024,716,RGB,JPEG
d81f2f16-1dc4-4c03-b5a6-4b6922b455ce.jpg,train,data/images/d81f2f16-1dc4-4c03-b5a6-4b6922b455ce.jpg,ok,,1024,1024,RGB,JPEG
9be7aabf-e2bf-4a47-b33d-fe1b01959dac.jpg,train,data/images/9be7aabf-e2bf-4a47-b33d-fe1b01959dac.jpg,ok,,1024,558,RGB,JPEG
b23d561f-1d3b-4855-b79f-41f947e71d21.jpg,train,data/images/b23d561f-1d3b-4855-b79f-41f947e71d21.jpg,ok,,1024,1024,RGB,JPEG
2de968f3-cbf7-4ffb-ac29-1455605323c0.jpg,train,data/images/2de968f3-cbf7-4ffb-ac29-1455605323c0.jpg,ok,,1024,1024,RGB,JPEG
3e45f2c4-c653-49d8-b457-416b1c4c486d.jpg,train,data/images/3e45f2c4-c653-49d8-b457-416b1c4c486d.jpg,ok,,1248,832,RGB,JPEG
ff1ab630-7e19-45de-9ff4-9baca8280afa.jpg,train,data/images/ff1ab630-7e19-45de-9ff4-9baca8280afa.jpg,ok,,1024,1024,RGB,JPEG
e0ad4c57-3503-4c0a-ba3d-dd7cc1ace058.jpg,train,data/images/e0ad4c57-3503-4c0a-ba3d-dd7cc1ace058.jpg,ok,,329,400,RGB,JPEG
629ca1ee-5413-4ad2-b3ce-3ad65a83bc4a.jpg,train,data/images/629ca1ee-5413-4ad2-b3ce-3ad65a83bc4a.jpg,ok,,558,1024,RGB,JPEG
3a2396fa-d0a2-4845-b8cf-97bb5b4ac38f.jpg,train,data/images/3a2396fa-d0a2-4845-b8cf-97bb5b4ac38f.jpg,ok,,400,374,RGB,JPEG
27346b66-90c1-4eab-8dab-8df14059c74e.jpg,train,data/images/27346b66-90c1-4eab-8dab-8df14059c74e.jpg,ok,,300,400,RGB,JPEG
0c2295d1-ac9a-447a-a135-ee9217dba5fb.jpg,train,data/images/0c2295d1-ac9a-447a-a135-ee9217dba5fb.jpg,ok,,1024,1024,RGB,JPEG
525c883c-0736-49d5-a674-e837086581ce.jpg,train,data/images/525c883c-0736-49d5-a674-e837086581ce.jpg,ok,,896,1195,RGB,JPEG
fc8e37a1-2fb9-4ce5-9a2f-4e39c829209d.jpg,train,data/images/fc8e37a1-2fb9-4ce5-9a2f-4e39c829209d.jpg,ok,,832,1248,RGB,JPEG
e56a61d6-d7a4-4911-88bc-926513708103.jpg,train,data/images/e56a61d6-d7a4-4911-88bc-926513708103.jpg,ok,,896,1195,RGB,JPEG
69ec163b-0e84-4407-b019-0a9387d6af9f.jpg,train,data/images/69ec163b-0e84-4407-b019-0a9387d6af9f.jpg,ok,,1024,1024,RGB,JPEG
2d101272-c033-4078-9b6f-377f7f10fab2.jpg,train,data/images/2d101272-c033-4078-9b6f-377f7f10fab2.jpg,ok,,1024,1024,RGB,JPEG
8c464ad5-3a33-4269-ad78-d387da5df318.jpg,train,data/images/8c464ad5-3a33-4269-ad78-d387da5df318.jpg,ok,,1024,1024,RGB,JPEG
b1d47fcb-837d-43ca-aeb0-c5ba05c83334.jpg,train,data/images/b1d47fcb-837d-43ca-aeb0-c5ba05c83334.jpg,ok,,1024,1024,RGB,JPEG
715b5454-7042-40e7-9974-9d79ab236251.jpg,train,data/images/715b5454-7042-40e7-9974-9d79ab236251.jpg,ok,,1024,558,RGB,JPEG
bcb9fcee-6268-41bb-8efc-546f7ca524b6.jpg,train,data/images/bcb9fcee-6268-41bb-8efc-546f7ca524b6.jpg,ok,,832,1248,RGB,JPEG
586983c7-0fbc-412d-a6a2-d3a3aa4a58b8.jpg,train,data/images/586983c7-0fbc-412d-a6a2-d3a3aa4a58b8.jpg,ok,,832,1248,RGB,JPEG
09b4d3a5-2a00-43cc-a46a-d9da6345de4a.jpg,train,data/images/09b4d3a5-2a00-43cc-a46a-d9da6345de4a.jpg,ok,,832,1248,RGB,JPEG
0289ff63-ef66-4077-a189-8b76af41a540.jpg,train,data/images/0289ff63-ef66-4077-a189-8b76af41a540.jpg,ok,,1024,1024,RGB,JPEG
1914fda9-97ec-482c-9628-068798edbda9.jpg,train,data/images/1914fda9-97ec-482c-9628-068798edbda9.jpg,ok,,1024,558,RGB,JPEG
a6aa064f-bd08-47d9-bcb8-418db1e8dbc4.jpg,train,data/images/a6aa064f-bd08-47d9-bcb8-418db1e8dbc4.jpg,ok,,896,1195,RGB,JPEG
7b2d09a2-494f-446f-aa33-08ef62091dcc.jpg,train,data/images/7b2d09a2-494f-446f-aa33-08ef62091dcc.jpg,ok,,896,1195,RGB,JPEG
b45a77fe-5ceb-46b6-9b0e-c88e1f3ceec6.jpg,train,data/images/b45a77fe-5ceb-46b6-9b0e-c88e1f3ceec6.jpg,ok,,896,1195,RGB,JPEG
9a15c4b6-a1e2-43b3-a376-d3bd0d3ca9b8.jpg,train,data/images/9a15c4b6-a1e2-43b3-a376-d3bd0d3ca9b8.jpg,ok,,1024,558,RGB,JPEG
94478ca4-e172-4227-b6be-14c333ad484d.jpg,train,data/images/94478ca4-e172-4227-b6be-14c333ad484d.jpg,ok,,1024,1024,RGB,JPEG
1a80db89-eb2d-4a7d-ac8c-9fd43259851e.jpg,train,data/images/1a80db89-eb2d-4a7d-ac8c-9fd43259851e.jpg,ok,,1024,1024,RGB,JPEG
09565b94-b1b5-412e-8a53-9720e2ed8c00.jpg,train,data/images/09565b94-b1b5-412e-8a53-9720e2ed8c00.jpg,ok,,1024,1024,RGB,JPEG
140fe191-614d-4186-b9ee-67ce4f3d1018.jpg,train,data/images/140fe191-614d-4186-b9ee-67ce4f3d1018.jpg,ok,,1248,832,RGB,JPEG
e4b2f57d-9687-4941-b06a-77a78fe2b9c3.jpg,train,data/images/e4b2f57d-9687-4941-b06a-77a78fe2b9c3.jpg,ok,,1024,1024,RGB,JPEG
c33edd58-c115-4295-83df-bfbbc50a39f8.jpg,train,data/images/c33edd58-c115-4295-83df-bfbbc50a39f8.jpg,ok,,1024,1024,RGB,JPEG
87a36926-3aa3-498b-b210-d720febedb8f.jpg,train,data/images/87a36926-3aa3-498b-b210-d720febedb8f.jpg,ok,,1024,1024,RGB,JPEG
4d29d4bd-5008-4ed8-8d08-9fca72871049.jpg,train,data/images/4d29d4bd-5008-4ed8-8d08-9fca72871049.jpg,ok,,896,1195,RGB,JPEG
2208a0c4-7730-497f-9ab3-6e0e5f49926e.jpg,train,data/images/2208a0c4-7730-497f-9ab3-6e0e5f49926e.jpg,ok,,1879,2200,RGB,JPEG
8d766b2a-fd42-4a8a-b2c8-1b177ada1ce2.jpg,train,data/images/8d766b2a-fd42-4a8a-b2c8-1b177ada1ce2.jpg,ok,,1024,716,RGB,JPEG
84237076-acea-4a01-b7d7-aa247a8ad916.jpg,train,data/images/84237076-acea-4a01-b7d7-aa247a8ad916.jpg,ok,,832,1248,RGB,JPEG
86fcbef8-f74b-4da5-9590-08835dc3de69.jpg,train,data/images/86fcbef8-f74b-4da5-9590-08835dc3de69.jpg,ok,,1248,832,RGB,JPEG
f657c200-fad1-46a6-a203-9031168b031b.jpg,train,data/images/f657c200-fad1-46a6-a203-9031168b031b.jpg,ok,,1024,1024,RGB,JPEG
1fe6baf5-91fb-4f14-b732-ceab657addd8.jpg,train,data/images/1fe6baf5-91fb-4f14-b732-ceab657addd8.jpg,ok,,800,800,RGB,JPEG
6df90ecd-c079-450c-a875-8789f59adf67.jpg,train,data/images/6df90ecd-c079-450c-a875-8789f59adf67.jpg,ok,,1024,1024,RGB,JPEG
fff9552a-348a-4885-b2a8-c3cb8eba7c4e.jpg,train,data/images/fff9552a-348a-4885-b2a8-c3cb8eba7c4e.jpg,ok,,1024,731,RGB,JPEG
d30812d4-2cfe-4cec-9c23-4075ff37a385.jpg,train,data/images/d30812d4-2cfe-4cec-9c23-4075ff37a385.jpg,ok,,1024,1024,RGB,JPEG
831b6bb0-ce52-4ef8-ba9a-063b74f29d0c.jpg,train,data/images/831b6bb0-ce52-4ef8-ba9a-063b74f29d0c.jpg,ok,,1024,1024,RGB,JPEG
defb1b69-bdb9-475f-b3a1-b4e0f277d7ac.jpg,train,data/images/defb1b69-bdb9-475f-b3a1-b4e0f277d7ac.jpg,ok,,1248,832,RGB,JPEG
2a655e71-5f82-42f8-bd99-834e39f5df8a.jpg,train,data/images/2a655e71-5f82-42f8-bd99-834e39f5df8a.jpg,ok,,1195,896,RGB,JPEG
1dc5e1fd-e909-49ab-9b8f-baa6e4ce9c01.jpg,train,data/images/1dc5e1fd-e909-49ab-9b8f-baa6e4ce9c01.jpg,ok,,1024,1024,RGB,JPEG
4882b949-72c0-4dd2-b0d9-49a6c6049fbc.jpg,train,data/images/4882b949-72c0-4dd2-b0d9-49a6c6049fbc.jpg,ok,,1024,1024,RGB,JPEG
940337d4-b9e8-49c1-9f25-e4c345ce154f.jpg,train,data/images/940337d4-b9e8-49c1-9f25-e4c345ce154f.jpg,ok,,1024,1024,RGB,JPEG
79c296f5-1e48-492a-bdc4-5cd3ffd3bbd2.jpg,train,data/images/79c296f5-1e48-492a-bdc4-5cd3ffd3bbd2.jpg,ok,,1195,896,RGB,JPEG
aeebe560-aa53-456d-a37e-41e62447c384.jpg,train,data/images/aeebe560-aa53-456d-a37e-41e62447c384.jpg,ok,,896,1195,RGB,JPEG
4170c14a-6f1b-4589-8458-1012ec4cf95a.jpg,train,data/images/4170c14a-6f1b-4589-8458-1012ec4cf95a.jpg,ok,,1024,1024,RGB,JPEG
ad2879df-c63f-4a10-92b1-b7a8288db6d7.jpg,train,data/images/ad2879df-c63f-4a10-92b1-b7a8288db6d7.jpg,ok,,896,1195,RGB,JPEG
169804fe-8a76-4f6a-83c4-9493692122f7.jpg,train,data/images/169804fe-8a76-4f6a-83c4-9493692122f7.jpg,ok,,1024,1024,RGB,JPEG
bf2e1fbe-6f96-4d91-ab66-d997b79ee384.jpg,train,data/images/bf2e1fbe-6f96-4d91-ab66-d997b79ee384.jpg,ok,,896,1195,RGB,JPEG
2c707118-e88c-4400-a0f9-733068cbd993.jpg,train,data/images/2c707118-e88c-4400-a0f9-733068cbd993.jpg,ok,,1024,1024,RGB,JPEG
e42cfafb-63cc-43d0-8c4e-f27c8b7e0fba.jpg,train,data/images/e42cfafb-63cc-43d0-8c4e-f27c8b7e0fba.jpg,ok,,1024,1024,RGB,JPEG
4942508f-f13c-403b-b1c7-9549826d9067.jpg,train,data/images/4942508f-f13c-403b-b1c7-9549826d9067.jpg,ok,,1024,1024,RGB,JPEG
24880a95-be68-436a-9f53-dcf94a2437a7.jpg,train,data/images/24880a95-be68-436a-9f53-dcf94a2437a7.jpg,ok,,1195,896,RGB,JPEG
1ba83a50-fbbd-4795-9f42-9931884c9de7.jpg,train,data/images/1ba83a50-fbbd-4795-9f42-9931884c9de7.jpg,ok,,832,1248,RGB,JPEG
f7b1da23-dfbd-4923-a33f-86832e76a6c0.jpg,train,data/images/f7b1da23-dfbd-4923-a33f-86832e76a6c0.jpg,ok,,896,1195,RGB,JPEG
e3c8535b-9f3f-4c84-ab57-78c846211c65.jpg,train,data/images/e3c8535b-9f3f-4c84-ab57-78c846211c65.jpg,ok,,1024,1024,RGB,JPEG
2d357703-58ac-408e-a7d7-ebcd454662d7.jpg,train,data/images/2d357703-58ac-408e-a7d7-ebcd454662d7.jpg,ok,,896,1195,RGB,JPEG
7cc446ee-4695-4635-8211-567f98fa21da.jpg,train,data/images/7cc446ee-4695-4635-8211-567f98fa21da.jpg,ok,,1024,1024,RGB,JPEG
66bc989e-97e9-49a3-ad9d-a3b89091177a.jpg,train,data/images/66bc989e-97e9-49a3-ad9d-a3b89091177a.jpg,ok,,1024,1024,RGB,JPEG
734c16d4-f322-4544-b104-b7c843924159.jpg,train,data/images/734c16d4-f322-4544-b104-b7c843924159.jpg,ok,,1024,1024,RGB,JPEG
f4826527-5b91-48de-83cd-dc05d4ed246c.jpg,train,data/images/f4826527-5b91-48de-83cd-dc05d4ed246c.jpg,ok,,1195,896,RGB,JPEG
3e8b0797-89bd-45ab-af2f-2164649e9a2d.jpg,train,data/images/3e8b0797-89bd-45ab-af2f-2164649e9a2d.jpg,ok,,1024,1024,RGB,JPEG
0f68c302-e066-4fd8-b48f-10dd52cac2df.jpg,train,data/images/0f68c302-e066-4fd8-b48f-10dd52cac2df.jpg,ok,,1024,1024,RGB,JPEG
91ed6e4e-764e-41ae-9277-c9544dfa5f0b.jpg,train,data/images/91ed6e4e-764e-41ae-9277-c9544dfa5f0b.jpg,ok,,832,1248,RGB,JPEG
cc1c050f-5a67-495a-b0dd-ce4aef3e0ebc.jpg,train,data/images/cc1c050f-5a67-495a-b0dd-ce4aef3e0ebc.jpg,ok,,1024,716,RGB,JPEG
98546c28-1795-4d33-b0ad-20dc85457d26.jpg,train,data/images/98546c28-1795-4d33-b0ad-20dc85457d26.jpg,ok,,1024,1024,RGB,JPEG
475e1b79-34b8-40b9-8583-4a220c54431b.jpg,train,data/images/475e1b79-34b8-40b9-8583-4a220c54431b.jpg,ok,,1024,1024,RGB,JPEG
d4264906-63dc-41b8-ae08-86543d209b40.jpg,train,data/images/d4264906-63dc-41b8-ae08-86543d209b40.jpg,ok,,800,800,RGB,JPEG
5e54a433-ff06-440f-805d-cdeb15b0b9e5.jpg,train,data/images/5e54a433-ff06-440f-805d-cdeb15b0b9e5.jpg,ok,,1024,1024,RGB,JPEG
250d8952-4294-4998-82ec-7a506eab8ce1.jpg,train,data/images/250d8952-4294-4998-82ec-7a506eab8ce1.jpg,ok,,896,1195,RGB,JPEG
13de8ec4-ad75-48d1-9d11-0505053e241f.jpg,train,data/images/13de8ec4-ad75-48d1-9d11-0505053e241f.jpg,ok,,1024,1024,RGB,JPEG
ec9944a5-71dd-4028-bbf6-29419f7e7eae.jpg,train,data/images/ec9944a5-71dd-4028-bbf6-29419f7e7eae.jpg,ok,,1024,1024,RGB,JPEG
6660067e-5f81-42b8-bfa3-18155ea3ff40.jpg,train,data/images/6660067e-5f81-42b8-bfa3-18155ea3ff40.jpg,ok,,1024,716,RGB,JPEG
9d3d2101-853f-434f-a946-687cb77c6692.jpg,train,data/images/9d3d2101-853f-434f-a946-687cb77c6692.jpg,ok,,832,1248,RGB,JPEG
99c18899-bfad-49f5-ad3d-694fc7b5e77f.jpg,train,data/images/99c18899-bfad-49f5-ad3d-694fc7b5e77f.jpg,ok,,1024,1024,RGB,JPEG
5aab6eb6-8cf6-45de-9de8-cc6f06d40eac.jpg,train,data/images/5aab6eb6-8cf6-45de-9de8-cc6f06d40eac.jpg,ok,,896,1195,RGB,JPEG
221ca6cf-b43e-4c43-b872-22118123a193.jpg,train,data/images/221ca6cf-b43e-4c43-b872-22118123a193.jpg,ok,,1195,896,RGB,JPEG
3ad91717-7def-4ddf-a996-c280f9bb7f1a.jpg,train,data/images/3ad91717-7def-4ddf-a996-c280f9bb7f1a.jpg,ok,,1024,1024,RGB,JPEG
2cbb0e57-87d5-45d6-9e53-1664a8ad99ed.jpg,train,data/images/2cbb0e57-87d5-45d6-9e53-1664a8ad99ed.jpg,ok,,1248,832,RGB,JPEG
7adf9c34-e0ae-41b4-aeb5-56713313b980.jpg,train,data/images/7adf9c34-e0ae-41b4-aeb5-56713313b980.jpg,ok,,1024,1024,RGB,JPEG
4bc75b43-e5cb-4a93-9961-ecc4893766c9.jpg,train,data/images/4bc75b43-e5cb-4a93-9961-ecc4893766c9.jpg,ok,,810,1440,RGB,JPEG
758bb9dd-7aa1-45d8-a609-b01dbb77fa23.jpg,train,data/images/758bb9dd-7aa1-45d8-a609-b01dbb77fa23.jpg,ok,,1024,1024,RGB,JPEG
7cf9298f-7642-4176-a3ef-63d101abdae0.jpg,train,data/images/7cf9298f-7642-4176-a3ef-63d101abdae0.jpg,ok,,1024,716,RGB,JPEG
c0041e0a-6885-478f-927c-32941527ec2c.jpg,train,data/images/c0041e0a-6885-478f-927c-32941527ec2c.jpg,ok,,1024,1024,RGB,JPEG
7d7caba0-052c-488c-8111-fc7745180df1.jpg,train,data/images/7d7caba0-052c-488c-8111-fc7745180df1.jpg,ok,,1024,558,RGB,JPEG
65eed627-d197-42f8-add2-659e4f3054d7.jpg,train,data/images/65eed627-d197-42f8-add2-659e4f3054d7.jpg,ok,,1248,832,RGB,JPEG
9bd09d1b-099f-432e-931a-98425670da2a.jpg,train,data/images/9bd09d1b-099f-432e-931a-98425670da2a.jpg,ok,,1024,1024,RGB,JPEG
f71da0ab-1987-46d3-b957-1f438fd98c52.jpg,train,data/images/f71da0ab-1987-46d3-b957-1f438fd98c52.jpg,ok,,720,1280,RGB,JPEG
b0976e0f-9d10-42bb-a07d-789529c9a14b.jpg,train,data/images/b0976e0f-9d10-42bb-a07d-789529c9a14b.jpg,ok,,1024,1280,RGB,JPEG
fc95c992-40ea-4158-afdf-709f7d7b06e9.jpg,train,data/images/fc95c992-40ea-4158-afdf-709f7d7b06e9.jpg,ok,,1024,1024,RGB,JPEG
1464c383-0f66-4006-a573-be0a0dfcdb76.jpg,train,data/images/1464c383-0f66-4006-a573-be0a0dfcdb76.jpg,ok,,1248,832,RGB,JPEG
c759c428-a2bc-4345-95a7-40a50f727843.jpg,train,data/images/c759c428-a2bc-4345-95a7-40a50f727843.jpg,ok,,1024,1024,RGB,JPEG
1a527b27-07d0-443a-9133-2084edbf08e4.jpg,train,data/images/1a527b27-07d0-443a-9133-2084edbf08e4.jpg,ok,,1024,716,RGB,JPEG
ff08f115-2cfc-4480-be63-23a47742eae1.jpg,train,data/images/ff08f115-2cfc-4480-be63-23a47742eae1.jpg,ok,,558,1024,RGB,JPEG
91f0c5bc-84db-4487-bdf7-ee271080a2b3.jpg,train,data/images/91f0c5bc-84db-4487-bdf7-ee271080a2b3.jpg,ok,,1195,896,RGB,JPEG
fd7c5127-70a1-4b4d-9b3f-e6f8ac968f94.jpg,train,data/images/fd7c5127-70a1-4b4d-9b3f-e6f8ac968f94.jpg,ok,,1024,1024,RGB,JPEG
0d76c8e3-b6ed-400a-bc39-8459a21fdd5f.jpg,train,data/images/0d76c8e3-b6ed-400a-bc39-8459a21fdd5f.jpg,ok,,1024,1024,RGB,JPEG
81b36585-67cd-4519-bc36-9a13fa43b636.jpg,train,data/images/81b36585-67cd-4519-bc36-9a13fa43b636.jpg,ok,,896,1195,RGB,JPEG
2074aab5-c400-4d11-977b-fa391b692858.jpg,train,data/images/2074aab5-c400-4d11-977b-fa391b692858.jpg,ok,,1024,1024,RGB,JPEG
63ed8c87-c00f-4cc9-911a-16305a7b5205.jpg,train,data/images/63ed8c87-c00f-4cc9-911a-16305a7b5205.jpg,ok,,1024,1024,RGB,JPEG
b74d407e-82e1-4d64-aebb-09cdb02d255f.jpg,train,data/images/b74d407e-82e1-4d64-aebb-09cdb02d255f.jpg,ok,,896,1195,RGB,JPEG
5feee484-4ca5-4276-a9be-6ae9daa14e82.jpg,train,data/images/5feee484-4ca5-4276-a9be-6ae9daa14e82.jpg,ok,,1024,1024,RGB,JPEG
5aed506c-b4c1-4e79-aac9-2e57db227c3c.jpg,train,data/images/5aed506c-b4c1-4e79-aac9-2e57db227c3c.jpg,ok,,1024,1024,RGB,JPEG
1ed7beac-5e6c-4a4a-a17c-bd6e3a99fba0.jpg,train,data/images/1ed7beac-5e6c-4a4a-a17c-bd6e3a99fba0.jpg,ok,,558,1024,RGB,JPEG
89f98e1c-afee-4e00-9589-5a6c73c40d2b.jpg,train,data/images/89f98e1c-afee-4e00-9589-5a6c73c40d2b.jpg,ok,,1024,1024,RGB,JPEG
4d865f1f-f99c-4515-8665-2a1dfa1688bf.jpg,train,data/images/4d865f1f-f99c-4515-8665-2a1dfa1688bf.jpg,ok,,1024,1024,RGB,JPEG
ed7a45e1-9f58-409b-b30f-105444cbff1e.jpg,train,data/images/ed7a45e1-9f58-409b-b30f-105444cbff1e.jpg,ok,,1195,896,RGB,JPEG
46b74160-72d8-414b-8bb0-4aebf733ad09.jpg,train,data/images/46b74160-72d8-414b-8bb0-4aebf733ad09.jpg,ok,,1024,558,RGB,JPEG
471e6cf0-60a5-45a3-9b28-6d96167c4236.jpg,train,data/images/471e6cf0-60a5-45a3-9b28-6d96167c4236.jpg,ok,,180,180,RGBA,PNG
7ebbe201-49bf-405b-9489-108795ad624e.jpg,train,data/images/7ebbe201-49bf-405b-9489-108795ad624e.jpg,ok,,1024,1024,RGB,JPEG
895ac992-3c23-4c08-a474-c577e7608bf1.jpg,train,data/images/895ac992-3c23-4c08-a474-c577e7608bf1.jpg,ok,,1024,1024,RGB,JPEG
8ceb7f6e-4b93-479e-994f-5d3b717b3ed9.jpg,train,data/images/8ceb7f6e-4b93-479e-994f-5d3b717b3ed9.jpg,ok,,1024,1024,RGB,JPEG
3cb6a505-89d6-4d28-94be-3391820afafc.jpg,train,data/images/3cb6a505-89d6-4d28-94be-3391820afafc.jpg,ok,,896,1195,RGB,JPEG
fdd452f6-b440-41bd-920c-7fc10c0b5011.jpg,train,data/images/fdd452f6-b440-41bd-920c-7fc10c0b5011.jpg,ok,,1024,1024,RGB,JPEG
c236c572-218b-4147-a24d-f3191146d555.jpg,train,data/images/c236c572-218b-4147-a24d-f3191146d555.jpg,ok,,1024,1024,RGB,JPEG
f90c613e-7c2b-4ce2-a040-8be30c9544b2.jpg,train,data/images/f90c613e-7c2b-4ce2-a040-8be30c9544b2.jpg,ok,,175,175,RGBA,PNG
f6dc128d-5c05-42f2-8771-de2033bd8d27.jpg,train,data/images/f6dc128d-5c05-42f2-8771-de2033bd8d27.jpg,ok,,558,1024,RGB,JPEG
6c858a45-a53f-475a-8849-68783816a1f5.jpg,train,data/images/6c858a45-a53f-475a-8849-68783816a1f5.jpg,ok,,896,1195,RGB,JPEG
d327dff0-d42e-4553-a2cf-34245e8dfa0f.jpg,train,data/images/d327dff0-d42e-4553-a2cf-34245e8dfa0f.jpg,ok,,1024,1024,RGB,JPEG
d8d03ad1-f0b1-48a2-8ce8-9e1f7ef01224.jpg,train,data/images/d8d03ad1-f0b1-48a2-8ce8-9e1f7ef01224.jpg,ok,,1024,558,RGB,JPEG
60578c75-1d68-4e2f-b8d6-db31914a23f3.jpg,train,data/images/60578c75-1d68-4e2f-b8d6-db31914a23f3.jpg,ok,,500,375,RGB,JPEG
60ce596a-19cd-4011-a8c8-9872e1ab8912.jpg,train,data/images/60ce596a-19cd-4011-a8c8-9872e1ab8912.jpg,ok,,1024,1024,RGB,JPEG
fb6a0cf4-b432-4775-bfe6-0bc87863c16e.jpg,train,data/images/fb6a0cf4-b432-4775-bfe6-0bc87863c16e.jpg,ok,,1024,1024,RGB,JPEG
3b927ea4-feef-42aa-8753-c7873fe16a60.jpg,train,data/images/3b927ea4-feef-42aa-8753-c7873fe16a60.jpg,ok,,1248,832,RGB,JPEG
02b5c17e-fcc1-4660-80e9-52c3520556a2.jpg,train,data/images/02b5c17e-fcc1-4660-80e9-52c3520556a2.jpg,ok,,1024,1024,RGB,JPEG
9b91ec23-c0e4-4b2d-a12a-c49ed71a5c54.jpg,train,data/images/9b91ec23-c0e4-4b2d-a12a-c49ed71a5c54.jpg,ok,,1024,1024,RGB,JPEG
301cf95c-3d1c-4018-9cf7-2911b85df96f.jpg,train,data/images/301cf95c-3d1c-4018-9cf7-2911b85df96f.jpg,ok,,1024,1024,RGB,JPEG
831c3214-78e9-4fb0-97c0-3ac64689980e.jpg,train,data/images/831c3214-78e9-4fb0-97c0-3ac64689980e.jpg,ok,,1024,1024,RGB,JPEG
58294ed0-d7e4-4079-9af7-95dfc9f4435b.jpg,train,data/images/58294ed0-d7e4-4079-9af7-95dfc9f4435b.jpg,ok,,1024,1024,RGB,JPEG
4d7dae1d-3984-4560-8799-4a32a3b4dce0.jpg,train,data/images/4d7dae1d-3984-4560-8799-4a32a3b4dce0.jpg,ok,,1248,832,RGB,JPEG
413e55e7-78ed-49ab-971b-2ede4b2f0064.jpg,train,data/images/413e55e7-78ed-49ab-971b-2ede4b2f0064.jpg,ok,,800,800,RGB,JPEG
4d64c93b-7e85-4872-8d07-a808da029dcf.jpg,train,data/images/4d64c93b-7e85-4872-8d07-a808da029dcf.jpg,ok,,1024,1024,RGB,JPEG
539d1591-4102-4770-bfd5-85273d9fe437.jpg,train,data/images/539d1591-4102-4770-bfd5-85273d9fe437.jpg,ok,,896,1195,RGB,JPEG
f2d2f9d6-1cd1-405e-a61f-9e70b1381638.jpg,train,data/images/f2d2f9d6-1cd1-405e-a61f-9e70b1381638.jpg,ok,,1024,1024,RGB,JPEG
8d072cf4-8ce2-42fb-b353-f03e03897dde.jpg,train,data/images/8d072cf4-8ce2-42fb-b353-f03e03897dde.jpg,ok,,1024,1024,RGB,JPEG
69d0d13f-8008-44fd-b023-258a4591ab07.jpg,train,data/images/69d0d13f-8008-44fd-b023-258a4591ab07.jpg,ok,,896,1195,RGB,JPEG
153db709-818b-4458-b7df-b40a8b0f21f9.jpg,train,data/images/153db709-818b-4458-b7df-b40a8b0f21f9.jpg,ok,,1024,1024,RGB,JPEG
3e46546d-4c59-425c-a2db-eec746938e60.jpg,train,data/images/3e46546d-4c59-425c-a2db-eec746938e60.jpg,ok,,400,300,RGB,JPEG
0bd4cf71-0d20-44ae-9d9b-0f0f6f194991.jpg,train,data/images/0bd4cf71-0d20-44ae-9d9b-0f0f6f194991.jpg,ok,,1024,1024,RGB,JPEG
d4b50453-b4da-4a41-8980-6c093d3ed562.jpg,train,data/images/d4b50453-b4da-4a41-8980-6c093d3ed562.jpg,ok,,558,1024,RGB,JPEG
563e06eb-7876-4092-9c40-1c4f4cbfad70.jpg,train,data/images/563e06eb-7876-4092-9c40-1c4f4cbfad70.jpg,ok,,1024,1024,RGB,JPEG
172403ff-89d1-48a7-80d8-470fb7a71975.jpg,train,data/images/172403ff-89d1-48a7-80d8-470fb7a71975.jpg,ok,,1280,1024,RGB,JPEG
7b464d72-6a24-4cc5-bf41-dc7e1e572506.jpg,train,data/images/7b464d72-6a24-4cc5-bf41-dc7e1e572506.jpg,ok,,1024,1024,RGB,JPEG
36a33cb5-a6a9-4d8b-96a5-daf7c1886b98.jpg,train,data/images/36a33cb5-a6a9-4d8b-96a5-daf7c1886b98.jpg,ok,,896,1195,RGB,JPEG
8873bece-bcf9-4e64-a419-fa5971b4898c.jpg,train,data/images/8873bece-bcf9-4e64-a419-fa5971b4898c.jpg,ok,,1195,896,RGB,JPEG
d766de7b-5403-497e-9a33-b79ae16ecf98.jpg,train,data/images/d766de7b-5403-497e-9a33-b79ae16ecf98.jpg,ok,,1024,1024,RGB,JPEG
18e6e9c2-d565-4b3c-93c7-27c4e59022a5.jpg,train,data/images/18e6e9c2-d565-4b3c-93c7-27c4e59022a5.jpg,ok,,400,400,RGB,JPEG
cddfee10-b09e-4153-ac22-7bc99d1603f9.jpg,train,data/images/cddfee10-b09e-4153-ac22-7bc99d1603f9.jpg,ok,,1024,1024,RGB,JPEG
4cfab3de-03b5-416c-89a4-b4d1f96768c8.jpg,train,data/images/4cfab3de-03b5-416c-89a4-b4d1f96768c8.jpg,ok,,558,1024,RGB,JPEG
41bd6864-4356-4b0c-96fb-d6c3745d6abb.jpg,train,data/images/41bd6864-4356-4b0c-96fb-d6c3745d6abb.jpg,ok,,1024,1024,RGB,JPEG
a22c811b-fa32-403e-aa62-1df093ce6087.jpg,train,data/images/a22c811b-fa32-403e-aa62-1df093ce6087.jpg,ok,,832,1248,RGB,JPEG
1727a142-7048-498a-8b58-15a3ef47c85e.jpg,train,data/images/1727a142-7048-498a-8b58-15a3ef47c85e.jpg,ok,,1248,832,RGB,JPEG
869b292a-cf1b-49be-9f04-1aee60f9ca03.jpg,train,data/images/869b292a-cf1b-49be-9f04-1aee60f9ca03.jpg,ok,,1024,1024,RGB,JPEG
b496b203-f61e-4d98-986d-0d5c7ba7f232.jpg,train,data/images/b496b203-f61e-4d98-986d-0d5c7ba7f232.jpg,ok,,1024,1024,RGB,JPEG
27dd119f-54e0-4699-8dd3-9a3d6ffd8cbb.jpg,train,data/images/27dd119f-54e0-4699-8dd3-9a3d6ffd8cbb.jpg,ok,,1024,1024,RGB,JPEG
daf1f0d5-3024-42c6-9937-18de1ad9a434.jpg,train,data/images/daf1f0d5-3024-42c6-9937-18de1ad9a434.jpg,ok,,1024,1024,RGB,JPEG
42291d00-a589-4dfb-96ed-745a6d3fa9f8.jpg,train,data/images/42291d00-a589-4dfb-96ed-745a6d3fa9f8.jpg,ok,,1024,1024,RGB,JPEG
6074a65b-7ac7-4005-b8a8-d5f7521d6000.jpg,train,data/images/6074a65b-7ac7-4005-b8a8-d5f7521d6000.jpg,ok,,1248,832,RGB,JPEG
76173263-b198-4704-bab3-c09e29afe456.jpg,train,data/images/76173263-b198-4704-bab3-c09e29afe456.jpg,ok,,832,1248,RGB,JPEG
e474a382-6bf9-4f16-a8c5-74a5d768027f.jpg,train,data/images/e474a382-6bf9-4f16-a8c5-74a5d768027f.jpg,ok,,400,299,RGB,JPEG
84d752b5-554b-4e9a-af3d-6f544acc2ee1.jpg,train,data/images/84d752b5-554b-4e9a-af3d-6f544acc2ee1.jpg,ok,,558,1024,RGB,JPEG
6f4f1520-32bc-4471-9407-5c2b086b678b.jpg,train,data/images/6f4f1520-32bc-4471-9407-5c2b086b678b.jpg,ok,,896,1195,RGB,JPEG
56bcab93-efa1-4d73-b23d-d718a168c63d.jpg,train,data/images/56bcab93-efa1-4d73-b23d-d718a168c63d.jpg,ok,,1024,1024,RGB,JPEG
209127e4-25e3-48d1-a5af-bd71457c5df3.jpg,train,data/images/209127e4-25e3-48d1-a5af-bd71457c5df3.jpg,ok,,1024,1024,RGB,JPEG
f89370d6-6d1c-4a83-924b-b7d3984d7497.jpg,train,data/images/f89370d6-6d1c-4a83-924b-b7d3984d7497.jpg,ok,,1195,896,RGB,JPEG
1dd72c0f-c994-4b42-982a-9002482543cd.jpg,train,data/images/1dd72c0f-c994-4b42-982a-9002482543cd.jpg,ok,,832,1248,RGB,JPEG
15d51ae4-c97a-431e-879c-7bd5a34b42e4.jpg,train,data/images/15d51ae4-c97a-431e-879c-7bd5a34b42e4.jpg,ok,,1024,1024,RGB,JPEG
bb4c49d7-acca-4b22-a1ad-d6243edd023b.jpg,train,data/images/bb4c49d7-acca-4b22-a1ad-d6243edd023b.jpg,ok,,896,1195,RGB,JPEG
38ce1882-09cc-4ee8-bcd3-39f955e5866c.jpg,train,data/images/38ce1882-09cc-4ee8-bcd3-39f955e5866c.jpg,ok,,1280,1024,RGB,JPEG
52cca418-8196-41d2-9e4a-43803b844472.jpg,train,data/images/52cca418-8196-41d2-9e4a-43803b844472.jpg,ok,,896,1195,RGB,JPEG
6b8c196b-79be-49ad-9445-26107a3c5328.jpg,train,data/images/6b8c196b-79be-49ad-9445-26107a3c5328.jpg,ok,,1024,1024,RGB,JPEG
a3152e5a-d11b-4842-9b38-78f06f7c90b6.jpg,train,data/images/a3152e5a-d11b-4842-9b38-78f06f7c90b6.jpg,ok,,1024,1024,RGB,JPEG
2306efd4-be2e-43f5-9f71-8ddd44d15e01.jpg,train,data/images/2306efd4-be2e-43f5-9f71-8ddd44d15e01.jpg,ok,,1248,832,RGB,JPEG
8c777e19-7874-4d01-9480-1a9dd456dd9a.jpg,train,data/images/8c777e19-7874-4d01-9480-1a9dd456dd9a.jpg,ok,,1024,1024,RGB,JPEG
bbd97dc8-004f-4d5f-ab9d-f0f48cb72d1a.jpg,train,data/images/bbd97dc8-004f-4d5f-ab9d-f0f48cb72d1a.jpg,ok,,558,1024,RGB,JPEG
c60cc90c-e364-42e1-8af4-4100bc7979de.jpg,train,data/images/c60cc90c-e364-42e1-8af4-4100bc7979de.jpg,ok,,1024,1024,RGB,JPEG
f5c7ff8e-663e-4b6f-b48a-21e42ddeb165.jpg,train,data/images/f5c7ff8e-663e-4b6f-b48a-21e42ddeb165.jpg,ok,,1024,1024,RGB,JPEG
b7ae5e10-e664-4369-b29a-fedeb1f48493.jpg,train,data/images/b7ae5e10-e664-4369-b29a-fedeb1f48493.jpg,ok,,558,1024,RGB,JPEG
053bcd49-48ac-48db-8241-07aaa8e72056.jpg,train,data/images/053bcd49-48ac-48db-8241-07aaa8e72056.jpg,ok,,1024,1024,RGB,JPEG
16508fe7-128e-4159-8491-19390d8fcf0c.jpg,train,data/images/16508fe7-128e-4159-8491-19390d8fcf0c.jpg,ok,,1024,1024,RGB,JPEG
87f057c0-852f-4674-8a2e-acb3a76e24e3.jpg,train,data/images/87f057c0-852f-4674-8a2e-acb3a76e24e3.jpg,ok,,1024,1280,RGB,JPEG
6e263ed9-7741-4a31-b894-14892b79e189.jpg,train,data/images/6e263ed9-7741-4a31-b894-14892b79e189.jpg,ok,,1024,1024,RGB,JPEG
fcbb8cfb-71db-428f-8819-a9bc33e6d6bd.jpg,train,data/images/fcbb8cfb-71db-428f-8819-a9bc33e6d6bd.jpg,ok,,1024,1024,RGB,JPEG
e0e94d20-58a5-4e64-8aaa-98d18978c2a0.jpg,train,data/images/e0e94d20-58a5-4e64-8aaa-98d18978c2a0.jpg,ok,,1024,716,RGB,JPEG
abb1f97c-37d5-4047-9ca0-62a0d5e1dcaf.jpg,train,data/images/abb1f97c-37d5-4047-9ca0-62a0d5e1dcaf.jpg,ok,,1024,1024,RGB,JPEG
a48a6098-c6ee-4690-9c7a-4a30592ad0eb.jpg,train,data/images/a48a6098-c6ee-4690-9c7a-4a30592ad0eb.jpg,ok,,1248,832,RGB,JPEG
0618fa62-6c19-4844-b408-b42ce48c08eb.jpg,train,data/images/0618fa62-6c19-4844-b408-b42ce48c08eb.jpg,ok,,1024,1024,RGB,JPEG
8419d2f1-cee7-443a-b8e0-a475734e6820.jpg,train,data/images/8419d2f1-cee7-443a-b8e0-a475734e6820.jpg,ok,,1280,1024,RGB,JPEG
8504fa95-c61d-440d-9067-10f4e5fe815d.jpg,train,data/images/8504fa95-c61d-440d-9067-10f4e5fe815d.jpg,ok,,1248,832,RGB,JPEG
177b912d-86df-4f3e-bbee-2a296fbe65c4.jpg,train,data/images/177b912d-86df-4f3e-bbee-2a296fbe65c4.jpg,ok,,1024,1024,RGB,JPEG
4c2eb1ca-f502-4b8a-9f2d-de371e2c9dbc.jpg,train,data/images/4c2eb1ca-f502-4b8a-9f2d-de371e2c9dbc.jpg,ok,,1280,1024,RGB,JPEG
1f330c81-8033-4973-989e-edb658812a99.jpg,train,data/images/1f330c81-8033-4973-989e-edb658812a99.jpg,ok,,1024,1024,RGB,JPEG
9d1b4546-4f02-4236-a39f-4f62d0d9065a.jpg,train,data/images/9d1b4546-4f02-4236-a39f-4f62d0d9065a.jpg,ok,,896,1195,RGB,JPEG
d93ebbfa-b8f1-482c-9f26-d295191790e6.jpg,train,data/images/d93ebbfa-b8f1-482c-9f26-d295191790e6.jpg,ok,,1195,896,RGB,JPEG
1765ad87-ac6c-41e3-8ec7-3f2bd379118c.jpg,train,data/images/1765ad87-ac6c-41e3-8ec7-3f2bd379118c.jpg,ok,,1024,1024,RGB,JPEG
a39f27db-a0f7-420c-a5e9-44a08e11852b.jpg,train,data/images/a39f27db-a0f7-420c-a5e9-44a08e11852b.jpg,ok,,1024,1024,RGB,JPEG
f489a7ff-c86b-4665-ba54-4a2419a4c784.jpg,train,data/images/f489a7ff-c86b-4665-ba54-4a2419a4c784.jpg,ok,,1024,1024,RGB,JPEG
78860e46-25d6-422e-ac29-06b3ab5cf01f.jpg,train,data/images/78860e46-25d6-422e-ac29-06b3ab5cf01f.jpg,ok,,832,1248,RGB,JPEG
b98c7a22-7ff0-4417-9184-95ae9b83b584.jpg,train,data/images/b98c7a22-7ff0-4417-9184-95ae9b83b584.jpg,ok,,896,1195,RGB,JPEG
d060dc21-281f-48ec-acc4-1fe8d2f83e28.jpg,train,data/images/d060dc21-281f-48ec-acc4-1fe8d2f83e28.jpg,ok,,1024,1024,RGB,JPEG
ec578e30-91f1-46b7-9006-089d4d871ff2.jpg,train,data/images/ec578e30-91f1-46b7-9006-089d4d871ff2.jpg,ok,,1024,716,RGB,JPEG
80f889ce-e525-4d2c-be39-c93593b0f3a9.jpg,train,data/images/80f889ce-e525-4d2c-be39-c93593b0f3a9.jpg,ok,,896,1195,RGB,JPEG
81a25fbe-ea60-45ca-8eaf-bae091828623.jpg,train,data/images/81a25fbe-ea60-45ca-8eaf-bae091828623.jpg,ok,,832,1248,RGB,JPEG
677a2d0f-38ed-472e-9468-50ce9fd64a08.jpg,train,data/images/677a2d0f-38ed-472e-9468-50ce9fd64a08.jpg,ok,,1280,1024,RGB,JPEG
eb730c19-c3fe-4b6e-904f-09f9b41ec1f7.jpg,train,data/images/eb730c19-c3fe-4b6e-904f-09f9b41ec1f7.jpg,ok,,896,1195,RGB,JPEG
4f6947ee-3cc4-4259-a739-8e7baf132610.jpg,train,data/images/4f6947ee-3cc4-4259-a739-8e7baf132610.jpg,ok,,1024,558,RGB,JPEG
8e285c20-9b3f-4b23-ae54-7c6a3bc0cea6.jpg,train,data/images/8e285c20-9b3f-4b23-ae54-7c6a3bc0cea6.jpg,ok,,1879,2200,RGB,JPEG
2d354a35-f58c-44a7-8c49-90fb35a02ad1.jpg,train,data/images/2d354a35-f58c-44a7-8c49-90fb35a02ad1.jpg,ok,,1024,1024,RGB,JPEG
705ae111-c9b1-4596-969c-5fc2c426e62c.jpg,train,data/images/705ae111-c9b1-4596-969c-5fc2c426e62c.jpg,ok,,1024,1024,RGB,JPEG
5f00fecd-a438-4b78-a3e5-948e03bd86f8.jpg,train,data/images/5f00fecd-a438-4b78-a3e5-948e03bd86f8.jpg,ok,,1024,1024,RGB,JPEG
7b610db2-493b-4dfa-8b67-c06d62c0bdc5.jpg,train,data/images/7b610db2-493b-4dfa-8b67-c06d62c0bdc5.jpg,ok,,1024,1024,RGB,JPEG
ab7d9c20-f75b-49fc-a34b-a95d9c0955bc.jpg,train,data/images/ab7d9c20-f75b-49fc-a34b-a95d9c0955bc.jpg,ok,,1024,716,RGB,JPEG
e0b30838-5a77-4e5f-90e5-a81827c37dd4.jpg,train,data/images/e0b30838-5a77-4e5f-90e5-a81827c37dd4.jpg,ok,,1195,896,RGB,JPEG
73be356c-3a66-40f0-9997-2e4b64a00743.jpg,train,data/images/73be356c-3a66-40f0-9997-2e4b64a00743.jpg,ok,,1024,1024,RGB,JPEG
fb8689d3-1a89-4671-8b4b-534659cbdea7.jpg,train,data/images/fb8689d3-1a89-4671-8b4b-534659cbdea7.jpg,ok,,896,1195,RGB,JPEG
8580f6b6-1a25-4f74-b437-e1a35670e8c6.jpg,train,data/images/8580f6b6-1a25-4f74-b437-e1a35670e8c6.jpg,ok,,1024,558,RGB,JPEG
d5f139c9-c74d-4417-9f1c-606b8529c808.jpg,train,data/images/d5f139c9-c74d-4417-9f1c-606b8529c808.jpg,ok,,1280,1024,RGB,JPEG
58093753-fe37-4dbf-8f60-0a92213a41ca.jpg,train,data/images/58093753-fe37-4dbf-8f60-0a92213a41ca.jpg,ok,,1024,1024,RGB,JPEG
d27b8444-eb64-49cc-ad8e-ef97c3f665cf.jpg,train,data/images/d27b8444-eb64-49cc-ad8e-ef97c3f665cf.jpg,ok,,1195,896,RGB,JPEG
cdb3a26a-fb08-4f50-a3e8-f0353076ef2e.jpg,train,data/images/cdb3a26a-fb08-4f50-a3e8-f0353076ef2e.jpg,ok,,1024,1024,RGB,JPEG
cce66b30-73d1-4803-b914-ead140574fc3.jpg,train,data/images/cce66b30-73d1-4803-b914-ead140574fc3.jpg,ok,,1024,1024,RGB,JPEG
f5e44503-d5c9-4806-a2f1-8b2832d0082e.jpg,train,data/images/f5e44503-d5c9-4806-a2f1-8b2832d0082e.jpg,ok,,1024,1024,RGB,JPEG
10151c39-43da-4bb7-aa0b-c607bd0e99a3.jpg,train,data/images/10151c39-43da-4bb7-aa0b-c607bd0e99a3.jpg,ok,,896,1195,RGB,JPEG
59d02997-7bca-4148-8a8f-1a46bbeeb5e7.jpg,train,data/images/59d02997-7bca-4148-8a8f-1a46bbeeb5e7.jpg,ok,,1024,1024,RGB,JPEG
b0bb9709-d511-4629-8ec8-e16dbadf40f6.jpg,train,data/images/b0bb9709-d511-4629-8ec8-e16dbadf40f6.jpg,ok,,896,1195,RGB,JPEG
85560e9a-884f-46c7-9678-10c21297bebe.jpg,train,data/images/85560e9a-884f-46c7-9678-10c21297bebe.jpg,ok,,1195,896,RGB,JPEG
967dcbf3-b50e-4f71-a522-1fb44c83c6b6.jpg,train,data/images/967dcbf3-b50e-4f71-a522-1fb44c83c6b6.jpg,ok,,1024,1024,RGB,JPEG
39448638-bf26-41ab-8f4f-50a0c914abc7.jpg,train,data/images/39448638-bf26-41ab-8f4f-50a0c914abc7.jpg,ok,,1248,832,RGB,JPEG
ac8f5d76-545f-4d32-9c25-3759da0426f6.jpg,train,data/images/ac8f5d76-545f-4d32-9c25-3759da0426f6.jpg,ok,,1024,1024,RGB,JPEG
fd936149-08bd-48de-b124-356bec7e956f.jpg,train,data/images/fd936149-08bd-48de-b124-356bec7e956f.jpg,ok,,1024,1024,RGB,JPEG
6b083cae-d63b-4163-a37d-f1309f07da43.jpg,train,data/images/6b083cae-d63b-4163-a37d-f1309f07da43.jpg,ok,,832,1248,RGB,JPEG
a6ad1ab9-d5a0-4bd3-bdef-0b6f4155e63d.jpg,train,data/images/a6ad1ab9-d5a0-4bd3-bdef-0b6f4155e63d.jpg,ok,,558,1024,RGB,JPEG
f27197cd-98bd-475c-91a3-b1fdb9a4c7e4.jpg,train,data/images/f27197cd-98bd-475c-91a3-b1fdb9a4c7e4.jpg,ok,,1024,1024,RGB,JPEG
3d151543-c583-4604-bd0b-57d11c0643b1.jpg,train,data/images/3d151543-c583-4604-bd0b-57d11c0643b1.jpg,ok,,2560,1920,RGB,JPEG
d4136565-4086-4174-a044-ca7a941c8748.jpg,train,data/images/d4136565-4086-4174-a044-ca7a941c8748.jpg,ok,,1024,1024,RGB,JPEG
b81f8c36-f692-4df9-a24c-d5894260db67.jpg,train,data/images/b81f8c36-f692-4df9-a24c-d5894260db67.jpg,ok,,1024,1024,RGB,JPEG
3da7e13a-aa87-4f32-85d5-a59d98dd50c1.jpg,train,data/images/3da7e13a-aa87-4f32-85d5-a59d98dd50c1.jpg,ok,,1024,1024,RGB,JPEG
d506cd52-51da-474a-aae0-70ca493cb783.jpg,train,data/images/d506cd52-51da-474a-aae0-70ca493cb783.jpg,ok,,1024,1024,RGB,JPEG
e7994e1a-60d5-4dab-a66d-110eea047d08.jpg,train,data/images/e7994e1a-60d5-4dab-a66d-110eea047d08.jpg,ok,,407,500,RGB,JPEG
e5bcf4af-c6ff-445c-baae-e2bc3483d983.jpg,train,data/images/e5bcf4af-c6ff-445c-baae-e2bc3483d983.jpg,ok,,1024,1024,RGB,JPEG
eb0d2d57-58ee-4289-af1e-14a45c5b6220.jpg,train,data/images/eb0d2d57-58ee-4289-af1e-14a45c5b6220.jpg,ok,,2560,1920,RGB,JPEG
2bd2a8d8-207d-4c4a-a1fe-8322313f9d6a.jpg,train,data/images/2bd2a8d8-207d-4c4a-a1fe-8322313f9d6a.jpg,ok,,1024,1024,RGB,JPEG
ece1ad13-b612-4a41-b5ea-079320618e4e.jpg,train,data/images/ece1ad13-b612-4a41-b5ea-079320618e4e.jpg,ok,,1024,558,RGB,JPEG
ae2112fc-58e7-45fb-97e1-4a5b28fa3b39.jpg,train,data/images/ae2112fc-58e7-45fb-97e1-4a5b28fa3b39.jpg,ok,,1024,1024,RGB,JPEG
0ee8d21c-6ace-414b-95fa-e3dfad1dd55c.jpg,train,data/images/0ee8d21c-6ace-414b-95fa-e3dfad1dd55c.jpg,ok,,1024,1024,RGB,JPEG
015e751d-f902-41b8-bff1-c47fd87acfaf.jpg,train,data/images/015e751d-f902-41b8-bff1-c47fd87acfaf.jpg,ok,,1024,1024,RGB,JPEG
c07728a7-dcde-4bc4-961c-447e17b24c68.jpg,train,data/images/c07728a7-dcde-4bc4-961c-447e17b24c68.jpg,ok,,1024,1024,RGB,JPEG
8eb41a05-7e01-40cf-99b4-ed1d60bfb258.jpg,train,data/images/8eb41a05-7e01-40cf-99b4-ed1d60bfb258.jpg,ok,,1195,896,RGB,JPEG
24132452-20cd-425b-8198-c09ecd4f5af8.jpg,train,data/images/24132452-20cd-425b-8198-c09ecd4f5af8.jpg,ok,,1024,1024,RGB,JPEG
92f772b5-e5b4-4fb5-b78a-62c93bf59c94.jpg,train,data/images/92f772b5-e5b4-4fb5-b78a-62c93bf59c94.jpg,ok,,896,1195,RGB,JPEG
3cf74e08-0675-493a-a72f-cfc2b66c98ae.jpg,train,data/images/3cf74e08-0675-493a-a72f-cfc2b66c98ae.jpg,ok,,1024,923,RGB,JPEG
81b2a6a9-b33e-431d-989f-08e9893de14f.jpg,train,data/images/81b2a6a9-b33e-431d-989f-08e9893de14f.jpg,ok,,800,800,RGB,JPEG
b38b19d6-87a1-41c3-b7bc-33de2c0a310c.jpg,train,data/images/b38b19d6-87a1-41c3-b7bc-33de2c0a310c.jpg,ok,,1195,896,RGB,JPEG
b26b9ee4-6aa8-4a8c-bdbe-2bffbd14868b.jpg,train,data/images/b26b9ee4-6aa8-4a8c-bdbe-2bffbd14868b.jpg,ok,,1024,1024,RGB,JPEG
c01b5117-f485-4918-a6d8-5296ba2e1d62.jpg,train,data/images/c01b5117-f485-4918-a6d8-5296ba2e1d62.jpg,ok,,1024,1024,RGB,JPEG
87e81f42-d021-4f67-af72-0315653e797f.jpg,train,data/images/87e81f42-d021-4f67-af72-0315653e797f.jpg,ok,,896,1195,RGB,JPEG
e9869c53-abb9-4718-b976-22a709cd22b1.jpg,train,data/images/e9869c53-abb9-4718-b976-22a709cd22b1.jpg,ok,,896,1195,RGB,JPEG
6e526f3a-fbb9-4609-9154-60fc8aace8d2.jpg,train,data/images/6e526f3a-fbb9-4609-9154-60fc8aace8d2.jpg,ok,,1024,1024,RGB,JPEG
cb44c5f5-e876-40f4-bb26-e9da54b99cb5.jpg,train,data/images/cb44c5f5-e876-40f4-bb26-e9da54b99cb5.jpg,ok,,896,1195,RGB,JPEG
c1283cc1-7a12-427b-a515-7076a213045a.jpg,train,data/images/c1283cc1-7a12-427b-a515-7076a213045a.jpg,ok,,1024,1024,RGB,JPEG
24c4d5bc-70a9-4d09-b8cf-d882960aed75.jpg,train,data/images/24c4d5bc-70a9-4d09-b8cf-d882960aed75.jpg,ok,,1024,1024,RGB,JPEG
57e1b081-395d-41c2-8c6b-5eff7bd85b13.jpg,train,data/images/57e1b081-395d-41c2-8c6b-5eff7bd85b13.jpg,ok,,896,1195,RGB,JPEG
4ebdbc5c-4a59-44ba-aa71-e460f17557d5.jpg,train,data/images/4ebdbc5c-4a59-44ba-aa71-e460f17557d5.jpg,ok,,1024,1024,RGB,JPEG
25fc99b3-d64a-4db3-9dd4-e400343cc0da.jpg,train,data/images/25fc99b3-d64a-4db3-9dd4-e400343cc0da.jpg,ok,,832,1248,RGB,JPEG
f0be38cc-9ec8-4e93-b59b-bd3841dddf59.jpg,train,data/images/f0be38cc-9ec8-4e93-b59b-bd3841dddf59.jpg,ok,,1024,1024,RGB,JPEG
4473e05d-6cdd-43c2-be79-942da057d197.jpg,train,data/images/4473e05d-6cdd-43c2-be79-942da057d197.jpg,ok,,1024,1024,RGB,JPEG
e2aac52c-a152-4fd0-8f5c-3eed317cf983.jpg,train,data/images/e2aac52c-a152-4fd0-8f5c-3eed317cf983.jpg,ok,,896,1195,RGB,JPEG
6f125c75-fed8-45e7-a423-906da508d969.jpg,train,data/images/6f125c75-fed8-45e7-a423-906da508d969.jpg,ok,,1024,1024,RGB,JPEG
b3a145f6-2622-4d10-b389-929dea9210c5.jpg,train,data/images/b3a145f6-2622-4d10-b389-929dea9210c5.jpg,ok,,1024,1024,RGB,JPEG
43f3691b-2ab0-41e7-98bf-0c42e297258c.jpg,train,data/images/43f3691b-2ab0-41e7-98bf-0c42e297258c.jpg,ok,,400,400,RGB,JPEG
19adc69b-31a8-4fe5-8060-20f7238dc4e6.jpg,train,data/images/19adc69b-31a8-4fe5-8060-20f7238dc4e6.jpg,ok,,1024,1024,RGB,JPEG
d3db034e-5291-405c-ae8e-f1e970ee5e45.jpg,train,data/images/d3db034e-5291-405c-ae8e-f1e970ee5e45.jpg,ok,,1879,2200,RGB,JPEG
fb0617f4-b28c-43d1-a4f8-edf4a5a35371.jpg,train,data/images/fb0617f4-b28c-43d1-a4f8-edf4a5a35371.jpg,ok,,832,1248,RGB,JPEG
4bf6906a-5cdd-401a-9369-e7b6ad547ca0.jpg,train,data/images/4bf6906a-5cdd-401a-9369-e7b6ad547ca0.jpg,ok,,1024,558,RGB,JPEG
f8dd9683-c0c9-4d93-886a-6adbddd0f949.jpg,train,data/images/f8dd9683-c0c9-4d93-886a-6adbddd0f949.jpg,ok,,1248,832,RGB,JPEG
ed69d30f-8e4f-44f0-9ec9-9c2a48264526.jpg,train,data/images/ed69d30f-8e4f-44f0-9ec9-9c2a48264526.jpg,ok,,1024,1024,RGB,JPEG
2ff83bb8-5df0-4da7-bb0a-9c6c256ad02b.jpg,train,data/images/2ff83bb8-5df0-4da7-bb0a-9c6c256ad02b.jpg,ok,,400,300,RGB,JPEG
0695d371-5162-4c0a-a36d-5d237f7d0f9c.jpg,train,data/images/0695d371-5162-4c0a-a36d-5d237f7d0f9c.jpg,ok,,1024,1024,RGB,JPEG
9b7a9a57-1e31-4e9d-bf65-08238ec2bffe.jpg,train,data/images/9b7a9a57-1e31-4e9d-bf65-08238ec2bffe.jpg,ok,,832,1248,RGB,JPEG
f22d9629-8f65-4b90-86ac-3d53e7d8ab2f.jpg,train,data/images/f22d9629-8f65-4b90-86ac-3d53e7d8ab2f.jpg,ok,,1024,1024,RGB,JPEG
694ad64d-1fea-4c79-841d-b36b88d95d00.jpg,train,data/images/694ad64d-1fea-4c79-841d-b36b88d95d00.jpg,ok,,1024,854,RGB,JPEG
c2050e4f-35c6-45d9-9056-26761ff917ed.jpg,train,data/images/c2050e4f-35c6-45d9-9056-26761ff917ed.jpg,ok,,558,1024,RGB,JPEG
e69bd16a-4967-441a-af0a-c7eab693853c.jpg,train,data/images/e69bd16a-4967-441a-af0a-c7eab693853c.jpg,ok,,832,1248,RGB,JPEG
8f7b345e-3114-4176-9271-dbfabafe79a5.jpg,train,data/images/8f7b345e-3114-4176-9271-dbfabafe79a5.jpg,ok,,1024,1280,RGB,JPEG
faedc7f9-8673-4d4b-ab61-5b0455c9bf27.jpg,train,data/images/faedc7f9-8673-4d4b-ab61-5b0455c9bf27.jpg,ok,,1248,832,RGB,JPEG
ca06d696-b620-4e97-8218-0d273d1d3eae.jpg,train,data/images/ca06d696-b620-4e97-8218-0d273d1d3eae.jpg,ok,,400,400,RGB,JPEG
a803acad-1db3-4818-af05-50767fdc4c40.jpg,train,data/images/a803acad-1db3-4818-af05-50767fdc4c40.jpg,ok,,400,400,RGB,JPEG
08275f82-a2ee-47d3-9239-9a782181cb7c.jpg,train,data/images/08275f82-a2ee-47d3-9239-9a782181cb7c.jpg,ok,,1024,1024,RGB,JPEG
cf56f569-5e19-4314-a905-5b63ffda0a29.jpg,train,data/images/cf56f569-5e19-4314-a905-5b63ffda0a29.jpg,ok,,558,1024,RGB,JPEG
b2f62559-ff7c-4fca-b3a3-cf4e854ca973.jpg,train,data/images/b2f62559-ff7c-4fca-b3a3-cf4e854ca973.jpg,ok,,1024,716,RGB,JPEG
b450b796-5fb1-4bb9-b169-b2e5a19adc5c.jpg,train,data/images/b450b796-5fb1-4bb9-b169-b2e5a19adc5c.jpg,ok,,1024,1024,RGB,JPEG
2e81f4c6-ce9e-4806-8535-91170ebdd5d3.jpg,train,data/images/2e81f4c6-ce9e-4806-8535-91170ebdd5d3.jpg,ok,,832,1248,RGB,JPEG
57c462c8-d98d-4b47-96fe-c6add45262fb.jpg,train,data/images/57c462c8-d98d-4b47-96fe-c6add45262fb.jpg,ok,,1024,1024,RGB,JPEG
f6d15f0f-e057-4b6e-b0bf-7ee3c79385a8.jpg,train,data/images/f6d15f0f-e057-4b6e-b0bf-7ee3c79385a8.jpg,ok,,1024,1024,RGB,JPEG
2376f10a-a8d3-4692-bb3b-ea7240889f90.jpg,train,data/images/2376f10a-a8d3-4692-bb3b-ea7240889f90.jpg,ok,,1024,1024,RGB,JPEG
9f85fdad-60d4-4d97-81bd-b95fdfd85345.jpg,train,data/images/9f85fdad-60d4-4d97-81bd-b95fdfd85345.jpg,ok,,1024,1024,RGB,JPEG
c4e823f7-fca0-456b-98c5-16458a38fb4a.jpg,train,data/images/c4e823f7-fca0-456b-98c5-16458a38fb4a.jpg,ok,,1024,558,RGB,JPEG
3664441d-8b15-420f-a0ba-dd2b82944932.jpg,train,data/images/3664441d-8b15-420f-a0ba-dd2b82944932.jpg,ok,,832,1248,RGB,JPEG
ea76417b-43a3-487d-9395-37e863501c0f.jpg,train,data/images/ea76417b-43a3-487d-9395-37e863501c0f.jpg,ok,,1024,1024,RGB,JPEG
e617a906-3e27-4513-9df0-641cf3dd300c.jpg,train,data/images/e617a906-3e27-4513-9df0-641cf3dd300c.jpg,ok,,1024,558,RGB,JPEG
e5ce2a06-b69f-4743-be01-ce860c3f3e6e.jpg,train,data/images/e5ce2a06-b69f-4743-be01-ce860c3f3e6e.jpg,ok,,500,253,RGB,JPEG
81b25069-7fba-45e0-b2f9-b1e9ae6386af.jpg,train,data/images/81b25069-7fba-45e0-b2f9-b1e9ae6386af.jpg,ok,,1024,1024,RGB,JPEG
c21008f1-ebbb-4f17-8bdf-8b3fd53c8fbe.jpg,train,data/images/c21008f1-ebbb-4f17-8bdf-8b3fd53c8fbe.jpg,ok,,1024,1024,RGB,JPEG
142e972d-51a3-420a-86d6-7d717619ba36.jpg,train,data/images/142e972d-51a3-420a-86d6-7d717619ba36.jpg,ok,,1024,1024,RGB,JPEG
90059913-1bc6-4523-a16e-a01891548f17.jpg,train,data/images/90059913-1bc6-4523-a16e-a01891548f17.jpg,ok,,896,1195,RGB,JPEG
429ee8f1-b86c-4dca-b534-c1703cf37c37.jpg,train,data/images/429ee8f1-b86c-4dca-b534-c1703cf37c37.jpg,ok,,1024,1280,RGB,JPEG
cab5d2b7-df9e-4ce0-86e5-5d5369776cdf.jpg,train,data/images/cab5d2b7-df9e-4ce0-86e5-5d5369776cdf.jpg,ok,,1445,989,RGB,JPEG
54da968b-f8be-4fff-98e5-f811bafbcbd1.jpg,train,data/images/54da968b-f8be-4fff-98e5-f811bafbcbd1.jpg,ok,,1195,896,RGB,JPEG
57117307-3690-494f-a360-1af17404fa11.jpg,train,data/images/57117307-3690-494f-a360-1af17404fa11.jpg,ok,,1024,1024,RGB,JPEG
7ac38c71-73b4-48f5-8a88-bc61aa7f71a9.jpg,train,data/images/7ac38c71-73b4-48f5-8a88-bc61aa7f71a9.jpg,ok,,1024,716,RGB,JPEG
0fbacba7-e960-477a-b587-c2e1fb7bb85b.jpg,train,data/images/0fbacba7-e960-477a-b587-c2e1fb7bb85b.jpg,ok,,1024,1024,RGB,JPEG
460bd985-317b-403e-8d4e-17f2569b8c41.jpg,train,data/images/460bd985-317b-403e-8d4e-17f2569b8c41.jpg,ok,,1280,1024,RGB,JPEG
a9b1fed0-15dd-498b-acc0-50959b12fa02.jpg,train,data/images/a9b1fed0-15dd-498b-acc0-50959b12fa02.jpg,ok,,1024,1024,RGB,JPEG
ea932b58-c5cc-422e-8c0d-766cba0d9ffb.jpg,train,data/images/ea932b58-c5cc-422e-8c0d-766cba0d9ffb.jpg,ok,,896,1195,RGB,JPEG
ccf5dcee-06df-45ef-ada6-53584f2b3eda.jpg,train,data/images/ccf5dcee-06df-45ef-ada6-53584f2b3eda.jpg,ok,,1024,1024,RGB,JPEG
0bf43c69-fa3e-4ebe-b060-2289759ff2df.jpg,train,data/images/0bf43c69-fa3e-4ebe-b060-2289759ff2df.jpg,ok,,1024,1024,RGB,JPEG
c7ac9a67-acd1-4cc6-89a0-b31c64da338f.jpg,train,data/images/c7ac9a67-acd1-4cc6-89a0-b31c64da338f.jpg,ok,,1024,1024,RGB,JPEG
f179fc6d-38d2-49c2-a38b-0c027652fc96.jpg,train,data/images/f179fc6d-38d2-49c2-a38b-0c027652fc96.jpg,ok,,1024,1024,RGB,JPEG
78d8cbac-009b-4adc-a9b7-28abcd1b6a63.jpg,train,data/images/78d8cbac-009b-4adc-a9b7-28abcd1b6a63.jpg,ok,,1024,1024,RGB,JPEG
076f3fce-f2d1-415c-bc0e-da185dadccc0.jpg,train,data/images/076f3fce-f2d1-415c-bc0e-da185dadccc0.jpg,ok,,1024,1024,RGB,JPEG
aa271029-d9c7-4909-b888-1e1bfd6ee748.jpg,train,data/images/aa271029-d9c7-4909-b888-1e1bfd6ee748.jpg,ok,,1024,1024,RGB,JPEG
b9bd9833-7fc5-4980-99ec-76de65aa1e9e.jpg,train,data/images/b9bd9833-7fc5-4980-99ec-76de65aa1e9e.jpg,ok,,1024,1024,RGB,JPEG
ce95f365-7d92-4d53-ae32-25191842037a.jpg,train,data/images/ce95f365-7d92-4d53-ae32-25191842037a.jpg,ok,,400,300,RGB,JPEG
01322d4d-6f6f-4646-9d90-e21d202eef8b.jpg,train,data/images/01322d4d-6f6f-4646-9d90-e21d202eef8b.jpg,ok,,1024,716,RGB,JPEG
ef75127b-beb2-4a0b-9bf4-522832bded95.jpg,train,data/images/ef75127b-beb2-4a0b-9bf4-522832bded95.jpg,ok,,1024,1024,RGB,JPEG
afd3499b-1fa0-4544-9203-de9c14051fe1.jpg,train,data/images/afd3499b-1fa0-4544-9203-de9c14051fe1.jpg,ok,,1024,1024,RGB,JPEG
1373e279-cab9-4e4a-a73c-045d90974c3a.jpg,train,data/images/1373e279-cab9-4e4a-a73c-045d90974c3a.jpg,ok,,1195,896,RGB,JPEG
061b07db-1726-4fbb-b070-d7532e829757.jpg,train,data/images/061b07db-1726-4fbb-b070-d7532e829757.jpg,ok,,1024,1024,RGB,JPEG
496e7418-a15e-468e-ab32-c869f05434db.jpg,train,data/images/496e7418-a15e-468e-ab32-c869f05434db.jpg,ok,,1024,1024,RGB,JPEG
0ae9b757-35bb-47c2-b76b-dcae7872d11a.jpg,train,data/images/0ae9b757-35bb-47c2-b76b-dcae7872d11a.jpg,ok,,1024,1024,RGB,JPEG
c5556741-9e97-4f10-933f-a848c7a651e9.jpg,train,data/images/c5556741-9e97-4f10-933f-a848c7a651e9.jpg,ok,,832,1248,RGB,JPEG
bd5bf04d-b341-4c48-98a1-729b90280917.jpg,train,data/images/bd5bf04d-b341-4c48-98a1-729b90280917.jpg,ok,,1024,1024,RGB,JPEG
8be77686-ad37-4dff-87cc-a2f04ad7f782.jpg,train,data/images/8be77686-ad37-4dff-87cc-a2f04ad7f782.jpg,ok,,1024,1024,RGB,JPEG
206b7b1a-5567-450e-8168-71f3433f7884.jpg,train,data/images/206b7b1a-5567-450e-8168-71f3433f7884.jpg,ok,,1248,832,RGB,JPEG
2da976e8-2758-4464-a390-e9573edc4088.jpg,train,data/images/2da976e8-2758-4464-a390-e9573edc4088.jpg,ok,,832,1248,RGB,JPEG
ba3c5845-88de-4d44-b9a8-958b03b9313f.jpg,train,data/images/ba3c5845-88de-4d44-b9a8-958b03b9313f.jpg,ok,,896,1195,RGB,JPEG
3e88512d-6e21-464d-b7ad-43d7bc3706cb.jpg,train,data/images/3e88512d-6e21-464d-b7ad-43d7bc3706cb.jpg,ok,,1024,716,RGB,JPEG
dc4dd989-fe62-465b-ba3d-763449a8494e.jpg,train,data/images/dc4dd989-fe62-465b-ba3d-763449a8494e.jpg,ok,,1195,896,RGB,JPEG
8930d02c-acc4-47bc-b177-bcdfc129b1a2.jpg,train,data/images/8930d02c-acc4-47bc-b177-bcdfc129b1a2.jpg,ok,,896,1195,RGB,JPEG
58423673-dd37-4698-80c5-939ceab2b892.jpg,train,data/images/58423673-dd37-4698-80c5-939ceab2b892.jpg,ok,,1024,1024,RGB,JPEG
679e0474-4dfd-4d66-a88e-0111d36e4b5b.jpg,train,data/images/679e0474-4dfd-4d66-a88e-0111d36e4b5b.jpg,ok,,1024,1024,RGB,JPEG
1e6a871f-2300-4f94-88b6-289f65957bec.jpg,train,data/images/1e6a871f-2300-4f94-88b6-289f65957bec.jpg,ok,,896,1195,RGB,JPEG
f1975628-b94a-487d-8253-ec38af7cde3f.jpg,train,data/images/f1975628-b94a-487d-8253-ec38af7cde3f.jpg,ok,,1024,1024,RGB,JPEG
203c670c-1e84-437f-ab6f-6c642b23a581.jpg,train,data/images/203c670c-1e84-437f-ab6f-6c642b23a581.jpg,ok,,1024,1024,RGB,JPEG
97389e8a-28dc-4cc1-89e2-33f55c2a31c8.jpg,train,data/images/97389e8a-28dc-4cc1-89e2-33f55c2a31c8.jpg,ok,,1024,1024,RGB,JPEG
d27a927d-fafa-4c73-9284-42f5be60c03c.jpg,train,data/images/d27a927d-fafa-4c73-9284-42f5be60c03c.jpg,ok,,1024,1024,RGB,JPEG
ccdf1e39-d4da-4e04-bed8-b5855f67a3e9.jpg,train,data/images/ccdf1e39-d4da-4e04-bed8-b5855f67a3e9.jpg,ok,,1195,896,RGB,JPEG
8fdf9136-802f-42b9-89ee-62455dd41610.jpg,train,data/images/8fdf9136-802f-42b9-89ee-62455dd41610.jpg,ok,,1024,1024,RGB,JPEG
f8c6278e-d8e9-48f8-ac2e-693539303c24.jpg,train,data/images/f8c6278e-d8e9-48f8-ac2e-693539303c24.jpg,ok,,1024,1024,RGB,JPEG
c9705198-4f5d-41a5-94b6-b49cef8e07ca.jpg,train,data/images/c9705198-4f5d-41a5-94b6-b49cef8e07ca.jpg,ok,,1024,1024,RGB,JPEG
a4832d22-f812-4572-9f3d-fddfa72426e5.jpg,train,data/images/a4832d22-f812-4572-9f3d-fddfa72426e5.jpg,ok,,1024,1024,RGB,JPEG
af780e6b-1e02-499a-9ef2-7bc764dd724f.jpg,train,data/images/af780e6b-1e02-499a-9ef2-7bc764dd724f.jpg,ok,,1024,1024,RGB,JPEG
d3b17f51-4221-4925-b20f-3979064aae10.jpg,train,data/images/d3b17f51-4221-4925-b20f-3979064aae10.jpg,ok,,1024,1024,RGB,JPEG
9412b4f2-6e29-4dbe-8e0a-9b5a7a84c800.jpg,train,data/images/9412b4f2-6e29-4dbe-8e0a-9b5a7a84c800.jpg,ok,,1024,1024,RGB,JPEG
82d5b7f4-c977-4713-90ef-087d10324508.jpg,train,data/images/82d5b7f4-c977-4713-90ef-087d10324508.jpg,ok,,1024,1024,RGB,JPEG
cd10c3c9-b721-4d99-b686-8ac8bc419006.jpg,train,data/images/cd10c3c9-b721-4d99-b686-8ac8bc419006.jpg,ok,,1024,1024,RGB,JPEG
297e8f6e-d989-467b-8052-faea48a79d24.jpg,train,data/images/297e8f6e-d989-467b-8052-faea48a79d24.jpg,ok,,1024,1024,RGB,JPEG
0ba2839f-3e82-46ff-a58a-5a7ece51ce58.jpg,train,data/images/0ba2839f-3e82-46ff-a58a-5a7ece51ce58.jpg,ok,,1024,1024,RGB,JPEG
fde032a2-8c17-45d4-88e7-c5d171420d97.jpg,train,data/images/fde032a2-8c17-45d4-88e7-c5d171420d97.jpg,ok,,1024,1024,RGB,JPEG
61704e19-0096-429f-a040-c9a0789f6ace.jpg,train,data/images/61704e19-0096-429f-a040-c9a0789f6ace.jpg,ok,,1024,1024,RGB,JPEG
9d946ad7-2843-4f2b-8519-c329855a3185.jpg,train,data/images/9d946ad7-2843-4f2b-8519-c329855a3185.jpg,ok,,896,1195,RGB,JPEG
ca54ac31-2091-4ee3-9f87-4bbbb004d354.jpg,train,data/images/ca54ac31-2091-4ee3-9f87-4bbbb004d354.jpg,ok,,1024,1024,RGB,JPEG
1d4c6b73-28eb-4ebb-ba34-e8e4eacaaa99.jpg,train,data/images/1d4c6b73-28eb-4ebb-ba34-e8e4eacaaa99.jpg,ok,,896,1195,RGB,JPEG
5ca89474-3180-428a-9b22-025a5b9985e2.jpg,train,data/images/5ca89474-3180-428a-9b22-025a5b9985e2.jpg,ok,,1024,1024,RGB,JPEG
47a36a71-cd4b-4bbc-8e4e-fceddac47a93.jpg,train,data/images/47a36a71-cd4b-4bbc-8e4e-fceddac47a93.jpg,ok,,1024,1024,RGB,JPEG
8285ee58-acd1-461c-acbd-55c7d2b77e3d.jpg,train,data/images/8285ee58-acd1-461c-acbd-55c7d2b77e3d.jpg,ok,,1024,1024,RGB,JPEG
2bbdec5d-06ff-4e95-9889-260b96de3f09.jpg,train,data/images/2bbdec5d-06ff-4e95-9889-260b96de3f09.jpg,ok,,1024,1024,RGB,JPEG
a1fe5a17-6320-4c17-b80f-042ec8a9e7e7.jpg,train,data/images/a1fe5a17-6320-4c17-b80f-042ec8a9e7e7.jpg,ok,,1024,1024,RGB,JPEG
e3fe405e-efc3-481d-bef7-60d129c2a0b3.jpg,train,data/images/e3fe405e-efc3-481d-bef7-60d129c2a0b3.jpg,ok,,800,800,RGB,JPEG
f7c86843-5d02-4188-8fb7-7944ecbe0448.jpg,train,data/images/f7c86843-5d02-4188-8fb7-7944ecbe0448.jpg,ok,,1024,1024,RGB,JPEG
75bd47a1-b514-4c85-bdd2-5a6e5583ce55.jpg,train,data/images/75bd47a1-b514-4c85-bdd2-5a6e5583ce55.jpg,ok,,1024,558,RGB,JPEG
afd91406-7d5b-435a-907e-444939dbc5c8.jpg,train,data/images/afd91406-7d5b-435a-907e-444939dbc5c8.jpg,ok,,1024,1024,RGB,JPEG
7e9449dc-4bb1-4713-8684-595d75c91078.jpg,train,data/images/7e9449dc-4bb1-4713-8684-595d75c91078.jpg,ok,,1024,1024,RGB,JPEG
a304bcf8-565c-4c9b-84c3-34cbac765aaf.jpg,train,data/images/a304bcf8-565c-4c9b-84c3-34cbac765aaf.jpg,ok,,1024,1024,RGB,JPEG
800125ef-2d06-45f8-87dc-bd3da77c0b6f.jpg,train,data/images/800125ef-2d06-45f8-87dc-bd3da77c0b6f.jpg,ok,,1024,1024,RGB,JPEG
753ab1fa-ca31-4710-8352-248f22558a65.jpg,train,data/images/753ab1fa-ca31-4710-8352-248f22558a65.jpg,ok,,1024,558,RGB,JPEG
0681b4c2-73af-4d10-a8bf-7ccdc6a198d9.jpg,train,data/images/0681b4c2-73af-4d10-a8bf-7ccdc6a198d9.jpg,ok,,1195,896,RGB,JPEG
5c239fa9-aa14-4ea8-a194-2927af6cf2bf.jpg,train,data/images/5c239fa9-aa14-4ea8-a194-2927af6cf2bf.jpg,ok,,1024,1024,RGB,JPEG
d16e4dee-2c73-47fd-946e-9bc55f6eb806.jpg,train,data/images/d16e4dee-2c73-47fd-946e-9bc55f6eb806.jpg,ok,,558,1024,RGB,JPEG
5d3051d2-2830-4c64-a4e5-2fafd39f1418.jpg,train,data/images/5d3051d2-2830-4c64-a4e5-2fafd39f1418.jpg,ok,,896,1195,RGB,JPEG
0334055b-1d5c-48f7-a0d2-8f376e0efb15.jpg,train,data/images/0334055b-1d5c-48f7-a0d2-8f376e0efb15.jpg,ok,,1248,832,RGB,JPEG
fe8e766d-e709-437f-8121-4216de9f8cf8.jpg,train,data/images/fe8e766d-e709-437f-8121-4216de9f8cf8.jpg,ok,,1024,1024,RGB,JPEG
fae0da00-c7c1-423e-bf13-bb338e15b52d.jpg,train,data/images/fae0da00-c7c1-423e-bf13-bb338e15b52d.jpg,ok,,1024,1024,RGB,JPEG
bd28583b-eb2b-4826-8f1d-99c385928809.jpg,train,data/images/bd28583b-eb2b-4826-8f1d-99c385928809.jpg,ok,,1024,1024,RGB,JPEG
f713d905-5dc8-4295-95a4-b469f3f4d01a.jpg,train,data/images/f713d905-5dc8-4295-95a4-b469f3f4d01a.jpg,ok,,1024,1024,RGB,JPEG
8c633fa0-487b-4526-ae39-6594d0bfede4.jpg,train,data/images/8c633fa0-487b-4526-ae39-6594d0bfede4.jpg,ok,,2560,2560,RGB,JPEG
24a96c2c-6117-4a83-ae5e-b48546d11c96.jpg,train,data/images/24a96c2c-6117-4a83-ae5e-b48546d11c96.jpg,ok,,1024,558,RGB,JPEG
cfb6f22d-0bf8-462f-805c-c139d6707571.jpg,train,data/images/cfb6f22d-0bf8-462f-805c-c139d6707571.jpg,ok,,1024,1024,RGB,JPEG
4f071240-4fcf-41d8-b43b-89bb2b8d6ad1.jpg,train,data/images/4f071240-4fcf-41d8-b43b-89bb2b8d6ad1.jpg,ok,,1024,1024,RGB,JPEG
f2e2bb5f-077f-4cd6-9092-f1077e11b5ee.jpg,train,data/images/f2e2bb5f-077f-4cd6-9092-f1077e11b5ee.jpg,ok,,1024,1024,RGB,JPEG
937e0a07-fe35-4e46-8edc-d88eaefcb7df.jpg,train,data/images/937e0a07-fe35-4e46-8edc-d88eaefcb7df.jpg,ok,,1024,1024,RGB,JPEG
54e1b549-03f7-4f36-a4a8-bbbfccc18960.jpg,train,data/images/54e1b549-03f7-4f36-a4a8-bbbfccc18960.jpg,ok,,1024,1024,RGB,JPEG
76f9ea62-6658-48cf-928e-6feab3b99827.jpg,train,data/images/76f9ea62-6658-48cf-928e-6feab3b99827.jpg,ok,,1024,1024,RGB,JPEG
63cd6c73-5c16-428d-834c-3b6914830f40.jpg,train,data/images/63cd6c73-5c16-428d-834c-3b6914830f40.jpg,ok,,1024,1024,RGB,JPEG
ef23de66-efd2-4b55-a72e-c28ed56726c6.jpg,train,data/images/ef23de66-efd2-4b55-a72e-c28ed56726c6.jpg,ok,,1024,1024,RGB,JPEG
47198fe3-91c3-4b00-a447-f8785fe1c24d.jpg,train,data/images/47198fe3-91c3-4b00-a447-f8785fe1c24d.jpg,ok,,1024,1024,RGB,JPEG
fe7c4b64-3ce1-4277-a356-384fac4ee5d2.jpg,train,data/images/fe7c4b64-3ce1-4277-a356-384fac4ee5d2.jpg,ok,,1024,1024,RGB,JPEG
0ab941e5-7cff-493c-866c-9f86cc1bb533.jpg,train,data/images/0ab941e5-7cff-493c-866c-9f86cc1bb533.jpg,ok,,1024,1024,RGB,JPEG
22fe5eff-9d0b-448b-b7b5-2d2d0241cbae.jpg,train,data/images/22fe5eff-9d0b-448b-b7b5-2d2d0241cbae.jpg,ok,,1248,832,RGB,JPEG
c52bd3bb-e419-44ea-96ff-9c5e2e97ec21.jpg,train,data/images/c52bd3bb-e419-44ea-96ff-9c5e2e97ec21.jpg,ok,,1024,1024,RGB,JPEG
a182e722-5ffe-49fb-9816-c0dec3889ca1.jpg,train,data/images/a182e722-5ffe-49fb-9816-c0dec3889ca1.jpg,ok,,1024,1024,RGB,JPEG
9bdebfed-6ef2-4fb5-b77f-b7579d8fe4b4.jpg,train,data/images/9bdebfed-6ef2-4fb5-b77f-b7579d8fe4b4.jpg,ok,,1024,1024,RGB,JPEG
96e69217-26fb-4069-bea6-b2be6ef8faff.jpg,train,data/images/96e69217-26fb-4069-bea6-b2be6ef8faff.jpg,ok,,1195,896,RGB,JPEG
ced753dd-2cfa-42cd-aa94-6213dc4cba0e.jpg,train,data/images/ced753dd-2cfa-42cd-aa94-6213dc4cba0e.jpg,ok,,1024,1024,RGB,JPEG
d5dbd6bc-f66b-41f1-bee0-83ae5e233bf4.jpg,train,data/images/d5dbd6bc-f66b-41f1-bee0-83ae5e233bf4.jpg,ok,,1024,1024,RGB,JPEG
28d59b42-64dd-42bd-9a51-0ede2fbcfc24.jpg,train,data/images/28d59b42-64dd-42bd-9a51-0ede2fbcfc24.jpg,ok,,1024,716,RGB,JPEG
d90b51e0-b940-4d6c-8dff-f139d0d7c1f0.jpg,train,data/images/d90b51e0-b940-4d6c-8dff-f139d0d7c1f0.jpg,ok,,896,1195,RGB,JPEG
568c8ec9-c410-4bda-9cd4-661e5559f98f.jpg,train,data/images/568c8ec9-c410-4bda-9cd4-661e5559f98f.jpg,ok,,1024,716,RGB,JPEG
582d7bb5-5517-46a2-9b73-29f636f7d40c.jpg,train,data/images/582d7bb5-5517-46a2-9b73-29f636f7d40c.jpg,ok,,1024,716,RGB,JPEG
9242c385-a53f-403a-8e83-0e6063bb84f5.jpg,train,data/images/9242c385-a53f-403a-8e83-0e6063bb84f5.jpg,ok,,1024,1024,RGB,JPEG
34f6d252-f029-47fc-9e96-6de1aba338c4.jpg,train,data/images/34f6d252-f029-47fc-9e96-6de1aba338c4.jpg,ok,,1024,558,RGB,JPEG
b4fc3b16-53d2-40a5-a030-571f636eff0b.jpg,train,data/images/b4fc3b16-53d2-40a5-a030-571f636eff0b.jpg,ok,,1024,1024,RGB,JPEG
0b4474e4-5a84-4ff9-9641-c0b39ae6f1d2.jpg,train,data/images/0b4474e4-5a84-4ff9-9641-c0b39ae6f1d2.jpg,ok,,1024,1024,RGB,JPEG
5d0a76b0-e1a5-47ee-a2a4-916a004e0f8f.jpg,train,data/images/5d0a76b0-e1a5-47ee-a2a4-916a004e0f8f.jpg,ok,,1024,1024,RGB,JPEG
7657ff16-7e49-468f-b36d-f35907d75d69.jpg,train,data/images/7657ff16-7e49-468f-b36d-f35907d75d69.jpg,ok,,896,1195,RGB,JPEG
473888d7-a326-4030-a280-699bafe3e565.jpg,train,data/images/473888d7-a326-4030-a280-699bafe3e565.jpg,ok,,1024,1024,RGB,JPEG
688729db-61c9-4954-b183-b8ffd6088d69.jpg,train,data/images/688729db-61c9-4954-b183-b8ffd6088d69.jpg,ok,,1024,1024,RGB,JPEG
5e902be6-f4aa-4222-9916-ab74d9b34f67.jpg,train,data/images/5e902be6-f4aa-4222-9916-ab74d9b34f67.jpg,ok,,1024,1024,RGB,JPEG
963ccfa1-5186-4bca-bfd8-1aec024de372.jpg,train,data/images/963ccfa1-5186-4bca-bfd8-1aec024de372.jpg,ok,,500,500,RGB,JPEG
5d8ab102-4533-40ec-91c5-50ede80480eb.jpg,train,data/images/5d8ab102-4533-40ec-91c5-50ede80480eb.jpg,ok,,1248,832,RGB,JPEG
7be190ed-db6c-4fe3-bc94-ddb904cc3a11.jpg,train,data/images/7be190ed-db6c-4fe3-bc94-ddb904cc3a11.jpg,ok,,1195,896,RGB,JPEG
a06f25b3-9ce6-44b3-b647-2fa73be3bc5b.jpg,train,data/images/a06f25b3-9ce6-44b3-b647-2fa73be3bc5b.jpg,ok,,1280,1024,RGB,JPEG
a87dbe71-9248-4a7a-bb87-6d7a1e56dad6.jpg,train,data/images/a87dbe71-9248-4a7a-bb87-6d7a1e56dad6.jpg,ok,,896,1195,RGB,JPEG
01f96f82-dbeb-499a-9f99-ed8d82161624.jpg,train,data/images/01f96f82-dbeb-499a-9f99-ed8d82161624.jpg,ok,,1024,1024,RGB,JPEG
6dd7c210-3b43-4929-8007-027144a90a6c.jpg,train,data/images/6dd7c210-3b43-4929-8007-027144a90a6c.jpg,ok,,1024,716,RGB,JPEG
9491e30c-8bef-414b-b482-28ffe5396997.jpg,train,data/images/9491e30c-8bef-414b-b482-28ffe5396997.jpg,ok,,1024,1024,RGB,JPEG
eae019d5-01a6-4e13-bfb2-c8702a31ca16.jpg,train,data/images/eae019d5-01a6-4e13-bfb2-c8702a31ca16.jpg,ok,,1024,1024,RGB,JPEG
f3022329-5742-45ea-b7dc-3d507a2ed378.jpg,train,data/images/f3022329-5742-45ea-b7dc-3d507a2ed378.jpg,ok,,1195,896,RGB,JPEG
afbfd54f-6753-47c7-9b6e-50982801df3f.jpg,train,data/images/afbfd54f-6753-47c7-9b6e-50982801df3f.jpg,ok,,1195,896,RGB,JPEG
7132aed7-ea34-45dc-814e-964c1632b896.jpg,train,data/images/7132aed7-ea34-45dc-814e-964c1632b896.jpg,ok,,1024,1024,RGB,JPEG
7aa1f79d-c8a6-4c02-9b8d-01a2adc17b05.jpg,train,data/images/7aa1f79d-c8a6-4c02-9b8d-01a2adc17b05.jpg,ok,,400,400,RGB,JPEG
a08ae8c5-872b-4aea-8abb-50bb3a906acb.jpg,train,data/images/a08ae8c5-872b-4aea-8abb-50bb3a906acb.jpg,ok,,400,267,RGB,JPEG
9cff70a7-d086-48a9-a875-95c8af0d87e7.jpg,train,data/images/9cff70a7-d086-48a9-a875-95c8af0d87e7.jpg,ok,,1024,1024,RGB,JPEG
e6e51010-a981-4ca9-afe1-341dd1c8dee0.jpg,train,data/images/e6e51010-a981-4ca9-afe1-341dd1c8dee0.jpg,ok,,1024,1024,RGB,JPEG
d6bb57ab-3302-48a8-b3d7-da31d1fb8aab.jpg,train,data/images/d6bb57ab-3302-48a8-b3d7-da31d1fb8aab.jpg,ok,,1024,1024,RGB,JPEG
61d351ec-4c6c-48c6-924c-b44dd97e93ef.jpg,train,data/images/61d351ec-4c6c-48c6-924c-b44dd97e93ef.jpg,ok,,1879,2200,RGB,JPEG
1a53ebec-a3be-45ec-9a23-79cac7aa0180.jpg,train,data/images/1a53ebec-a3be-45ec-9a23-79cac7aa0180.jpg,ok,,1024,1024,RGB,JPEG
e001b66d-4bed-4731-a66a-44049701b29e.jpg,train,data/images/e001b66d-4bed-4731-a66a-44049701b29e.jpg,ok,,1024,1024,RGB,JPEG
eb02ac6e-44a2-418f-9ec5-616ce7371b23.jpg,train,data/images/eb02ac6e-44a2-418f-9ec5-616ce7371b23.jpg,ok,,1248,832,RGB,JPEG
5668bd0f-f67e-482c-9270-3a5b4bb99a81.jpg,train,data/images/5668bd0f-f67e-482c-9270-3a5b4bb99a81.jpg,ok,,800,800,RGB,JPEG
bccca77e-c279-4476-b16e-a9bd6be02718.jpg,train,data/images/bccca77e-c279-4476-b16e-a9bd6be02718.jpg,ok,,1024,1024,RGB,JPEG
5d31b9b6-028f-4bdf-8285-be146be79aa2.jpg,train,data/images/5d31b9b6-028f-4bdf-8285-be146be79aa2.jpg,ok,,1024,558,RGB,JPEG
7f495741-0b82-40f5-8b83-1c676aa7dbef.jpg,train,data/images/7f495741-0b82-40f5-8b83-1c676aa7dbef.jpg,ok,,832,1248,RGB,JPEG
f1ffdcb3-c311-4bec-909c-65be77b659fb.jpg,train,data/images/f1ffdcb3-c311-4bec-909c-65be77b659fb.jpg,ok,,1024,1024,RGB,JPEG
5258c327-7860-4675-9ecb-daaf4aba3772.jpg,train,data/images/5258c327-7860-4675-9ecb-daaf4aba3772.jpg,ok,,1024,1024,RGB,JPEG
a5d1ffff-3b72-4353-a2bd-2a4a313c1205.jpg,train,data/images/a5d1ffff-3b72-4353-a2bd-2a4a313c1205.jpg,ok,,400,400,RGB,JPEG
538de755-eeb4-448a-b5c6-0300e9c38f5c.jpg,train,data/images/538de755-eeb4-448a-b5c6-0300e9c38f5c.jpg,ok,,1024,1024,RGB,JPEG
5d41d643-249b-40c7-a5f5-02b814e47c7e.jpg,train,data/images/5d41d643-249b-40c7-a5f5-02b814e47c7e.jpg,ok,,1024,1024,RGB,JPEG
ebcaafee-9f09-4f4d-868a-be798a045a62.jpg,train,data/images/ebcaafee-9f09-4f4d-868a-be798a045a62.jpg,ok,,800,800,RGB,JPEG
1328054a-1144-4a5c-a97c-e99e221c4b81.jpg,train,data/images/1328054a-1144-4a5c-a97c-e99e221c4b81.jpg,ok,,1024,558,RGB,JPEG
fb81012b-0308-4c83-812f-f5846afaa828.jpg,train,data/images/fb81012b-0308-4c83-812f-f5846afaa828.jpg,ok,,1024,1024,RGB,JPEG
e1ca53f6-8e09-4985-a4bc-ac4f5f270f03.jpg,train,data/images/e1ca53f6-8e09-4985-a4bc-ac4f5f270f03.jpg,ok,,1024,1024,RGB,JPEG
d7e8a4d5-d9aa-4d25-b970-0173a95c18dc.jpg,train,data/images/d7e8a4d5-d9aa-4d25-b970-0173a95c18dc.jpg,ok,,1200,1200,RGB,JPEG
55a100fd-7d29-4f47-9b41-c494cb35c05b.jpg,train,data/images/55a100fd-7d29-4f47-9b41-c494cb35c05b.jpg,ok,,1024,716,RGB,JPEG
7cb8c5a6-0ea2-4939-861f-4619771bb708.jpg,train,data/images/7cb8c5a6-0ea2-4939-861f-4619771bb708.jpg,ok,,1195,896,RGB,JPEG
8dc48856-850f-454e-92d9-5136dee1dc69.jpg,train,data/images/8dc48856-850f-454e-92d9-5136dee1dc69.jpg,ok,,1024,558,RGB,JPEG
bc297a67-9481-4ffb-b475-405ed0e3be8e.jpg,train,data/images/bc297a67-9481-4ffb-b475-405ed0e3be8e.jpg,ok,,1024,1024,RGB,JPEG
72044935-3a98-4975-b454-69f366acfe7d.jpg,train,data/images/72044935-3a98-4975-b454-69f366acfe7d.jpg,ok,,1195,896,RGB,JPEG
f2bbaf7f-f315-47de-8f41-cbebdb60b93d.jpg,train,data/images/f2bbaf7f-f315-47de-8f41-cbebdb60b93d.jpg,ok,,1248,832,RGB,JPEG
f57227d8-3199-4e3b-895d-7075d3737623.jpg,train,data/images/f57227d8-3199-4e3b-895d-7075d3737623.jpg,ok,,896,1195,RGB,JPEG
e4941cea-bac6-4a63-8003-d9b1475d9cf4.jpg,train,data/images/e4941cea-bac6-4a63-8003-d9b1475d9cf4.jpg,ok,,896,1195,RGB,JPEG
52596e5d-024f-4b0d-812c-abb6fe123f9f.jpg,train,data/images/52596e5d-024f-4b0d-812c-abb6fe123f9f.jpg,ok,,1024,1024,RGB,JPEG
20a92cf0-1f5c-49a5-9b94-96235f7ead30.jpg,train,data/images/20a92cf0-1f5c-49a5-9b94-96235f7ead30.jpg,ok,,1024,1024,RGB,JPEG
a6a5c151-bcd6-4f57-b468-8d5b72104642.jpg,train,data/images/a6a5c151-bcd6-4f57-b468-8d5b72104642.jpg,ok,,1024,558,RGB,JPEG
22007675-d4a1-43f0-ab8d-df35267b6d83.jpg,train,data/images/22007675-d4a1-43f0-ab8d-df35267b6d83.jpg,ok,,1024,1024,RGB,JPEG
9bf73b44-ca88-4b90-9779-9824bd0c72d6.jpg,train,data/images/9bf73b44-ca88-4b90-9779-9824bd0c72d6.jpg,ok,,1248,832,RGB,JPEG
5e61d7a3-150d-4b85-a9b6-3fa8057e82b8.jpg,train,data/images/5e61d7a3-150d-4b85-a9b6-3fa8057e82b8.jpg,ok,,1879,2200,RGB,JPEG
1cd133d6-3386-44ef-9e31-bb20f7680b30.jpg,train,data/images/1cd133d6-3386-44ef-9e31-bb20f7680b30.jpg,ok,,1024,1024,RGB,JPEG
da47766d-4b23-4e48-8345-ff35b4c0dec6.jpg,train,data/images/da47766d-4b23-4e48-8345-ff35b4c0dec6.jpg,ok,,1024,1024,RGB,JPEG
e224e275-e910-4a98-9419-73cf1e025935.jpg,train,data/images/e224e275-e910-4a98-9419-73cf1e025935.jpg,ok,,896,1195,RGB,JPEG
9d8a6e39-8dd2-4b18-bdc5-6534ae8e9cd4.jpg,train,data/images/9d8a6e39-8dd2-4b18-bdc5-6534ae8e9cd4.jpg,ok,,1024,1024,RGB,JPEG
6d9ba758-b746-484f-8f4a-7a8c8e3300f4.jpg,train,data/images/6d9ba758-b746-484f-8f4a-7a8c8e3300f4.jpg,ok,,1024,1024,RGB,JPEG
39888f12-b128-4686-a270-3a7dd469c7e8.jpg,train,data/images/39888f12-b128-4686-a270-3a7dd469c7e8.jpg,ok,,1024,1024,RGB,JPEG
99e7a2e7-1812-4d3f-aa43-4428c0e12b3f.jpg,train,data/images/99e7a2e7-1812-4d3f-aa43-4428c0e12b3f.jpg,ok,,1024,1024,RGB,JPEG
92a1d83b-0047-4883-928b-7c072a74f018.jpg,train,data/images/92a1d83b-0047-4883-928b-7c072a74f018.jpg,ok,,1024,1024,RGB,JPEG
b548a981-542a-49c9-8539-34c467c317f3.jpg,train,data/images/b548a981-542a-49c9-8539-34c467c317f3.jpg,ok,,1024,1024,RGB,JPEG
98e6b7cc-0477-4af9-b929-9fd023e13ca8.jpg,train,data/images/98e6b7cc-0477-4af9-b929-9fd023e13ca8.jpg,ok,,1024,1024,RGB,JPEG
7ef3faff-976e-4d8b-a5d3-4d2e7494fdd2.jpg,train,data/images/7ef3faff-976e-4d8b-a5d3-4d2e7494fdd2.jpg,ok,,1024,1024,RGB,JPEG
71e341e5-924c-4e3e-851a-fdf82dab4abf.jpg,train,data/images/71e341e5-924c-4e3e-851a-fdf82dab4abf.jpg,ok,,1024,1024,RGB,JPEG
6cecdb03-08a8-41be-b49c-6513cbdde338.jpg,train,data/images/6cecdb03-08a8-41be-b49c-6513cbdde338.jpg,ok,,1024,558,RGB,JPEG
29059a90-b643-40c2-bbad-abeb894f3a65.jpg,train,data/images/29059a90-b643-40c2-bbad-abeb894f3a65.jpg,ok,,1024,1024,RGB,JPEG
716256d6-a363-42f8-b2ad-952aa61e19e7.jpg,train,data/images/716256d6-a363-42f8-b2ad-952aa61e19e7.jpg,ok,,1024,1024,RGB,JPEG
45884d10-9e4a-433b-877d-8fb2734b9321.jpg,train,data/images/45884d10-9e4a-433b-877d-8fb2734b9321.jpg,ok,,1024,558,RGB,JPEG
2ec623e0-f579-4bb5-8eaa-8c42c358ed67.jpg,train,data/images/2ec623e0-f579-4bb5-8eaa-8c42c358ed67.jpg,ok,,832,1248,RGB,JPEG
5e4e059a-0082-4b93-94de-95d028315876.jpg,train,data/images/5e4e059a-0082-4b93-94de-95d028315876.jpg,ok,,1024,1024,RGB,JPEG
3be4034a-d12d-4049-b343-0877095db7d2.jpg,train,data/images/3be4034a-d12d-4049-b343-0877095db7d2.jpg,ok,,1024,1024,RGB,JPEG
ed5c7518-c317-4e40-a53c-ea922b5f8714.jpg,train,data/images/ed5c7518-c317-4e40-a53c-ea922b5f8714.jpg,ok,,400,300,RGB,JPEG
8c2d4ecd-8fd1-4c4d-87bb-8d2c82f10556.jpg,train,data/images/8c2d4ecd-8fd1-4c4d-87bb-8d2c82f10556.jpg,ok,,832,1248,RGB,JPEG
227f4d24-6926-4155-84a4-968fe2c8dfef.jpg,train,data/images/227f4d24-6926-4155-84a4-968fe2c8dfef.jpg,ok,,1248,832,RGB,JPEG
b40bc448-fbcd-4f07-9f87-62ee8a9eb1dd.jpg,train,data/images/b40bc448-fbcd-4f07-9f87-62ee8a9eb1dd.jpg,ok,,1024,1024,RGB,JPEG
4010cc82-e62b-4323-a689-4cdeb573df50.jpg,train,data/images/4010cc82-e62b-4323-a689-4cdeb573df50.jpg,ok,,800,800,RGB,JPEG
08875681-6023-4c52-b10f-7ef212f690fe.jpg,train,data/images/08875681-6023-4c52-b10f-7ef212f690fe.jpg,ok,,1248,832,RGB,JPEG
7bcd0f14-9fdf-4ee9-b95f-0af110aad6b9.jpg,train,data/images/7bcd0f14-9fdf-4ee9-b95f-0af110aad6b9.jpg,ok,,1024,1024,RGB,JPEG
9e8d4c52-0e78-48ce-a8fd-aa55d848bf92.jpg,train,data/images/9e8d4c52-0e78-48ce-a8fd-aa55d848bf92.jpg,ok,,1024,1024,RGB,JPEG
cc1e2bf7-7f28-4767-a8c7-0950797a0f66.jpg,train,data/images/cc1e2bf7-7f28-4767-a8c7-0950797a0f66.jpg,ok,,1024,1024,RGB,JPEG
5b89ceee-08d2-47a1-9522-4056f68a78f7.jpg,train,data/images/5b89ceee-08d2-47a1-9522-4056f68a78f7.jpg,ok,,1024,1024,RGB,JPEG
1499f5b4-241f-4c61-beac-f63f4b66578d.jpg,train,data/images/1499f5b4-241f-4c61-beac-f63f4b66578d.jpg,ok,,1024,1024,RGB,JPEG
24a532b3-7e3e-4368-bdd0-0fc28c91a61b.jpg,train,data/images/24a532b3-7e3e-4368-bdd0-0fc28c91a61b.jpg,ok,,1024,1024,RGB,JPEG
25b222d6-709d-4af5-a1e7-308db1140f0d.jpg,train,data/images/25b222d6-709d-4af5-a1e7-308db1140f0d.jpg,ok,,1024,1024,RGB,JPEG
6aba6748-bccc-42a9-8dd5-f3f53d7c7802.jpg,train,data/images/6aba6748-bccc-42a9-8dd5-f3f53d7c7802.jpg,ok,,1024,1024,RGB,JPEG
8b4cd203-231c-4a45-8715-58a4c1d12259.jpg,train,data/images/8b4cd203-231c-4a45-8715-58a4c1d12259.jpg,ok,,1024,1024,RGB,JPEG
f34e30e0-6316-457d-a913-a3f05ffff5d9.jpg,train,data/images/f34e30e0-6316-457d-a913-a3f05ffff5d9.jpg,ok,,1024,1024,RGB,JPEG
3bd7448b-7411-4e8a-9220-6bf2129f37b5.jpg,train,data/images/3bd7448b-7411-4e8a-9220-6bf2129f37b5.jpg,ok,,1024,558,RGB,JPEG
2018f7e1-058a-46ef-9ba2-cce900661a55.jpg,train,data/images/2018f7e1-058a-46ef-9ba2-cce900661a55.jpg,ok,,1248,832,RGB,JPEG
b74f3af8-231a-4e8e-9b32-63a99e5e1d0b.jpg,train,data/images/b74f3af8-231a-4e8e-9b32-63a99e5e1d0b.jpg,ok,,1024,1024,RGB,JPEG
0787ceca-6737-4c04-aa26-a82997caa8ac.jpg,train,data/images/0787ceca-6737-4c04-aa26-a82997caa8ac.jpg,ok,,77,77,RGBA,PNG
a071370f-4c46-4a27-8f93-37bc0a907a5f.jpg,train,data/images/a071370f-4c46-4a27-8f93-37bc0a907a5f.jpg,ok,,1024,1024,RGB,JPEG
911224ac-a6ae-4d96-8024-9b0786c20e8a.jpg,train,data/images/911224ac-a6ae-4d96-8024-9b0786c20e8a.jpg,ok,,1024,1024,RGB,JPEG
0159c360-58ed-4bbe-a7b2-5efd7df03d21.jpg,train,data/images/0159c360-58ed-4bbe-a7b2-5efd7df03d21.jpg,ok,,1024,1024,RGB,JPEG
bdc11a07-3224-48c0-a8c9-2fcc76197b94.jpg,train,data/images/bdc11a07-3224-48c0-a8c9-2fcc76197b94.jpg,ok,,896,1195,RGB,JPEG
55317741-4ef2-43ee-aebb-c192585611c0.jpg,train,data/images/55317741-4ef2-43ee-aebb-c192585611c0.jpg,ok,,1000,1000,RGB,JPEG
3f3fee3c-9323-4172-88f1-dc145c5dd29e.jpg,train,data/images/3f3fee3c-9323-4172-88f1-dc145c5dd29e.jpg,ok,,1024,1024,RGB,JPEG
d32ed5b7-912b-4a62-83d6-2ef87b6b531e.jpg,train,data/images/d32ed5b7-912b-4a62-83d6-2ef87b6b531e.jpg,ok,,1024,1024,RGB,JPEG
570dbfb4-66d9-44ec-8893-9dd06e05c2de.jpg,train,data/images/570dbfb4-66d9-44ec-8893-9dd06e05c2de.jpg,ok,,1024,558,RGB,JPEG
fb76a6c0-aae4-490c-a62f-89bc8ad9f5f5.jpg,train,data/images/fb76a6c0-aae4-490c-a62f-89bc8ad9f5f5.jpg,ok,,896,1195,RGB,JPEG
819b070b-a957-4ddd-9bfb-823eab9eb455.jpg,train,data/images/819b070b-a957-4ddd-9bfb-823eab9eb455.jpg,ok,,1024,1024,RGB,JPEG
80cf2db7-e8d0-418f-8069-ab1fd8b856e6.jpg,train,data/images/80cf2db7-e8d0-418f-8069-ab1fd8b856e6.jpg,ok,,1024,1024,RGB,JPEG
f23d8d61-98fa-4f29-a5bb-8f0c4b3eecb2.jpg,train,data/images/f23d8d61-98fa-4f29-a5bb-8f0c4b3eecb2.jpg,ok,,1024,1024,RGB,JPEG
897ff71e-c075-421d-9ae4-03f0dc99b521.jpg,train,data/images/897ff71e-c075-421d-9ae4-03f0dc99b521.jpg,ok,,1024,1024,RGB,JPEG
1781ba0b-bfdf-4430-b416-a2e4236d6d83.jpg,train,data/images/1781ba0b-bfdf-4430-b416-a2e4236d6d83.jpg,ok,,585,1024,RGB,JPEG
582b1ed3-b216-4264-bf6b-cf3775548271.jpg,train,data/images/582b1ed3-b216-4264-bf6b-cf3775548271.jpg,ok,,1024,1024,RGB,JPEG
c596a1d4-dc86-4f62-9cf6-851684f9c478.jpg,train,data/images/c596a1d4-dc86-4f62-9cf6-851684f9c478.jpg,ok,,1024,1024,RGB,JPEG
7470d974-a175-4b58-957a-6764524b04aa.jpg,train,data/images/7470d974-a175-4b58-957a-6764524b04aa.jpg,ok,,558,1024,RGB,JPEG
f3b513d5-a3f1-4b25-b9fa-e7ed9ff9eed5.jpg,train,data/images/f3b513d5-a3f1-4b25-b9fa-e7ed9ff9eed5.jpg,ok,,1024,1024,RGB,JPEG
bb116e53-a200-4b45-94ca-fd89554c3e14.jpg,train,data/images/bb116e53-a200-4b45-94ca-fd89554c3e14.jpg,ok,,1024,1024,RGB,JPEG
eca41dbe-ae7a-4aa1-9455-65d3f1013c09.jpg,train,data/images/eca41dbe-ae7a-4aa1-9455-65d3f1013c09.jpg,ok,,896,1195,RGB,JPEG
51a7094b-d25a-4830-b795-f9bd204b9e11.jpg,train,data/images/51a7094b-d25a-4830-b795-f9bd204b9e11.jpg,ok,,1024,1024,RGB,JPEG
d05082b6-8ebc-42cc-9e0e-e4cbbcb35a93.jpg,train,data/images/d05082b6-8ebc-42cc-9e0e-e4cbbcb35a93.jpg,ok,,1024,1024,RGB,JPEG
42865730-d510-47c8-9236-f60b6de629fa.jpg,train,data/images/42865730-d510-47c8-9236-f60b6de629fa.jpg,ok,,1195,896,RGB,JPEG
1962fd85-04d3-4623-b36c-90ebe9eb8191.jpg,train,data/images/1962fd85-04d3-4623-b36c-90ebe9eb8191.jpg,ok,,896,1195,RGB,JPEG
dfc73aca-cd3c-4fda-96cb-d5874a64237c.jpg,train,data/images/dfc73aca-cd3c-4fda-96cb-d5874a64237c.jpg,ok,,1280,1024,RGB,JPEG
24290d88-af0d-4fea-bf4b-31468e2b82c4.jpg,train,data/images/24290d88-af0d-4fea-bf4b-31468e2b82c4.jpg,ok,,832,1248,RGB,JPEG
9bc95e01-3c4b-4b0e-8917-be7a766ada31.jpg,train,data/images/9bc95e01-3c4b-4b0e-8917-be7a766ada31.jpg,ok,,1024,558,RGB,JPEG
3a2deefa-3bb1-46f9-888e-a6776cbc4743.jpg,train,data/images/3a2deefa-3bb1-46f9-888e-a6776cbc4743.jpg,ok,,1024,1024,RGB,JPEG
9c0a7bf1-6716-435c-bd2e-3664a3a9f2db.jpg,train,data/images/9c0a7bf1-6716-435c-bd2e-3664a3a9f2db.jpg,ok,,1024,1024,RGB,JPEG
e2964002-185d-494f-9f2d-e3e32b24db3f.jpg,train,data/images/e2964002-185d-494f-9f2d-e3e32b24db3f.jpg,ok,,1024,1024,RGB,JPEG
7df4d5ea-1bf5-4e5e-8103-f79cce8f1b95.jpg,train,data/images/7df4d5ea-1bf5-4e5e-8103-f79cce8f1b95.jpg,ok,,1024,1024,RGB,JPEG
fe1f5062-571d-4281-99da-60067769f49c.jpg,train,data/images/fe1f5062-571d-4281-99da-60067769f49c.jpg,ok,,1195,896,RGB,JPEG
42ecac5d-72b4-4b6a-b179-4798522ec1df.jpg,train,data/images/42ecac5d-72b4-4b6a-b179-4798522ec1df.jpg,ok,,1024,1024,RGB,JPEG
792d6067-b84b-4dcd-945f-ca5ee49208ba.jpg,train,data/images/792d6067-b84b-4dcd-945f-ca5ee49208ba.jpg,ok,,1024,1024,RGB,JPEG
0454a47d-a779-4aa4-a945-32f0d834c47f.jpg,train,data/images/0454a47d-a779-4aa4-a945-32f0d834c47f.jpg,ok,,1024,716,RGB,JPEG
1162e5e5-38e1-48fc-abd2-1f6fce3a7a66.jpg,train,data/images/1162e5e5-38e1-48fc-abd2-1f6fce3a7a66.jpg,ok,,1024,1024,RGB,JPEG
125c303c-f7aa-47de-ab14-e037e28cda25.jpg,train,data/images/125c303c-f7aa-47de-ab14-e037e28cda25.jpg,ok,,1024,1024,RGB,JPEG
bd5361b2-9089-486d-b8f7-d9e10cc6d6c5.jpg,train,data/images/bd5361b2-9089-486d-b8f7-d9e10cc6d6c5.jpg,ok,,1248,832,RGB,JPEG
d8dfcce4-39aa-4217-8cd0-0e4b802f5149.jpg,train,data/images/d8dfcce4-39aa-4217-8cd0-0e4b802f5149.jpg,ok,,1024,716,RGB,JPEG
46c75edd-4569-4bb1-ab73-9d70408487fd.jpg,train,data/images/46c75edd-4569-4bb1-ab73-9d70408487fd.jpg,ok,,1024,1024,RGB,JPEG
5801c502-8c71-4e27-8f27-453943e4b358.jpg,train,data/images/5801c502-8c71-4e27-8f27-453943e4b358.jpg,ok,,1195,896,RGB,JPEG
5129fe2f-fcaf-494a-ab0f-5c182bf89ebe.jpg,train,data/images/5129fe2f-fcaf-494a-ab0f-5c182bf89ebe.jpg,ok,,1024,716,RGB,JPEG
3265fec0-63ad-4350-a26f-daef4a5d8099.jpg,train,data/images/3265fec0-63ad-4350-a26f-daef4a5d8099.jpg,ok,,1024,1024,RGB,JPEG
c5220289-09ec-4f6a-9509-66fe19ec505c.jpg,train,data/images/c5220289-09ec-4f6a-9509-66fe19ec505c.jpg,ok,,1024,1024,RGB,JPEG
ee27017c-8a0e-4ca2-bf10-4f4e6f076b90.jpg,train,data/images/ee27017c-8a0e-4ca2-bf10-4f4e6f076b90.jpg,ok,,896,1195,RGB,JPEG
5a6575cc-6bc0-4c36-bc00-69f80ec854f4.jpg,train,data/images/5a6575cc-6bc0-4c36-bc00-69f80ec854f4.jpg,ok,,832,1248,RGB,JPEG
2fba33cf-c412-4cdd-980e-00510e0d9bb5.jpg,train,data/images/2fba33cf-c412-4cdd-980e-00510e0d9bb5.jpg,ok,,1024,1024,RGB,JPEG
bcb54aa6-4028-4378-8c52-b4776ea51c1f.jpg,train,data/images/bcb54aa6-4028-4378-8c52-b4776ea51c1f.jpg,ok,,1195,896,RGB,JPEG
c4f3066a-1b8e-4d72-8701-500bd2475440.jpg,train,data/images/c4f3066a-1b8e-4d72-8701-500bd2475440.jpg,ok,,1248,832,RGB,JPEG
5b22000b-55b1-4df2-b0df-5eb71161cb9d.jpg,train,data/images/5b22000b-55b1-4df2-b0df-5eb71161cb9d.jpg,ok,,1024,1024,RGB,JPEG
f98aefcd-aa60-44a6-a9ef-11079040a5be.jpg,train,data/images/f98aefcd-aa60-44a6-a9ef-11079040a5be.jpg,ok,,1248,832,RGB,JPEG
c6bf7672-7c2b-48ad-a217-f46f69c1aa87.jpg,train,data/images/c6bf7672-7c2b-48ad-a217-f46f69c1aa87.jpg,ok,,1248,832,RGB,JPEG
f51337c6-1eb4-4763-8e5b-49d645a32117.jpg,train,data/images/f51337c6-1eb4-4763-8e5b-49d645a32117.jpg,ok,,1024,1024,RGB,JPEG
1be48cde-206a-438e-8099-ec2bcfb88b02.jpg,train,data/images/1be48cde-206a-438e-8099-ec2bcfb88b02.jpg,ok,,1024,1024,RGB,JPEG
63aa8518-bb11-44fa-a2f5-c863ab9eb310.jpg,train,data/images/63aa8518-bb11-44fa-a2f5-c863ab9eb310.jpg,ok,,896,1195,RGB,JPEG
27ac79eb-0e95-4bcb-8783-910ed5ebbf7a.jpg,train,data/images/27ac79eb-0e95-4bcb-8783-910ed5ebbf7a.jpg,ok,,1024,1024,RGB,JPEG
83566d98-b1cd-44af-873d-b35f7c393e4e.jpg,train,data/images/83566d98-b1cd-44af-873d-b35f7c393e4e.jpg,ok,,1024,1280,RGB,JPEG
b348a18e-ca22-45f1-98cc-17badf926690.jpg,train,data/images/b348a18e-ca22-45f1-98cc-17badf926690.jpg,ok,,1024,1024,RGB,JPEG
4eec2d22-ebaf-462f-b869-59dfbcfba602.jpg,train,data/images/4eec2d22-ebaf-462f-b869-59dfbcfba602.jpg,ok,,896,1195,RGB,JPEG
f8650026-21e0-4b1c-a5d0-aeae6ef76b5b.jpg,train,data/images/f8650026-21e0-4b1c-a5d0-aeae6ef76b5b.jpg,ok,,1024,716,RGB,JPEG
3a81bb50-20e9-40e2-b1e2-154bbbd68706.jpg,train,data/images/3a81bb50-20e9-40e2-b1e2-154bbbd68706.jpg,ok,,832,1248,RGB,JPEG
a57f4354-d828-4112-bb30-72fe1f52c4df.jpg,train,data/images/a57f4354-d828-4112-bb30-72fe1f52c4df.jpg,ok,,1000,1000,RGB,JPEG
87e294d1-bcd3-4c1d-88d1-3c329c810b63.jpg,train,data/images/87e294d1-bcd3-4c1d-88d1-3c329c810b63.jpg,ok,,1024,1024,RGB,JPEG
55c72330-8100-49c4-8075-a52e640dd6ee.jpg,train,data/images/55c72330-8100-49c4-8075-a52e640dd6ee.jpg,ok,,1280,1024,RGB,JPEG
6d19ee6e-214f-49a5-af99-149432ff1913.jpg,train,data/images/6d19ee6e-214f-49a5-af99-149432ff1913.jpg,ok,,1024,1024,RGB,JPEG
3b93c336-f165-41d1-a427-97873c4876c2.jpg,train,data/images/3b93c336-f165-41d1-a427-97873c4876c2.jpg,ok,,1024,1024,RGB,JPEG
c567d476-6545-4338-ae02-0efbab54cf98.jpg,train,data/images/c567d476-6545-4338-ae02-0efbab54cf98.jpg,ok,,1195,896,RGB,JPEG
3ab2eac6-a51f-46a9-9b7c-eb8116e11725.jpg,train,data/images/3ab2eac6-a51f-46a9-9b7c-eb8116e11725.jpg,ok,,1024,558,RGB,JPEG
fbbf0caf-2d0d-4098-a835-10b51984cd6c.jpg,train,data/images/fbbf0caf-2d0d-4098-a835-10b51984cd6c.jpg,ok,,1024,1024,RGB,JPEG
cd7023ee-c20d-449c-9660-67d099696cbd.jpg,train,data/images/cd7023ee-c20d-449c-9660-67d099696cbd.jpg,ok,,896,1195,RGB,JPEG
3b55b632-65dd-4ef7-b6a0-99fa5751e9aa.jpg,train,data/images/3b55b632-65dd-4ef7-b6a0-99fa5751e9aa.jpg,ok,,896,1195,RGB,JPEG
388d3841-cd20-4089-84bf-eba22ae0e992.jpg,train,data/images/388d3841-cd20-4089-84bf-eba22ae0e992.jpg,ok,,1024,1024,RGB,JPEG
0b57b127-a411-4c78-bd93-6597f16f0016.jpg,train,data/images/0b57b127-a411-4c78-bd93-6597f16f0016.jpg,ok,,1024,1024,RGB,JPEG
d0dff172-b7da-4e13-a004-d2fd985f640d.jpg,train,data/images/d0dff172-b7da-4e13-a004-d2fd985f640d.jpg,ok,,1024,1024,RGB,JPEG
b66c4cd5-4d80-4624-bccd-a55a1ca60f89.jpg,train,data/images/b66c4cd5-4d80-4624-bccd-a55a1ca60f89.jpg,ok,,1024,1024,RGB,JPEG
8a9a5709-ec28-4766-b3da-8f9f98a120a4.jpg,train,data/images/8a9a5709-ec28-4766-b3da-8f9f98a120a4.jpg,ok,,1024,1024,RGB,JPEG
45be88d7-29e9-446f-ba2b-451f7c6a687a.jpg,train,data/images/45be88d7-29e9-446f-ba2b-451f7c6a687a.jpg,ok,,1024,1024,RGB,JPEG
beabef96-3ea0-437a-94a9-165a802aff01.jpg,train,data/images/beabef96-3ea0-437a-94a9-165a802aff01.jpg,ok,,1024,1280,RGB,JPEG
4a14c311-4d4d-4b6d-bde2-a228f5ccbe62.jpg,train,data/images/4a14c311-4d4d-4b6d-bde2-a228f5ccbe62.jpg,ok,,896,1195,RGB,JPEG
e1d330dd-2f07-4593-8972-19a6f938e51f.jpg,train,data/images/e1d330dd-2f07-4593-8972-19a6f938e51f.jpg,ok,,1024,1024,RGB,JPEG
9e86d1be-54a1-45b7-a495-a9bdc371f36c.jpg,train,data/images/9e86d1be-54a1-45b7-a495-a9bdc371f36c.jpg,ok,,1608,2560,RGB,JPEG
eb87ac2b-ccd9-4513-9752-7882c6640b59.jpg,train,data/images/eb87ac2b-ccd9-4513-9752-7882c6640b59.jpg,ok,,1024,1024,RGB,JPEG
200bf004-0ded-4bb8-9038-75cf81208556.jpg,train,data/images/200bf004-0ded-4bb8-9038-75cf81208556.jpg,ok,,1195,896,RGB,JPEG
09574c68-03bd-4efe-aafc-b667e5866c47.jpg,train,data/images/09574c68-03bd-4efe-aafc-b667e5866c47.jpg,ok,,896,1195,RGB,JPEG
bf685ced-48f7-49d8-9068-ee923711edf2.jpg,train,data/images/bf685ced-48f7-49d8-9068-ee923711edf2.jpg,ok,,1405,906,RGB,JPEG
07fa3ce3-1076-430e-8d8e-9b5e647bbab6.jpg,train,data/images/07fa3ce3-1076-430e-8d8e-9b5e647bbab6.jpg,ok,,1024,1024,RGB,JPEG
c8587cbb-5949-4461-b18c-da2a1445fe71.jpg,train,data/images/c8587cbb-5949-4461-b18c-da2a1445fe71.jpg,ok,,1024,1024,RGB,JPEG
8594bcbc-3f6f-4c85-957e-662029b94bf0.jpg,train,data/images/8594bcbc-3f6f-4c85-957e-662029b94bf0.jpg,ok,,1024,1024,RGB,JPEG
41430988-99ec-47eb-9f65-4df87978230f.jpg,train,data/images/41430988-99ec-47eb-9f65-4df87978230f.jpg,ok,,1024,1024,RGB,JPEG
f06010ef-df0c-48a5-96c9-3b83dbd0bc52.jpg,train,data/images/f06010ef-df0c-48a5-96c9-3b83dbd0bc52.jpg,ok,,1024,1024,RGB,JPEG
6de64caa-b8f8-435a-80c7-8f80dd211730.jpg,train,data/images/6de64caa-b8f8-435a-80c7-8f80dd211730.jpg,ok,,1024,1024,RGB,JPEG
a086113e-10b0-4286-bad0-0468d1d3a945.jpg,train,data/images/a086113e-10b0-4286-bad0-0468d1d3a945.jpg,ok,,1024,1024,RGB,JPEG
733bb62a-2d12-4da1-baf8-8b96286ba59a.jpg,train,data/images/733bb62a-2d12-4da1-baf8-8b96286ba59a.jpg,ok,,1024,1024,RGB,JPEG
ab4d4834-0e94-423d-b155-fc97e732f2ff.jpg,train,data/images/ab4d4834-0e94-423d-b155-fc97e732f2ff.jpg,ok,,48,96,RGBA,PNG
1bc07b88-f0c7-4220-b5e4-60e4818e6c55.jpg,train,data/images/1bc07b88-f0c7-4220-b5e4-60e4818e6c55.jpg,ok,,1248,832,RGB,JPEG
0c29cc32-1207-415e-b536-f173abc01d33.jpg,train,data/images/0c29cc32-1207-415e-b536-f173abc01d33.jpg,ok,,1024,1024,RGB,JPEG
f97a8768-64fb-464f-baab-79a4c22aa8e8.jpg,train,data/images/f97a8768-64fb-464f-baab-79a4c22aa8e8.jpg,ok,,1195,896,RGB,JPEG
39a083a7-ddb0-451e-abd7-19df1edbf11c.jpg,train,data/images/39a083a7-ddb0-451e-abd7-19df1edbf11c.jpg,ok,,1024,1024,RGB,JPEG
0e5af4c6-be7a-473d-a4f6-94b419863ee2.jpg,train,data/images/0e5af4c6-be7a-473d-a4f6-94b419863ee2.jpg,ok,,1024,558,RGB,JPEG
d3e58d77-2970-49a7-8c0f-ddff541282c4.jpg,train,data/images/d3e58d77-2970-49a7-8c0f-ddff541282c4.jpg,ok,,1024,1024,RGB,JPEG
cd8c3b6e-aab0-4caf-9e91-ed7af7787665.jpg,train,data/images/cd8c3b6e-aab0-4caf-9e91-ed7af7787665.jpg,ok,,1024,1024,RGB,JPEG
853d600a-0604-44a1-b762-368a289b3dc9.jpg,train,data/images/853d600a-0604-44a1-b762-368a289b3dc9.jpg,ok,,1248,832,RGB,JPEG
f9236d43-010b-49e5-8f8b-26cba7af2daa.jpg,train,data/images/f9236d43-010b-49e5-8f8b-26cba7af2daa.jpg,ok,,1024,1024,RGB,JPEG
25a596c1-aca1-4583-8cc2-36d78bc06c0f.jpg,train,data/images/25a596c1-aca1-4583-8cc2-36d78bc06c0f.jpg,ok,,1280,1024,RGB,JPEG
6b222e72-c2ec-4179-9060-b05394aded6a.jpg,train,data/images/6b222e72-c2ec-4179-9060-b05394aded6a.jpg,ok,,1024,1024,RGB,JPEG
49e777fe-859f-4233-9dc0-529dfc98ac63.jpg,train,data/images/49e777fe-859f-4233-9dc0-529dfc98ac63.jpg,ok,,1024,1024,RGB,JPEG
5138d88b-580d-41fa-b298-d1cb367fe9c9.jpg,train,data/images/5138d88b-580d-41fa-b298-d1cb367fe9c9.jpg,ok,,1024,1024,RGB,JPEG
c930710c-4ef3-4099-8380-88fc7a3bae59.jpg,train,data/images/c930710c-4ef3-4099-8380-88fc7a3bae59.jpg,ok,,832,1248,RGB,JPEG
4955d76f-28ee-4f36-9e8a-1c843eb3d8bc.jpg,train,data/images/4955d76f-28ee-4f36-9e8a-1c843eb3d8bc.jpg,ok,,1024,716,RGB,JPEG
7d02e73b-6d24-483a-b1ec-fe37a1a33cd3.jpg,train,data/images/7d02e73b-6d24-483a-b1ec-fe37a1a33cd3.jpg,ok,,1024,1024,RGB,JPEG
4c054b8b-4fc1-4ee6-a798-80c9151dd3a7.jpg,train,data/images/4c054b8b-4fc1-4ee6-a798-80c9151dd3a7.jpg,ok,,1024,1024,RGB,JPEG
7ea6c6a4-e54e-4404-9328-4f3f6398bac4.jpg,train,data/images/7ea6c6a4-e54e-4404-9328-4f3f6398bac4.jpg,ok,,1024,1024,RGB,JPEG
d430bb07-cdb7-47c7-9df2-aec8b934d8be.jpg,train,data/images/d430bb07-cdb7-47c7-9df2-aec8b934d8be.jpg,ok,,1024,558,RGB,JPEG
6b756d67-dc79-4fd9-89b4-fdc51740598e.jpg,train,data/images/6b756d67-dc79-4fd9-89b4-fdc51740598e.jpg,ok,,1024,1024,RGB,JPEG
01b73324-977e-499d-8c8b-8fa063df6853.jpg,train,data/images/01b73324-977e-499d-8c8b-8fa063df6853.jpg,ok,,1879,2200,RGB,JPEG
2de942a2-f5b2-4234-856d-fe4cbdc15724.jpg,train,data/images/2de942a2-f5b2-4234-856d-fe4cbdc15724.jpg,ok,,1024,1024,RGB,JPEG
1d80f009-7a9c-4631-bbfc-7ff49504b9d0.jpg,train,data/images/1d80f009-7a9c-4631-bbfc-7ff49504b9d0.jpg,ok,,1024,1024,RGB,JPEG
795f4a76-e2d1-4172-bdfa-c8710b525099.jpg,train,data/images/795f4a76-e2d1-4172-bdfa-c8710b525099.jpg,ok,,1024,1024,RGB,JPEG
ed29a1a1-95cf-47f7-bc1d-1a985945528b.jpg,train,data/images/ed29a1a1-95cf-47f7-bc1d-1a985945528b.jpg,ok,,1024,1024,RGB,JPEG
6e23c41d-36ae-4c6c-a2bc-44e618c182d4.jpg,train,data/images/6e23c41d-36ae-4c6c-a2bc-44e618c182d4.jpg,ok,,400,400,RGB,JPEG
61043bb1-4ec8-446c-904c-4ae590de3a62.jpg,train,data/images/61043bb1-4ec8-446c-904c-4ae590de3a62.jpg,ok,,896,1195,RGB,JPEG
7cfa002e-0e72-471d-8cb0-c10e2d816588.jpg,train,data/images/7cfa002e-0e72-471d-8cb0-c10e2d816588.jpg,ok,,1024,1024,RGB,JPEG
2d0d8891-3db5-465b-9e96-46b0c6e78cea.jpg,train,data/images/2d0d8891-3db5-465b-9e96-46b0c6e78cea.jpg,ok,,896,1195,RGB,JPEG
54ecdbc0-5011-4ad8-be94-502f7b2a7edb.jpg,train,data/images/54ecdbc0-5011-4ad8-be94-502f7b2a7edb.jpg,ok,,1248,832,RGB,JPEG
6d0d57b9-8964-4790-b0ab-6aa71216607a.jpg,train,data/images/6d0d57b9-8964-4790-b0ab-6aa71216607a.jpg,ok,,1024,1024,RGB,JPEG
cb195e56-f926-45b9-a7f8-0765a043ebbc.jpg,train,data/images/cb195e56-f926-45b9-a7f8-0765a043ebbc.jpg,ok,,1024,1024,RGB,JPEG
b6715362-5e5d-4383-84d8-38356d5a7587.jpg,train,data/images/b6715362-5e5d-4383-84d8-38356d5a7587.jpg,ok,,1248,832,RGB,JPEG
b69340c4-ae17-42af-bc81-df806a315d87.jpg,train,data/images/b69340c4-ae17-42af-bc81-df806a315d87.jpg,ok,,1024,1024,RGB,JPEG
5d16cc9e-ce47-462a-8435-fbb8a2ad3e4f.jpg,train,data/images/5d16cc9e-ce47-462a-8435-fbb8a2ad3e4f.jpg,ok,,1024,1024,RGB,JPEG
e4b1d48b-cb5e-4397-af14-ae860fe36712.jpg,train,data/images/e4b1d48b-cb5e-4397-af14-ae860fe36712.jpg,ok,,1195,896,RGB,JPEG
5637897f-36df-48fd-ab81-3415fe0be7c2.jpg,train,data/images/5637897f-36df-48fd-ab81-3415fe0be7c2.jpg,ok,,1024,1024,RGB,JPEG
0542a511-8459-4523-8290-26f7d5897ade.jpg,train,data/images/0542a511-8459-4523-8290-26f7d5897ade.jpg,ok,,1024,1024,RGB,JPEG
b020a789-bbbf-4f5f-9037-2985941c2c53.jpg,train,data/images/b020a789-bbbf-4f5f-9037-2985941c2c53.jpg,ok,,832,1248,RGB,JPEG
c6a6f1b6-8a9b-46f5-938b-8060c66a2612.jpg,train,data/images/c6a6f1b6-8a9b-46f5-938b-8060c66a2612.jpg,ok,,1195,896,RGB,JPEG
1106ddb4-8098-47a1-8f5a-a58e7aea281f.jpg,train,data/images/1106ddb4-8098-47a1-8f5a-a58e7aea281f.jpg,ok,,1024,1024,RGB,JPEG
9f3597bf-efd6-425a-9e99-c8d0d2e35ec3.jpg,train,data/images/9f3597bf-efd6-425a-9e99-c8d0d2e35ec3.jpg,ok,,896,1195,RGB,JPEG
928bbbeb-7645-4211-84c7-24f27fa8b8d6.jpg,train,data/images/928bbbeb-7645-4211-84c7-24f27fa8b8d6.jpg,ok,,1024,1024,RGB,JPEG
71ba159c-4e6b-4763-89fa-c783a662366e.jpg,train,data/images/71ba159c-4e6b-4763-89fa-c783a662366e.jpg,ok,,1248,832,RGB,JPEG
f0f748fe-d6e5-4f9d-a273-a350c0f5add0.jpg,train,data/images/f0f748fe-d6e5-4f9d-a273-a350c0f5add0.jpg,ok,,1024,1024,RGB,JPEG
669ca8d0-e9a9-477b-80f2-6ef092222108.jpg,train,data/images/669ca8d0-e9a9-477b-80f2-6ef092222108.jpg,ok,,1024,1280,RGB,JPEG
9f78ca52-d4de-4b0e-93c7-34a4867b8292.jpg,train,data/images/9f78ca52-d4de-4b0e-93c7-34a4867b8292.jpg,ok,,896,1195,RGB,JPEG
cb207eae-9063-4290-bcce-a1130d60f289.jpg,train,data/images/cb207eae-9063-4290-bcce-a1130d60f289.jpg,ok,,832,1248,RGB,JPEG
e3df588b-446c-411d-b675-1e070dcf4bea.jpg,train,data/images/e3df588b-446c-411d-b675-1e070dcf4bea.jpg,ok,,1024,1280,RGB,JPEG
50b73a7a-8843-4e26-96b5-d04299745697.jpg,train,data/images/50b73a7a-8843-4e26-96b5-d04299745697.jpg,ok,,896,1195,RGB,JPEG
b27a3edd-3491-4196-9741-953b917f08fe.jpg,train,data/images/b27a3edd-3491-4196-9741-953b917f08fe.jpg,ok,,1024,1024,RGB,JPEG
c92c981d-35c4-4a6e-976e-b6c90cf3ae9c.jpg,train,data/images/c92c981d-35c4-4a6e-976e-b6c90cf3ae9c.jpg,ok,,1024,558,RGB,JPEG
7b920220-8602-4cad-a8fe-7544616dcda5.jpg,train,data/images/7b920220-8602-4cad-a8fe-7544616dcda5.jpg,ok,,1024,1024,RGB,JPEG
826b6058-efee-4a9f-8729-06a54b89bf62.jpg,train,data/images/826b6058-efee-4a9f-8729-06a54b89bf62.jpg,ok,,896,1195,RGB,JPEG
315d7214-44ac-4fc0-b3ba-e37e3175af6d.jpg,train,data/images/315d7214-44ac-4fc0-b3ba-e37e3175af6d.jpg,ok,,1248,832,RGB,JPEG
bb538f53-bba5-4fb7-bf62-3741e5004d51.jpg,train,data/images/bb538f53-bba5-4fb7-bf62-3741e5004d51.jpg,ok,,1024,1024,RGB,JPEG
6a9ecc6b-8cf0-4e4f-b24c-55ada3af963a.jpg,train,data/images/6a9ecc6b-8cf0-4e4f-b24c-55ada3af963a.jpg,ok,,1239,1315,RGB,JPEG
e8212d63-7da1-4263-9aab-bae210fb7cef.jpg,train,data/images/e8212d63-7da1-4263-9aab-bae210fb7cef.jpg,ok,,1024,1024,RGB,JPEG
57b81f41-c396-4807-bb48-cf0e181022a4.jpg,train,data/images/57b81f41-c396-4807-bb48-cf0e181022a4.jpg,ok,,1248,832,RGB,JPEG
f6ebacd9-49fa-464b-a05c-cd800b7362e9.jpg,train,data/images/f6ebacd9-49fa-464b-a05c-cd800b7362e9.jpg,ok,,1024,1024,RGB,JPEG
8f04c473-fd4d-46ea-bb14-6a9cb23387cb.jpg,train,data/images/8f04c473-fd4d-46ea-bb14-6a9cb23387cb.jpg,ok,,558,1024,RGB,JPEG
e582265e-67b3-4203-85ff-99120959f3f4.jpg,train,data/images/e582265e-67b3-4203-85ff-99120959f3f4.jpg,ok,,1195,896,RGB,JPEG
963fb860-4ebf-40d9-bd05-c92fbcea1a79.jpg,train,data/images/963fb860-4ebf-40d9-bd05-c92fbcea1a79.jpg,ok,,800,800,RGB,JPEG
c6b47437-192f-4940-9f1b-8c33f043620a.jpg,train,data/images/c6b47437-192f-4940-9f1b-8c33f043620a.jpg,ok,,1024,1024,RGB,JPEG
fc7f2072-7f50-4704-9f3a-61955ef02410.jpg,train,data/images/fc7f2072-7f50-4704-9f3a-61955ef02410.jpg,ok,,1024,1280,RGB,JPEG
77b55b7a-3892-4ee1-ad48-96eb9e4cf6a6.jpg,train,data/images/77b55b7a-3892-4ee1-ad48-96eb9e4cf6a6.jpg,ok,,1024,1024,RGB,JPEG
d8be996c-d79b-4e98-802e-f2d449817537.jpg,train,data/images/d8be996c-d79b-4e98-802e-f2d449817537.jpg,ok,,1024,1024,RGB,JPEG
78b636d5-5bc6-44bd-8b4d-97ab9f1c7283.jpg,train,data/images/78b636d5-5bc6-44bd-8b4d-97ab9f1c7283.jpg,ok,,1024,1024,RGB,JPEG
0137512b-1192-43a4-8cfa-b70962af2ef2.jpg,train,data/images/0137512b-1192-43a4-8cfa-b70962af2ef2.jpg,ok,,1024,1024,RGB,JPEG
576729be-02f6-4aa7-abce-063c0138a387.jpg,train,data/images/576729be-02f6-4aa7-abce-063c0138a387.jpg,ok,,896,1195,RGB,JPEG
29723308-fd33-4f6a-b9f7-d5b1d89621c1.jpg,train,data/images/29723308-fd33-4f6a-b9f7-d5b1d89621c1.jpg,ok,,1669,1669,RGB,JPEG
18a22df1-d9a4-405b-be7a-16f2b0ef6974.jpg,train,data/images/18a22df1-d9a4-405b-be7a-16f2b0ef6974.jpg,ok,,1024,1024,RGB,JPEG
dfd91132-aaef-435c-abff-0006c3d0be63.jpg,train,data/images/dfd91132-aaef-435c-abff-0006c3d0be63.jpg,ok,,1879,2200,RGB,JPEG
2a623202-3a65-4e0f-874f-c33602926557.jpg,train,data/images/2a623202-3a65-4e0f-874f-c33602926557.jpg,ok,,896,1195,RGB,JPEG
3c86e748-c3f0-433b-a7d5-bbc5ee23f23f.jpg,train,data/images/3c86e748-c3f0-433b-a7d5-bbc5ee23f23f.jpg,ok,,832,1248,RGB,JPEG
5c2defd5-b60d-44f5-a6cd-728c231b5493.jpg,train,data/images/5c2defd5-b60d-44f5-a6cd-728c231b5493.jpg,ok,,1024,1024,RGB,JPEG
91cf38ec-9294-4447-bfd8-a6a01d4a3e2a.jpg,train,data/images/91cf38ec-9294-4447-bfd8-a6a01d4a3e2a.jpg,ok,,1024,1024,RGB,JPEG
f9ee34ec-4d52-4bcd-b83f-8a0523f0c48c.jpg,train,data/images/f9ee34ec-4d52-4bcd-b83f-8a0523f0c48c.jpg,ok,,1024,558,RGB,JPEG
9d71da80-ed50-4f54-b243-1f738c06ad12.jpg,train,data/images/9d71da80-ed50-4f54-b243-1f738c06ad12.jpg,ok,,1024,1024,RGB,JPEG
b23833fc-c0f8-4ca0-9661-cea0f75b5828.jpg,train,data/images/b23833fc-c0f8-4ca0-9661-cea0f75b5828.jpg,ok,,400,320,RGB,JPEG
279ceb06-1fd0-4bc6-b8ee-ebf772b8f4f8.jpg,train,data/images/279ceb06-1fd0-4bc6-b8ee-ebf772b8f4f8.jpg,ok,,1024,1024,RGB,JPEG
fe1eb190-4c25-434a-853a-353dfab044a3.jpg,train,data/images/fe1eb190-4c25-434a-853a-353dfab044a3.jpg,ok,,1024,1024,RGB,JPEG
b1aebf04-c403-46ba-b4c4-ea5db5c8b960.jpg,train,data/images/b1aebf04-c403-46ba-b4c4-ea5db5c8b960.jpg,ok,,1879,2200,RGB,JPEG
c7505d1c-856e-4c87-baf5-7290813dada6.jpg,train,data/images/c7505d1c-856e-4c87-baf5-7290813dada6.jpg,ok,,1280,1024,RGB,JPEG
575e5291-1745-40ab-800b-ad41004e946f.jpg,train,data/images/575e5291-1745-40ab-800b-ad41004e946f.jpg,ok,,1024,1024,RGB,JPEG
038918dc-5469-4298-a705-edb990a66679.jpg,train,data/images/038918dc-5469-4298-a705-edb990a66679.jpg,ok,,896,1195,RGB,JPEG
4bf5497e-0097-4502-b35b-aab7b5a9baae.jpg,train,data/images/4bf5497e-0097-4502-b35b-aab7b5a9baae.jpg,ok,,1024,1024,RGB,JPEG
aa132fdb-cd60-4936-9044-fc26f21412d8.jpg,train,data/images/aa132fdb-cd60-4936-9044-fc26f21412d8.jpg,ok,,1024,1024,RGB,JPEG
5a3ed3bf-11bf-4d00-b994-6668e5debc6b.jpg,train,data/images/5a3ed3bf-11bf-4d00-b994-6668e5debc6b.jpg,ok,,832,1248,RGB,JPEG
aec40ced-6d82-429e-a614-eb2501caf0f6.jpg,train,data/images/aec40ced-6d82-429e-a614-eb2501caf0f6.jpg,ok,,896,1195,RGB,JPEG
99355267-5504-4254-8781-70c669733435.jpg,train,data/images/99355267-5504-4254-8781-70c669733435.jpg,ok,,832,1248,RGB,JPEG
0be373db-0fe8-4821-9d0c-d2a88ac687c3.jpg,train,data/images/0be373db-0fe8-4821-9d0c-d2a88ac687c3.jpg,ok,,1024,1024,RGB,JPEG
99745826-54f3-4654-b54b-5b26217d2e35.jpg,train,data/images/99745826-54f3-4654-b54b-5b26217d2e35.jpg,ok,,1024,1024,RGB,JPEG
e72e0b21-a626-490b-8ccd-406eec09abb7.jpg,train,data/images/e72e0b21-a626-490b-8ccd-406eec09abb7.jpg,ok,,1024,716,RGB,JPEG
339bbaf2-53fd-4ed5-99aa-4d6930ce648e.jpg,train,data/images/339bbaf2-53fd-4ed5-99aa-4d6930ce648e.jpg,ok,,1024,1024,RGB,JPEG
df927a35-7d59-4d3e-9ad0-75e573217945.jpg,train,data/images/df927a35-7d59-4d3e-9ad0-75e573217945.jpg,ok,,1024,1024,RGB,JPEG
203e963a-6740-4a56-a5ae-55fed087e068.jpg,train,data/images/203e963a-6740-4a56-a5ae-55fed087e068.jpg,ok,,1024,1024,RGB,JPEG
6a1ba0ca-7f30-4cc8-87f0-5d0027a9821a.jpg,train,data/images/6a1ba0ca-7f30-4cc8-87f0-5d0027a9821a.jpg,ok,,1024,1024,RGB,JPEG
c0f36311-4bdb-40bf-8ce0-9867f985903f.jpg,train,data/images/c0f36311-4bdb-40bf-8ce0-9867f985903f.jpg,ok,,1024,1024,RGB,JPEG
02b2e6ed-d9c6-4e99-82e4-fe9aa338c9c2.jpg,train,data/images/02b2e6ed-d9c6-4e99-82e4-fe9aa338c9c2.jpg,ok,,1024,1024,RGB,JPEG
d787978c-ca46-43cc-a99e-ab4ee17cffcf.jpg,train,data/images/d787978c-ca46-43cc-a99e-ab4ee17cffcf.jpg,ok,,832,1248,RGB,JPEG
483343fb-f07f-404d-bd0e-b8925a7b47df.jpg,train,data/images/483343fb-f07f-404d-bd0e-b8925a7b47df.jpg,ok,,1024,716,RGB,JPEG
fbbe35e8-4056-47e8-bbcc-e2a6deee7044.jpg,train,data/images/fbbe35e8-4056-47e8-bbcc-e2a6deee7044.jpg,ok,,1024,1024,RGB,JPEG
df0d48e8-4199-4abd-a67e-48a2780eeeda.jpg,train,data/images/df0d48e8-4199-4abd-a67e-48a2780eeeda.jpg,ok,,800,800,RGB,JPEG
d31a0124-cfc1-4089-ab58-2077061e4cba.jpg,train,data/images/d31a0124-cfc1-4089-ab58-2077061e4cba.jpg,ok,,1024,716,RGB,JPEG
92a12bfa-c69e-432c-a204-421a4df4e057.jpg,train,data/images/92a12bfa-c69e-432c-a204-421a4df4e057.jpg,ok,,1024,1024,RGB,JPEG
75e35a1e-b954-42ac-a724-8b55161e82aa.jpg,train,data/images/75e35a1e-b954-42ac-a724-8b55161e82aa.jpg,ok,,1024,1024,RGB,JPEG
b19d5a72-7091-4f77-9935-555856d7c914.jpg,train,data/images/b19d5a72-7091-4f77-9935-555856d7c914.jpg,ok,,1024,1024,RGB,JPEG
b0894337-0be1-4960-85f4-f963a1771a71.jpg,train,data/images/b0894337-0be1-4960-85f4-f963a1771a71.jpg,ok,,832,1248,RGB,JPEG
4efbc9e3-9182-4277-96ab-40e9d08c9bd6.jpg,train,data/images/4efbc9e3-9182-4277-96ab-40e9d08c9bd6.jpg,ok,,1024,1024,RGB,JPEG
57bc40ef-fd28-4d43-9eb0-4bbb5dbcc387.jpg,train,data/images/57bc40ef-fd28-4d43-9eb0-4bbb5dbcc387.jpg,ok,,1024,1024,RGB,JPEG
566ca24b-4225-4cea-9284-4de8bf19bfee.jpg,train,data/images/566ca24b-4225-4cea-9284-4de8bf19bfee.jpg,ok,,1024,1024,RGB,JPEG
e2d34af1-94cc-43f3-a315-cf140bdb0de4.jpg,train,data/images/e2d34af1-94cc-43f3-a315-cf140bdb0de4.jpg,ok,,1024,716,RGB,JPEG
022a082c-f37c-4d6d-bc7e-e052c6e868ca.jpg,train,data/images/022a082c-f37c-4d6d-bc7e-e052c6e868ca.jpg,ok,,896,1195,RGB,JPEG
fe36bd48-049a-4dab-8509-a149d1e775f0.jpg,train,data/images/fe36bd48-049a-4dab-8509-a149d1e775f0.jpg,ok,,1024,1024,RGB,JPEG
c2fe066a-a814-4744-a08e-5280d84d955d.jpg,train,data/images/c2fe066a-a814-4744-a08e-5280d84d955d.jpg,ok,,1024,1024,RGB,JPEG
ea6acf67-8ec0-429b-bf35-56acb288d51d.jpg,train,data/images/ea6acf67-8ec0-429b-bf35-56acb288d51d.jpg,ok,,1024,558,RGB,JPEG
95835f11-22c2-4e66-89b8-687f27b0e33a.jpg,train,data/images/95835f11-22c2-4e66-89b8-687f27b0e33a.jpg,ok,,1024,1024,RGB,JPEG
52016109-c8b3-49c6-a12a-cddd56eb1494.jpg,train,data/images/52016109-c8b3-49c6-a12a-cddd56eb1494.jpg,ok,,1024,1024,RGB,JPEG
c76a8ff9-1394-4e48-8cf8-1f8aa0c54494.jpg,train,data/images/c76a8ff9-1394-4e48-8cf8-1f8aa0c54494.jpg,ok,,1024,1024,RGB,JPEG
339b73ec-64d6-4f6c-bd01-72dda457479b.jpg,train,data/images/339b73ec-64d6-4f6c-bd01-72dda457479b.jpg,ok,,896,1195,RGB,JPEG
a4a202c0-8f44-40dd-9ff3-366a86aba350.jpg,train,data/images/a4a202c0-8f44-40dd-9ff3-366a86aba350.jpg,ok,,1024,1024,RGB,JPEG
c97c8357-7db8-428b-b47d-55d79c83a171.jpg,train,data/images/c97c8357-7db8-428b-b47d-55d79c83a171.jpg,ok,,1024,1024,RGB,JPEG
4b373ec3-aea2-4999-bf2a-61f8c26c69eb.jpg,train,data/images/4b373ec3-aea2-4999-bf2a-61f8c26c69eb.jpg,ok,,1195,896,RGB,JPEG
056cfde3-eb9f-4dc8-9c95-008ebb463bda.jpg,train,data/images/056cfde3-eb9f-4dc8-9c95-008ebb463bda.jpg,ok,,1024,1024,RGB,JPEG
35b57561-3ed8-424a-bf8a-e3ae9600cbdd.jpg,train,data/images/35b57561-3ed8-424a-bf8a-e3ae9600cbdd.jpg,ok,,1024,1024,RGB,JPEG
cc7b24e0-a08a-49be-83da-622a5c8edaf4.jpg,train,data/images/cc7b24e0-a08a-49be-83da-622a5c8edaf4.jpg,ok,,1024,1024,RGB,JPEG
b2c80a93-e96a-43cb-bc20-ecff4d7d8ba2.jpg,train,data/images/b2c80a93-e96a-43cb-bc20-ecff4d7d8ba2.jpg,ok,,896,1195,RGB,JPEG
08e221bc-8f00-4504-bb85-b0225bdfec64.jpg,train,data/images/08e221bc-8f00-4504-bb85-b0225bdfec64.jpg,ok,,1024,1024,RGB,JPEG
c4651197-0af0-48fd-bd4a-8b81605b5de9.jpg,train,data/images/c4651197-0af0-48fd-bd4a-8b81605b5de9.jpg,ok,,1195,896,RGB,JPEG
f4ec90ff-3af9-4282-b2cd-e3ccc1b1c29a.jpg,train,data/images/f4ec90ff-3af9-4282-b2cd-e3ccc1b1c29a.jpg,ok,,800,800,RGB,JPEG
c6b62efb-8eec-4fa1-8a55-3f52d4e4ef3e.jpg,train,data/images/c6b62efb-8eec-4fa1-8a55-3f52d4e4ef3e.jpg,ok,,1024,1024,RGB,JPEG
c1e9a224-3858-4b99-a1cc-1379c5187d6e.jpg,train,data/images/c1e9a224-3858-4b99-a1cc-1379c5187d6e.jpg,ok,,1024,1024,RGB,JPEG
9a7571c2-25c2-4059-a692-2bb11881e585.jpg,train,data/images/9a7571c2-25c2-4059-a692-2bb11881e585.jpg,ok,,1024,558,RGB,JPEG
9faaa5d1-539d-42d3-bb3d-924a3ace5b1b.jpg,train,data/images/9faaa5d1-539d-42d3-bb3d-924a3ace5b1b.jpg,ok,,1248,832,RGB,JPEG
fbee85ba-4761-4d34-ad18-fd182b1ccca4.jpg,train,data/images/fbee85ba-4761-4d34-ad18-fd182b1ccca4.jpg,ok,,1024,1024,RGB,JPEG
0bd0538c-4b29-4aff-b3e4-db97f9cf8fd1.jpg,train,data/images/0bd0538c-4b29-4aff-b3e4-db97f9cf8fd1.jpg,ok,,1024,1024,RGB,JPEG
ab8a79fc-2363-4286-ab28-6fec85771bf5.jpg,train,data/images/ab8a79fc-2363-4286-ab28-6fec85771bf5.jpg,ok,,1024,1024,RGB,JPEG
67f25428-2aad-45d2-bea2-7041cd121be6.jpg,train,data/images/67f25428-2aad-45d2-bea2-7041cd121be6.jpg,ok,,1024,1024,RGB,JPEG
03a30f35-3b79-4dd9-b23e-2fe16db2073c.jpg,train,data/images/03a30f35-3b79-4dd9-b23e-2fe16db2073c.jpg,ok,,1024,1280,RGB,JPEG
aabf97aa-1789-4b06-a9c2-d9662f54f90c.jpg,train,data/images/aabf97aa-1789-4b06-a9c2-d9662f54f90c.jpg,ok,,1024,1024,RGB,JPEG
52e0f517-974e-4cc4-bc1f-b4f83047fb45.jpg,train,data/images/52e0f517-974e-4cc4-bc1f-b4f83047fb45.jpg,ok,,1024,1024,RGB,JPEG
7c1bb5f6-a913-4a51-ae30-93c124ef1379.jpg,train,data/images/7c1bb5f6-a913-4a51-ae30-93c124ef1379.jpg,ok,,896,1195,RGB,JPEG
3d993e75-2376-4a17-8dab-a0885e9f72d9.jpg,train,data/images/3d993e75-2376-4a17-8dab-a0885e9f72d9.jpg,ok,,1024,1024,RGB,JPEG
6e8fb146-9aa5-48f1-83bb-f86760f59c07.jpg,train,data/images/6e8fb146-9aa5-48f1-83bb-f86760f59c07.jpg,ok,,1024,558,RGB,JPEG
43b59512-8e50-4ed8-8652-a25a2bec47d3.jpg,train,data/images/43b59512-8e50-4ed8-8652-a25a2bec47d3.jpg,ok,,1024,1024,RGB,JPEG
660d717c-a505-4f6b-810f-22069eb03bec.jpg,train,data/images/660d717c-a505-4f6b-810f-22069eb03bec.jpg,ok,,1024,1024,RGB,JPEG
d81bb4e9-477a-4813-8f2b-3eb315146f53.jpg,train,data/images/d81bb4e9-477a-4813-8f2b-3eb315146f53.jpg,ok,,896,1195,RGB,JPEG
88f374e1-f926-491c-9569-8f7d72d0d195.jpg,train,data/images/88f374e1-f926-491c-9569-8f7d72d0d195.jpg,ok,,1024,716,RGB,JPEG
14cd6f56-c576-4c45-b956-9e8ca2505bb6.jpg,train,data/images/14cd6f56-c576-4c45-b956-9e8ca2505bb6.jpg,ok,,896,1195,RGB,JPEG
930506c9-0c11-40e0-885b-db6cfc4d2501.jpg,train,data/images/930506c9-0c11-40e0-885b-db6cfc4d2501.jpg,ok,,896,1195,RGB,JPEG
580245f1-1e56-4c76-a31d-1838423b21fe.jpg,train,data/images/580245f1-1e56-4c76-a31d-1838423b21fe.jpg,ok,,1024,1024,RGB,JPEG
3bc576ba-38de-4c81-82e1-e56251086614.jpg,train,data/images/3bc576ba-38de-4c81-82e1-e56251086614.jpg,ok,,558,1024,RGB,JPEG
ba90b143-429f-4f06-acb1-53027bbc4358.jpg,train,data/images/ba90b143-429f-4f06-acb1-53027bbc4358.jpg,ok,,1024,1024,RGB,JPEG
1bb79979-fb4d-4724-8f91-7edd19cedc60.jpg,train,data/images/1bb79979-fb4d-4724-8f91-7edd19cedc60.jpg,ok,,1024,1024,RGB,JPEG
66b5186d-fd8c-4f3c-9fad-6fe063af2978.jpg,train,data/images/66b5186d-fd8c-4f3c-9fad-6fe063af2978.jpg,ok,,1024,1024,RGB,JPEG
0e1e2f0a-c485-4aa0-b72c-49b7bda68585.jpg,train,data/images/0e1e2f0a-c485-4aa0-b72c-49b7bda68585.jpg,ok,,1280,1024,RGB,JPEG
cb85738b-c1a8-42bc-ba0b-8dc69f8c6b99.jpg,train,data/images/cb85738b-c1a8-42bc-ba0b-8dc69f8c6b99.jpg,ok,,896,1195,RGB,JPEG
e86815be-5763-41b5-803f-94c3f849e148.jpg,train,data/images/e86815be-5763-41b5-803f-94c3f849e148.jpg,ok,,896,1195,RGB,JPEG
f56596cf-facc-4490-9af2-115ba02a40ce.jpg,train,data/images/f56596cf-facc-4490-9af2-115ba02a40ce.jpg,ok,,1024,1024,RGB,JPEG
7e5e21e2-c63a-440f-a688-e9ecb726a53d.jpg,train,data/images/7e5e21e2-c63a-440f-a688-e9ecb726a53d.jpg,ok,,896,1195,RGB,JPEG
598ac525-ad4f-4185-9859-bfa80e6e4e17.jpg,train,data/images/598ac525-ad4f-4185-9859-bfa80e6e4e17.jpg,ok,,1248,832,RGB,JPEG
53c45fb9-4b6d-4c51-98d8-f20bfe021348.jpg,train,data/images/53c45fb9-4b6d-4c51-98d8-f20bfe021348.jpg,ok,,1024,1024,RGB,JPEG
62de1b35-14cc-4850-b1c3-82754281f3d6.jpg,train,data/images/62de1b35-14cc-4850-b1c3-82754281f3d6.jpg,ok,,1024,1024,RGB,JPEG
378acedf-21ce-4bf6-a82b-e92461802774.jpg,train,data/images/378acedf-21ce-4bf6-a82b-e92461802774.jpg,ok,,1024,1024,RGB,JPEG
cfe6a5ba-b246-48e4-8232-2cff1a3deac9.jpg,train,data/images/cfe6a5ba-b246-48e4-8232-2cff1a3deac9.jpg,ok,,558,1024,RGB,JPEG
266983e5-627d-408f-bed7-9ea980ae6ed2.jpg,train,data/images/266983e5-627d-408f-bed7-9ea980ae6ed2.jpg,ok,,1248,832,RGB,JPEG
365a47f4-0182-4602-a002-f5e9bf04e6ca.jpg,train,data/images/365a47f4-0182-4602-a002-f5e9bf04e6ca.jpg,ok,,1024,1024,RGB,JPEG
85892144-4afa-4ade-aca7-0cecb973b5c8.jpg,train,data/images/85892144-4afa-4ade-aca7-0cecb973b5c8.jpg,ok,,1024,1024,RGB,JPEG
39f66b17-d5b9-475d-a82f-a0bc0f427463.jpg,train,data/images/39f66b17-d5b9-475d-a82f-a0bc0f427463.jpg,ok,,1024,1024,RGB,JPEG
331ce818-96aa-4397-87f9-434fbbda44f3.jpg,train,data/images/331ce818-96aa-4397-87f9-434fbbda44f3.jpg,ok,,400,300,RGB,JPEG
b13cfefe-1c9a-4de3-9a6a-ed59de932f60.jpg,train,data/images/b13cfefe-1c9a-4de3-9a6a-ed59de932f60.jpg,ok,,1024,716,RGB,JPEG
252bc972-b6d5-492d-867d-da6318fd5530.jpg,train,data/images/252bc972-b6d5-492d-867d-da6318fd5530.jpg,ok,,1024,1024,RGB,JPEG
8681bd82-df30-4203-86ba-9a0b5eca56d0.jpg,train,data/images/8681bd82-df30-4203-86ba-9a0b5eca56d0.jpg,ok,,1024,1024,RGB,JPEG
ace6f263-1113-46b5-a18b-25a354cdbebb.jpg,train,data/images/ace6f263-1113-46b5-a18b-25a354cdbebb.jpg,ok,,1024,1024,RGB,JPEG
8313c00a-8dbd-48b5-9e40-fc92cae4a0ab.jpg,train,data/images/8313c00a-8dbd-48b5-9e40-fc92cae4a0ab.jpg,ok,,1024,1024,RGB,JPEG
1d967bfa-89a7-4603-b08a-93199945c384.jpg,train,data/images/1d967bfa-89a7-4603-b08a-93199945c384.jpg,ok,,1024,1024,RGB,JPEG
56dde685-c72f-4421-bb0b-69cfc8d73722.jpg,train,data/images/56dde685-c72f-4421-bb0b-69cfc8d73722.jpg,ok,,1024,1024,RGB,JPEG
2b937c42-f4e8-4731-b37a-5b2ff2e9b356.jpg,train,data/images/2b937c42-f4e8-4731-b37a-5b2ff2e9b356.jpg,ok,,1024,1024,RGB,JPEG
c3cabff4-d544-4e4e-b328-5981e280530e.jpg,train,data/images/c3cabff4-d544-4e4e-b328-5981e280530e.jpg,ok,,1024,1024,RGB,JPEG
d7d3c16a-ead8-488f-8f05-2923efd7c869.jpg,train,data/images/d7d3c16a-ead8-488f-8f05-2923efd7c869.jpg,ok,,1000,1000,RGB,JPEG
e09a35ec-162d-4e47-be52-06ee35d56749.jpg,train,data/images/e09a35ec-162d-4e47-be52-06ee35d56749.jpg,ok,,1024,1024,RGB,JPEG
9c185b6a-82a7-48d8-91bb-fd3ff2505ab2.jpg,train,data/images/9c185b6a-82a7-48d8-91bb-fd3ff2505ab2.jpg,ok,,1248,832,RGB,JPEG
66f7bc14-241b-4fa9-ae5d-34a5fa5e4298.jpg,train,data/images/66f7bc14-241b-4fa9-ae5d-34a5fa5e4298.jpg,ok,,1195,896,RGB,JPEG
cf118353-2f59-440b-9268-b3d9b2ff04f0.jpg,train,data/images/cf118353-2f59-440b-9268-b3d9b2ff04f0.jpg,ok,,800,800,RGB,JPEG
2e325089-8304-46ff-9623-01fe9290873e.jpg,train,data/images/2e325089-8304-46ff-9623-01fe9290873e.jpg,ok,,2560,2560,RGB,JPEG
ba44d3f6-7b70-4d80-af7e-871efbf258a1.jpg,train,data/images/ba44d3f6-7b70-4d80-af7e-871efbf258a1.jpg,ok,,1879,2200,RGB,JPEG
790a03da-d45a-4a24-9e2f-81e11cc7ed92.jpg,train,data/images/790a03da-d45a-4a24-9e2f-81e11cc7ed92.jpg,ok,,1879,2200,RGB,JPEG
b99d39f7-f584-4877-a513-83bed0160c3e.jpg,train,data/images/b99d39f7-f584-4877-a513-83bed0160c3e.jpg,ok,,1024,971,RGB,JPEG
48f69519-35e8-4623-810f-19e9c88deb18.jpg,train,data/images/48f69519-35e8-4623-810f-19e9c88deb18.jpg,ok,,1195,896,RGB,JPEG
5d4765e2-7b92-4689-b56e-5524ef6dad6c.jpg,train,data/images/5d4765e2-7b92-4689-b56e-5524ef6dad6c.jpg,ok,,1024,1024,RGB,JPEG
dd674d0f-85d6-4139-9f09-6dc418b57798.jpg,train,data/images/dd674d0f-85d6-4139-9f09-6dc418b57798.jpg,ok,,1024,1024,RGB,JPEG
d21c1dbb-21c6-42b8-84ab-b73dc41bbdeb.jpg,train,data/images/d21c1dbb-21c6-42b8-84ab-b73dc41bbdeb.jpg,ok,,1024,1024,RGB,JPEG
c4e3a219-bf6f-4b62-baed-7284bf17f705.jpg,train,data/images/c4e3a219-bf6f-4b62-baed-7284bf17f705.jpg,ok,,1024,1280,RGB,JPEG
c867ef94-a7ab-43df-a911-15722300dc5a.jpg,train,data/images/c867ef94-a7ab-43df-a911-15722300dc5a.jpg,ok,,1024,1024,RGB,JPEG
327637bf-a262-426a-bae6-004213394784.jpg,train,data/images/327637bf-a262-426a-bae6-004213394784.jpg,ok,,1024,1024,RGB,JPEG
287acbd5-35c1-465a-9b1c-080efc345f1e.jpg,train,data/images/287acbd5-35c1-465a-9b1c-080efc345f1e.jpg,ok,,94,54,RGBA,PNG
3cc24737-2772-47b0-bcac-23943a14f849.jpg,train,data/images/3cc24737-2772-47b0-bcac-23943a14f849.jpg,ok,,1024,1024,RGB,JPEG
a9012cd8-6223-48db-8182-82ac862c1a33.jpg,train,data/images/a9012cd8-6223-48db-8182-82ac862c1a33.jpg,ok,,1195,896,RGB,JPEG
342226d4-7298-40fe-a6fb-ff38f5f05b93.jpg,train,data/images/342226d4-7298-40fe-a6fb-ff38f5f05b93.jpg,ok,,1024,1024,RGB,JPEG
bd362ad2-e0d9-4046-99db-44f4dfdf590b.jpg,train,data/images/bd362ad2-e0d9-4046-99db-44f4dfdf590b.jpg,ok,,1024,1024,RGB,JPEG
daae4627-3248-4d24-9811-ad4610acf27f.jpg,train,data/images/daae4627-3248-4d24-9811-ad4610acf27f.jpg,ok,,896,1195,RGB,JPEG
02c2a127-c46a-4c25-b8df-92bda3f97cb9.jpg,train,data/images/02c2a127-c46a-4c25-b8df-92bda3f97cb9.jpg,ok,,1024,1024,RGB,JPEG
c18635bc-bf11-4a18-954f-9752d117d333.jpg,train,data/images/c18635bc-bf11-4a18-954f-9752d117d333.jpg,ok,,1024,1024,RGB,JPEG
1ba293b0-ca6f-4d88-821f-f14bde38b3a8.jpg,train,data/images/1ba293b0-ca6f-4d88-821f-f14bde38b3a8.jpg,ok,,1024,1024,RGB,JPEG
5b79a0a8-c19b-4afa-84a3-86d2394bb843.jpg,train,data/images/5b79a0a8-c19b-4afa-84a3-86d2394bb843.jpg,ok,,896,1195,RGB,JPEG
ae6eda6d-006d-4ce8-a175-276ef6b84bcd.jpg,train,data/images/ae6eda6d-006d-4ce8-a175-276ef6b84bcd.jpg,ok,,1024,1024,RGB,JPEG
c9f0067a-6be1-4916-8584-33a497948ee8.jpg,train,data/images/c9f0067a-6be1-4916-8584-33a497948ee8.jpg,ok,,1024,1024,RGB,JPEG
36221a81-be19-404e-8ac9-f94f3b522cf9.jpg,train,data/images/36221a81-be19-404e-8ac9-f94f3b522cf9.jpg,ok,,1024,1024,RGB,JPEG
8eeed107-f89c-4bfc-a30a-df196b211e2d.jpg,train,data/images/8eeed107-f89c-4bfc-a30a-df196b211e2d.jpg,ok,,1024,1024,RGB,JPEG
0825ac7d-f9f9-4b4c-8129-91235a2f5809.jpg,train,data/images/0825ac7d-f9f9-4b4c-8129-91235a2f5809.jpg,ok,,1024,1024,RGB,JPEG
ee58cea4-635c-4dba-a63b-94d66f876e6c.jpg,train,data/images/ee58cea4-635c-4dba-a63b-94d66f876e6c.jpg,ok,,1024,1024,RGB,JPEG
45af86c9-5c59-423f-827a-c67fff3e117b.jpg,train,data/images/45af86c9-5c59-423f-827a-c67fff3e117b.jpg,ok,,1024,1024,RGB,JPEG
29422c50-3438-4926-bdcb-0f3caa9d0b3f.jpg,train,data/images/29422c50-3438-4926-bdcb-0f3caa9d0b3f.jpg,ok,,1024,1024,RGB,JPEG
fc0057fd-a417-403e-ae18-1fff860699f0.jpg,train,data/images/fc0057fd-a417-403e-ae18-1fff860699f0.jpg,ok,,1024,558,RGB,JPEG
cc972846-455d-463a-9aae-90974c06d784.jpg,train,data/images/cc972846-455d-463a-9aae-90974c06d784.jpg,ok,,1024,1024,RGB,JPEG
1d7108b0-3720-4ae4-8393-d21ac26bff55.jpg,train,data/images/1d7108b0-3720-4ae4-8393-d21ac26bff55.jpg,ok,,558,1024,RGB,JPEG
ba56ab37-df8d-43d8-8287-28a6825f36b5.jpg,train,data/images/ba56ab37-df8d-43d8-8287-28a6825f36b5.jpg,ok,,1024,1024,RGB,JPEG
228a92b6-9152-48a2-928e-cde1a2d6e9fb.jpg,train,data/images/228a92b6-9152-48a2-928e-cde1a2d6e9fb.jpg,ok,,1024,1024,RGB,JPEG
e5b15425-6ed4-4591-8784-011ef16b6cfb.jpg,train,data/images/e5b15425-6ed4-4591-8784-011ef16b6cfb.jpg,ok,,1024,1024,RGB,JPEG
3cbc2ca3-d9cb-4f5a-bf30-5c3898ad4351.jpg,train,data/images/3cbc2ca3-d9cb-4f5a-bf30-5c3898ad4351.jpg,ok,,1024,558,RGB,JPEG
b8dd5504-2e43-4b20-810b-015aeaf92207.jpg,train,data/images/b8dd5504-2e43-4b20-810b-015aeaf92207.jpg,ok,,1024,1024,RGB,JPEG
fcc9791e-1083-4d28-907c-bebd3047b614.jpg,train,data/images/fcc9791e-1083-4d28-907c-bebd3047b614.jpg,ok,,1248,832,RGB,JPEG
0e96e304-9483-4ea3-bc33-7d046801c1ad.jpg,train,data/images/0e96e304-9483-4ea3-bc33-7d046801c1ad.jpg,ok,,400,300,RGB,JPEG
fce62a8f-7c86-44f7-823f-5cde18fdb4aa.jpg,train,data/images/fce62a8f-7c86-44f7-823f-5cde18fdb4aa.jpg,ok,,1024,1024,RGB,JPEG
ab044281-69cf-4821-87ce-74f56c2690df.jpg,train,data/images/ab044281-69cf-4821-87ce-74f56c2690df.jpg,ok,,1195,896,RGB,JPEG
a01c7460-29f9-40ba-9a27-66bd61306fa8.jpg,train,data/images/a01c7460-29f9-40ba-9a27-66bd61306fa8.jpg,ok,,896,1195,RGB,JPEG
641aeec9-23fe-4665-b675-0eb4bf981853.jpg,train,data/images/641aeec9-23fe-4665-b675-0eb4bf981853.jpg,ok,,896,1195,RGB,JPEG
2f171443-a984-4cf3-9cd8-a368f55a0ab2.jpg,train,data/images/2f171443-a984-4cf3-9cd8-a368f55a0ab2.jpg,ok,,1024,1024,RGB,JPEG
f9d70cf6-ffda-43b1-a5b6-71dda8707223.jpg,train,data/images/f9d70cf6-ffda-43b1-a5b6-71dda8707223.jpg,ok,,1024,1024,RGB,JPEG
ea67ff96-b9a8-4956-b737-8f9d5644721f.jpg,train,data/images/ea67ff96-b9a8-4956-b737-8f9d5644721f.jpg,ok,,1024,558,RGB,JPEG
601c6532-7231-49e8-a4fe-3e06b4b85b84.jpg,train,data/images/601c6532-7231-49e8-a4fe-3e06b4b85b84.jpg,ok,,1024,1024,RGB,JPEG
8a22e646-c4e2-4f20-b58e-7229d280a235.jpg,train,data/images/8a22e646-c4e2-4f20-b58e-7229d280a235.jpg,ok,,1024,1280,RGB,JPEG
48680433-637d-4455-b2f0-959c0cda06ae.jpg,train,data/images/48680433-637d-4455-b2f0-959c0cda06ae.jpg,ok,,1024,1024,RGB,JPEG
4566e8e4-184a-4fb3-9cc1-309d1cc2c955.jpg,train,data/images/4566e8e4-184a-4fb3-9cc1-309d1cc2c955.jpg,ok,,1024,558,RGB,JPEG
a2ae3b67-a2f3-4fa3-9c59-9c4599f24833.jpg,train,data/images/a2ae3b67-a2f3-4fa3-9c59-9c4599f24833.jpg,ok,,1195,896,RGB,JPEG
736e3fe3-e01f-4d60-b709-259a4440d877.jpg,train,data/images/736e3fe3-e01f-4d60-b709-259a4440d877.jpg,ok,,1195,896,RGB,JPEG
58cbe3f3-b2b1-4c21-95ba-ba3f58dc0459.jpg,train,data/images/58cbe3f3-b2b1-4c21-95ba-ba3f58dc0459.jpg,ok,,896,1195,RGB,JPEG
4dab0da6-5aa8-4093-a836-bbb6e5aafd33.jpg,train,data/images/4dab0da6-5aa8-4093-a836-bbb6e5aafd33.jpg,ok,,1248,832,RGB,JPEG
6a2cd2ec-e5d0-4339-8c7b-57ab4798d3eb.jpg,train,data/images/6a2cd2ec-e5d0-4339-8c7b-57ab4798d3eb.jpg,ok,,1024,1024,RGB,JPEG
aa4d0b6b-d068-4df2-b7e0-f6e5d29c5b8b.jpg,train,data/images/aa4d0b6b-d068-4df2-b7e0-f6e5d29c5b8b.jpg,ok,,1024,1024,RGB,JPEG
727307c2-b203-449e-a5d5-54d0eb159ed2.jpg,train,data/images/727307c2-b203-449e-a5d5-54d0eb159ed2.jpg,ok,,1024,1024,RGB,JPEG
6eb8924e-76c1-41f3-b231-9cd6b2a9531e.jpg,train,data/images/6eb8924e-76c1-41f3-b231-9cd6b2a9531e.jpg,ok,,1024,1024,RGB,JPEG
343e33ed-a1d2-469b-be2c-7a4d6bb657de.jpg,train,data/images/343e33ed-a1d2-469b-be2c-7a4d6bb657de.jpg,ok,,1024,1024,RGB,JPEG
91d267db-535f-45ba-9cf8-0882e17f619c.jpg,train,data/images/91d267db-535f-45ba-9cf8-0882e17f619c.jpg,ok,,1749,1749,RGB,JPEG
0cbf5c6d-bacb-4561-9a26-d98a3458bb77.jpg,train,data/images/0cbf5c6d-bacb-4561-9a26-d98a3458bb77.jpg,ok,,896,1195,RGB,JPEG
5ebca025-d66e-43ed-bdce-721b5a2e609c.jpg,train,data/images/5ebca025-d66e-43ed-bdce-721b5a2e609c.jpg,ok,,832,1248,RGB,JPEG
e36c6aab-13ad-479f-b333-e75b3fb4aded.jpg,train,data/images/e36c6aab-13ad-479f-b333-e75b3fb4aded.jpg,ok,,1024,1024,RGB,JPEG
86c1cfbb-ac5b-4687-9d7e-764ee32058bf.jpg,train,data/images/86c1cfbb-ac5b-4687-9d7e-764ee32058bf.jpg,ok,,1024,558,RGB,JPEG
b33f6caf-67b6-46a4-8d7a-f5d184964d32.jpg,train,data/images/b33f6caf-67b6-46a4-8d7a-f5d184964d32.jpg,ok,,1195,896,RGB,JPEG
4cae4d38-0b53-404e-bf59-d5131dd78d1e.jpg,train,data/images/4cae4d38-0b53-404e-bf59-d5131dd78d1e.jpg,ok,,1024,1024,RGB,JPEG
b3325f16-a68b-4cee-9419-c515edaeb156.jpg,train,data/images/b3325f16-a68b-4cee-9419-c515edaeb156.jpg,ok,,1195,896,RGB,JPEG
dba61650-16f8-4901-ba3c-31d8035f256b.jpg,train,data/images/dba61650-16f8-4901-ba3c-31d8035f256b.jpg,ok,,1024,1024,RGB,JPEG
47676892-c213-46dd-8d45-3e8636a7a33c.jpg,train,data/images/47676892-c213-46dd-8d45-3e8636a7a33c.jpg,ok,,832,1248,RGB,JPEG
20dcdc2f-a866-4981-9394-c8f9a1ffab0b.jpg,train,data/images/20dcdc2f-a866-4981-9394-c8f9a1ffab0b.jpg,ok,,1024,1024,RGB,JPEG
15010d7d-cc3c-4ec1-94a1-7a05957b1648.jpg,train,data/images/15010d7d-cc3c-4ec1-94a1-7a05957b1648.jpg,ok,,2560,2560,RGB,JPEG
3241bd58-0237-44ac-b77e-aea82a8f86af.jpg,train,data/images/3241bd58-0237-44ac-b77e-aea82a8f86af.jpg,ok,,1024,716,RGB,JPEG
c370332b-d65d-486e-8007-699a5f74ed45.jpg,train,data/images/c370332b-d65d-486e-8007-699a5f74ed45.jpg,ok,,1195,896,RGB,JPEG
59ec99e9-a05a-4824-8e81-52d4e18bcec2.jpg,train,data/images/59ec99e9-a05a-4824-8e81-52d4e18bcec2.jpg,ok,,896,1195,RGB,JPEG
4e5bc9a4-316e-4785-a9a2-ef54ac85cfb7.jpg,train,data/images/4e5bc9a4-316e-4785-a9a2-ef54ac85cfb7.jpg,ok,,2347,2269,RGB,JPEG
fdda1fb2-b07a-4b83-9883-a504e2a23207.jpg,train,data/images/fdda1fb2-b07a-4b83-9883-a504e2a23207.jpg,ok,,1024,1024,RGB,JPEG
27229ab1-60f2-443d-8332-5fc94d703b8b.jpg,train,data/images/27229ab1-60f2-443d-8332-5fc94d703b8b.jpg,ok,,1248,832,RGB,JPEG
7ed680b8-8428-49a0-b86c-4a148b76ff4e.jpg,train,data/images/7ed680b8-8428-49a0-b86c-4a148b76ff4e.jpg,ok,,1024,1024,RGB,JPEG
92f70597-574f-4c31-9e8c-b219685e18f7.jpg,train,data/images/92f70597-574f-4c31-9e8c-b219685e18f7.jpg,ok,,1024,1024,RGB,JPEG
60a38fa6-7220-47ca-97a7-ceacd81a3169.jpg,train,data/images/60a38fa6-7220-47ca-97a7-ceacd81a3169.jpg,ok,,1024,558,RGB,JPEG
b2723bc7-f038-4259-9860-af097b27eb95.jpg,train,data/images/b2723bc7-f038-4259-9860-af097b27eb95.jpg,ok,,1195,896,RGB,JPEG
e67ad0a1-7f1c-43df-b1ab-3c74385e6ba7.jpg,train,data/images/e67ad0a1-7f1c-43df-b1ab-3c74385e6ba7.jpg,ok,,400,300,RGB,JPEG
878819c6-f104-46e9-bceb-7bcb905cb3ca.jpg,train,data/images/878819c6-f104-46e9-bceb-7bcb905cb3ca.jpg,ok,,1024,1024,RGB,JPEG
18a7d0f1-74c1-453e-a24e-3832f292ed7b.jpg,train,data/images/18a7d0f1-74c1-453e-a24e-3832f292ed7b.jpg,ok,,1440,1080,RGB,JPEG
d947af65-3c14-4e55-b358-67b9b2dbb037.jpg,train,data/images/d947af65-3c14-4e55-b358-67b9b2dbb037.jpg,ok,,832,1248,RGB,JPEG
5d5d257c-26d9-46c0-8602-07c7f6b9b264.jpg,train,data/images/5d5d257c-26d9-46c0-8602-07c7f6b9b264.jpg,ok,,832,1248,RGB,JPEG
7f5437cd-592d-4e4c-99b9-fbf71704b798.jpg,train,data/images/7f5437cd-592d-4e4c-99b9-fbf71704b798.jpg,ok,,1024,1024,RGB,JPEG
104e4760-f9cc-4898-bcba-429c4ebbeff6.jpg,train,data/images/104e4760-f9cc-4898-bcba-429c4ebbeff6.jpg,ok,,1224,1632,RGB,JPEG
1c191983-fc01-4a75-ae73-d91581557dca.jpg,train,data/images/1c191983-fc01-4a75-ae73-d91581557dca.jpg,ok,,1024,716,RGB,JPEG
beeef7bd-9927-4c8b-bf98-8e032d6ef91d.jpg,train,data/images/beeef7bd-9927-4c8b-bf98-8e032d6ef91d.jpg,ok,,832,1248,RGB,JPEG
ccde1c96-e530-4d45-97dd-ed37adf8c560.jpg,train,data/images/ccde1c96-e530-4d45-97dd-ed37adf8c560.jpg,ok,,558,1024,RGB,JPEG
987f342c-fc6e-42d6-a3b7-234d12329b8d.jpg,train,data/images/987f342c-fc6e-42d6-a3b7-234d12329b8d.jpg,ok,,1024,1024,RGB,JPEG
7a4c80a7-619e-41f2-a5ad-2231eae33fe8.jpg,train,data/images/7a4c80a7-619e-41f2-a5ad-2231eae33fe8.jpg,ok,,1024,1024,RGB,JPEG
a43c3e17-052c-473f-a69e-cdf4f009b603.jpg,train,data/images/a43c3e17-052c-473f-a69e-cdf4f009b603.jpg,ok,,1024,1024,RGB,JPEG
082cd980-284e-41dc-96e0-9c09cbfc880d.jpg,train,data/images/082cd980-284e-41dc-96e0-9c09cbfc880d.jpg,ok,,1024,1024,RGB,JPEG
c37217ef-8f42-43f1-b17c-e95fa7593337.jpg,train,data/images/c37217ef-8f42-43f1-b17c-e95fa7593337.jpg,ok,,1024,1024,RGB,JPEG
fbbc528d-d69e-431a-a9bc-0978d101d10e.jpg,train,data/images/fbbc528d-d69e-431a-a9bc-0978d101d10e.jpg,ok,,1024,1024,RGB,JPEG
05d8ecb5-80f1-42c2-991a-f9e04f42553e.jpg,train,data/images/05d8ecb5-80f1-42c2-991a-f9e04f42553e.jpg,ok,,1567,200,RGB,JPEG
6b06510e-a9cc-46d4-9a65-f085f2c9d580.jpg,train,data/images/6b06510e-a9cc-46d4-9a65-f085f2c9d580.jpg,ok,,1024,1024,RGB,JPEG
72253ea5-52c0-46fb-b68b-4db31f538caa.jpg,train,data/images/72253ea5-52c0-46fb-b68b-4db31f538caa.jpg,ok,,1024,1024,RGB,JPEG
0537a4b5-ebf1-463b-9b27-b7583e191f2c.jpg,train,data/images/0537a4b5-ebf1-463b-9b27-b7583e191f2c.jpg,ok,,558,1024,RGB,JPEG
f146b3c7-6fb9-4973-844f-71c62b477d77.jpg,train,data/images/f146b3c7-6fb9-4973-844f-71c62b477d77.jpg,ok,,896,1195,RGB,JPEG
11d3625c-22d3-44fc-a58d-3f5ff98709a6.jpg,train,data/images/11d3625c-22d3-44fc-a58d-3f5ff98709a6.jpg,ok,,896,1195,RGB,JPEG
b5612e40-7c2e-4acc-a7b9-09a263c65463.jpg,train,data/images/b5612e40-7c2e-4acc-a7b9-09a263c65463.jpg,ok,,832,1248,RGB,JPEG
ad7652a6-e728-4a13-a036-6cf0920163bd.jpg,train,data/images/ad7652a6-e728-4a13-a036-6cf0920163bd.jpg,ok,,1024,716,RGB,JPEG
31d9a6cb-9307-4117-bbbd-95155d5938ac.jpg,train,data/images/31d9a6cb-9307-4117-bbbd-95155d5938ac.jpg,ok,,1024,1024,RGB,JPEG
b89dc2be-cd2f-4fb6-8ce1-d37fd8cbd580.jpg,train,data/images/b89dc2be-cd2f-4fb6-8ce1-d37fd8cbd580.jpg,ok,,558,1024,RGB,JPEG
edcae207-dc2d-4c97-8227-0cfd1ad8b260.jpg,train,data/images/edcae207-dc2d-4c97-8227-0cfd1ad8b260.jpg,ok,,896,1195,RGB,JPEG
7a41ad39-1bbb-4e7d-895b-6f4728f06b53.jpg,train,data/images/7a41ad39-1bbb-4e7d-895b-6f4728f06b53.jpg,ok,,1024,1024,RGB,JPEG
805378ff-a4e5-4974-94f3-4d20d166d73d.jpg,train,data/images/805378ff-a4e5-4974-94f3-4d20d166d73d.jpg,ok,,1024,1024,RGB,JPEG
0e0d9599-22c7-47c1-8b62-a1211a6afc67.jpg,train,data/images/0e0d9599-22c7-47c1-8b62-a1211a6afc67.jpg,ok,,1024,1024,RGB,JPEG
05235a71-51fc-4ae2-ae07-db6f278d34d3.jpg,train,data/images/05235a71-51fc-4ae2-ae07-db6f278d34d3.jpg,ok,,1024,716,RGB,JPEG
d86039a7-e136-4123-9ffb-ed8955257695.jpg,train,data/images/d86039a7-e136-4123-9ffb-ed8955257695.jpg,ok,,832,1248,RGB,JPEG
90f1f2e2-5b1e-4800-90bf-a1eb8e5de6b6.jpg,train,data/images/90f1f2e2-5b1e-4800-90bf-a1eb8e5de6b6.jpg,ok,,896,1195,RGB,JPEG
7892dcfa-f4e0-4f44-824c-81498233b406.jpg,train,data/images/7892dcfa-f4e0-4f44-824c-81498233b406.jpg,ok,,1024,1024,RGB,JPEG
df51bca9-4e5c-4509-aff7-76b499049358.jpg,train,data/images/df51bca9-4e5c-4509-aff7-76b499049358.jpg,ok,,1024,1024,RGB,JPEG
a6efafe8-8216-4746-9f4e-86955dc6b69d.jpg,train,data/images/a6efafe8-8216-4746-9f4e-86955dc6b69d.jpg,ok,,896,1195,RGB,JPEG
255baed3-ad99-4cc4-8206-8a8b4e62d2ea.jpg,train,data/images/255baed3-ad99-4cc4-8206-8a8b4e62d2ea.jpg,ok,,896,1195,RGB,JPEG
92e3f1a4-629f-4a14-bf49-6fb0844622b9.jpg,train,data/images/92e3f1a4-629f-4a14-bf49-6fb0844622b9.jpg,ok,,964,1514,RGB,JPEG
f2713b64-fdd1-4359-9ea8-77d9b9e61b77.jpg,train,data/images/f2713b64-fdd1-4359-9ea8-77d9b9e61b77.jpg,ok,,896,1195,RGB,JPEG
4cf1d6a5-8639-42df-9403-03b371fcd138.jpg,train,data/images/4cf1d6a5-8639-42df-9403-03b371fcd138.jpg,ok,,1024,716,RGB,JPEG
77c81186-0115-4e2e-b782-cba7680ef609.jpg,train,data/images/77c81186-0115-4e2e-b782-cba7680ef609.jpg,ok,,1024,1024,RGB,JPEG
5a5f349a-1fd4-4fe0-8882-544d21ff3c0b.jpg,train,data/images/5a5f349a-1fd4-4fe0-8882-544d21ff3c0b.jpg,ok,,1024,716,RGB,JPEG
af43ec63-80bc-4b5f-9389-faff7d2e317d.jpg,train,data/images/af43ec63-80bc-4b5f-9389-faff7d2e317d.jpg,ok,,1248,832,RGB,JPEG
c4435160-9883-4d00-816b-43881e88d9cc.jpg,train,data/images/c4435160-9883-4d00-816b-43881e88d9cc.jpg,ok,,400,300,RGB,JPEG
0b9c1e08-d55c-48d3-99b3-d1ef4e3573d6.jpg,train,data/images/0b9c1e08-d55c-48d3-99b3-d1ef4e3573d6.jpg,ok,,1024,1024,RGB,JPEG
4bda0f0a-7ff9-4de2-959d-6a412ac1b65c.jpg,train,data/images/4bda0f0a-7ff9-4de2-959d-6a412ac1b65c.jpg,ok,,1024,1024,RGB,JPEG
436bdc08-8a71-41e8-9f93-870d49e26f8c.jpg,train,data/images/436bdc08-8a71-41e8-9f93-870d49e26f8c.jpg,ok,,832,1248,RGB,JPEG
8e89395a-40d4-428a-9675-510e64b84708.jpg,train,data/images/8e89395a-40d4-428a-9675-510e64b84708.jpg,ok,,1195,896,RGB,JPEG
0c578d4e-893e-4050-9441-03c642545de1.jpg,train,data/images/0c578d4e-893e-4050-9441-03c642545de1.jpg,ok,,1024,1024,RGB,JPEG
aae3c37b-2417-4b52-954f-c9889f8c46ed.jpg,train,data/images/aae3c37b-2417-4b52-954f-c9889f8c46ed.jpg,ok,,1024,1024,RGB,JPEG
ad46be48-e819-4512-828e-de02e0f7051b.jpg,train,data/images/ad46be48-e819-4512-828e-de02e0f7051b.jpg,ok,,1195,896,RGB,JPEG
524e309f-3357-48a5-8d67-6e3385714ed4.jpg,train,data/images/524e309f-3357-48a5-8d67-6e3385714ed4.jpg,ok,,1024,558,RGB,JPEG
db439b70-5b21-4c37-a2e2-91af5889205b.jpg,train,data/images/db439b70-5b21-4c37-a2e2-91af5889205b.jpg,ok,,896,1195,RGB,JPEG
d617cdc4-3b3f-45eb-9478-b45546486035.jpg,train,data/images/d617cdc4-3b3f-45eb-9478-b45546486035.jpg,ok,,896,1195,RGB,JPEG
b2d4ec81-f1bb-48e0-99f0-98498879a84d.jpg,train,data/images/b2d4ec81-f1bb-48e0-99f0-98498879a84d.jpg,ok,,558,1024,RGB,JPEG
c5f91aff-9f60-483d-be47-1ce1fdc6d419.jpg,train,data/images/c5f91aff-9f60-483d-be47-1ce1fdc6d419.jpg,ok,,1024,1024,RGB,JPEG
1636bc73-6a4a-4f0a-970c-ae220aaa10fa.jpg,train,data/images/1636bc73-6a4a-4f0a-970c-ae220aaa10fa.jpg,ok,,832,1248,RGB,JPEG
3f030815-0bdd-45f5-8ca3-e9d2462e85d4.jpg,train,data/images/3f030815-0bdd-45f5-8ca3-e9d2462e85d4.jpg,ok,,558,1024,RGB,JPEG
594ce897-e18b-4ff1-8d3b-e48fb114a84e.jpg,train,data/images/594ce897-e18b-4ff1-8d3b-e48fb114a84e.jpg,ok,,832,1248,RGB,JPEG
9901d195-43ce-4221-94ae-91aa81d02493.jpg,train,data/images/9901d195-43ce-4221-94ae-91aa81d02493.jpg,ok,,1024,1024,RGB,JPEG
40ed10a8-358b-4986-aca4-4dca1a8cc587.jpg,train,data/images/40ed10a8-358b-4986-aca4-4dca1a8cc587.jpg,ok,,1500,1500,RGB,JPEG
5325464d-ad87-49d3-89b9-a4a102d4a707.jpg,train,data/images/5325464d-ad87-49d3-89b9-a4a102d4a707.jpg,ok,,1024,1024,RGB,JPEG
018fc466-1c3e-4c23-a227-c58b529c418a.jpg,train,data/images/018fc466-1c3e-4c23-a227-c58b529c418a.jpg,ok,,1024,558,RGB,JPEG
b47ac82c-253a-4b94-8102-ad30129411a4.jpg,train,data/images/b47ac82c-253a-4b94-8102-ad30129411a4.jpg,ok,,1024,1024,RGB,JPEG
4d72fc10-c00c-4f90-80c2-873eb5fe520c.jpg,train,data/images/4d72fc10-c00c-4f90-80c2-873eb5fe520c.jpg,ok,,896,1195,RGB,JPEG
0023fb84-baee-4ae7-b63b-fe4b67afff15.jpg,train,data/images/0023fb84-baee-4ae7-b63b-fe4b67afff15.jpg,ok,,1024,1024,RGB,JPEG
5faf9058-16b8-4383-99f8-660c4fe1c637.jpg,train,data/images/5faf9058-16b8-4383-99f8-660c4fe1c637.jpg,ok,,1024,1024,RGB,JPEG
2fe50242-57f1-4169-aeb3-918338b4411e.jpg,train,data/images/2fe50242-57f1-4169-aeb3-918338b4411e.jpg,ok,,1024,1024,RGB,JPEG
07c42d67-2d7b-475d-a91e-dc93fe665b58.jpg,train,data/images/07c42d67-2d7b-475d-a91e-dc93fe665b58.jpg,ok,,1024,1024,RGB,JPEG
0126b3d6-7319-474e-83fd-5fbacf8c0aaa.jpg,train,data/images/0126b3d6-7319-474e-83fd-5fbacf8c0aaa.jpg,ok,,1024,1024,RGB,JPEG
6e02e0ce-783d-4405-8902-bf05aeeb605f.jpg,train,data/images/6e02e0ce-783d-4405-8902-bf05aeeb605f.jpg,ok,,1195,896,RGB,JPEG
93b89d86-5775-4b5a-9616-e16915e3081d.jpg,train,data/images/93b89d86-5775-4b5a-9616-e16915e3081d.jpg,ok,,1248,832,RGB,JPEG
9fd5347a-ddb1-4481-acc1-f37e874670e5.jpg,train,data/images/9fd5347a-ddb1-4481-acc1-f37e874670e5.jpg,ok,,1024,1024,RGB,JPEG
afa9e4f8-72a1-48e2-bc00-aa3f643ee719.jpg,train,data/images/afa9e4f8-72a1-48e2-bc00-aa3f643ee719.jpg,ok,,1280,1024,RGB,JPEG
eb442ec1-b697-4887-b790-921c1cc53ae6.jpg,train,data/images/eb442ec1-b697-4887-b790-921c1cc53ae6.jpg,ok,,1195,896,RGB,JPEG
a4d8aae7-a695-47e6-99f5-c38091d27cac.jpg,train,data/images/a4d8aae7-a695-47e6-99f5-c38091d27cac.jpg,ok,,1024,1024,RGB,JPEG
7c8efca1-d971-4c56-b3b8-51246792da92.jpg,train,data/images/7c8efca1-d971-4c56-b3b8-51246792da92.jpg,ok,,832,1248,RGB,JPEG
97cf3b3b-80f7-4b3a-b29d-fe0d613d2f74.jpg,train,data/images/97cf3b3b-80f7-4b3a-b29d-fe0d613d2f74.jpg,ok,,1024,1024,RGB,JPEG
5e3e23f6-8edd-41d5-8a77-cf3169444148.jpg,train,data/images/5e3e23f6-8edd-41d5-8a77-cf3169444148.jpg,ok,,800,800,RGB,JPEG
ab01a36b-d343-4236-ab38-27583a22d9b7.jpg,train,data/images/ab01a36b-d343-4236-ab38-27583a22d9b7.jpg,ok,,1248,832,RGB,JPEG
26c7f0bd-4027-4284-9b34-76c6e4c7340e.jpg,train,data/images/26c7f0bd-4027-4284-9b34-76c6e4c7340e.jpg,ok,,1248,832,RGB,JPEG
adfd80ef-a0fc-4d9d-b48a-fae1a8ee354d.jpg,train,data/images/adfd80ef-a0fc-4d9d-b48a-fae1a8ee354d.jpg,ok,,1024,1024,RGB,JPEG
bf3a8059-20d8-4735-b8a1-39b974141d82.jpg,train,data/images/bf3a8059-20d8-4735-b8a1-39b974141d82.jpg,ok,,1024,1024,RGB,JPEG
69d5b35d-71e4-44ba-996f-87c0ebf62e58.jpg,train,data/images/69d5b35d-71e4-44ba-996f-87c0ebf62e58.jpg,ok,,1024,1024,RGB,JPEG
78dea620-a2a4-4644-bcc0-84c6b80e9a97.jpg,train,data/images/78dea620-a2a4-4644-bcc0-84c6b80e9a97.jpg,ok,,1024,1024,RGB,JPEG
396f96d7-f05e-415d-9107-f2202ebdb62b.jpg,train,data/images/396f96d7-f05e-415d-9107-f2202ebdb62b.jpg,ok,,1024,1024,RGB,JPEG
45767dd4-4f1d-4011-ba73-097b75df7991.jpg,train,data/images/45767dd4-4f1d-4011-ba73-097b75df7991.jpg,ok,,1656,2208,RGB,JPEG
6d6c05b7-6cc3-4899-945e-10919f5589df.jpg,train,data/images/6d6c05b7-6cc3-4899-945e-10919f5589df.jpg,ok,,1024,1024,RGB,JPEG
f4665bc7-c947-42bb-86fe-171795e4a307.jpg,train,data/images/f4665bc7-c947-42bb-86fe-171795e4a307.jpg,ok,,1195,896,RGB,JPEG
e8808e66-455d-4b91-a5bc-a8e08ac3f8fe.jpg,train,data/images/e8808e66-455d-4b91-a5bc-a8e08ac3f8fe.jpg,ok,,1024,1024,RGB,JPEG
168b4694-2fb2-4c63-9bc5-4af404f5a33a.jpg,train,data/images/168b4694-2fb2-4c63-9bc5-4af404f5a33a.jpg,ok,,400,400,RGB,JPEG
2d4ae2f6-b4de-4fa4-b09e-aae70f7fc6b8.jpg,train,data/images/2d4ae2f6-b4de-4fa4-b09e-aae70f7fc6b8.jpg,ok,,1024,1280,RGB,JPEG
3747dcc7-7030-4b02-8bfb-f450b45ca06b.jpg,train,data/images/3747dcc7-7030-4b02-8bfb-f450b45ca06b.jpg,ok,,1024,1024,RGB,JPEG
b2d695d7-19b6-4022-84e9-9dde0bae0f94.jpg,train,data/images/b2d695d7-19b6-4022-84e9-9dde0bae0f94.jpg,ok,,1195,896,RGB,JPEG
712a3e7d-b3c4-4d91-ab64-c26118f8a5b0.jpg,train,data/images/712a3e7d-b3c4-4d91-ab64-c26118f8a5b0.jpg,ok,,896,1195,RGB,JPEG
2f6c2882-3d4d-4873-804b-a6705cd27ae0.jpg,train,data/images/2f6c2882-3d4d-4873-804b-a6705cd27ae0.jpg,ok,,1280,960,RGB,JPEG
a0696850-0b42-4519-93a3-130e5a924716.jpg,train,data/images/a0696850-0b42-4519-93a3-130e5a924716.jpg,ok,,896,1195,RGB,JPEG
88719913-4509-4c55-8d5c-321fff6d5559.jpg,train,data/images/88719913-4509-4c55-8d5c-321fff6d5559.jpg,ok,,832,1248,RGB,JPEG
969059e2-88cd-48bc-a4f5-563751aa615d.jpg,train,data/images/969059e2-88cd-48bc-a4f5-563751aa615d.jpg,ok,,1195,896,RGB,JPEG
45d83f45-c045-48bc-81f5-a3bfc21f9ac1.jpg,train,data/images/45d83f45-c045-48bc-81f5-a3bfc21f9ac1.jpg,ok,,1024,716,RGB,JPEG
7a9ad7f4-8fc8-417d-bdff-17fe6fd57aed.jpg,train,data/images/7a9ad7f4-8fc8-417d-bdff-17fe6fd57aed.jpg,ok,,1024,1024,RGB,JPEG
01ce133a-e6f0-455e-9991-dee5f710d50b.jpg,train,data/images/01ce133a-e6f0-455e-9991-dee5f710d50b.jpg,ok,,1024,1024,RGB,JPEG
eebf87e8-20a8-4cd9-b00f-5d3b348d8b89.jpg,train,data/images/eebf87e8-20a8-4cd9-b00f-5d3b348d8b89.jpg,ok,,1024,1024,RGB,JPEG
351f3d7d-3393-47ba-862b-b0ec1f9d7b02.jpg,train,data/images/351f3d7d-3393-47ba-862b-b0ec1f9d7b02.jpg,ok,,1024,558,RGB,JPEG
4e2b5786-fc63-4482-8a94-b3fcfb0f3990.jpg,train,data/images/4e2b5786-fc63-4482-8a94-b3fcfb0f3990.jpg,ok,,1248,832,RGB,JPEG
2c63d038-bb57-466a-87c5-05fe94f80d1c.jpg,train,data/images/2c63d038-bb57-466a-87c5-05fe94f80d1c.jpg,ok,,1024,1024,RGB,JPEG
4781993b-aeb0-4994-bd0a-be7fa2c303fd.jpg,train,data/images/4781993b-aeb0-4994-bd0a-be7fa2c303fd.jpg,ok,,1024,1024,RGB,JPEG
3c09f1d6-9edd-4e9e-b1c2-9b9e2bb2f3d2.jpg,train,data/images/3c09f1d6-9edd-4e9e-b1c2-9b9e2bb2f3d2.jpg,ok,,1024,1280,RGB,JPEG
8544a71f-f76e-4d30-8bff-8525670914fe.jpg,train,data/images/8544a71f-f76e-4d30-8bff-8525670914fe.jpg,ok,,1024,1024,RGB,JPEG
6555923c-b8bf-455d-8920-e6ae837ca2dd.jpg,train,data/images/6555923c-b8bf-455d-8920-e6ae837ca2dd.jpg,ok,,1248,832,RGB,JPEG
2c170199-b653-49ef-8f67-31237b21f080.jpg,train,data/images/2c170199-b653-49ef-8f67-31237b21f080.jpg,ok,,896,1195,RGB,JPEG
81e650b4-2f0f-4fcc-99bf-754b21800441.jpg,train,data/images/81e650b4-2f0f-4fcc-99bf-754b21800441.jpg,ok,,1195,896,RGB,JPEG
5a08b991-629c-4ee8-bb36-a392d277a0be.jpg,train,data/images/5a08b991-629c-4ee8-bb36-a392d277a0be.jpg,ok,,1024,740,RGB,JPEG
159feb19-1152-4e49-a3ee-03310ba54a14.jpg,train,data/images/159feb19-1152-4e49-a3ee-03310ba54a14.jpg,ok,,1024,1024,RGB,JPEG
d1cb89e5-521b-45fc-8868-ab57c02d3aa3.jpg,train,data/images/d1cb89e5-521b-45fc-8868-ab57c02d3aa3.jpg,ok,,1024,1024,RGB,JPEG
85422da8-9876-43ff-874c-fef57dcc54b7.jpg,train,data/images/85422da8-9876-43ff-874c-fef57dcc54b7.jpg,ok,,1024,1024,RGB,JPEG
ff365183-848b-4b2a-90f9-03d2ea2d3eb5.jpg,train,data/images/ff365183-848b-4b2a-90f9-03d2ea2d3eb5.jpg,ok,,896,1195,RGB,JPEG
fb908017-cecb-41a7-9658-033ef01fe280.jpg,train,data/images/fb908017-cecb-41a7-9658-033ef01fe280.jpg,ok,,1024,1024,RGB,JPEG
eb06f4cb-3880-4669-b8cb-f3080cf3ed3f.jpg,train,data/images/eb06f4cb-3880-4669-b8cb-f3080cf3ed3f.jpg,ok,,1024,1024,RGB,JPEG
84fd11fe-24d9-4e88-9aa0-70093311476e.jpg,train,data/images/84fd11fe-24d9-4e88-9aa0-70093311476e.jpg,ok,,1024,1024,RGB,JPEG
a016fa53-cb71-41a4-8046-60217a05f33d.jpg,train,data/images/a016fa53-cb71-41a4-8046-60217a05f33d.jpg,ok,,896,1195,RGB,JPEG
c534e0b0-ae19-4af7-b943-1a4ca0f52095.jpg,train,data/images/c534e0b0-ae19-4af7-b943-1a4ca0f52095.jpg,ok,,896,1195,RGB,JPEG
03d2c1e8-9a69-4971-a6c3-46473b78c50c.jpg,train,data/images/03d2c1e8-9a69-4971-a6c3-46473b78c50c.jpg,ok,,1024,1024,RGB,JPEG
8ff788a6-7836-49c8-abf1-10c7e95a9bec.jpg,train,data/images/8ff788a6-7836-49c8-abf1-10c7e95a9bec.jpg,ok,,1024,1024,RGB,JPEG
d239b7d3-2428-4c97-967e-be2d7f64fe4b.jpg,train,data/images/d239b7d3-2428-4c97-967e-be2d7f64fe4b.jpg,ok,,896,1195,RGB,JPEG
6fab79e6-1966-4760-af70-717e28938315.jpg,train,data/images/6fab79e6-1966-4760-af70-717e28938315.jpg,ok,,1024,1024,RGB,JPEG
61444089-80ad-420d-bcf4-f84ae6b430e8.jpg,train,data/images/61444089-80ad-420d-bcf4-f84ae6b430e8.jpg,ok,,1248,832,RGB,JPEG
c33c7097-8803-4e3b-a87e-2d18f2c88fb5.jpg,train,data/images/c33c7097-8803-4e3b-a87e-2d18f2c88fb5.jpg,ok,,1024,1024,RGB,JPEG
827c2842-f013-4d69-b9fb-e4e4829cfa1c.jpg,train,data/images/827c2842-f013-4d69-b9fb-e4e4829cfa1c.jpg,ok,,1024,1024,RGB,JPEG
511ba0e7-09be-48f0-8cc6-6e2bd73a8cdd.jpg,train,data/images/511ba0e7-09be-48f0-8cc6-6e2bd73a8cdd.jpg,ok,,1024,1024,RGB,JPEG
14be87ee-3587-4ae3-95cc-f8e9a65c5cc6.jpg,train,data/images/14be87ee-3587-4ae3-95cc-f8e9a65c5cc6.jpg,ok,,1248,832,RGB,JPEG
3ef3c3d7-f8ab-4626-b1d4-729044210dfb.jpg,train,data/images/3ef3c3d7-f8ab-4626-b1d4-729044210dfb.jpg,ok,,1024,1024,RGB,JPEG
abbade29-c54f-41fe-a8f8-2500a8820358.jpg,train,data/images/abbade29-c54f-41fe-a8f8-2500a8820358.jpg,ok,,1024,1024,RGB,JPEG
4fddefbc-671b-4b3d-92a0-bbd23694a804.jpg,train,data/images/4fddefbc-671b-4b3d-92a0-bbd23694a804.jpg,ok,,832,1248,RGB,JPEG
4ba3cf16-c775-4e00-9d61-c70ec6ae552b.jpg,train,data/images/4ba3cf16-c775-4e00-9d61-c70ec6ae552b.jpg,ok,,1024,1024,RGB,JPEG
4f499ded-95a1-41f0-94c9-1f498b435a81.jpg,train,data/images/4f499ded-95a1-41f0-94c9-1f498b435a81.jpg,ok,,1024,1024,RGB,JPEG
a6354108-dc14-4c61-9835-3034edbc985c.jpg,train,data/images/a6354108-dc14-4c61-9835-3034edbc985c.jpg,ok,,1024,1024,RGB,JPEG
47d4858d-deb5-4254-a239-862999952756.jpg,train,data/images/47d4858d-deb5-4254-a239-862999952756.jpg,ok,,1024,1024,RGB,JPEG
a7d9d36f-cbd9-486a-9b35-1e2d3f43c557.jpg,train,data/images/a7d9d36f-cbd9-486a-9b35-1e2d3f43c557.jpg,ok,,1024,1024,RGB,JPEG
c5590f1e-9ceb-4509-9375-f2a0b2e3ea8e.jpg,train,data/images/c5590f1e-9ceb-4509-9375-f2a0b2e3ea8e.jpg,ok,,1024,1024,RGB,JPEG
4e80c5b5-e7e1-4818-bea7-dd0c428ed335.jpg,train,data/images/4e80c5b5-e7e1-4818-bea7-dd0c428ed335.jpg,ok,,1024,716,RGB,JPEG
75b66b47-ff2a-4094-841b-72e2a9a39197.jpg,train,data/images/75b66b47-ff2a-4094-841b-72e2a9a39197.jpg,ok,,1248,832,RGB,JPEG
2f547ffe-bd45-425f-89e8-777f38715b06.jpg,train,data/images/2f547ffe-bd45-425f-89e8-777f38715b06.jpg,ok,,164,164,RGBA,PNG
82850c87-1fd8-46ad-9b1e-d8c7f33a5207.jpg,train,data/images/82850c87-1fd8-46ad-9b1e-d8c7f33a5207.jpg,ok,,1024,558,RGB,JPEG
67cd8ad9-8640-4a18-9e7d-a79afaf48e68.jpg,train,data/images/67cd8ad9-8640-4a18-9e7d-a79afaf48e68.jpg,ok,,896,1195,RGB,JPEG
42b5b288-fa0a-46fc-942e-e73caa34088d.jpg,train,data/images/42b5b288-fa0a-46fc-942e-e73caa34088d.jpg,ok,,832,1248,RGB,JPEG
82a42977-9b1c-4432-992f-3b024da0c000.jpg,train,data/images/82a42977-9b1c-4432-992f-3b024da0c000.jpg,ok,,1024,1024,RGB,JPEG
30c5744d-04fa-4a5f-851d-041af7a34386.jpg,train,data/images/30c5744d-04fa-4a5f-851d-041af7a34386.jpg,ok,,1024,1024,RGB,JPEG
fc9fdb05-5c19-4e60-ade2-263021b8dbd2.jpg,train,data/images/fc9fdb05-5c19-4e60-ade2-263021b8dbd2.jpg,ok,,1024,1024,RGB,JPEG
34ca3a3a-4e7b-474f-906d-bf6ec99a72af.jpg,train,data/images/34ca3a3a-4e7b-474f-906d-bf6ec99a72af.jpg,ok,,1024,1024,RGB,JPEG
05c0d2e9-f1dd-41ca-87ac-a7f32a1553b0.jpg,train,data/images/05c0d2e9-f1dd-41ca-87ac-a7f32a1553b0.jpg,ok,,1024,1024,RGB,JPEG
02acd34e-410c-421b-9f28-9bafdaa14776.jpg,train,data/images/02acd34e-410c-421b-9f28-9bafdaa14776.jpg,ok,,1344,756,RGB,JPEG
ebcfcadd-c045-4923-8b08-f899d617f681.jpg,train,data/images/ebcfcadd-c045-4923-8b08-f899d617f681.jpg,ok,,1024,1024,RGB,JPEG
a9675541-cc56-49a4-8430-60db82888b15.jpg,train,data/images/a9675541-cc56-49a4-8430-60db82888b15.jpg,ok,,832,1248,RGB,JPEG
c2be9548-667b-49ac-be48-223e1dc833a5.jpg,train,data/images/c2be9548-667b-49ac-be48-223e1dc833a5.jpg,ok,,1024,1024,RGB,JPEG
57e3a9d0-f8b7-4a81-8020-4b1c61fc9b46.jpg,train,data/images/57e3a9d0-f8b7-4a81-8020-4b1c61fc9b46.jpg,ok,,1024,1024,RGB,JPEG
ebaf6a77-ffd6-42db-92ed-38445a130e2e.jpg,train,data/images/ebaf6a77-ffd6-42db-92ed-38445a130e2e.jpg,ok,,1024,1024,RGB,JPEG
c0b1b813-d618-4799-bc42-4ce0832a0024.jpg,train,data/images/c0b1b813-d618-4799-bc42-4ce0832a0024.jpg,ok,,1280,1024,RGB,JPEG
5adb9398-528a-4f1e-8fcc-c4ec86686f95.jpg,train,data/images/5adb9398-528a-4f1e-8fcc-c4ec86686f95.jpg,ok,,832,1248,RGB,JPEG
98f6232f-5400-4ae1-be95-8cc8b6162d58.jpg,train,data/images/98f6232f-5400-4ae1-be95-8cc8b6162d58.jpg,ok,,1024,1024,RGB,JPEG
d8fe26a8-33b6-4df1-bd63-2532736f2ced.jpg,train,data/images/d8fe26a8-33b6-4df1-bd63-2532736f2ced.jpg,ok,,1024,716,RGB,JPEG
8fc8d230-ede4-4804-9b8f-34403b9f789b.jpg,train,data/images/8fc8d230-ede4-4804-9b8f-34403b9f789b.jpg,ok,,1024,1024,RGB,JPEG
041316fd-bc56-4e7c-97a4-c977f855864e.jpg,train,data/images/041316fd-bc56-4e7c-97a4-c977f855864e.jpg,ok,,832,1248,RGB,JPEG
50a6140a-5bf4-4843-ab02-04c78bfe49df.jpg,train,data/images/50a6140a-5bf4-4843-ab02-04c78bfe49df.jpg,ok,,1195,896,RGB,JPEG
19854089-118c-49a5-bc58-67e6df1fbbc1.jpg,train,data/images/19854089-118c-49a5-bc58-67e6df1fbbc1.jpg,ok,,1024,1024,RGB,JPEG
3765aa31-f7c6-4086-8eba-c37e703ca453.jpg,train,data/images/3765aa31-f7c6-4086-8eba-c37e703ca453.jpg,ok,,1024,558,RGB,JPEG
a2b13d8d-d30d-4ed8-8fdc-e0764ed21b38.jpg,train,data/images/a2b13d8d-d30d-4ed8-8fdc-e0764ed21b38.jpg,ok,,1024,1024,RGB,JPEG
9e4ed229-4347-404a-828f-f026698fe5db.jpg,train,data/images/9e4ed229-4347-404a-828f-f026698fe5db.jpg,ok,,1024,716,RGB,JPEG
f30433cf-412e-4632-bd18-286613707ab2.jpg,train,data/images/f30433cf-412e-4632-bd18-286613707ab2.jpg,ok,,896,1195,RGB,JPEG
66223d19-32d0-4b2d-b3fc-5deee260e3ef.jpg,train,data/images/66223d19-32d0-4b2d-b3fc-5deee260e3ef.jpg,ok,,1024,1024,RGB,JPEG
ed4ec4f9-d40f-46fc-8ec2-a1c1446cc36d.jpg,train,data/images/ed4ec4f9-d40f-46fc-8ec2-a1c1446cc36d.jpg,ok,,1024,1024,RGB,JPEG
45e9ba01-1731-44d1-b1f0-b6ee392c290b.jpg,train,data/images/45e9ba01-1731-44d1-b1f0-b6ee392c290b.jpg,ok,,1024,1024,RGB,JPEG
f8139596-3a57-4a85-990f-1ea7b3f41862.jpg,train,data/images/f8139596-3a57-4a85-990f-1ea7b3f41862.jpg,ok,,1024,558,RGB,JPEG
ccd5cb75-4585-400c-a710-84fd6c3def61.jpg,train,data/images/ccd5cb75-4585-400c-a710-84fd6c3def61.jpg,ok,,1024,1024,RGB,JPEG
0013a9a6-a0f7-4ecb-9165-3bf63ea66e6f.jpg,train,data/images/0013a9a6-a0f7-4ecb-9165-3bf63ea66e6f.jpg,ok,,1024,904,RGB,JPEG
5afbb17c-779a-4e8f-b77e-3d5f6d057b91.jpg,train,data/images/5afbb17c-779a-4e8f-b77e-3d5f6d057b91.jpg,ok,,1195,896,RGB,JPEG
2cfa1221-3566-4328-a9bd-942fa33f4062.jpg,train,data/images/2cfa1221-3566-4328-a9bd-942fa33f4062.jpg,ok,,750,1000,RGB,JPEG
1b7ad561-21e5-452a-a15c-5ad2a457891b.jpg,train,data/images/1b7ad561-21e5-452a-a15c-5ad2a457891b.jpg,ok,,1024,1024,RGB,JPEG
1088565f-a507-4207-a606-bf98f9982ad5.jpg,train,data/images/1088565f-a507-4207-a606-bf98f9982ad5.jpg,ok,,400,300,RGB,JPEG
8483cc69-66a4-48ed-8b72-73b37db2e496.jpg,train,data/images/8483cc69-66a4-48ed-8b72-73b37db2e496.jpg,ok,,1024,1024,RGB,JPEG
2871550b-5f54-4e71-9d11-993538aefedc.jpg,train,data/images/2871550b-5f54-4e71-9d11-993538aefedc.jpg,ok,,1024,1024,RGB,JPEG
c0379034-ce3b-46f8-8577-4f14b0f3d3ef.jpg,train,data/images/c0379034-ce3b-46f8-8577-4f14b0f3d3ef.jpg,ok,,1248,832,RGB,JPEG
35d110cb-9177-4c5d-bdf4-5eb6b98149a4.jpg,train,data/images/35d110cb-9177-4c5d-bdf4-5eb6b98149a4.jpg,ok,,1024,1024,RGB,JPEG
24ae1de0-7f43-4714-bc58-c3939b7519ff.jpg,train,data/images/24ae1de0-7f43-4714-bc58-c3939b7519ff.jpg,ok,,896,1195,RGB,JPEG
2562300f-d637-4dfe-955a-960dc731e01c.jpg,train,data/images/2562300f-d637-4dfe-955a-960dc731e01c.jpg,ok,,1024,1024,RGB,JPEG
5eb6e4a3-5def-4593-929e-7e1ad0683991.jpg,train,data/images/5eb6e4a3-5def-4593-929e-7e1ad0683991.jpg,ok,,896,1195,RGB,JPEG
a3db3a1e-02b6-4912-bf9b-16460f73a024.jpg,train,data/images/a3db3a1e-02b6-4912-bf9b-16460f73a024.jpg,ok,,1024,1024,RGB,JPEG
222b6e4e-e92f-406c-af0f-b0993c2216be.jpg,train,data/images/222b6e4e-e92f-406c-af0f-b0993c2216be.jpg,ok,,2560,1628,RGB,JPEG
ab41f63d-c1dc-4b18-b87d-8dc71493cfab.jpg,train,data/images/ab41f63d-c1dc-4b18-b87d-8dc71493cfab.jpg,ok,,832,1248,RGB,JPEG
b9daeab8-06bd-4b09-b77c-9ca9bea961b8.jpg,train,data/images/b9daeab8-06bd-4b09-b77c-9ca9bea961b8.jpg,ok,,1024,1024,RGB,JPEG
1150ae7b-64c4-44ad-8062-3245b6715755.jpg,train,data/images/1150ae7b-64c4-44ad-8062-3245b6715755.jpg,ok,,896,1195,RGB,JPEG
d017d369-c45e-48a4-b5f5-d4f82c0ade8b.jpg,train,data/images/d017d369-c45e-48a4-b5f5-d4f82c0ade8b.jpg,ok,,1024,1024,RGB,JPEG
20aa3e51-f4a4-490e-860c-51f1ecfda156.jpg,train,data/images/20aa3e51-f4a4-490e-860c-51f1ecfda156.jpg,ok,,1024,1024,RGB,JPEG
e0acb422-9983-49fb-982a-9630bda5dbf8.jpg,train,data/images/e0acb422-9983-49fb-982a-9630bda5dbf8.jpg,ok,,1024,1024,RGB,JPEG
22af25ca-faf5-4346-a4ae-492682a53354.jpg,train,data/images/22af25ca-faf5-4346-a4ae-492682a53354.jpg,ok,,1024,716,RGB,JPEG
bfaf780e-3635-4547-b3bd-b39243275c99.jpg,train,data/images/bfaf780e-3635-4547-b3bd-b39243275c99.jpg,ok,,1024,1024,RGB,JPEG
b2ff5bf7-8526-44c8-a0b8-e41ff891938a.jpg,train,data/images/b2ff5bf7-8526-44c8-a0b8-e41ff891938a.jpg,ok,,1024,1024,RGB,JPEG
d26eeed3-98e4-46ed-a436-4c424ec10bf0.jpg,train,data/images/d26eeed3-98e4-46ed-a436-4c424ec10bf0.jpg,ok,,1024,1024,RGB,JPEG
592a1c9e-b614-4b0d-b1c6-f851d38db856.jpg,train,data/images/592a1c9e-b614-4b0d-b1c6-f851d38db856.jpg,ok,,1024,1024,RGB,JPEG
ca38f013-e41c-475e-b338-bd74acebe25b.jpg,train,data/images/ca38f013-e41c-475e-b338-bd74acebe25b.jpg,ok,,558,1024,RGB,JPEG
748e7ea2-48e7-4371-96a9-b793e00cbe0a.jpg,train,data/images/748e7ea2-48e7-4371-96a9-b793e00cbe0a.jpg,ok,,896,1195,RGB,JPEG
c3638304-7b39-4f8d-8571-3ddfaa04a723.jpg,train,data/images/c3638304-7b39-4f8d-8571-3ddfaa04a723.jpg,ok,,896,1195,RGB,JPEG
9c950c72-a9ca-40e1-90dd-6dc7e5a61112.jpg,train,data/images/9c950c72-a9ca-40e1-90dd-6dc7e5a61112.jpg,ok,,1024,1024,RGB,JPEG
ac3c54aa-77a6-42bd-ab22-94e5009fc60d.jpg,train,data/images/ac3c54aa-77a6-42bd-ab22-94e5009fc60d.jpg,ok,,1024,716,RGB,JPEG
a0fa343e-0f21-4c2b-8083-abebd8aab322.jpg,train,data/images/a0fa343e-0f21-4c2b-8083-abebd8aab322.jpg,ok,,1024,1024,RGB,JPEG
ef8f77c8-0cbc-4c69-8ef0-016eae016d93.jpg,train,data/images/ef8f77c8-0cbc-4c69-8ef0-016eae016d93.jpg,ok,,832,1248,RGB,JPEG
549c86ee-b694-4206-93bc-d2f0b189f429.jpg,train,data/images/549c86ee-b694-4206-93bc-d2f0b189f429.jpg,ok,,1024,1024,RGB,JPEG
5a54ab35-c910-40d4-8dce-ab432d4bfa68.jpg,train,data/images/5a54ab35-c910-40d4-8dce-ab432d4bfa68.jpg,ok,,1024,1024,RGB,JPEG
8732ab13-f1b4-4984-9911-d971cdbe9882.jpg,train,data/images/8732ab13-f1b4-4984-9911-d971cdbe9882.jpg,ok,,1024,1024,RGB,JPEG
a74f616d-82cb-45a5-b8c6-32316f52b511.jpg,train,data/images/a74f616d-82cb-45a5-b8c6-32316f52b511.jpg,ok,,896,1195,RGB,JPEG
bfbd6153-4d04-461f-9c1a-fd937068713e.jpg,train,data/images/bfbd6153-4d04-461f-9c1a-fd937068713e.jpg,ok,,1024,1024,RGB,JPEG
2c17b399-958c-4a9c-abc7-49c176101668.jpg,train,data/images/2c17b399-958c-4a9c-abc7-49c176101668.jpg,ok,,1024,558,RGB,JPEG
7c19ee8c-7ec5-40f6-b272-131881b451eb.jpg,train,data/images/7c19ee8c-7ec5-40f6-b272-131881b451eb.jpg,ok,,400,264,RGB,JPEG
b45f269c-128a-4dab-87ef-767403161693.jpg,train,data/images/b45f269c-128a-4dab-87ef-767403161693.jpg,ok,,1024,1024,RGB,JPEG
d6294e4e-dbfd-4c82-8090-c7951fb4963e.jpg,train,data/images/d6294e4e-dbfd-4c82-8090-c7951fb4963e.jpg,ok,,1024,1024,RGB,JPEG
40d40563-1e65-4654-89f3-0fd24e8b8b00.jpg,train,data/images/40d40563-1e65-4654-89f3-0fd24e8b8b00.jpg,ok,,1024,1024,RGB,JPEG
f6362e7d-40c9-42d1-a152-70a48e76a70a.jpg,train,data/images/f6362e7d-40c9-42d1-a152-70a48e76a70a.jpg,ok,,1024,1024,RGB,JPEG
32f1985a-2e87-446d-bfbd-639d18510e06.jpg,train,data/images/32f1985a-2e87-446d-bfbd-639d18510e06.jpg,ok,,1024,716,RGB,JPEG
6856fd59-15b4-4da4-a471-d3658767de14.jpg,train,data/images/6856fd59-15b4-4da4-a471-d3658767de14.jpg,ok,,1248,832,RGB,JPEG
911fa005-0fb2-4913-b201-e5da743e617a.jpg,train,data/images/911fa005-0fb2-4913-b201-e5da743e617a.jpg,ok,,896,1195,RGB,JPEG
cfb545f4-a73b-47a2-a228-432ac12afa6d.jpg,train,data/images/cfb545f4-a73b-47a2-a228-432ac12afa6d.jpg,ok,,1024,1024,RGB,JPEG
7df9b0cc-6fc9-4917-8a03-dc49e62f773e.jpg,train,data/images/7df9b0cc-6fc9-4917-8a03-dc49e62f773e.jpg,ok,,1024,1024,RGB,JPEG
5cdbe3b4-bb20-4c34-879f-5f587f861475.jpg,train,data/images/5cdbe3b4-bb20-4c34-879f-5f587f861475.jpg,ok,,575,1024,RGB,JPEG
71c663f8-7f32-42ad-a6ef-83ecc622caae.jpg,train,data/images/71c663f8-7f32-42ad-a6ef-83ecc622caae.jpg,ok,,1024,1024,RGB,JPEG
9152d485-661c-49bb-83ad-618fea90da8c.jpg,train,data/images/9152d485-661c-49bb-83ad-618fea90da8c.jpg,ok,,1024,1024,RGB,JPEG
c0e44333-519e-4aed-a287-346e337e1307.jpg,train,data/images/c0e44333-519e-4aed-a287-346e337e1307.jpg,ok,,1024,1024,RGB,JPEG
c8449d96-ce7c-4d62-95bc-ecc0bf28623b.jpg,train,data/images/c8449d96-ce7c-4d62-95bc-ecc0bf28623b.jpg,ok,,496,500,RGB,JPEG
40efcccb-6d2f-4499-8109-d57080dfb135.jpg,train,data/images/40efcccb-6d2f-4499-8109-d57080dfb135.jpg,ok,,1195,896,RGB,JPEG
412f3da7-ea07-4399-920d-14c7455bcf05.jpg,train,data/images/412f3da7-ea07-4399-920d-14c7455bcf05.jpg,ok,,832,1248,RGB,JPEG
35d980c5-4f32-4138-987e-44ffd532fc75.jpg,train,data/images/35d980c5-4f32-4138-987e-44ffd532fc75.jpg,ok,,1024,1024,RGB,JPEG
703fb076-7712-4b3a-9000-9bac94ed5428.jpg,train,data/images/703fb076-7712-4b3a-9000-9bac94ed5428.jpg,ok,,1024,1024,RGB,JPEG
ec5fc960-b1b9-4096-bc63-0924c419c41f.jpg,train,data/images/ec5fc960-b1b9-4096-bc63-0924c419c41f.jpg,ok,,1024,716,RGB,JPEG
cb01a545-4169-4fc8-8c53-0fd77ebfb2f4.jpg,train,data/images/cb01a545-4169-4fc8-8c53-0fd77ebfb2f4.jpg,ok,,1024,1024,RGB,JPEG
03e7d7e2-b00b-40e6-aa25-8afdabcdf242.jpg,train,data/images/03e7d7e2-b00b-40e6-aa25-8afdabcdf242.jpg,ok,,1024,716,RGB,JPEG
b9c230d5-4693-44df-ac04-3ad860fd50a5.jpg,train,data/images/b9c230d5-4693-44df-ac04-3ad860fd50a5.jpg,ok,,1024,1024,RGB,JPEG
4eadb131-ec27-4d97-a470-d316a49635a7.jpg,train,data/images/4eadb131-ec27-4d97-a470-d316a49635a7.jpg,ok,,1024,716,RGB,JPEG
0e10059e-670c-4b46-940c-bc8ff1b6a79c.jpg,train,data/images/0e10059e-670c-4b46-940c-bc8ff1b6a79c.jpg,ok,,1024,1024,RGB,JPEG
9cbecdbd-f0c5-43de-8dd6-1659fc7f33b8.jpg,train,data/images/9cbecdbd-f0c5-43de-8dd6-1659fc7f33b8.jpg,ok,,1195,896,RGB,JPEG
189e6fd7-b0e5-4f3d-a09e-6bfc3c03fc72.jpg,train,data/images/189e6fd7-b0e5-4f3d-a09e-6bfc3c03fc72.jpg,ok,,1024,1024,RGB,JPEG
5854efcf-d292-4c18-8021-a57da6d9adde.jpg,train,data/images/5854efcf-d292-4c18-8021-a57da6d9adde.jpg,ok,,1024,1024,RGB,JPEG
19a49cc0-b962-4dad-9bbd-3c1e8073f138.jpg,train,data/images/19a49cc0-b962-4dad-9bbd-3c1e8073f138.jpg,ok,,1024,1024,RGB,JPEG
99cd2c04-d015-4f67-81e9-3debf17443c1.jpg,train,data/images/99cd2c04-d015-4f67-81e9-3debf17443c1.jpg,ok,,1024,1024,RGB,JPEG
79cdf9f1-8f42-49a5-8d19-9ccefa723f07.jpg,train,data/images/79cdf9f1-8f42-49a5-8d19-9ccefa723f07.jpg,ok,,1024,1024,RGB,JPEG
fbdc14a3-ead7-4a24-8c57-d9327bc8feb0.jpg,train,data/images/fbdc14a3-ead7-4a24-8c57-d9327bc8feb0.jpg,ok,,1024,1024,RGB,JPEG
43b5b9fa-1a76-4e44-a0b7-046684e16322.jpg,train,data/images/43b5b9fa-1a76-4e44-a0b7-046684e16322.jpg,ok,,1024,1024,RGB,JPEG
8eeeb3b9-1a84-4dc7-9827-e583e94b83b8.jpg,train,data/images/8eeeb3b9-1a84-4dc7-9827-e583e94b83b8.jpg,ok,,1024,1024,RGB,JPEG
a13e3c38-b065-4c05-ae21-8ae6ab908d3b.jpg,train,data/images/a13e3c38-b065-4c05-ae21-8ae6ab908d3b.jpg,ok,,896,1195,RGB,JPEG
e53cdbcf-a54b-4fbc-b12e-55369ec2ae1f.jpg,train,data/images/e53cdbcf-a54b-4fbc-b12e-55369ec2ae1f.jpg,ok,,1024,558,RGB,JPEG
39879caf-3642-476d-977f-3f7bac070eeb.jpg,train,data/images/39879caf-3642-476d-977f-3f7bac070eeb.jpg,ok,,1024,1024,RGB,JPEG
425293cf-e8df-439c-a97d-013855f06863.jpg,train,data/images/425293cf-e8df-439c-a97d-013855f06863.jpg,ok,,1879,2200,RGB,JPEG
7632128f-2c68-4a49-bb58-68ecad17d2aa.jpg,train,data/images/7632128f-2c68-4a49-bb58-68ecad17d2aa.jpg,ok,,1024,558,RGB,JPEG
b45f2183-ce59-4d2a-b0b5-5e9348575019.jpg,train,data/images/b45f2183-ce59-4d2a-b0b5-5e9348575019.jpg,ok,,1024,1024,RGB,JPEG
611b8c38-fc7e-4dd4-b08d-3d126e8ddc88.jpg,train,data/images/611b8c38-fc7e-4dd4-b08d-3d126e8ddc88.jpg,ok,,500,375,RGB,JPEG
8cb98578-a1fd-480f-a873-bbb899a88758.jpg,train,data/images/8cb98578-a1fd-480f-a873-bbb899a88758.jpg,ok,,1024,558,RGB,JPEG
c6ddf117-9f42-43f2-8dd3-471293046e08.jpg,train,data/images/c6ddf117-9f42-43f2-8dd3-471293046e08.jpg,ok,,1024,1024,RGB,JPEG
3cb3a0ca-d4da-4408-96e5-ccb565c74ef1.jpg,train,data/images/3cb3a0ca-d4da-4408-96e5-ccb565c74ef1.jpg,ok,,1248,832,RGB,JPEG
85743a5a-34c4-4920-a6bb-6d0f9f429b25.jpg,train,data/images/85743a5a-34c4-4920-a6bb-6d0f9f429b25.jpg,ok,,1024,558,RGB,JPEG
967bf491-a9f3-4162-a32b-d48b17c58752.jpg,train,data/images/967bf491-a9f3-4162-a32b-d48b17c58752.jpg,ok,,558,1024,RGB,JPEG
c8de4344-524b-408f-9205-504a58c98afa.jpg,train,data/images/c8de4344-524b-408f-9205-504a58c98afa.jpg,ok,,1024,1024,RGB,JPEG
aa6337db-d1ab-4715-b28e-6522adcc7f8d.jpg,train,data/images/aa6337db-d1ab-4715-b28e-6522adcc7f8d.jpg,ok,,1248,832,RGB,JPEG
9bcba614-6399-4eee-9d3b-62be2a1035b5.jpg,train,data/images/9bcba614-6399-4eee-9d3b-62be2a1035b5.jpg,ok,,1024,558,RGB,JPEG
0ca5c492-b2d6-49d6-983a-146b450a3805.jpg,train,data/images/0ca5c492-b2d6-49d6-983a-146b450a3805.jpg,ok,,1024,1024,RGB,JPEG
2cfaf045-f882-4efa-9223-1b00babb5661.jpg,train,data/images/2cfaf045-f882-4efa-9223-1b00babb5661.jpg,ok,,1024,1024,RGB,JPEG
9a7db30d-c695-4b3f-9786-1bd0519a143d.jpg,train,data/images/9a7db30d-c695-4b3f-9786-1bd0519a143d.jpg,ok,,1195,896,RGB,JPEG
2222151d-50a7-4953-813a-b5752543f7fb.jpg,train,data/images/2222151d-50a7-4953-813a-b5752543f7fb.jpg,ok,,1024,1024,RGB,JPEG
fa59e7d2-6b19-4661-b385-0687a969d83a.jpg,train,data/images/fa59e7d2-6b19-4661-b385-0687a969d83a.jpg,ok,,1024,1024,RGB,JPEG
188de3d2-c186-4f28-9157-c50c405925fe.jpg,train,data/images/188de3d2-c186-4f28-9157-c50c405925fe.jpg,ok,,1024,1024,RGB,JPEG
e6b414b1-ae6c-4c6c-a94b-42bc9414ac9a.jpg,train,data/images/e6b414b1-ae6c-4c6c-a94b-42bc9414ac9a.jpg,ok,,1024,1024,RGB,JPEG
2d2c34cf-ee6a-4508-978d-7aa921e29d2f.jpg,train,data/images/2d2c34cf-ee6a-4508-978d-7aa921e29d2f.jpg,ok,,1024,1024,RGB,JPEG
1a0e7e49-9277-4e77-9c1f-f3b1f70c8032.jpg,train,data/images/1a0e7e49-9277-4e77-9c1f-f3b1f70c8032.jpg,ok,,1024,1024,RGB,JPEG
8ad9146e-e059-4ee7-a750-5187c0526ecd.jpg,train,data/images/8ad9146e-e059-4ee7-a750-5187c0526ecd.jpg,ok,,1024,1024,RGB,JPEG
21ed2880-c693-4bde-86e6-726827cab280.jpg,train,data/images/21ed2880-c693-4bde-86e6-726827cab280.jpg,ok,,1024,1024,RGB,JPEG
c1c5dbce-1a69-4b75-90a9-6eb9c565f621.jpg,train,data/images/c1c5dbce-1a69-4b75-90a9-6eb9c565f621.jpg,ok,,558,1024,RGB,JPEG
84210fb3-4538-42a9-be40-ebecd05d9571.jpg,train,data/images/84210fb3-4538-42a9-be40-ebecd05d9571.jpg,ok,,1024,1024,RGB,JPEG
945844b7-7e77-45da-8b6f-395e9d8598ed.jpg,train,data/images/945844b7-7e77-45da-8b6f-395e9d8598ed.jpg,ok,,1024,1024,RGB,JPEG
e309a978-a0fc-4f2f-8863-2cde39bee9e4.jpg,train,data/images/e309a978-a0fc-4f2f-8863-2cde39bee9e4.jpg,ok,,1024,1024,RGB,JPEG
8b4553b2-ac48-45e5-96e1-a082e0c6cb71.jpg,train,data/images/8b4553b2-ac48-45e5-96e1-a082e0c6cb71.jpg,ok,,1024,1024,RGB,JPEG
186ec960-3193-4113-a3d1-84a9064b0edb.jpg,train,data/images/186ec960-3193-4113-a3d1-84a9064b0edb.jpg,ok,,1280,1024,RGB,JPEG
bca9f8a3-c289-4d0a-af11-819831536a41.jpg,train,data/images/bca9f8a3-c289-4d0a-af11-819831536a41.jpg,ok,,1248,832,RGB,JPEG
744ce569-8d94-45be-b25a-986e855a541f.jpg,train,data/images/744ce569-8d94-45be-b25a-986e855a541f.jpg,ok,,1024,1024,RGB,JPEG
aaa27f63-233e-4d01-992a-44491b9f9bb1.jpg,train,data/images/aaa27f63-233e-4d01-992a-44491b9f9bb1.jpg,ok,,1024,716,RGB,JPEG
a298a912-760b-46c6-8663-2f96dab5fc86.jpg,train,data/images/a298a912-760b-46c6-8663-2f96dab5fc86.jpg,ok,,1024,1024,RGB,JPEG
5655b19a-9876-443b-8bc2-4eaf81aaf6af.jpg,train,data/images/5655b19a-9876-443b-8bc2-4eaf81aaf6af.jpg,ok,,1024,1024,RGB,JPEG
32408e7d-abdc-4682-a393-3c0ddb34d8b0.jpg,train,data/images/32408e7d-abdc-4682-a393-3c0ddb34d8b0.jpg,ok,,1024,1024,RGB,JPEG
c126eae8-1aa1-4b0f-b800-3244a6125e44.jpg,train,data/images/c126eae8-1aa1-4b0f-b800-3244a6125e44.jpg,ok,,832,1248,RGB,JPEG
1f34ecd4-2530-46f8-9d6b-9f9e09da4d24.jpg,train,data/images/1f34ecd4-2530-46f8-9d6b-9f9e09da4d24.jpg,ok,,896,1195,RGB,JPEG
1be8ffeb-6aab-4d13-9474-8b74b4ca8620.jpg,train,data/images/1be8ffeb-6aab-4d13-9474-8b74b4ca8620.jpg,ok,,1024,558,RGB,JPEG
69fe2390-92c0-4f81-a799-aceaa983daf1.jpg,train,data/images/69fe2390-92c0-4f81-a799-aceaa983daf1.jpg,ok,,1024,558,RGB,JPEG
40ce748e-8d24-4783-95af-c0bac30fbf7c.jpg,train,data/images/40ce748e-8d24-4783-95af-c0bac30fbf7c.jpg,ok,,1024,1024,RGB,JPEG
73e884db-459f-452b-be81-99716377882a.jpg,train,data/images/73e884db-459f-452b-be81-99716377882a.jpg,ok,,896,1195,RGB,JPEG
bda34134-6aa7-4c3e-bc76-a0e1a3e34347.jpg,train,data/images/bda34134-6aa7-4c3e-bc76-a0e1a3e34347.jpg,ok,,1024,1024,RGB,JPEG
b866ceda-334f-4d55-944c-99a18959b21d.jpg,train,data/images/b866ceda-334f-4d55-944c-99a18959b21d.jpg,ok,,1024,1024,RGB,JPEG
24f1f937-d9ef-4d84-967a-dfd03ee605d2.jpg,train,data/images/24f1f937-d9ef-4d84-967a-dfd03ee605d2.jpg,ok,,1024,1024,RGB,JPEG
f68668c4-e6a5-4c25-b5c5-4bde6b52f628.jpg,train,data/images/f68668c4-e6a5-4c25-b5c5-4bde6b52f628.jpg,ok,,666,1440,RGB,JPEG
36080ec7-af84-47d7-a233-0fc021dc4382.jpg,train,data/images/36080ec7-af84-47d7-a233-0fc021dc4382.jpg,ok,,1024,1024,RGB,JPEG
2a285f4c-92c8-44ec-a195-5ae1a6b6d1a6.jpg,train,data/images/2a285f4c-92c8-44ec-a195-5ae1a6b6d1a6.jpg,ok,,1248,832,RGB,JPEG
5231511f-b66f-4a76-95f7-ff229bf6caed.jpg,train,data/images/5231511f-b66f-4a76-95f7-ff229bf6caed.jpg,ok,,896,1195,RGB,JPEG
d6ebf8c3-34e7-46c3-ae48-beddf3a2efda.jpg,train,data/images/d6ebf8c3-34e7-46c3-ae48-beddf3a2efda.jpg,ok,,1024,1024,RGB,JPEG
54b9232c-c21f-452e-b083-74855ac67314.jpg,train,data/images/54b9232c-c21f-452e-b083-74855ac67314.jpg,ok,,1024,1024,RGB,JPEG
c6a8f48f-ccf8-4461-acdc-5d8ae829f2b7.jpg,train,data/images/c6a8f48f-ccf8-4461-acdc-5d8ae829f2b7.jpg,ok,,1248,832,RGB,JPEG
c16e354f-a111-43e7-8276-f8884761b4ac.jpg,train,data/images/c16e354f-a111-43e7-8276-f8884761b4ac.jpg,ok,,896,1195,RGB,JPEG
9a0356df-60b6-4284-958c-3445329fb86a.jpg,train,data/images/9a0356df-60b6-4284-958c-3445329fb86a.jpg,ok,,1024,1024,RGB,JPEG
c5898641-ec7c-4bdc-bf82-cfa679fd71ab.jpg,train,data/images/c5898641-ec7c-4bdc-bf82-cfa679fd71ab.jpg,ok,,1024,1024,RGB,JPEG
d982ce36-34be-4594-a466-709ae58b9acc.jpg,train,data/images/d982ce36-34be-4594-a466-709ae58b9acc.jpg,ok,,1024,1024,RGB,JPEG
39d299b7-380c-4766-b8c9-44bfae010bbe.jpg,train,data/images/39d299b7-380c-4766-b8c9-44bfae010bbe.jpg,ok,,1024,716,RGB,JPEG
d1dd011b-22df-4710-a4a0-964a847a1497.jpg,train,data/images/d1dd011b-22df-4710-a4a0-964a847a1497.jpg,ok,,1024,1024,RGB,JPEG
e92e0761-f30d-4640-a7c0-cfdc4e426063.jpg,train,data/images/e92e0761-f30d-4640-a7c0-cfdc4e426063.jpg,ok,,1024,1024,RGB,JPEG
b4a2a838-c927-4f1e-ab3d-e3982d2221d2.jpg,train,data/images/b4a2a838-c927-4f1e-ab3d-e3982d2221d2.jpg,ok,,1024,1024,RGB,JPEG
92b94612-29a0-46d1-90ef-c261f95a3e47.jpg,train,data/images/92b94612-29a0-46d1-90ef-c261f95a3e47.jpg,ok,,1195,896,RGB,JPEG
f31a550b-eccb-4d22-b67d-6fed83a61917.jpg,train,data/images/f31a550b-eccb-4d22-b67d-6fed83a61917.jpg,ok,,1024,1024,RGB,JPEG
0ad09f23-5ac7-45a3-9fd6-4c7dc68f8f39.jpg,train,data/images/0ad09f23-5ac7-45a3-9fd6-4c7dc68f8f39.jpg,ok,,1024,1024,RGB,JPEG
b76b75ee-845c-4ecf-9dc3-5faac227aa8e.jpg,train,data/images/b76b75ee-845c-4ecf-9dc3-5faac227aa8e.jpg,ok,,1024,1024,RGB,JPEG
a12d4728-30f5-436e-a73d-a7ff04a48b7d.jpg,train,data/images/a12d4728-30f5-436e-a73d-a7ff04a48b7d.jpg,ok,,1024,1024,RGB,JPEG
bdda2e7c-b6d4-4e76-9907-15cab0654c04.jpg,train,data/images/bdda2e7c-b6d4-4e76-9907-15cab0654c04.jpg,ok,,1248,832,RGB,JPEG
f665e553-cd0e-4e20-a6b7-f75f90b4c2d7.jpg,train,data/images/f665e553-cd0e-4e20-a6b7-f75f90b4c2d7.jpg,ok,,1024,716,RGB,JPEG
fa696e03-c9ea-4b73-b8ff-2f71dff16b9a.jpg,train,data/images/fa696e03-c9ea-4b73-b8ff-2f71dff16b9a.jpg,ok,,558,1024,RGB,JPEG
eb269bf5-0ee5-46bf-b4a8-7a8fb0f00803.jpg,train,data/images/eb269bf5-0ee5-46bf-b4a8-7a8fb0f00803.jpg,ok,,1024,1024,RGB,JPEG
8bfcc034-2111-41c4-80af-4e3e586446b7.jpg,train,data/images/8bfcc034-2111-41c4-80af-4e3e586446b7.jpg,ok,,896,1195,RGB,JPEG
41cfb51a-ae9b-4dc1-afd4-eb705f911ee4.jpg,train,data/images/41cfb51a-ae9b-4dc1-afd4-eb705f911ee4.jpg,ok,,1200,1600,RGB,JPEG
34280f62-48f4-49fb-8d95-a77840f9f722.jpg,train,data/images/34280f62-48f4-49fb-8d95-a77840f9f722.jpg,ok,,1024,558,RGB,JPEG
4efea4e7-39f3-4d73-911f-672f8166838c.jpg,train,data/images/4efea4e7-39f3-4d73-911f-672f8166838c.jpg,ok,,1248,832,RGB,JPEG
ae17396f-ae60-4d2e-af43-03cb94934828.jpg,train,data/images/ae17396f-ae60-4d2e-af43-03cb94934828.jpg,ok,,1024,1024,RGB,JPEG
24f22691-cd85-4239-b757-6c81a1657a4b.jpg,train,data/images/24f22691-cd85-4239-b757-6c81a1657a4b.jpg,ok,,896,1195,RGB,JPEG
d7628ecd-3856-4c05-b51e-a50c795cb67c.jpg,train,data/images/d7628ecd-3856-4c05-b51e-a50c795cb67c.jpg,ok,,1879,2200,RGB,JPEG
56816217-2909-451d-becd-f536b6f1c056.jpg,train,data/images/56816217-2909-451d-becd-f536b6f1c056.jpg,ok,,2414,1301,RGB,JPEG
63c81023-df74-4aeb-a3b3-245914de4f34.jpg,train,data/images/63c81023-df74-4aeb-a3b3-245914de4f34.jpg,ok,,1024,716,RGB,JPEG
d6efb879-c8c2-4c9a-8093-14f88243b3dc.jpg,train,data/images/d6efb879-c8c2-4c9a-8093-14f88243b3dc.jpg,ok,,1024,558,RGB,JPEG
dd4c4175-16c0-4dcc-a1c1-84e79aed0ed8.jpg,train,data/images/dd4c4175-16c0-4dcc-a1c1-84e79aed0ed8.jpg,ok,,1195,896,RGB,JPEG
52c18b3e-f1ea-437d-b2d4-895752863045.jpg,train,data/images/52c18b3e-f1ea-437d-b2d4-895752863045.jpg,ok,,1024,1024,RGB,JPEG
d99471f5-4159-4d9e-9a18-2950706766ea.jpg,train,data/images/d99471f5-4159-4d9e-9a18-2950706766ea.jpg,ok,,896,1195,RGB,JPEG
877cceca-7077-444b-979b-d06368787766.jpg,train,data/images/877cceca-7077-444b-979b-d06368787766.jpg,ok,,1024,716,RGB,JPEG
9b6c302c-b784-478b-8709-5faf18a8dbe5.jpg,train,data/images/9b6c302c-b784-478b-8709-5faf18a8dbe5.jpg,ok,,558,1024,RGB,JPEG
f5219609-ce37-411e-8688-a8e102278223.jpg,train,data/images/f5219609-ce37-411e-8688-a8e102278223.jpg,ok,,832,1248,RGB,JPEG
70715e27-9b06-4cc7-8d20-0207e7dcc2ca.jpg,train,data/images/70715e27-9b06-4cc7-8d20-0207e7dcc2ca.jpg,ok,,1024,1024,RGB,JPEG
5888e25a-7b27-4763-8b7d-baa384a42773.jpg,train,data/images/5888e25a-7b27-4763-8b7d-baa384a42773.jpg,ok,,1500,1500,RGB,JPEG
0b021ef1-e382-4b0e-bfb5-052cc94c06ca.jpg,train,data/images/0b021ef1-e382-4b0e-bfb5-052cc94c06ca.jpg,ok,,1024,1024,RGB,JPEG
551f361d-5a81-40ec-88f0-64df81d29268.jpg,train,data/images/551f361d-5a81-40ec-88f0-64df81d29268.jpg,ok,,1024,1024,RGB,JPEG
4e926805-f130-4237-b21a-69a3ba47504a.jpg,train,data/images/4e926805-f130-4237-b21a-69a3ba47504a.jpg,ok,,1024,1024,RGB,JPEG
c59dc2de-c138-43c9-a9bb-63782df0c197.jpg,train,data/images/c59dc2de-c138-43c9-a9bb-63782df0c197.jpg,ok,,1195,896,RGB,JPEG
f70b1705-5fc2-439a-9984-8d6607c813dc.jpg,train,data/images/f70b1705-5fc2-439a-9984-8d6607c813dc.jpg,ok,,1024,1024,RGB,JPEG
2a845405-fd23-43c2-83d2-e1ce5069c3e1.jpg,train,data/images/2a845405-fd23-43c2-83d2-e1ce5069c3e1.jpg,ok,,1024,1024,RGB,JPEG
476b8a6a-b8ec-4df9-8424-ba88e11b7d79.jpg,train,data/images/476b8a6a-b8ec-4df9-8424-ba88e11b7d79.jpg,ok,,1024,1024,RGB,JPEG
cb6e4151-d2c6-4be7-884d-38730a1374e7.jpg,train,data/images/cb6e4151-d2c6-4be7-884d-38730a1374e7.jpg,ok,,1024,558,RGB,JPEG
8ba78a16-e771-4def-9a9f-14bc0ac8f0c0.jpg,train,data/images/8ba78a16-e771-4def-9a9f-14bc0ac8f0c0.jpg,ok,,832,1248,RGB,JPEG
6ed11cb9-f94d-4d86-9949-d3a8db34252a.jpg,train,data/images/6ed11cb9-f94d-4d86-9949-d3a8db34252a.jpg,ok,,1024,1024,RGB,JPEG
fee0e08c-1d76-4348-9fa6-bf9ca365dc5c.jpg,train,data/images/fee0e08c-1d76-4348-9fa6-bf9ca365dc5c.jpg,ok,,1024,558,RGB,JPEG
46e47b2f-29a3-4f61-a170-c3523350235c.jpg,train,data/images/46e47b2f-29a3-4f61-a170-c3523350235c.jpg,ok,,57,125,RGBA,PNG
78b672c3-8a9a-4e5f-9964-5b73decc15ad.jpg,train,data/images/78b672c3-8a9a-4e5f-9964-5b73decc15ad.jpg,ok,,1024,1024,RGB,JPEG
cce9208c-9ba8-4fd6-9c20-5233bb95d981.jpg,train,data/images/cce9208c-9ba8-4fd6-9c20-5233bb95d981.jpg,ok,,1024,558,RGB,JPEG
c986bc8f-e8da-4bf0-b52f-eda129142ff8.jpg,train,data/images/c986bc8f-e8da-4bf0-b52f-eda129142ff8.jpg,ok,,1024,1024,RGB,JPEG
41496d9d-760f-4501-8450-c4d851622ef1.jpg,train,data/images/41496d9d-760f-4501-8450-c4d851622ef1.jpg,ok,,1024,1024,RGB,JPEG
100c269e-d7af-4f7d-b61d-044ac65f4ca4.jpg,train,data/images/100c269e-d7af-4f7d-b61d-044ac65f4ca4.jpg,ok,,1024,558,RGB,JPEG
dd65cbad-6f5c-4aaa-b9ab-4a6be637eb38.jpg,train,data/images/dd65cbad-6f5c-4aaa-b9ab-4a6be637eb38.jpg,ok,,1024,1024,RGB,JPEG
b9cb58fd-7b29-41f0-8f8a-bdd175f0e465.jpg,train,data/images/b9cb58fd-7b29-41f0-8f8a-bdd175f0e465.jpg,ok,,1024,558,RGB,JPEG
e633b0de-ec24-48e1-9c6b-5c0b47e6450b.jpg,train,data/images/e633b0de-ec24-48e1-9c6b-5c0b47e6450b.jpg,ok,,1248,832,RGB,JPEG
11a38f55-8e39-43a5-8ed6-b160e58e2a5b.jpg,train,data/images/11a38f55-8e39-43a5-8ed6-b160e58e2a5b.jpg,ok,,896,1195,RGB,JPEG
52dbc3df-d0bf-4a33-8346-77279e319f22.jpg,train,data/images/52dbc3df-d0bf-4a33-8346-77279e319f22.jpg,ok,,1024,1024,RGB,JPEG
54a1f0c1-53f8-4ba9-8090-9e891a9507fc.jpg,train,data/images/54a1f0c1-53f8-4ba9-8090-9e891a9507fc.jpg,ok,,1024,1024,RGB,JPEG
4acc3f1d-cca0-4e1e-9a2d-796051c855bc.jpg,train,data/images/4acc3f1d-cca0-4e1e-9a2d-796051c855bc.jpg,ok,,1195,896,RGB,JPEG
0aa56456-8d3c-4c40-82af-6eb978096df9.jpg,train,data/images/0aa56456-8d3c-4c40-82af-6eb978096df9.jpg,ok,,1024,716,RGB,JPEG
46616da4-a403-49ff-8e43-014fda5b0343.jpg,train,data/images/46616da4-a403-49ff-8e43-014fda5b0343.jpg,ok,,1024,1024,RGB,JPEG
7fcaf6a4-9b10-4f4f-9336-089b169aa0ad.jpg,train,data/images/7fcaf6a4-9b10-4f4f-9336-089b169aa0ad.jpg,ok,,1195,896,RGB,JPEG
64fc99ab-67b5-46fa-9117-edfe394f1fc7.jpg,train,data/images/64fc99ab-67b5-46fa-9117-edfe394f1fc7.jpg,ok,,1024,1024,RGB,JPEG
d1c88822-13c6-478a-acbf-092fb1fa818b.jpg,train,data/images/d1c88822-13c6-478a-acbf-092fb1fa818b.jpg,ok,,1024,1024,RGB,JPEG
5a0b57f2-d31e-43d9-a094-18c16ed90ee4.jpg,train,data/images/5a0b57f2-d31e-43d9-a094-18c16ed90ee4.jpg,ok,,1024,1024,RGB,JPEG
fbe3c406-d0b0-4b3a-af26-fc72910a3b0d.jpg,train,data/images/fbe3c406-d0b0-4b3a-af26-fc72910a3b0d.jpg,ok,,1248,832,RGB,JPEG
625530ab-e732-4f01-9aee-f819db2309ed.jpg,train,data/images/625530ab-e732-4f01-9aee-f819db2309ed.jpg,ok,,1024,1024,RGB,JPEG
a0e86ba3-513f-4198-8a56-44aa7e942bd8.jpg,train,data/images/a0e86ba3-513f-4198-8a56-44aa7e942bd8.jpg,ok,,1024,1280,RGB,JPEG
e292cb0d-631c-4673-82a7-db1d251b2d5a.jpg,train,data/images/e292cb0d-631c-4673-82a7-db1d251b2d5a.jpg,ok,,832,1248,RGB,JPEG
dd235980-18c1-40b2-b42e-e38ab3f3868f.jpg,train,data/images/dd235980-18c1-40b2-b42e-e38ab3f3868f.jpg,ok,,1248,832,RGB,JPEG
1b9d240e-5366-46cf-a179-b58542cbdc25.jpg,train,data/images/1b9d240e-5366-46cf-a179-b58542cbdc25.jpg,ok,,1024,716,RGB,JPEG
d0e794fc-4bfa-4903-b9a7-0c25729c519b.jpg,train,data/images/d0e794fc-4bfa-4903-b9a7-0c25729c519b.jpg,ok,,1280,1024,RGB,JPEG
9c6686cc-4239-4a9a-9937-80b439f64d7f.jpg,train,data/images/9c6686cc-4239-4a9a-9937-80b439f64d7f.jpg,ok,,1024,1024,RGB,JPEG
7a0f4ed8-affc-4eb4-b485-7e007e25ed31.jpg,train,data/images/7a0f4ed8-affc-4eb4-b485-7e007e25ed31.jpg,ok,,1024,1024,RGB,JPEG
3b286636-e976-4a5a-94df-98461b8af1f1.jpg,train,data/images/3b286636-e976-4a5a-94df-98461b8af1f1.jpg,ok,,1024,1024,RGB,JPEG
9e0f79b9-5894-4d2f-96c8-ccd5f9a5fd22.jpg,train,data/images/9e0f79b9-5894-4d2f-96c8-ccd5f9a5fd22.jpg,ok,,896,1195,RGB,JPEG
a3693481-3f8b-43b1-8161-b35515b7108f.jpg,train,data/images/a3693481-3f8b-43b1-8161-b35515b7108f.jpg,ok,,1024,1024,RGB,JPEG
68362a00-6915-4352-901f-e12052bce4cb.jpg,train,data/images/68362a00-6915-4352-901f-e12052bce4cb.jpg,ok,,1024,1024,RGB,JPEG
bfbff3d0-3765-43d5-9375-2731becada84.jpg,train,data/images/bfbff3d0-3765-43d5-9375-2731becada84.jpg,ok,,1024,1024,RGB,JPEG
a0891f23-b1dc-47d0-bae6-914f85acdbf1.jpg,train,data/images/a0891f23-b1dc-47d0-bae6-914f85acdbf1.jpg,ok,,1024,1024,RGB,JPEG
d3fce41d-a22c-4a60-800d-f57125c36165.jpg,train,data/images/d3fce41d-a22c-4a60-800d-f57125c36165.jpg,ok,,800,800,RGB,JPEG
1f8d39bc-012a-456f-9c32-c05e86363d27.jpg,train,data/images/1f8d39bc-012a-456f-9c32-c05e86363d27.jpg,ok,,558,1024,RGB,JPEG
bba35408-ac2d-4184-b86c-266abf04563f.jpg,train,data/images/bba35408-ac2d-4184-b86c-266abf04563f.jpg,ok,,832,1248,RGB,JPEG
80f1d2cb-53ab-4c24-aa45-6c086533ccec.jpg,train,data/images/80f1d2cb-53ab-4c24-aa45-6c086533ccec.jpg,ok,,1024,1024,RGB,JPEG
a5a91c7e-b7fd-4417-9fd9-2caf61c66821.jpg,train,data/images/a5a91c7e-b7fd-4417-9fd9-2caf61c66821.jpg,ok,,1024,558,RGB,JPEG
690d1d38-3d06-4cbb-a293-ccedefd6ce32.jpg,train,data/images/690d1d38-3d06-4cbb-a293-ccedefd6ce32.jpg,ok,,832,1248,RGB,JPEG
2e044ebd-ba99-4fb3-a47a-10e213c8489f.jpg,train,data/images/2e044ebd-ba99-4fb3-a47a-10e213c8489f.jpg,ok,,1248,832,RGB,JPEG
29d497ba-109a-43d6-97b0-52b7f14b3a66.jpg,train,data/images/29d497ba-109a-43d6-97b0-52b7f14b3a66.jpg,ok,,1024,558,RGB,JPEG
e5c83314-77da-4b78-93aa-37577192ea87.jpg,train,data/images/e5c83314-77da-4b78-93aa-37577192ea87.jpg,ok,,1024,1024,RGB,JPEG
c0352f99-f50f-499e-a5fd-f98c21742b52.jpg,train,data/images/c0352f99-f50f-499e-a5fd-f98c21742b52.jpg,ok,,1024,1024,RGB,JPEG
ad4ae702-1211-4608-83df-ece7d490a431.jpg,train,data/images/ad4ae702-1211-4608-83df-ece7d490a431.jpg,ok,,1024,558,RGB,JPEG
def46aee-da4e-4a6b-af22-d0c8261f5eae.jpg,train,data/images/def46aee-da4e-4a6b-af22-d0c8261f5eae.jpg,ok,,1879,2200,RGB,JPEG
8ab82576-042a-46a7-b9de-4e835375e2bf.jpg,train,data/images/8ab82576-042a-46a7-b9de-4e835375e2bf.jpg,ok,,896,1195,RGB,JPEG
3ae59e97-83e9-4ffd-96ea-7c0c12f5b19c.jpg,train,data/images/3ae59e97-83e9-4ffd-96ea-7c0c12f5b19c.jpg,ok,,1024,558,RGB,JPEG
cd90aee6-da25-4ba9-a58f-adb4403f4acb.jpg,train,data/images/cd90aee6-da25-4ba9-a58f-adb4403f4acb.jpg,ok,,1024,1024,RGB,JPEG
710999ae-37ad-44e1-b6b5-8777797ca5cc.jpg,train,data/images/710999ae-37ad-44e1-b6b5-8777797ca5cc.jpg,ok,,1248,832,RGB,JPEG
9dbe4d04-cac5-422d-9032-86a579076254.jpg,train,data/images/9dbe4d04-cac5-422d-9032-86a579076254.jpg,ok,,1024,1024,RGB,JPEG
41963785-f507-434c-9b6b-159e5744d9df.jpg,train,data/images/41963785-f507-434c-9b6b-159e5744d9df.jpg,ok,,1195,896,RGB,JPEG
b857c222-78d3-4a5b-be31-e6364ee46bed.jpg,train,data/images/b857c222-78d3-4a5b-be31-e6364ee46bed.jpg,ok,,1024,1024,RGB,JPEG
d29332e5-a264-40ed-80cf-85e29e003a25.jpg,train,data/images/d29332e5-a264-40ed-80cf-85e29e003a25.jpg,ok,,1024,1024,RGB,JPEG
690aae26-0a20-4a83-839f-13dfe56a9519.jpg,train,data/images/690aae26-0a20-4a83-839f-13dfe56a9519.jpg,ok,,1024,1024,RGB,JPEG
a5a07ba4-807a-4d98-9388-3d1bcc3a2e61.jpg,train,data/images/a5a07ba4-807a-4d98-9388-3d1bcc3a2e61.jpg,ok,,1024,1024,RGB,JPEG
d4840fc5-6dad-4636-a2c4-ef0607fddaff.jpg,train,data/images/d4840fc5-6dad-4636-a2c4-ef0607fddaff.jpg,ok,,1024,1024,RGB,JPEG
4a3bb184-4e8d-401b-ac47-841cd7c9f025.jpg,train,data/images/4a3bb184-4e8d-401b-ac47-841cd7c9f025.jpg,ok,,1024,1024,RGB,JPEG
52f33a11-ea20-4d41-b48d-d5e4a37d1d2f.jpg,train,data/images/52f33a11-ea20-4d41-b48d-d5e4a37d1d2f.jpg,ok,,1024,1024,RGB,JPEG
bd0c9b28-9174-4b81-9379-fbe723f81440.jpg,train,data/images/bd0c9b28-9174-4b81-9379-fbe723f81440.jpg,ok,,1248,832,RGB,JPEG
d66087ec-9b99-4c9a-873b-c56b6507666b.jpg,train,data/images/d66087ec-9b99-4c9a-873b-c56b6507666b.jpg,ok,,1024,1024,RGB,JPEG
f70c4698-86a2-425b-ad3e-857209a23253.jpg,train,data/images/f70c4698-86a2-425b-ad3e-857209a23253.jpg,ok,,1024,716,RGB,JPEG
e3e3fb4b-4999-42a8-a3ac-0c215d43a240.jpg,train,data/images/e3e3fb4b-4999-42a8-a3ac-0c215d43a240.jpg,ok,,896,1195,RGB,JPEG
c186375c-ec17-4a10-afd0-83225772fb2d.jpg,train,data/images/c186375c-ec17-4a10-afd0-83225772fb2d.jpg,ok,,200,200,RGBA,PNG
aa2983e1-21dc-4437-b21a-112ce40f266f.jpg,train,data/images/aa2983e1-21dc-4437-b21a-112ce40f266f.jpg,ok,,1024,1024,RGB,JPEG
70410af9-5267-46e2-9271-eaabb49b2f17.jpg,train,data/images/70410af9-5267-46e2-9271-eaabb49b2f17.jpg,ok,,896,1195,RGB,JPEG
54c3d755-4f05-4d33-8b30-348656436253.jpg,train,data/images/54c3d755-4f05-4d33-8b30-348656436253.jpg,ok,,896,1195,RGB,JPEG
c5b482f8-6b68-4a39-9f77-433404344023.jpg,train,data/images/c5b482f8-6b68-4a39-9f77-433404344023.jpg,ok,,1024,1024,RGB,JPEG
f8389100-2de2-4818-88ab-6f55f3c65da5.jpg,train,data/images/f8389100-2de2-4818-88ab-6f55f3c65da5.jpg,ok,,1024,716,RGB,JPEG
136cc4bb-aca2-4dd1-99ac-0cdfab530fc0.jpg,train,data/images/136cc4bb-aca2-4dd1-99ac-0cdfab530fc0.jpg,ok,,1024,558,RGB,JPEG
4ea2b5ae-14c3-4322-aebf-58d637d4d1ba.jpg,train,data/images/4ea2b5ae-14c3-4322-aebf-58d637d4d1ba.jpg,ok,,1024,1024,RGB,JPEG
1c48bb81-3bb1-489a-97f7-54dc40149a67.jpg,train,data/images/1c48bb81-3bb1-489a-97f7-54dc40149a67.jpg,ok,,1024,1024,RGB,JPEG
c01a258b-1962-4bc4-9af1-bad649102490.jpg,train,data/images/c01a258b-1962-4bc4-9af1-bad649102490.jpg,ok,,1195,896,RGB,JPEG
dbf1cb0e-69c5-4489-84d8-9451b8733e1d.jpg,train,data/images/dbf1cb0e-69c5-4489-84d8-9451b8733e1d.jpg,ok,,896,1195,RGB,JPEG
cb2d6599-fa4c-4c68-bfe0-5d6d81840836.jpg,train,data/images/cb2d6599-fa4c-4c68-bfe0-5d6d81840836.jpg,ok,,1024,1024,RGB,JPEG
4ecc7026-695b-4914-9697-e91b04139224.jpg,train,data/images/4ecc7026-695b-4914-9697-e91b04139224.jpg,ok,,896,1195,RGB,JPEG
5104758c-ba22-46a1-8152-e7f9e0dd1318.jpg,train,data/images/5104758c-ba22-46a1-8152-e7f9e0dd1318.jpg,ok,,1024,1024,RGB,JPEG
78820ca4-b2c5-47ff-a153-dc7ccad502e1.jpg,train,data/images/78820ca4-b2c5-47ff-a153-dc7ccad502e1.jpg,ok,,896,1195,RGB,JPEG
bf4843e8-bef0-4bd3-9fe8-1fe48f5f6b27.jpg,train,data/images/bf4843e8-bef0-4bd3-9fe8-1fe48f5f6b27.jpg,ok,,1024,1024,RGB,JPEG
30086e25-9c6e-4337-b489-4ed15cca29e3.jpg,train,data/images/30086e25-9c6e-4337-b489-4ed15cca29e3.jpg,ok,,1024,1024,RGB,JPEG
26a9c51f-d4e9-44b1-a9a1-67121e2dc032.jpg,train,data/images/26a9c51f-d4e9-44b1-a9a1-67121e2dc032.jpg,ok,,106,160,RGBA,PNG
7c6f3e30-efcf-46e1-866e-6287657ace08.jpg,train,data/images/7c6f3e30-efcf-46e1-866e-6287657ace08.jpg,ok,,1024,1024,RGB,JPEG
f21980dc-0713-410d-a967-b69a7f4e8539.jpg,train,data/images/f21980dc-0713-410d-a967-b69a7f4e8539.jpg,ok,,896,1195,RGB,JPEG
0cdaf803-8626-496a-ab31-ec790f06e63c.jpg,train,data/images/0cdaf803-8626-496a-ab31-ec790f06e63c.jpg,ok,,1024,1024,RGB,JPEG
c289d542-3b76-4921-b4f5-4bf93fee9fad.jpg,train,data/images/c289d542-3b76-4921-b4f5-4bf93fee9fad.jpg,ok,,400,300,RGB,JPEG
2f1ce9de-ecb0-47d0-9952-2518dbe8dad5.jpg,train,data/images/2f1ce9de-ecb0-47d0-9952-2518dbe8dad5.jpg,ok,,1024,1024,RGB,JPEG
545bb740-528f-4756-85ac-fe3c83c90c44.jpg,train,data/images/545bb740-528f-4756-85ac-fe3c83c90c44.jpg,ok,,1024,1024,RGB,JPEG
93e046a0-a301-4038-ae48-1f2e893a339e.jpg,train,data/images/93e046a0-a301-4038-ae48-1f2e893a339e.jpg,ok,,1024,1024,RGB,JPEG
0beca759-d57f-46af-95ec-53c77c2c9108.jpg,train,data/images/0beca759-d57f-46af-95ec-53c77c2c9108.jpg,ok,,1024,1024,RGB,JPEG
fc71de4b-f498-41f7-ab30-6a4cb22a5b33.jpg,train,data/images/fc71de4b-f498-41f7-ab30-6a4cb22a5b33.jpg,ok,,896,1195,RGB,JPEG
c9762cd2-8053-48ef-9737-168aa9e64242.jpg,train,data/images/c9762cd2-8053-48ef-9737-168aa9e64242.jpg,ok,,1024,1024,RGB,JPEG
beed57f0-bd4a-491d-90bf-139f65caadab.jpg,train,data/images/beed57f0-bd4a-491d-90bf-139f65caadab.jpg,ok,,1024,1024,RGB,JPEG
ce5593f5-411b-48d5-b0cf-d4411e14b952.jpg,train,data/images/ce5593f5-411b-48d5-b0cf-d4411e14b952.jpg,ok,,1248,832,RGB,JPEG
e2d73aa2-fb62-4256-b436-8a17468687c3.jpg,train,data/images/e2d73aa2-fb62-4256-b436-8a17468687c3.jpg,ok,,1024,1024,RGB,JPEG
218e5f0b-8e8d-4245-b546-7f0d77aea0e8.jpg,train,data/images/218e5f0b-8e8d-4245-b546-7f0d77aea0e8.jpg,ok,,500,179,RGB,JPEG
06a79067-8c6b-4628-b82e-bbf5daedf5e5.jpg,train,data/images/06a79067-8c6b-4628-b82e-bbf5daedf5e5.jpg,ok,,1280,1024,RGB,JPEG
9ccf5f67-4e0e-4459-aa72-d36dba5c395e.jpg,train,data/images/9ccf5f67-4e0e-4459-aa72-d36dba5c395e.jpg,ok,,558,1024,RGB,JPEG
293d0524-a13d-4b1b-9f9c-c6c105054b27.jpg,train,data/images/293d0524-a13d-4b1b-9f9c-c6c105054b27.jpg,ok,,896,1195,RGB,JPEG
be9cbc60-730e-4ba7-865d-8604ffae5772.jpg,train,data/images/be9cbc60-730e-4ba7-865d-8604ffae5772.jpg,ok,,896,1195,RGB,JPEG
f1012029-3aab-4541-af4a-e56c3fb287e7.jpg,train,data/images/f1012029-3aab-4541-af4a-e56c3fb287e7.jpg,ok,,175,175,RGBA,PNG
38812d66-25e5-4d31-8e32-70483369b0d5.jpg,train,data/images/38812d66-25e5-4d31-8e32-70483369b0d5.jpg,ok,,1248,832,RGB,JPEG
fb7c3b28-8212-4fec-a27c-0b0bb67b6c0b.jpg,train,data/images/fb7c3b28-8212-4fec-a27c-0b0bb67b6c0b.jpg,ok,,1024,1024,RGB,JPEG
332ca2ed-4b14-461e-a71d-1c73021ddb65.jpg,train,data/images/332ca2ed-4b14-461e-a71d-1c73021ddb65.jpg,ok,,1024,1024,RGB,JPEG
648a32c5-384c-4732-8b3d-7bf7a47e22bc.jpg,train,data/images/648a32c5-384c-4732-8b3d-7bf7a47e22bc.jpg,ok,,896,1195,RGB,JPEG
c914bf03-db6e-44bb-b08d-79438e88a78d.jpg,train,data/images/c914bf03-db6e-44bb-b08d-79438e88a78d.jpg,ok,,1280,1024,RGB,JPEG
e0f853a2-bf10-4d9d-828f-1cf49f0f0bde.jpg,train,data/images/e0f853a2-bf10-4d9d-828f-1cf49f0f0bde.jpg,ok,,2537,2465,RGB,JPEG
e4b7871d-b2f4-4c64-83f5-1fa3cbe17e5b.jpg,train,data/images/e4b7871d-b2f4-4c64-83f5-1fa3cbe17e5b.jpg,ok,,896,1195,RGB,JPEG
997e94b9-7e77-4acd-9ca3-3aaaf6a8b814.jpg,train,data/images/997e94b9-7e77-4acd-9ca3-3aaaf6a8b814.jpg,ok,,1024,558,RGB,JPEG
41cf4104-ca4e-4e4b-af68-369eab4b062f.jpg,train,data/images/41cf4104-ca4e-4e4b-af68-369eab4b062f.jpg,ok,,1024,558,RGB,JPEG
d5e405b9-a14b-45ef-b606-5b4e22b5de60.jpg,train,data/images/d5e405b9-a14b-45ef-b606-5b4e22b5de60.jpg,ok,,896,1195,RGB,JPEG
724973cb-4ca1-4d99-8309-f607b83ef27e.jpg,train,data/images/724973cb-4ca1-4d99-8309-f607b83ef27e.jpg,ok,,558,1024,RGB,JPEG
9cab7f9a-19ee-4460-8137-31611939f5cb.jpg,train,data/images/9cab7f9a-19ee-4460-8137-31611939f5cb.jpg,ok,,1024,716,RGB,JPEG
5559fb9b-42bd-471b-85a3-e1c67234237a.jpg,train,data/images/5559fb9b-42bd-471b-85a3-e1c67234237a.jpg,ok,,558,1024,RGB,JPEG
cb391547-95f0-4ea7-812c-9035ef467116.jpg,train,data/images/cb391547-95f0-4ea7-812c-9035ef467116.jpg,ok,,1024,716,RGB,JPEG
e061a981-eb77-4c4b-86f2-af59066f78f6.jpg,train,data/images/e061a981-eb77-4c4b-86f2-af59066f78f6.jpg,ok,,265,400,RGB,JPEG
94b89863-ea35-472f-85bb-f5a97d8f0d8c.jpg,train,data/images/94b89863-ea35-472f-85bb-f5a97d8f0d8c.jpg,ok,,1024,1024,RGB,JPEG
0c6ece76-a030-4a04-9e5c-e4a2d1bc32fe.jpg,train,data/images/0c6ece76-a030-4a04-9e5c-e4a2d1bc32fe.jpg,ok,,1024,716,RGB,JPEG
2be3a163-c851-44a0-8a72-d14273561f65.jpg,train,data/images/2be3a163-c851-44a0-8a72-d14273561f65.jpg,ok,,1195,896,RGB,JPEG
fc0b3952-ae3e-4147-b3e5-bf531904ebd4.jpg,train,data/images/fc0b3952-ae3e-4147-b3e5-bf531904ebd4.jpg,ok,,1248,832,RGB,JPEG
cf90ab59-a44f-4a73-b59e-42c36a7edcd7.jpg,train,data/images/cf90ab59-a44f-4a73-b59e-42c36a7edcd7.jpg,ok,,1248,832,RGB,JPEG
44af660c-3c51-40b5-986c-9fdecedd31cd.jpg,train,data/images/44af660c-3c51-40b5-986c-9fdecedd31cd.jpg,ok,,800,800,RGB,JPEG
d0d6be0c-790e-446d-8d6e-3d5fc68576da.jpg,train,data/images/d0d6be0c-790e-446d-8d6e-3d5fc68576da.jpg,ok,,896,1195,RGB,JPEG
db7e5e15-335c-4704-9c11-ec5ca3344aef.jpg,train,data/images/db7e5e15-335c-4704-9c11-ec5ca3344aef.jpg,ok,,896,1195,RGB,JPEG
561f6073-c09e-4b66-8890-06b79cc0edc0.jpg,train,data/images/561f6073-c09e-4b66-8890-06b79cc0edc0.jpg,ok,,1024,1024,RGB,JPEG
fafbe131-22df-4264-8a4c-e64aa8891aba.jpg,train,data/images/fafbe131-22df-4264-8a4c-e64aa8891aba.jpg,ok,,800,800,RGB,JPEG
9bdde6e7-e35e-4832-beca-7e9c46e4515b.jpg,train,data/images/9bdde6e7-e35e-4832-beca-7e9c46e4515b.jpg,ok,,1195,896,RGB,JPEG
543f5485-ec0f-44a6-947c-54020f6c1ce2.jpg,train,data/images/543f5485-ec0f-44a6-947c-54020f6c1ce2.jpg,ok,,1024,1024,RGB,JPEG
481aaf80-cffe-4538-81b7-8e6a7ae2baf0.jpg,train,data/images/481aaf80-cffe-4538-81b7-8e6a7ae2baf0.jpg,ok,,896,1195,RGB,JPEG
a1d1b4c0-3a3b-40e0-a99a-8d334192b1f0.jpg,train,data/images/a1d1b4c0-3a3b-40e0-a99a-8d334192b1f0.jpg,ok,,1024,1024,RGB,JPEG
fb644c95-3048-4140-ad17-51e5c96adda0.jpg,train,data/images/fb644c95-3048-4140-ad17-51e5c96adda0.jpg,ok,,1024,1024,RGB,JPEG
e268dc70-b80b-48d8-8afc-ff53a1aebfed.jpg,train,data/images/e268dc70-b80b-48d8-8afc-ff53a1aebfed.jpg,ok,,800,800,RGB,JPEG
8c6f32f0-99b8-4b09-97c1-4a599ede1281.jpg,train,data/images/8c6f32f0-99b8-4b09-97c1-4a599ede1281.jpg,ok,,1024,1024,RGB,JPEG
38cd534e-9e4d-4588-885a-00a3f1a9d6da.jpg,train,data/images/38cd534e-9e4d-4588-885a-00a3f1a9d6da.jpg,ok,,1248,832,RGB,JPEG
08c13afe-e15b-4f14-b64c-fe4306dcbef7.jpg,train,data/images/08c13afe-e15b-4f14-b64c-fe4306dcbef7.jpg,ok,,1024,1024,RGB,JPEG
245cbaeb-2f98-4c43-81df-e05ba476bf68.jpg,train,data/images/245cbaeb-2f98-4c43-81df-e05ba476bf68.jpg,ok,,1024,558,RGB,JPEG
446214a3-96c2-460d-a165-bda4f8fc555b.jpg,train,data/images/446214a3-96c2-460d-a165-bda4f8fc555b.jpg,ok,,1024,558,RGB,JPEG
dffafac9-6217-4724-9664-86d4b7a3abe4.jpg,train,data/images/dffafac9-6217-4724-9664-86d4b7a3abe4.jpg,ok,,1024,1280,RGB,JPEG
ceeecf72-2b0b-4d72-9ddc-e40156b0bb69.jpg,train,data/images/ceeecf72-2b0b-4d72-9ddc-e40156b0bb69.jpg,ok,,1248,832,RGB,JPEG
1b54f88f-c706-483b-9e04-c8f629909d06.jpg,train,data/images/1b54f88f-c706-483b-9e04-c8f629909d06.jpg,ok,,1024,1024,RGB,JPEG
f0813bc8-5f01-4efa-9e36-b7d50a749f07.jpg,train,data/images/f0813bc8-5f01-4efa-9e36-b7d50a749f07.jpg,ok,,800,800,RGB,JPEG
e9ec2d28-c02d-48fe-8783-58852e42aa98.jpg,train,data/images/e9ec2d28-c02d-48fe-8783-58852e42aa98.jpg,ok,,1024,1024,RGB,JPEG
cb1317ff-3613-4d00-b0fa-ab0de6bf3a71.jpg,train,data/images/cb1317ff-3613-4d00-b0fa-ab0de6bf3a71.jpg,ok,,1024,1024,RGB,JPEG
228e7c9e-ff1a-476f-b2a0-bef3008d57e9.jpg,train,data/images/228e7c9e-ff1a-476f-b2a0-bef3008d57e9.jpg,ok,,1024,1024,RGB,JPEG
3caad6b8-6b02-4336-b0af-ecb1709603c0.jpg,train,data/images/3caad6b8-6b02-4336-b0af-ecb1709603c0.jpg,ok,,1024,1024,RGB,JPEG
2bf22276-2506-438a-9ae3-4fb14ca5341f.jpg,train,data/images/2bf22276-2506-438a-9ae3-4fb14ca5341f.jpg,ok,,896,1195,RGB,JPEG
a2732133-4dae-41f5-9675-ef0c2391ff2b.jpg,train,data/images/a2732133-4dae-41f5-9675-ef0c2391ff2b.jpg,ok,,1024,1024,RGB,JPEG
eaecfade-8092-4672-a788-7d69c214d7f1.jpg,train,data/images/eaecfade-8092-4672-a788-7d69c214d7f1.jpg,ok,,1024,1024,RGB,JPEG
63cf09f1-4bdd-461b-88fb-2d0328f56ad2.jpg,train,data/images/63cf09f1-4bdd-461b-88fb-2d0328f56ad2.jpg,ok,,1024,1024,RGB,JPEG
72d0fb20-3088-4d8c-923b-892cd907984c.jpg,train,data/images/72d0fb20-3088-4d8c-923b-892cd907984c.jpg,ok,,1248,832,RGB,JPEG
5b0e3891-3440-404f-9d50-3d9d66339916.jpg,train,data/images/5b0e3891-3440-404f-9d50-3d9d66339916.jpg,ok,,896,1195,RGB,JPEG
04a7eb46-7096-4a66-863a-bd454354a780.jpg,train,data/images/04a7eb46-7096-4a66-863a-bd454354a780.jpg,ok,,400,221,RGB,JPEG
9ffd1121-26d6-4871-ab15-91cc6f3a5db4.jpg,train,data/images/9ffd1121-26d6-4871-ab15-91cc6f3a5db4.jpg,ok,,896,1195,RGB,JPEG
5a2fa035-d583-4abb-9808-34e5349b8050.jpg,train,data/images/5a2fa035-d583-4abb-9808-34e5349b8050.jpg,ok,,1024,1024,RGB,JPEG
87292749-08d7-47ff-9970-dc00e4911345.jpg,train,data/images/87292749-08d7-47ff-9970-dc00e4911345.jpg,ok,,896,1195,RGB,JPEG
70a6df72-8413-45b0-b4b5-00f843733e77.jpg,train,data/images/70a6df72-8413-45b0-b4b5-00f843733e77.jpg,ok,,1024,1024,RGB,JPEG
0f565c81-767f-4006-8cd5-20340f05d4b1.jpg,train,data/images/0f565c81-767f-4006-8cd5-20340f05d4b1.jpg,ok,,1024,1024,RGB,JPEG
c91bbe5c-0e10-4e50-b85b-c2bc3104db0b.jpg,train,data/images/c91bbe5c-0e10-4e50-b85b-c2bc3104db0b.jpg,ok,,1024,1024,RGB,JPEG
4ca6fa30-b426-4886-b3c6-33020a10f4ba.jpg,train,data/images/4ca6fa30-b426-4886-b3c6-33020a10f4ba.jpg,ok,,1280,1024,RGB,JPEG
9350cfdf-5c5f-4565-940e-15289c09c06f.jpg,train,data/images/9350cfdf-5c5f-4565-940e-15289c09c06f.jpg,ok,,1024,1024,RGB,JPEG
c7232c8f-0159-438f-b145-e6cc2169726f.jpg,train,data/images/c7232c8f-0159-438f-b145-e6cc2169726f.jpg,ok,,1024,1024,RGB,JPEG
baf2326f-f548-4dbe-a964-2c8371c3a9ea.jpg,train,data/images/baf2326f-f548-4dbe-a964-2c8371c3a9ea.jpg,ok,,896,1195,RGB,JPEG
3d577826-ef91-4895-a5a0-d4250796d31f.jpg,train,data/images/3d577826-ef91-4895-a5a0-d4250796d31f.jpg,ok,,1024,1024,RGB,JPEG
73e316c5-6f07-418f-80e4-21348ffbc75f.jpg,train,data/images/73e316c5-6f07-418f-80e4-21348ffbc75f.jpg,ok,,1024,1024,RGB,JPEG
d2504055-d8f3-4a26-bf9c-0d9fb434202b.jpg,train,data/images/d2504055-d8f3-4a26-bf9c-0d9fb434202b.jpg,ok,,1024,1024,RGB,JPEG
0fcd0d98-c072-4ee8-a6b2-1f9375fc94b0.jpg,train,data/images/0fcd0d98-c072-4ee8-a6b2-1f9375fc94b0.jpg,ok,,896,1195,RGB,JPEG
8ce69baa-f33d-4a88-b00a-e0af20ec72ae.jpg,train,data/images/8ce69baa-f33d-4a88-b00a-e0af20ec72ae.jpg,ok,,375,500,RGB,JPEG
93ebadea-04f6-4e22-aa60-ba75b54bc6bb.jpg,train,data/images/93ebadea-04f6-4e22-aa60-ba75b54bc6bb.jpg,ok,,896,1195,RGB,JPEG
f1c8180f-cdc9-4f5a-b461-ef2ec408ae42.jpg,train,data/images/f1c8180f-cdc9-4f5a-b461-ef2ec408ae42.jpg,ok,,400,225,RGB,JPEG
5fcabd2f-2944-43c5-8335-f156c5bffd2d.jpg,train,data/images/5fcabd2f-2944-43c5-8335-f156c5bffd2d.jpg,ok,,1024,1024,RGB,JPEG
6e12f5da-493c-4e32-872c-618de4a7c267.jpg,train,data/images/6e12f5da-493c-4e32-872c-618de4a7c267.jpg,ok,,832,1248,RGB,JPEG
df6ba6a5-d04f-4430-84cc-b29f97fb4721.jpg,train,data/images/df6ba6a5-d04f-4430-84cc-b29f97fb4721.jpg,ok,,558,1024,RGB,JPEG
73439700-36ff-4baa-b594-ce494f110a0d.jpg,train,data/images/73439700-36ff-4baa-b594-ce494f110a0d.jpg,ok,,896,1195,RGB,JPEG
e94e235b-29a0-4972-bb8e-ba1485db4b78.jpg,train,data/images/e94e235b-29a0-4972-bb8e-ba1485db4b78.jpg,ok,,1195,896,RGB,JPEG
eec78ab6-b5d2-4896-a867-d9d818eb4299.jpg,train,data/images/eec78ab6-b5d2-4896-a867-d9d818eb4299.jpg,ok,,1024,1024,RGB,JPEG
0c9b2d07-724d-46c1-9e97-40184423ce59.jpg,train,data/images/0c9b2d07-724d-46c1-9e97-40184423ce59.jpg,ok,,1024,1024,RGB,JPEG
521e6689-7ea9-44ea-b4c2-e246f0a99300.jpg,train,data/images/521e6689-7ea9-44ea-b4c2-e246f0a99300.jpg,ok,,1195,896,RGB,JPEG
3d029b4d-6b76-4ce1-94d8-ecbe76915749.jpg,train,data/images/3d029b4d-6b76-4ce1-94d8-ecbe76915749.jpg,ok,,1024,1024,RGB,JPEG
d3df878d-72bb-41cb-8a00-6a1e6fee8c78.jpg,train,data/images/d3df878d-72bb-41cb-8a00-6a1e6fee8c78.jpg,ok,,1024,1024,RGB,JPEG
0e1804f3-5daf-495b-af6b-05bc8d623ada.jpg,train,data/images/0e1804f3-5daf-495b-af6b-05bc8d623ada.jpg,ok,,1024,1024,RGB,JPEG
de1f6da7-fa31-404d-90d4-b094746aec73.jpg,train,data/images/de1f6da7-fa31-404d-90d4-b094746aec73.jpg,ok,,1024,1024,RGB,JPEG
198f58a7-74ea-47a8-9c33-f9f289751559.jpg,train,data/images/198f58a7-74ea-47a8-9c33-f9f289751559.jpg,ok,,1024,1024,RGB,JPEG
408d7d6a-813b-4350-aa89-e3b653c78283.jpg,train,data/images/408d7d6a-813b-4350-aa89-e3b653c78283.jpg,ok,,400,300,RGBA,PNG
e79783e1-9396-4485-bffc-69da117af7d4.jpg,train,data/images/e79783e1-9396-4485-bffc-69da117af7d4.jpg,ok,,832,1248,RGB,JPEG
daa7a4ed-6c3a-4e96-b110-bad22ed8bc60.jpg,train,data/images/daa7a4ed-6c3a-4e96-b110-bad22ed8bc60.jpg,ok,,1024,1024,RGB,JPEG
4d5d407a-e50f-48f7-be8b-5f0f2a417ea8.jpg,train,data/images/4d5d407a-e50f-48f7-be8b-5f0f2a417ea8.jpg,ok,,1195,896,RGB,JPEG
1487eeaf-9447-4f9e-b1ec-4bf17ae8560c.jpg,train,data/images/1487eeaf-9447-4f9e-b1ec-4bf17ae8560c.jpg,ok,,1024,1024,RGB,JPEG
f3ebf7a4-6406-48a6-ad03-f184fb375d2d.jpg,train,data/images/f3ebf7a4-6406-48a6-ad03-f184fb375d2d.jpg,ok,,1024,1024,RGB,JPEG
26905b21-b955-434b-b1ea-846539b72c94.jpg,train,data/images/26905b21-b955-434b-b1ea-846539b72c94.jpg,ok,,400,300,RGB,JPEG
43adf978-dc35-4a95-a632-2d71433250e4.jpg,train,data/images/43adf978-dc35-4a95-a632-2d71433250e4.jpg,ok,,1024,1024,RGB,JPEG
a985059c-524f-4b98-b7a7-d31364697c23.jpg,train,data/images/a985059c-524f-4b98-b7a7-d31364697c23.jpg,ok,,1248,832,RGB,JPEG
215ec22c-680e-4b21-ade1-e5ac4b3cfd08.jpg,train,data/images/215ec22c-680e-4b21-ade1-e5ac4b3cfd08.jpg,ok,,300,400,RGB,JPEG
6f1354f5-86f8-4c8a-b3b3-1a58704b55a9.jpg,train,data/images/6f1354f5-86f8-4c8a-b3b3-1a58704b55a9.jpg,ok,,1024,1024,RGB,JPEG
6e91e806-efef-4520-a452-fd0080e355a6.jpg,train,data/images/6e91e806-efef-4520-a452-fd0080e355a6.jpg,ok,,1024,1024,RGB,JPEG
41b8b30c-1c54-4745-8817-9d66faf19d60.jpg,train,data/images/41b8b30c-1c54-4745-8817-9d66faf19d60.jpg,ok,,1024,1024,RGB,JPEG
bf145a17-5860-4014-bc1e-919606aede3e.jpg,train,data/images/bf145a17-5860-4014-bc1e-919606aede3e.jpg,ok,,1024,1024,RGB,JPEG
b786823b-6bdd-4cfd-8e56-605b9cc8603f.jpg,train,data/images/b786823b-6bdd-4cfd-8e56-605b9cc8603f.jpg,ok,,1024,1024,RGB,JPEG
3a4eaf40-0a04-477f-9faa-2789df9cc8f6.jpg,train,data/images/3a4eaf40-0a04-477f-9faa-2789df9cc8f6.jpg,ok,,1195,896,RGB,JPEG
9530d1e4-247b-4e01-8f38-7d909899a76d.jpg,train,data/images/9530d1e4-247b-4e01-8f38-7d909899a76d.jpg,ok,,1024,1024,RGB,JPEG
32face08-2206-4eb9-8fe2-44ec6f229654.jpg,train,data/images/32face08-2206-4eb9-8fe2-44ec6f229654.jpg,ok,,1024,1024,RGB,JPEG
86f021fc-3c91-4933-b2ce-b23fe8eb998f.jpg,train,data/images/86f021fc-3c91-4933-b2ce-b23fe8eb998f.jpg,ok,,1024,716,RGB,JPEG
30f6b385-718e-4c4f-8500-44150d5919d1.jpg,train,data/images/30f6b385-718e-4c4f-8500-44150d5919d1.jpg,ok,,1024,1024,RGB,JPEG
4a18566b-8e6c-455f-b04f-a1957bd7549b.jpg,train,data/images/4a18566b-8e6c-455f-b04f-a1957bd7549b.jpg,ok,,1024,1024,RGB,JPEG
1e105292-6e5c-4550-831d-01e044191ec6.jpg,train,data/images/1e105292-6e5c-4550-831d-01e044191ec6.jpg,ok,,1024,716,RGB,JPEG
d0db72d8-5ad4-4803-8ff4-4c2f5008b8c2.jpg,train,data/images/d0db72d8-5ad4-4803-8ff4-4c2f5008b8c2.jpg,ok,,1024,1024,RGB,JPEG
142e3d13-abcd-4ba0-86ff-01df38221810.jpg,train,data/images/142e3d13-abcd-4ba0-86ff-01df38221810.jpg,ok,,1024,558,RGB,JPEG
50901bef-9bd7-4b52-894c-8bc120e68254.jpg,train,data/images/50901bef-9bd7-4b52-894c-8bc120e68254.jpg,ok,,1024,1024,RGB,JPEG
81399c48-c7ae-4d6b-90d0-9efbc6b05fc8.jpg,train,data/images/81399c48-c7ae-4d6b-90d0-9efbc6b05fc8.jpg,ok,,1024,1024,RGB,JPEG
8cc3b4f1-fb9c-48cf-838c-4edd6a9496d1.jpg,train,data/images/8cc3b4f1-fb9c-48cf-838c-4edd6a9496d1.jpg,ok,,1024,1024,RGB,JPEG
3e9dda8c-edc5-443d-98bb-74c6dce23dcc.jpg,train,data/images/3e9dda8c-edc5-443d-98bb-74c6dce23dcc.jpg,ok,,1024,558,RGB,JPEG
6dcf5560-a838-43de-9b7c-1704558774ea.jpg,train,data/images/6dcf5560-a838-43de-9b7c-1704558774ea.jpg,ok,,1024,1024,RGB,JPEG
a4752a5c-c846-4e61-8438-c8dbaaa6c45e.jpg,train,data/images/a4752a5c-c846-4e61-8438-c8dbaaa6c45e.jpg,ok,,1024,716,RGB,JPEG
2810ad3e-a616-4162-8759-9a245bfcb28f.jpg,train,data/images/2810ad3e-a616-4162-8759-9a245bfcb28f.jpg,ok,,1024,1024,RGB,JPEG
13adbee9-f44d-45e9-88b9-6400e3ac3886.jpg,train,data/images/13adbee9-f44d-45e9-88b9-6400e3ac3886.jpg,ok,,1248,832,RGB,JPEG
ff5407cb-235e-45e5-a73e-5b8de41f6270.jpg,train,data/images/ff5407cb-235e-45e5-a73e-5b8de41f6270.jpg,ok,,1024,1024,RGB,JPEG
2bb478d4-7fa8-45ff-b4ee-b0f5e7732238.jpg,train,data/images/2bb478d4-7fa8-45ff-b4ee-b0f5e7732238.jpg,ok,,1024,1024,RGB,JPEG
8d717287-2344-404b-8500-69c6705d7471.jpg,train,data/images/8d717287-2344-404b-8500-69c6705d7471.jpg,ok,,1024,1024,RGB,JPEG
d2f21ccc-7532-4453-a9e9-7c2882eff5fe.jpg,train,data/images/d2f21ccc-7532-4453-a9e9-7c2882eff5fe.jpg,ok,,1024,1024,RGB,JPEG
5ef49d27-9c65-49ca-8852-65362e9b863f.jpg,train,data/images/5ef49d27-9c65-49ca-8852-65362e9b863f.jpg,ok,,1024,1024,RGB,JPEG
c2926ecd-4aed-4c1e-a070-838aa896175a.jpg,train,data/images/c2926ecd-4aed-4c1e-a070-838aa896175a.jpg,ok,,1452,1473,RGB,JPEG
9409b477-f6bc-46ec-be19-dd49af8f2552.jpg,train,data/images/9409b477-f6bc-46ec-be19-dd49af8f2552.jpg,ok,,400,300,RGB,JPEG
b6667bf4-e849-4a4b-9c34-c6bf3bcbe3b4.jpg,train,data/images/b6667bf4-e849-4a4b-9c34-c6bf3bcbe3b4.jpg,ok,,1024,1024,RGB,JPEG
1ebea36b-a089-49b6-b70e-5a4cbb93c343.jpg,train,data/images/1ebea36b-a089-49b6-b70e-5a4cbb93c343.jpg,ok,,1024,1024,RGB,JPEG
4280c874-5b7f-412b-881b-8dff6f1d869f.jpg,train,data/images/4280c874-5b7f-412b-881b-8dff6f1d869f.jpg,ok,,1280,1024,RGB,JPEG
5e92a630-cf54-4c04-a05f-7524ebcc8496.jpg,train,data/images/5e92a630-cf54-4c04-a05f-7524ebcc8496.jpg,ok,,1024,1024,RGB,JPEG
3e9d9507-ef05-40cd-b335-14ba3ad9d632.jpg,train,data/images/3e9d9507-ef05-40cd-b335-14ba3ad9d632.jpg,ok,,1024,1024,RGB,JPEG
84c1ae45-2482-436c-a579-1cf5088d65e0.jpg,train,data/images/84c1ae45-2482-436c-a579-1cf5088d65e0.jpg,ok,,1024,1024,RGB,JPEG
5c3a63b5-e7eb-4ef0-9b3c-880c61f29ae9.jpg,train,data/images/5c3a63b5-e7eb-4ef0-9b3c-880c61f29ae9.jpg,ok,,1024,1024,RGB,JPEG
a33b6bee-f34b-4b13-98d5-53db2dabedc4.jpg,train,data/images/a33b6bee-f34b-4b13-98d5-53db2dabedc4.jpg,ok,,832,1248,RGB,JPEG
56b3bc1b-8cd4-40d5-8250-d09b83b2c055.jpg,train,data/images/56b3bc1b-8cd4-40d5-8250-d09b83b2c055.jpg,ok,,1024,1024,RGB,JPEG
ee1d5847-30f4-4e08-929a-e8d6c64569f5.jpg,train,data/images/ee1d5847-30f4-4e08-929a-e8d6c64569f5.jpg,ok,,1024,1024,RGB,JPEG
0db2e7e2-d927-4d24-8138-29e5765c7d43.jpg,train,data/images/0db2e7e2-d927-4d24-8138-29e5765c7d43.jpg,ok,,1024,1024,RGB,JPEG
da5f7e94-d644-45e4-821f-2e20191c5dc7.jpg,train,data/images/da5f7e94-d644-45e4-821f-2e20191c5dc7.jpg,ok,,1024,1024,RGB,JPEG
998b7b26-795e-4a76-8055-ee088c01f16b.jpg,train,data/images/998b7b26-795e-4a76-8055-ee088c01f16b.jpg,ok,,1024,1024,RGB,JPEG
c2099557-0fc2-4338-95b6-d564267c0928.jpg,train,data/images/c2099557-0fc2-4338-95b6-d564267c0928.jpg,ok,,1024,558,RGB,JPEG
064cfa5c-de1d-4a10-963d-e8edc8086fe0.jpg,train,data/images/064cfa5c-de1d-4a10-963d-e8edc8086fe0.jpg,ok,,896,1195,RGB,JPEG
cccda254-b40a-4922-81a7-2cdf39547877.jpg,train,data/images/cccda254-b40a-4922-81a7-2cdf39547877.jpg,ok,,1024,1024,RGB,JPEG
e4242248-fdf5-4a3d-8932-c745fe011764.jpg,train,data/images/e4242248-fdf5-4a3d-8932-c745fe011764.jpg,ok,,1024,558,RGB,JPEG
d24d5517-aacf-49e2-99a5-edf1a0f0aa53.jpg,train,data/images/d24d5517-aacf-49e2-99a5-edf1a0f0aa53.jpg,ok,,1024,1024,RGB,JPEG
a191deb4-d345-450b-b812-d684dc6778a7.jpg,train,data/images/a191deb4-d345-450b-b812-d684dc6778a7.jpg,ok,,1024,1024,RGB,JPEG
1d1dad49-7287-4bb7-aa11-6279e83c715f.jpg,train,data/images/1d1dad49-7287-4bb7-aa11-6279e83c715f.jpg,ok,,1050,1050,RGB,JPEG
d3673eaa-4ae5-4a65-aa49-755fb1e2bd14.jpg,train,data/images/d3673eaa-4ae5-4a65-aa49-755fb1e2bd14.jpg,ok,,1024,716,RGB,JPEG
f22c9418-fd39-474b-bfe3-b9d27993e1ac.jpg,train,data/images/f22c9418-fd39-474b-bfe3-b9d27993e1ac.jpg,ok,,1024,558,RGB,JPEG
bdad6833-1afc-4486-ac65-4b726d064ca8.jpg,train,data/images/bdad6833-1afc-4486-ac65-4b726d064ca8.jpg,ok,,1024,1024,RGB,JPEG
f8157838-0d6f-4d8d-ab18-436457177f64.jpg,train,data/images/f8157838-0d6f-4d8d-ab18-436457177f64.jpg,ok,,896,1195,RGB,JPEG
350872b8-5eb9-49f6-ba4a-063721810092.jpg,train,data/images/350872b8-5eb9-49f6-ba4a-063721810092.jpg,ok,,1248,832,RGB,JPEG
e93900c0-5f3e-4688-8711-0aa19571cc1a.jpg,train,data/images/e93900c0-5f3e-4688-8711-0aa19571cc1a.jpg,ok,,896,1195,RGB,JPEG
85ed1d01-2ad9-4f1d-bb09-0f938426ffce.jpg,train,data/images/85ed1d01-2ad9-4f1d-bb09-0f938426ffce.jpg,ok,,1248,832,RGB,JPEG
f8e14e83-0a9b-49c1-b031-fac9648e47b1.jpg,train,data/images/f8e14e83-0a9b-49c1-b031-fac9648e47b1.jpg,ok,,1024,1024,RGB,JPEG
157a7cbe-035b-4793-b9c8-05521f4cd4cf.jpg,train,data/images/157a7cbe-035b-4793-b9c8-05521f4cd4cf.jpg,ok,,1195,896,RGB,JPEG
f61dc496-0e4a-4ba6-b50a-7d733888df65.jpg,train,data/images/f61dc496-0e4a-4ba6-b50a-7d733888df65.jpg,ok,,1024,1024,RGB,JPEG
84d6e91f-2f78-4b28-aa8c-b0b6268bc648.jpg,train,data/images/84d6e91f-2f78-4b28-aa8c-b0b6268bc648.jpg,ok,,1024,716,RGB,JPEG
5157dcd8-a5f5-4b9c-9795-60a633780453.jpg,train,data/images/5157dcd8-a5f5-4b9c-9795-60a633780453.jpg,ok,,1024,1024,RGB,JPEG
4c84d74b-2707-4812-965f-d13f1c66e498.jpg,train,data/images/4c84d74b-2707-4812-965f-d13f1c66e498.jpg,ok,,896,1195,RGB,JPEG
c781c818-7aa8-4899-8818-cb6e0dc359c7.jpg,train,data/images/c781c818-7aa8-4899-8818-cb6e0dc359c7.jpg,ok,,1024,1024,RGB,JPEG
e37792dd-ab83-4e3d-bea6-1f1136cc1bf6.jpg,train,data/images/e37792dd-ab83-4e3d-bea6-1f1136cc1bf6.jpg,ok,,1024,716,RGB,JPEG
dab9ede6-79c6-4c04-9f71-4221a5bd6f90.jpg,train,data/images/dab9ede6-79c6-4c04-9f71-4221a5bd6f90.jpg,ok,,1024,1024,RGB,JPEG
c324ab1c-3e8b-4ce2-90e6-6da120a720df.jpg,train,data/images/c324ab1c-3e8b-4ce2-90e6-6da120a720df.jpg,ok,,1024,716,RGB,JPEG
e1db8928-ce6b-4fbb-a640-7770032f23f9.jpg,train,data/images/e1db8928-ce6b-4fbb-a640-7770032f23f9.jpg,ok,,1280,1024,RGB,JPEG
22994eb6-4d0b-42bb-8f27-f38ef6daf3fc.jpg,train,data/images/22994eb6-4d0b-42bb-8f27-f38ef6daf3fc.jpg,ok,,2560,1707,RGB,JPEG
8f5564a5-c2aa-4da6-a613-c6312f4541c7.jpg,train,data/images/8f5564a5-c2aa-4da6-a613-c6312f4541c7.jpg,ok,,832,1248,RGB,JPEG
6c84678f-d9c8-4971-b4eb-4f0feb7f46a5.jpg,train,data/images/6c84678f-d9c8-4971-b4eb-4f0feb7f46a5.jpg,ok,,864,864,RGB,JPEG
c9c39717-9461-4c00-8be2-ed84405e64c2.jpg,train,data/images/c9c39717-9461-4c00-8be2-ed84405e64c2.jpg,ok,,1024,716,RGB,JPEG
b445bf78-686d-45be-85be-0a4ac5639178.jpg,train,data/images/b445bf78-686d-45be-85be-0a4ac5639178.jpg,ok,,1000,1000,RGB,JPEG
bb21201a-01a0-433f-af53-14dbbb7c9cc8.jpg,train,data/images/bb21201a-01a0-433f-af53-14dbbb7c9cc8.jpg,ok,,1024,1024,RGB,JPEG
8b6bd697-1d37-4286-a782-e648677974a0.jpg,train,data/images/8b6bd697-1d37-4286-a782-e648677974a0.jpg,ok,,1024,1024,RGB,JPEG
5f3a68cd-bc33-4c34-9f45-63b5f6790cb3.jpg,train,data/images/5f3a68cd-bc33-4c34-9f45-63b5f6790cb3.jpg,ok,,1024,1024,RGB,JPEG
fd377868-6be6-497f-be20-0139baa43ce4.jpg,train,data/images/fd377868-6be6-497f-be20-0139baa43ce4.jpg,ok,,896,1195,RGB,JPEG
89e3d4c8-00f6-455c-b1e1-ff4447be6900.jpg,train,data/images/89e3d4c8-00f6-455c-b1e1-ff4447be6900.jpg,ok,,896,1195,RGB,JPEG
cec56473-1a40-4c12-bae0-c697c48b41c7.jpg,train,data/images/cec56473-1a40-4c12-bae0-c697c48b41c7.jpg,ok,,1024,1024,RGB,JPEG
1e2669c9-4c12-42c7-9afd-214c6aa584dc.jpg,train,data/images/1e2669c9-4c12-42c7-9afd-214c6aa584dc.jpg,ok,,1024,1024,RGB,JPEG
530c8c4d-a99d-4fe6-b25e-7698aac5641c.jpg,train,data/images/530c8c4d-a99d-4fe6-b25e-7698aac5641c.jpg,ok,,1024,1024,RGB,JPEG
08d597ca-5547-40cd-b2a9-0af17805a459.jpg,train,data/images/08d597ca-5547-40cd-b2a9-0af17805a459.jpg,ok,,1024,558,RGB,JPEG
b85755a5-91d6-4283-b114-d014b1d5c234.jpg,train,data/images/b85755a5-91d6-4283-b114-d014b1d5c234.jpg,ok,,1024,716,RGB,JPEG
c9c8a922-3fbe-479d-8675-3db9d94e6038.jpg,train,data/images/c9c8a922-3fbe-479d-8675-3db9d94e6038.jpg,ok,,1024,1024,RGB,JPEG
cce1d849-9317-40b3-a452-e0a4c07c33a0.jpg,train,data/images/cce1d849-9317-40b3-a452-e0a4c07c33a0.jpg,ok,,1024,1024,RGB,JPEG
810a2778-7dd6-4d49-8d60-82b8b4ff2781.jpg,train,data/images/810a2778-7dd6-4d49-8d60-82b8b4ff2781.jpg,ok,,1024,1024,RGB,JPEG
bb667f48-fb7d-48bf-a069-9742b01b3928.jpg,train,data/images/bb667f48-fb7d-48bf-a069-9742b01b3928.jpg,ok,,896,1195,RGB,JPEG
3e127d80-32eb-4d9a-96fa-e309d91db9a4.jpg,train,data/images/3e127d80-32eb-4d9a-96fa-e309d91db9a4.jpg,ok,,1024,1024,RGB,JPEG
d3fcee02-9304-4e42-8557-d2bab6e50d43.jpg,train,data/images/d3fcee02-9304-4e42-8557-d2bab6e50d43.jpg,ok,,896,1195,RGB,JPEG
2cad2dfd-b745-4fb9-9bff-70abfeb1871f.jpg,train,data/images/2cad2dfd-b745-4fb9-9bff-70abfeb1871f.jpg,ok,,896,1195,RGB,JPEG
3db10689-b51d-4462-ac6b-e7083050ce36.jpg,train,data/images/3db10689-b51d-4462-ac6b-e7083050ce36.jpg,ok,,896,1195,RGB,JPEG
00329fac-20e5-41f7-92df-05b256fdf9e8.jpg,train,data/images/00329fac-20e5-41f7-92df-05b256fdf9e8.jpg,ok,,1024,1024,RGB,JPEG
81fa79a8-1193-428d-ab06-6e73f0aee8e6.jpg,train,data/images/81fa79a8-1193-428d-ab06-6e73f0aee8e6.jpg,ok,,1248,832,RGB,JPEG
40bad3a8-f39e-4392-ab1d-45a72bca092c.jpg,train,data/images/40bad3a8-f39e-4392-ab1d-45a72bca092c.jpg,ok,,896,1195,RGB,JPEG
6a59223f-1c2f-427a-b65f-72e234fed57f.jpg,train,data/images/6a59223f-1c2f-427a-b65f-72e234fed57f.jpg,ok,,1024,716,RGB,JPEG
89cf9792-c5ec-4d19-b27a-47dde05690ed.jpg,train,data/images/89cf9792-c5ec-4d19-b27a-47dde05690ed.jpg,ok,,1024,558,RGB,JPEG
0c1f5c83-84f8-4b7f-a09e-0ffecdf9a198.jpg,train,data/images/0c1f5c83-84f8-4b7f-a09e-0ffecdf9a198.jpg,ok,,1024,1024,RGB,JPEG
e3f66d65-549b-46a2-9afa-dcb941354394.jpg,train,data/images/e3f66d65-549b-46a2-9afa-dcb941354394.jpg,ok,,1024,1024,RGB,JPEG
71834845-bbb1-4f99-8ed0-d51c2bd8a03e.jpg,train,data/images/71834845-bbb1-4f99-8ed0-d51c2bd8a03e.jpg,ok,,1024,1024,RGB,JPEG
bfc3a266-76d0-45c8-b467-d118dcb574c5.jpg,train,data/images/bfc3a266-76d0-45c8-b467-d118dcb574c5.jpg,ok,,1024,1024,RGB,JPEG
df2d4e0c-5f85-43ad-8511-ac97097d6a20.jpg,train,data/images/df2d4e0c-5f85-43ad-8511-ac97097d6a20.jpg,ok,,1024,716,RGB,JPEG
7958dd82-9e19-4ae3-aeb6-2e22009eaa32.jpg,train,data/images/7958dd82-9e19-4ae3-aeb6-2e22009eaa32.jpg,ok,,1024,1024,RGB,JPEG
183b437e-f6d5-4284-b09d-cb8421582fa7.jpg,train,data/images/183b437e-f6d5-4284-b09d-cb8421582fa7.jpg,ok,,1024,1024,RGB,JPEG
c9ea4dd9-c0fc-41b2-ba65-2c1c6fe9abc8.jpg,train,data/images/c9ea4dd9-c0fc-41b2-ba65-2c1c6fe9abc8.jpg,ok,,1024,1024,RGB,JPEG
f9e10763-b53c-45a3-be48-7efde7d9284d.jpg,train,data/images/f9e10763-b53c-45a3-be48-7efde7d9284d.jpg,ok,,1024,1024,RGB,JPEG
445873e0-f7d7-4d44-971c-d8b5fc3a3e8e.jpg,train,data/images/445873e0-f7d7-4d44-971c-d8b5fc3a3e8e.jpg,ok,,800,800,RGB,JPEG
c31591b2-8b6d-4d21-8a67-1898e4c9fcd8.jpg,train,data/images/c31591b2-8b6d-4d21-8a67-1898e4c9fcd8.jpg,ok,,896,1195,RGB,JPEG
7cfff638-5173-4e69-9cab-1d103864747c.jpg,train,data/images/7cfff638-5173-4e69-9cab-1d103864747c.jpg,ok,,1024,1024,RGB,JPEG
1adb5001-e50d-4c24-a0f8-b57ed38a2b1c.jpg,train,data/images/1adb5001-e50d-4c24-a0f8-b57ed38a2b1c.jpg,ok,,1024,1024,RGB,JPEG
5b11ec57-79bd-4ccb-ac4d-5d10273d20b3.jpg,train,data/images/5b11ec57-79bd-4ccb-ac4d-5d10273d20b3.jpg,ok,,1024,716,RGB,JPEG
09e79872-0c5e-45a8-9e4d-a7884c28cbb9.jpg,train,data/images/09e79872-0c5e-45a8-9e4d-a7884c28cbb9.jpg,ok,,896,1195,RGB,JPEG
dc73d1ef-09b3-48f2-81ec-74c6cc83ef7b.jpg,train,data/images/dc73d1ef-09b3-48f2-81ec-74c6cc83ef7b.jpg,ok,,400,400,RGB,JPEG
5c6155ee-134a-439b-8c45-a1493fafade8.jpg,train,data/images/5c6155ee-134a-439b-8c45-a1493fafade8.jpg,ok,,400,300,RGB,JPEG
b4274124-4496-4f78-98a5-1721c2a786f7.jpg,train,data/images/b4274124-4496-4f78-98a5-1721c2a786f7.jpg,ok,,896,1195,RGB,JPEG
53d4f524-a29b-451d-a165-dac6d7c32b6a.jpg,train,data/images/53d4f524-a29b-451d-a165-dac6d7c32b6a.jpg,ok,,1024,1280,RGB,JPEG
e32a87e6-3a6e-4f12-b181-f1ae83380686.jpg,train,data/images/e32a87e6-3a6e-4f12-b181-f1ae83380686.jpg,ok,,558,1024,RGB,JPEG
544f4b5b-cef5-4c6b-8db3-02ec61126ad1.jpg,train,data/images/544f4b5b-cef5-4c6b-8db3-02ec61126ad1.jpg,ok,,1024,1024,RGB,JPEG
f58ca88c-0770-48f8-b687-ad680c6daac8.jpg,train,data/images/f58ca88c-0770-48f8-b687-ad680c6daac8.jpg,ok,,1024,1024,RGB,JPEG
90c7ecff-212a-4b7c-b58b-285d4308782c.jpg,train,data/images/90c7ecff-212a-4b7c-b58b-285d4308782c.jpg,ok,,1024,716,RGB,JPEG
a8495d60-2e55-4194-be40-8a7932846d2a.jpg,train,data/images/a8495d60-2e55-4194-be40-8a7932846d2a.jpg,ok,,1248,832,RGB,JPEG
8ce951ec-4583-4c29-8321-39c0e8d60f0a.jpg,train,data/images/8ce951ec-4583-4c29-8321-39c0e8d60f0a.jpg,ok,,558,1024,RGB,JPEG
1fee13ad-ea87-4c13-8c24-ffdeb94a23e2.jpg,train,data/images/1fee13ad-ea87-4c13-8c24-ffdeb94a23e2.jpg,ok,,896,1195,RGB,JPEG
2598755e-c54e-4c9d-9080-49e3ebe34149.jpg,train,data/images/2598755e-c54e-4c9d-9080-49e3ebe34149.jpg,ok,,1024,1024,RGB,JPEG
df5b13e2-91cb-4ea2-bd3b-7cc30328a2e4.jpg,train,data/images/df5b13e2-91cb-4ea2-bd3b-7cc30328a2e4.jpg,ok,,1195,896,RGB,JPEG
ebfc6b9c-c8f0-4578-b60a-ab0435ab2ec5.jpg,train,data/images/ebfc6b9c-c8f0-4578-b60a-ab0435ab2ec5.jpg,ok,,1248,832,RGB,JPEG
0b34b234-d9ab-468a-9f0e-bd1c58dd6b0f.jpg,train,data/images/0b34b234-d9ab-468a-9f0e-bd1c58dd6b0f.jpg,ok,,1024,1024,RGB,JPEG
60e4fb7a-4a53-4d29-a822-4e4cb4062189.jpg,train,data/images/60e4fb7a-4a53-4d29-a822-4e4cb4062189.jpg,ok,,896,1195,RGB,JPEG
fbd41180-12d6-409e-a735-87b4b860cfc9.jpg,train,data/images/fbd41180-12d6-409e-a735-87b4b860cfc9.jpg,ok,,1024,1024,RGB,JPEG
ed04c191-aa9e-40b1-80a7-86815fe1cc1e.jpg,train,data/images/ed04c191-aa9e-40b1-80a7-86815fe1cc1e.jpg,ok,,832,1248,RGB,JPEG
0278fd3b-26d4-48b2-aef1-5b8f11605bdc.jpg,train,data/images/0278fd3b-26d4-48b2-aef1-5b8f11605bdc.jpg,ok,,1024,716,RGB,JPEG
a2811a03-75c6-42d5-ae97-902f43f596be.jpg,train,data/images/a2811a03-75c6-42d5-ae97-902f43f596be.jpg,ok,,1024,1024,RGB,JPEG
6632501c-f8f9-487b-809f-0c31d58e3d30.jpg,train,data/images/6632501c-f8f9-487b-809f-0c31d58e3d30.jpg,ok,,1024,1024,RGB,JPEG
4a761ffc-9ad5-4390-8c2e-1e1d9ac08374.jpg,train,data/images/4a761ffc-9ad5-4390-8c2e-1e1d9ac08374.jpg,ok,,1024,1024,RGB,JPEG
320a00b8-b6f7-47ce-84ff-a9dae18925d1.jpg,train,data/images/320a00b8-b6f7-47ce-84ff-a9dae18925d1.jpg,ok,,1024,1024,RGB,JPEG
b637a280-4eaf-4b70-95e5-8ca197f198b5.jpg,train,data/images/b637a280-4eaf-4b70-95e5-8ca197f198b5.jpg,ok,,1024,716,RGB,JPEG
7335a626-37a1-4781-935c-c13d067e1597.jpg,train,data/images/7335a626-37a1-4781-935c-c13d067e1597.jpg,ok,,1024,1024,RGB,JPEG
e1090476-a402-48c9-942e-a1594f42ffdb.jpg,train,data/images/e1090476-a402-48c9-942e-a1594f42ffdb.jpg,ok,,1024,1024,RGB,JPEG
7eee3797-4b59-49d6-a754-db1663656c92.jpg,train,data/images/7eee3797-4b59-49d6-a754-db1663656c92.jpg,ok,,832,1248,RGB,JPEG
46d4ba7d-1b18-4d0b-8325-505f2958e6f6.jpg,train,data/images/46d4ba7d-1b18-4d0b-8325-505f2958e6f6.jpg,ok,,1195,896,RGB,JPEG
ca38f1ad-32a7-4b19-8ada-247bd116a3be.jpg,train,data/images/ca38f1ad-32a7-4b19-8ada-247bd116a3be.jpg,ok,,1024,1024,RGB,JPEG
6a0a6b46-f3fd-452b-baba-88ab56e9e2b0.jpg,train,data/images/6a0a6b46-f3fd-452b-baba-88ab56e9e2b0.jpg,ok,,1024,1024,RGB,JPEG
cb7396e0-2b67-4790-8e3e-fd0ad5c5916b.jpg,train,data/images/cb7396e0-2b67-4790-8e3e-fd0ad5c5916b.jpg,ok,,1024,1024,RGB,JPEG
92c4083a-b84a-4b62-82e4-57ff21bd73fb.jpg,train,data/images/92c4083a-b84a-4b62-82e4-57ff21bd73fb.jpg,ok,,1024,1024,RGB,JPEG
2891fc45-9c1e-4ecb-a715-b124edce3987.jpg,train,data/images/2891fc45-9c1e-4ecb-a715-b124edce3987.jpg,ok,,1024,1024,RGB,JPEG
635abe2f-b3c0-4fd4-b61a-cfaac10a2eec.jpg,train,data/images/635abe2f-b3c0-4fd4-b61a-cfaac10a2eec.jpg,ok,,1024,1024,RGB,JPEG
dc1543e3-0461-46b2-9fa7-0803ee4a4b85.jpg,train,data/images/dc1543e3-0461-46b2-9fa7-0803ee4a4b85.jpg,ok,,1024,1024,RGB,JPEG
22a72e3b-7f56-469d-b290-82c853f7538b.jpg,train,data/images/22a72e3b-7f56-469d-b290-82c853f7538b.jpg,ok,,896,1195,RGB,JPEG
ea086093-24bd-407f-8ac3-6641c540bef1.jpg,train,data/images/ea086093-24bd-407f-8ac3-6641c540bef1.jpg,ok,,1248,832,RGB,JPEG
e970d98e-a7b2-42f1-97a4-6bcdd5781c8c.jpg,train,data/images/e970d98e-a7b2-42f1-97a4-6bcdd5781c8c.jpg,ok,,1024,1024,RGB,JPEG
5fea5443-b544-4257-8b66-8e1f0394ee1a.jpg,train,data/images/5fea5443-b544-4257-8b66-8e1f0394ee1a.jpg,ok,,896,1195,RGB,JPEG
2ca8a04f-4bd0-48f3-a46b-1a12d90ab101.jpg,train,data/images/2ca8a04f-4bd0-48f3-a46b-1a12d90ab101.jpg,ok,,1024,1024,RGB,JPEG
91cd295c-d064-4d62-a5fc-01ad5642c60b.jpg,train,data/images/91cd295c-d064-4d62-a5fc-01ad5642c60b.jpg,ok,,1024,1024,RGB,JPEG
0912c58c-3ece-4640-b225-2462b37a8ea5.jpg,train,data/images/0912c58c-3ece-4640-b225-2462b37a8ea5.jpg,ok,,896,1195,RGB,JPEG
d8ed727d-35f3-48c0-9f2e-aeecaba5175f.jpg,train,data/images/d8ed727d-35f3-48c0-9f2e-aeecaba5175f.jpg,ok,,800,800,RGB,JPEG
9a8b6931-c14c-4d8b-90d9-c7c3dfe8d710.jpg,train,data/images/9a8b6931-c14c-4d8b-90d9-c7c3dfe8d710.jpg,ok,,1024,1024,RGB,JPEG
85408e85-ba3f-4e0f-bea6-46f52c1ec0e7.jpg,train,data/images/85408e85-ba3f-4e0f-bea6-46f52c1ec0e7.jpg,ok,,896,1195,RGB,JPEG
29da8001-7d8b-4151-bc3f-7b322fede2ea.jpg,train,data/images/29da8001-7d8b-4151-bc3f-7b322fede2ea.jpg,ok,,1024,1024,RGB,JPEG
a3469ef8-1851-44d8-af15-2cd9137cc6c9.jpg,train,data/images/a3469ef8-1851-44d8-af15-2cd9137cc6c9.jpg,ok,,558,1024,RGB,JPEG
6c155d40-9551-481d-816b-b434ab5e4a5a.jpg,train,data/images/6c155d40-9551-481d-816b-b434ab5e4a5a.jpg,ok,,1024,1024,RGB,JPEG
4cfdf3fc-88ac-4ae3-8aa3-5f5625c14a2b.jpg,train,data/images/4cfdf3fc-88ac-4ae3-8aa3-5f5625c14a2b.jpg,ok,,558,1024,RGB,JPEG
86b17671-2870-4e41-b13b-c2b4a23ef99a.jpg,train,data/images/86b17671-2870-4e41-b13b-c2b4a23ef99a.jpg,ok,,1248,832,RGB,JPEG
5116640f-343d-40d8-ab34-2fe5b2711f0a.jpg,train,data/images/5116640f-343d-40d8-ab34-2fe5b2711f0a.jpg,ok,,1024,1024,RGB,JPEG
6796e462-ba83-466d-a5e1-074932eb737f.jpg,train,data/images/6796e462-ba83-466d-a5e1-074932eb737f.jpg,ok,,832,1248,RGB,JPEG
29c80be7-0c74-496f-8d8b-45cba3d265f1.jpg,train,data/images/29c80be7-0c74-496f-8d8b-45cba3d265f1.jpg,ok,,558,1024,RGB,JPEG
7708abe7-3c34-4671-bd0a-bfb1911fd79d.jpg,train,data/images/7708abe7-3c34-4671-bd0a-bfb1911fd79d.jpg,ok,,1024,1024,RGB,JPEG
ab6e4c4c-1bd3-48c7-a39c-ef228e004926.jpg,train,data/images/ab6e4c4c-1bd3-48c7-a39c-ef228e004926.jpg,ok,,1195,896,RGB,JPEG
341c1742-f8ec-4c81-a2f2-cbdedc398982.jpg,train,data/images/341c1742-f8ec-4c81-a2f2-cbdedc398982.jpg,ok,,1024,1024,RGB,JPEG
c9f1d0ae-fabb-4fca-bdee-9b8445dd4913.jpg,train,data/images/c9f1d0ae-fabb-4fca-bdee-9b8445dd4913.jpg,ok,,896,1195,RGB,JPEG
70504d8a-50fb-441f-a3ee-337335c7e2ef.jpg,train,data/images/70504d8a-50fb-441f-a3ee-337335c7e2ef.jpg,ok,,800,800,RGB,JPEG
2466de09-95d0-413e-85a7-8c280bf844e1.jpg,train,data/images/2466de09-95d0-413e-85a7-8c280bf844e1.jpg,ok,,1024,1024,RGB,JPEG
56a4a50d-6245-4b18-bee7-256581157b0f.jpg,train,data/images/56a4a50d-6245-4b18-bee7-256581157b0f.jpg,ok,,896,1195,RGB,JPEG
7585261e-4761-44c1-beb5-7f21e5abb862.jpg,train,data/images/7585261e-4761-44c1-beb5-7f21e5abb862.jpg,ok,,832,1248,RGB,JPEG
9c391f02-de71-4342-b57b-c47a932767ff.jpg,train,data/images/9c391f02-de71-4342-b57b-c47a932767ff.jpg,ok,,896,1195,RGB,JPEG
48642702-1b32-4f5c-89c7-8f1c8e7c6c58.jpg,train,data/images/48642702-1b32-4f5c-89c7-8f1c8e7c6c58.jpg,ok,,896,1195,RGB,JPEG
9c52a965-2966-4fba-b19e-c8825cb1fa00.jpg,train,data/images/9c52a965-2966-4fba-b19e-c8825cb1fa00.jpg,ok,,896,1195,RGB,JPEG
e64ca40e-47b6-4236-8430-243a74da2b31.jpg,train,data/images/e64ca40e-47b6-4236-8430-243a74da2b31.jpg,ok,,2422,2422,RGB,JPEG
f242c9d6-d94f-4537-94bc-e0323e5a7742.jpg,train,data/images/f242c9d6-d94f-4537-94bc-e0323e5a7742.jpg,ok,,1024,558,RGB,JPEG
45450be4-986a-41f6-9c71-c8e2136d48ea.jpg,train,data/images/45450be4-986a-41f6-9c71-c8e2136d48ea.jpg,ok,,1248,832,RGB,JPEG
5da5c2c5-9cde-4cc8-93c8-a770a739553e.jpg,train,data/images/5da5c2c5-9cde-4cc8-93c8-a770a739553e.jpg,ok,,1024,1024,RGB,JPEG
7127fd3b-605f-4ec7-8b16-860c943fabd8.jpg,train,data/images/7127fd3b-605f-4ec7-8b16-860c943fabd8.jpg,ok,,1024,1024,RGB,JPEG
0e68d005-e740-43f3-90f8-076e50225bab.jpg,train,data/images/0e68d005-e740-43f3-90f8-076e50225bab.jpg,ok,,1024,1024,RGB,JPEG
a8379688-bfbc-4f8f-b0cb-6bd90e191aa0.jpg,train,data/images/a8379688-bfbc-4f8f-b0cb-6bd90e191aa0.jpg,ok,,1024,716,RGB,JPEG
e396d952-0d66-43df-b973-e7343daf7ef6.jpg,train,data/images/e396d952-0d66-43df-b973-e7343daf7ef6.jpg,ok,,1024,716,RGB,JPEG
4842ac19-ee07-44ff-b2c8-aaa8ebd22f60.jpg,train,data/images/4842ac19-ee07-44ff-b2c8-aaa8ebd22f60.jpg,ok,,1024,1024,RGB,JPEG
18dcc9a9-d007-4f23-b08e-fe8fea2bb91a.jpg,train,data/images/18dcc9a9-d007-4f23-b08e-fe8fea2bb91a.jpg,ok,,896,1195,RGB,JPEG
1fd6170a-e23a-43f4-b27d-7701c59cb0f9.jpg,train,data/images/1fd6170a-e23a-43f4-b27d-7701c59cb0f9.jpg,ok,,896,1195,RGB,JPEG
d5b600c7-739a-4908-a221-4348f3203c2a.jpg,train,data/images/d5b600c7-739a-4908-a221-4348f3203c2a.jpg,ok,,1024,716,RGB,JPEG
a79517d6-995c-4a74-95f1-30c40ff0324b.jpg,train,data/images/a79517d6-995c-4a74-95f1-30c40ff0324b.jpg,ok,,1024,1024,RGB,JPEG
67f072e3-6708-4db8-b779-a32d4397a99a.jpg,train,data/images/67f072e3-6708-4db8-b779-a32d4397a99a.jpg,ok,,1024,716,RGB,JPEG
8be0f8e4-dfb1-4db7-a7da-0e0ad0e5d307.jpg,train,data/images/8be0f8e4-dfb1-4db7-a7da-0e0ad0e5d307.jpg,ok,,896,1195,RGB,JPEG
5895556d-f28b-494b-9090-4a2a3db37fc8.jpg,train,data/images/5895556d-f28b-494b-9090-4a2a3db37fc8.jpg,ok,,896,1195,RGB,JPEG
8b08f075-0b70-434d-9838-e9f3a64f815e.jpg,train,data/images/8b08f075-0b70-434d-9838-e9f3a64f815e.jpg,ok,,1024,1024,RGB,JPEG
bb458a1b-63d3-4fca-93d1-682f566f6b0c.jpg,train,data/images/bb458a1b-63d3-4fca-93d1-682f566f6b0c.jpg,ok,,558,1024,RGB,JPEG
b5242f56-4f77-4a10-9480-bdae43654f59.jpg,train,data/images/b5242f56-4f77-4a10-9480-bdae43654f59.jpg,ok,,1248,832,RGB,JPEG
29d5ce6d-dadc-43f8-8cbd-72bbf7e561a1.jpg,train,data/images/29d5ce6d-dadc-43f8-8cbd-72bbf7e561a1.jpg,ok,,1195,896,RGB,JPEG
ce9c7e12-e160-44ce-a0d9-9836abca3cae.jpg,train,data/images/ce9c7e12-e160-44ce-a0d9-9836abca3cae.jpg,ok,,1024,1024,RGB,JPEG
49cb7136-9d91-4f38-92cb-391603c3830e.jpg,train,data/images/49cb7136-9d91-4f38-92cb-391603c3830e.jpg,ok,,1024,1024,RGB,JPEG
bb9827d5-5785-43ff-875d-2216addb111e.jpg,train,data/images/bb9827d5-5785-43ff-875d-2216addb111e.jpg,ok,,896,1195,RGB,JPEG
5e0d05d2-f477-42fb-a401-d5cff6c5e28f.jpg,train,data/images/5e0d05d2-f477-42fb-a401-d5cff6c5e28f.jpg,ok,,1024,558,RGB,JPEG
33bc00f3-653e-4331-8c12-4deb7865c5dc.jpg,train,data/images/33bc00f3-653e-4331-8c12-4deb7865c5dc.jpg,ok,,1024,716,RGB,JPEG
dd610e8f-e3dc-4689-b90f-7a2b3f471feb.jpg,train,data/images/dd610e8f-e3dc-4689-b90f-7a2b3f471feb.jpg,ok,,1024,1024,RGB,JPEG
d63265ca-93ef-4249-b22c-bd39003b84af.jpg,train,data/images/d63265ca-93ef-4249-b22c-bd39003b84af.jpg,ok,,1024,1024,RGB,JPEG
5494a37c-4dbe-48a1-960b-030fe9e3b1b0.jpg,train,data/images/5494a37c-4dbe-48a1-960b-030fe9e3b1b0.jpg,ok,,1024,1024,RGB,JPEG
e38d26b1-3495-4ce5-a1af-1a1403f48971.jpg,train,data/images/e38d26b1-3495-4ce5-a1af-1a1403f48971.jpg,ok,,1024,1024,RGB,JPEG
0896d9fe-d01e-47e5-941c-d5c3bd1d68be.jpg,train,data/images/0896d9fe-d01e-47e5-941c-d5c3bd1d68be.jpg,ok,,1024,1024,RGB,JPEG
649269c4-6d9a-4396-b945-f963d520d22b.jpg,train,data/images/649269c4-6d9a-4396-b945-f963d520d22b.jpg,ok,,1024,1024,RGB,JPEG
3e8fa888-5d3f-423f-ad29-7bdf23179737.jpg,train,data/images/3e8fa888-5d3f-423f-ad29-7bdf23179737.jpg,ok,,1195,896,RGB,JPEG
7820a6fa-d395-4cdf-ac20-1fb7392386c9.jpg,train,data/images/7820a6fa-d395-4cdf-ac20-1fb7392386c9.jpg,ok,,1024,558,RGB,JPEG
db6eee6d-ef90-480d-89bf-c635cc7f6e46.jpg,train,data/images/db6eee6d-ef90-480d-89bf-c635cc7f6e46.jpg,ok,,1024,1024,RGB,JPEG
5019b499-bbb1-48ba-ba1d-bfafdf1d8a03.jpg,train,data/images/5019b499-bbb1-48ba-ba1d-bfafdf1d8a03.jpg,ok,,1024,1024,RGB,JPEG
73a75f50-90aa-4032-a864-0c052e2e6093.jpg,train,data/images/73a75f50-90aa-4032-a864-0c052e2e6093.jpg,ok,,1024,1024,RGB,JPEG
b33051c2-ecb9-4b04-b913-9f4a8fae6d25.jpg,train,data/images/b33051c2-ecb9-4b04-b913-9f4a8fae6d25.jpg,ok,,832,1248,RGB,JPEG
527b10ca-94a3-44b8-879b-8ab1c0bc2e4e.jpg,train,data/images/527b10ca-94a3-44b8-879b-8ab1c0bc2e4e.jpg,ok,,896,1195,RGB,JPEG
1bb4b128-d3ba-40db-9ae3-895c6ba578b7.jpg,train,data/images/1bb4b128-d3ba-40db-9ae3-895c6ba578b7.jpg,ok,,1024,1024,RGB,JPEG
144ec98b-89e6-48b2-82e1-d90fc599215a.jpg,train,data/images/144ec98b-89e6-48b2-82e1-d90fc599215a.jpg,ok,,1024,1024,RGB,JPEG
e885b232-9eba-4eac-a021-d26e00912c77.jpg,train,data/images/e885b232-9eba-4eac-a021-d26e00912c77.jpg,ok,,832,1248,RGB,JPEG
3ff0d57a-84e9-40ec-affb-9a63bbe14a44.jpg,train,data/images/3ff0d57a-84e9-40ec-affb-9a63bbe14a44.jpg,ok,,896,1195,RGB,JPEG
0bbba16a-9331-4257-b3f9-a5bc223c2b72.jpg,train,data/images/0bbba16a-9331-4257-b3f9-a5bc223c2b72.jpg,ok,,1024,716,RGB,JPEG
02c89ee0-482b-4c2d-92f2-d6d416e64f55.jpg,train,data/images/02c89ee0-482b-4c2d-92f2-d6d416e64f55.jpg,ok,,1024,1024,RGB,JPEG
edc38b66-30b7-4457-bfc3-0f690fdf2bff.jpg,train,data/images/edc38b66-30b7-4457-bfc3-0f690fdf2bff.jpg,ok,,1195,896,RGB,JPEG
9e6400c7-5343-430a-b0a1-504e0c0de3ce.jpg,train,data/images/9e6400c7-5343-430a-b0a1-504e0c0de3ce.jpg,ok,,832,1248,RGB,JPEG
0adcd9e6-d190-4dd1-ad6a-80e9503d1981.jpg,train,data/images/0adcd9e6-d190-4dd1-ad6a-80e9503d1981.jpg,ok,,1248,832,RGB,JPEG
41778683-ab56-47ef-8e4b-5ef1035cad8c.jpg,train,data/images/41778683-ab56-47ef-8e4b-5ef1035cad8c.jpg,ok,,1024,1024,RGB,JPEG
ac6b06ef-7181-42b6-9052-624be6327ede.jpg,train,data/images/ac6b06ef-7181-42b6-9052-624be6327ede.jpg,ok,,1024,558,RGB,JPEG
00ac0b0a-75c7-4cdf-9540-cbceed1b8e00.jpg,train,data/images/00ac0b0a-75c7-4cdf-9540-cbceed1b8e00.jpg,ok,,1024,1024,RGB,JPEG
e4aa23de-f35b-440f-acd6-3213339a0065.jpg,train,data/images/e4aa23de-f35b-440f-acd6-3213339a0065.jpg,ok,,1024,1024,RGB,JPEG
94ffa75f-ea63-4d19-8ba4-085b50d6d7ae.jpg,train,data/images/94ffa75f-ea63-4d19-8ba4-085b50d6d7ae.jpg,ok,,896,1195,RGB,JPEG
d30938ff-ae9b-47a0-bf06-3f3b03b13a3d.jpg,train,data/images/d30938ff-ae9b-47a0-bf06-3f3b03b13a3d.jpg,ok,,1024,1024,RGB,JPEG
fb367c7c-b17b-468e-b762-7c9e26b0d505.jpg,train,data/images/fb367c7c-b17b-468e-b762-7c9e26b0d505.jpg,ok,,1024,1024,RGB,JPEG
bed6bcb8-12a2-4fd5-8fc2-558574e12c8f.jpg,train,data/images/bed6bcb8-12a2-4fd5-8fc2-558574e12c8f.jpg,ok,,1024,716,RGB,JPEG
f9c7e9d3-291f-4fef-a83a-ad2338069037.jpg,train,data/images/f9c7e9d3-291f-4fef-a83a-ad2338069037.jpg,ok,,558,1024,RGB,JPEG
663ace63-7255-4ac6-85a1-109d9c0411d2.jpg,train,data/images/663ace63-7255-4ac6-85a1-109d9c0411d2.jpg,ok,,1248,832,RGB,JPEG
380ffd9a-936e-48e7-b9f8-3251c664d9c9.jpg,train,data/images/380ffd9a-936e-48e7-b9f8-3251c664d9c9.jpg,ok,,1024,558,RGB,JPEG
41175a7b-7e1f-4320-911e-2486084d7422.jpg,train,data/images/41175a7b-7e1f-4320-911e-2486084d7422.jpg,ok,,1024,1024,RGB,JPEG
60de3b0c-2c08-4a95-a61f-e7326714e689.jpg,train,data/images/60de3b0c-2c08-4a95-a61f-e7326714e689.jpg,ok,,1024,1280,RGB,JPEG
72ad03d9-0fa6-43ef-88b6-b65f470c1314.jpg,train,data/images/72ad03d9-0fa6-43ef-88b6-b65f470c1314.jpg,ok,,1024,1024,RGB,JPEG
1ad2ee30-fde3-410c-81a3-90248a667d65.jpg,train,data/images/1ad2ee30-fde3-410c-81a3-90248a667d65.jpg,ok,,1024,1024,RGB,JPEG
627d1c8c-cfc5-4c77-b6bb-5380598169b0.jpg,train,data/images/627d1c8c-cfc5-4c77-b6bb-5380598169b0.jpg,ok,,1024,1024,RGB,JPEG
f241c7cc-2834-4e2e-8c47-ad43516b37c4.jpg,train,data/images/f241c7cc-2834-4e2e-8c47-ad43516b37c4.jpg,ok,,2560,2560,RGB,JPEG
bd69402f-9761-46aa-ab18-2b0b625a0dd1.jpg,train,data/images/bd69402f-9761-46aa-ab18-2b0b625a0dd1.jpg,ok,,1024,1024,RGB,JPEG
0015c68f-d474-46df-baeb-7a7ea49488bf.jpg,train,data/images/0015c68f-d474-46df-baeb-7a7ea49488bf.jpg,ok,,1024,1024,RGB,JPEG
293e962b-1672-47ad-ad4e-8c21d1018b20.jpg,train,data/images/293e962b-1672-47ad-ad4e-8c21d1018b20.jpg,ok,,1024,1024,RGB,JPEG
8028afba-c99e-47c1-9ee8-32430fc67f15.jpg,train,data/images/8028afba-c99e-47c1-9ee8-32430fc67f15.jpg,ok,,1024,1024,RGB,JPEG
21b39189-5b0b-472d-9ae5-a6dab075d600.jpg,train,data/images/21b39189-5b0b-472d-9ae5-a6dab075d600.jpg,ok,,1024,558,RGB,JPEG
594b0b5c-1a6e-4bf5-9012-9eb72937ea74.jpg,train,data/images/594b0b5c-1a6e-4bf5-9012-9eb72937ea74.jpg,ok,,558,1024,RGB,JPEG
bc2de7cb-d35d-4fde-a554-2ebb8617337f.jpg,train,data/images/bc2de7cb-d35d-4fde-a554-2ebb8617337f.jpg,ok,,1024,1280,RGB,JPEG
c2dba1a5-81b3-4a8e-9c83-c712a463f1e1.jpg,train,data/images/c2dba1a5-81b3-4a8e-9c83-c712a463f1e1.jpg,ok,,1024,1024,RGB,JPEG
60aa3d96-001b-4fcd-a0b9-0c3f892a6c75.jpg,train,data/images/60aa3d96-001b-4fcd-a0b9-0c3f892a6c75.jpg,ok,,1024,558,RGB,JPEG
4facdeac-4f1a-47b0-a398-ade92b67321f.jpg,train,data/images/4facdeac-4f1a-47b0-a398-ade92b67321f.jpg,ok,,1024,1024,RGB,JPEG
f8277933-dec0-4c03-8f16-1e142719ea38.jpg,train,data/images/f8277933-dec0-4c03-8f16-1e142719ea38.jpg,ok,,1024,1024,RGB,JPEG
232a5dbe-a007-4312-a0b8-dd5d1347c031.jpg,train,data/images/232a5dbe-a007-4312-a0b8-dd5d1347c031.jpg,ok,,1024,1024,RGB,JPEG
f13f64ea-f555-4c9b-bba5-7cf831b16219.jpg,train,data/images/f13f64ea-f555-4c9b-bba5-7cf831b16219.jpg,ok,,1195,896,RGB,JPEG
2804e8f5-4aa9-44ac-9573-d185d1994b27.jpg,train,data/images/2804e8f5-4aa9-44ac-9573-d185d1994b27.jpg,ok,,1024,1024,RGB,JPEG
65cc9f35-c06a-42a8-80a9-a322460573c3.jpg,train,data/images/65cc9f35-c06a-42a8-80a9-a322460573c3.jpg,ok,,1024,1024,RGB,JPEG
3bb7288e-264e-41e9-a548-1fa2751b99bf.jpg,train,data/images/3bb7288e-264e-41e9-a548-1fa2751b99bf.jpg,ok,,1024,1024,RGB,JPEG
ca3a8a15-47d5-4785-bd52-0f3fe8aac9b5.jpg,train,data/images/ca3a8a15-47d5-4785-bd52-0f3fe8aac9b5.jpg,ok,,1879,2200,RGB,JPEG
129015a2-ff61-42a8-88b7-095247d6ab1b.jpg,train,data/images/129015a2-ff61-42a8-88b7-095247d6ab1b.jpg,ok,,1024,1024,RGB,JPEG
248adcb8-b922-4ed3-8909-8fe7ca7add45.jpg,train,data/images/248adcb8-b922-4ed3-8909-8fe7ca7add45.jpg,ok,,1024,1024,RGB,JPEG
1f3c35b6-95a6-49ad-a760-2c9b76bacb0e.jpg,train,data/images/1f3c35b6-95a6-49ad-a760-2c9b76bacb0e.jpg,ok,,1024,1024,RGB,JPEG
5c812289-4fd1-46a5-b701-05cfdcd4ec0a.jpg,train,data/images/5c812289-4fd1-46a5-b701-05cfdcd4ec0a.jpg,ok,,1024,1024,RGB,JPEG
b97a1cd7-d3d1-4b81-bdc4-7df8c20f9b4f.jpg,train,data/images/b97a1cd7-d3d1-4b81-bdc4-7df8c20f9b4f.jpg,ok,,832,1248,RGB,JPEG
7d1d00f0-55da-49ea-9eac-d2e88f9b46a7.jpg,train,data/images/7d1d00f0-55da-49ea-9eac-d2e88f9b46a7.jpg,ok,,1024,1024,RGB,JPEG
6d94eec0-a35b-46c8-babc-caca261091c5.jpg,train,data/images/6d94eec0-a35b-46c8-babc-caca261091c5.jpg,ok,,896,1195,RGB,JPEG
b1511e75-d1d7-4b80-bf6b-ca427a27c59e.jpg,train,data/images/b1511e75-d1d7-4b80-bf6b-ca427a27c59e.jpg,ok,,558,1024,RGB,JPEG
bd8a3e2b-e2a1-4898-8288-f258b66f6015.jpg,train,data/images/bd8a3e2b-e2a1-4898-8288-f258b66f6015.jpg,ok,,558,1024,RGB,JPEG
7e1cacb2-6db5-4869-9db5-8d1b4ee3ef48.jpg,train,data/images/7e1cacb2-6db5-4869-9db5-8d1b4ee3ef48.jpg,ok,,1024,1024,RGB,JPEG
5ce51cb5-d9ad-4d03-8029-af7529a64adf.jpg,train,data/images/5ce51cb5-d9ad-4d03-8029-af7529a64adf.jpg,ok,,558,1024,RGB,JPEG
629c5e85-7303-4a50-815c-a660952827a6.jpg,train,data/images/629c5e85-7303-4a50-815c-a660952827a6.jpg,ok,,1248,832,RGB,JPEG
61556cb6-1412-4f51-a457-8aaf05f46ac4.jpg,train,data/images/61556cb6-1412-4f51-a457-8aaf05f46ac4.jpg,ok,,400,300,RGB,JPEG
0947d98f-d197-49df-94b7-0edff52af2cb.jpg,train,data/images/0947d98f-d197-49df-94b7-0edff52af2cb.jpg,ok,,1024,1024,RGB,JPEG
a8413559-98dc-4eeb-bc68-e85bb1275c48.jpg,train,data/images/a8413559-98dc-4eeb-bc68-e85bb1275c48.jpg,ok,,1024,716,RGB,JPEG
6191bd03-cb55-48ce-ac84-edef0b1457a3.jpg,train,data/images/6191bd03-cb55-48ce-ac84-edef0b1457a3.jpg,ok,,896,1195,RGB,JPEG
f7b96a50-8d7b-4393-b6fc-8516c715c825.jpg,train,data/images/f7b96a50-8d7b-4393-b6fc-8516c715c825.jpg,ok,,1024,1024,RGB,JPEG
fe75b3d0-47d1-4045-9e4c-f2beeb605a9a.jpg,train,data/images/fe75b3d0-47d1-4045-9e4c-f2beeb605a9a.jpg,ok,,1024,1024,RGB,JPEG
f65b0134-6ec7-4f0f-b8ff-9edb11a66ac3.jpg,train,data/images/f65b0134-6ec7-4f0f-b8ff-9edb11a66ac3.jpg,ok,,1280,1024,RGB,JPEG
3014bbf4-0e94-45cb-b1da-36613bd23588.jpg,train,data/images/3014bbf4-0e94-45cb-b1da-36613bd23588.jpg,ok,,1195,896,RGB,JPEG
76988b20-4abe-425a-9043-3bc35f5a8725.jpg,train,data/images/76988b20-4abe-425a-9043-3bc35f5a8725.jpg,ok,,1195,896,RGB,JPEG
bfba3cf3-2cee-4527-849b-337a6c6cbf40.jpg,train,data/images/bfba3cf3-2cee-4527-849b-337a6c6cbf40.jpg,ok,,1195,896,RGB,JPEG
abf03f13-0d25-4801-8c56-c1ca93a6bb48.jpg,train,data/images/abf03f13-0d25-4801-8c56-c1ca93a6bb48.jpg,ok,,1024,1024,RGB,JPEG
e38c09a4-5483-4e84-9680-b94cda9ce289.jpg,train,data/images/e38c09a4-5483-4e84-9680-b94cda9ce289.jpg,ok,,1024,1024,RGB,JPEG
4f464dcd-7ef3-4163-9a04-8d6e34d8f47f.jpg,train,data/images/4f464dcd-7ef3-4163-9a04-8d6e34d8f47f.jpg,ok,,2560,2560,RGB,JPEG
a191d70b-99d0-4452-8e56-9842aeee6da8.jpg,train,data/images/a191d70b-99d0-4452-8e56-9842aeee6da8.jpg,ok,,1024,1024,RGB,JPEG
536933d2-f2c0-4344-ba47-7c2056a04359.jpg,train,data/images/536933d2-f2c0-4344-ba47-7c2056a04359.jpg,ok,,1195,896,RGB,JPEG
20f61be5-9bbb-4eac-b852-f0d2017d73d4.jpg,train,data/images/20f61be5-9bbb-4eac-b852-f0d2017d73d4.jpg,ok,,2480,2560,RGB,JPEG
ae5b902b-6f3b-4c4b-a1a7-f6ecf9bde683.jpg,train,data/images/ae5b902b-6f3b-4c4b-a1a7-f6ecf9bde683.jpg,ok,,341,500,RGB,JPEG
180b7324-f469-4968-bfbb-173cd6d367df.jpg,train,data/images/180b7324-f469-4968-bfbb-173cd6d367df.jpg,ok,,1024,1024,RGB,JPEG
4359ea35-8bc5-44a1-a3f4-c6feaad5b38b.jpg,train,data/images/4359ea35-8bc5-44a1-a3f4-c6feaad5b38b.jpg,ok,,1024,1024,RGB,JPEG
ad41b167-46e7-492c-b4a3-69102f81e727.jpg,train,data/images/ad41b167-46e7-492c-b4a3-69102f81e727.jpg,ok,,1024,1024,RGB,JPEG
c9e3962a-e505-4604-8b4d-138d2ed2c3bc.jpg,train,data/images/c9e3962a-e505-4604-8b4d-138d2ed2c3bc.jpg,ok,,1024,558,RGB,JPEG
fb91dda4-1130-4eef-a1fd-3a1d367b6c88.jpg,train,data/images/fb91dda4-1130-4eef-a1fd-3a1d367b6c88.jpg,ok,,1024,1024,RGB,JPEG
bf8232fd-d56e-437b-bafc-91f501534ef4.jpg,train,data/images/bf8232fd-d56e-437b-bafc-91f501534ef4.jpg,ok,,1024,1024,RGB,JPEG
c4bd3794-5b48-4b23-8009-a7bd0e354fac.jpg,train,data/images/c4bd3794-5b48-4b23-8009-a7bd0e354fac.jpg,ok,,1248,832,RGB,JPEG
0279c669-5a6f-4ec7-b4d7-52ffe87e7e37.jpg,train,data/images/0279c669-5a6f-4ec7-b4d7-52ffe87e7e37.jpg,ok,,1024,1024,RGB,JPEG
a22aa119-9c24-47db-a7f2-c87af4a89d5a.jpg,train,data/images/a22aa119-9c24-47db-a7f2-c87af4a89d5a.jpg,ok,,1000,1000,RGB,JPEG
bfa5eaa4-268e-4156-8e16-075d7badaebe.jpg,train,data/images/bfa5eaa4-268e-4156-8e16-075d7badaebe.jpg,ok,,1024,1024,RGB,JPEG
e495eb06-1447-4887-afd1-28eead90b759.jpg,train,data/images/e495eb06-1447-4887-afd1-28eead90b759.jpg,ok,,1024,1024,RGB,JPEG
bfcb8b7b-2744-4a09-82b5-bc0cc7ad4000.jpg,train,data/images/bfcb8b7b-2744-4a09-82b5-bc0cc7ad4000.jpg,ok,,1024,1024,RGB,JPEG
74fcd0f0-094e-4789-893d-80e8750c2650.jpg,train,data/images/74fcd0f0-094e-4789-893d-80e8750c2650.jpg,ok,,1024,1024,RGB,JPEG
fe53fb29-def1-441a-aba4-1b51d8a634fb.jpg,train,data/images/fe53fb29-def1-441a-aba4-1b51d8a634fb.jpg,ok,,1024,1024,RGB,JPEG
d59aec8c-96d5-4d6b-8b8d-1638757e7728.jpg,train,data/images/d59aec8c-96d5-4d6b-8b8d-1638757e7728.jpg,ok,,1024,1024,RGB,JPEG
b9436d44-e3b6-4d43-b843-0860148c5575.jpg,train,data/images/b9436d44-e3b6-4d43-b843-0860148c5575.jpg,ok,,1024,558,RGB,JPEG
9d1330f1-1953-432d-84b7-9734371f4375.jpg,train,data/images/9d1330f1-1953-432d-84b7-9734371f4375.jpg,ok,,832,1248,RGB,JPEG
96c2e804-353a-4c2f-ac75-5ab9354cb9a2.jpg,train,data/images/96c2e804-353a-4c2f-ac75-5ab9354cb9a2.jpg,ok,,1024,558,RGB,JPEG
52e058c0-2c73-42c1-8f7b-57b08c8e9637.jpg,train,data/images/52e058c0-2c73-42c1-8f7b-57b08c8e9637.jpg,ok,,1024,1024,RGB,JPEG
a324f3eb-b125-4c6b-9d69-d451d3b639d3.jpg,train,data/images/a324f3eb-b125-4c6b-9d69-d451d3b639d3.jpg,ok,,1024,1024,RGB,JPEG
04d03884-0898-425a-ba62-1f7b5416a831.jpg,train,data/images/04d03884-0898-425a-ba62-1f7b5416a831.jpg,ok,,1024,1024,RGB,JPEG
0560bdcd-24cd-4df0-ae25-e1083436f579.jpg,train,data/images/0560bdcd-24cd-4df0-ae25-e1083436f579.jpg,ok,,1195,896,RGB,JPEG
d4c2d9ca-3be7-4bfd-925f-681635368a94.jpg,train,data/images/d4c2d9ca-3be7-4bfd-925f-681635368a94.jpg,ok,,1024,1024,RGB,JPEG
62782a28-479e-4f04-986b-d0a82e0a9784.jpg,train,data/images/62782a28-479e-4f04-986b-d0a82e0a9784.jpg,ok,,400,400,RGB,JPEG
92dd4a6d-3c29-4f21-add1-1e3c7b24fdda.jpg,train,data/images/92dd4a6d-3c29-4f21-add1-1e3c7b24fdda.jpg,ok,,1024,1024,RGB,JPEG
f7beaeb3-a8f5-48b8-90a1-01e1eb823c77.jpg,train,data/images/f7beaeb3-a8f5-48b8-90a1-01e1eb823c77.jpg,ok,,1024,1024,RGB,JPEG
91f802cd-b76e-435b-82c1-0a6b54f2550b.jpg,train,data/images/91f802cd-b76e-435b-82c1-0a6b54f2550b.jpg,ok,,1248,832,RGB,JPEG
6054db04-4dd9-43b7-9c27-67d82e5eea86.jpg,train,data/images/6054db04-4dd9-43b7-9c27-67d82e5eea86.jpg,ok,,400,266,RGB,JPEG
f9c39c23-729a-4e80-8d75-c9c2322b59d1.jpg,train,data/images/f9c39c23-729a-4e80-8d75-c9c2322b59d1.jpg,ok,,1024,1024,RGB,JPEG
9cb5fe8c-16a8-4455-8cff-969e5293a7f9.jpg,train,data/images/9cb5fe8c-16a8-4455-8cff-969e5293a7f9.jpg,ok,,832,1248,RGB,JPEG
ea930e3d-25fc-4a97-91b5-c2bc3d993de4.jpg,train,data/images/ea930e3d-25fc-4a97-91b5-c2bc3d993de4.jpg,ok,,1195,896,RGB,JPEG
190fa060-49f6-40a9-8281-644456688b92.jpg,train,data/images/190fa060-49f6-40a9-8281-644456688b92.jpg,ok,,400,365,RGB,JPEG
3ecf1af5-6a8f-416a-9b4c-df9f2e0a0a80.jpg,test,data/images/3ecf1af5-6a8f-416a-9b4c-df9f2e0a0a80.jpg,ok,,1024,1024,RGB,JPEG
2789b3fe-a337-4dc2-b42c-8bccde1f68fb.jpg,test,data/images/2789b3fe-a337-4dc2-b42c-8bccde1f68fb.jpg,ok,,1024,1024,RGB,JPEG
01a342c6-c3fc-4b55-8c22-13c1a556ba87.jpg,test,data/images/01a342c6-c3fc-4b55-8c22-13c1a556ba87.jpg,ok,,1024,1024,RGB,JPEG
ac784910-b461-498d-b3a8-50b1e4116b11.jpg,test,data/images/ac784910-b461-498d-b3a8-50b1e4116b11.jpg,ok,,400,300,RGB,JPEG
6dcd4df6-7447-4bcf-a29b-f7f53b4c3ed4.jpg,test,data/images/6dcd4df6-7447-4bcf-a29b-f7f53b4c3ed4.jpg,ok,,832,1248,RGB,JPEG
73b2089b-34a5-49de-a98b-2325512322f1.jpg,test,data/images/73b2089b-34a5-49de-a98b-2325512322f1.jpg,ok,,1024,1024,RGB,JPEG
8bb3958b-3487-4ad4-86cc-5c391e3bd9a4.jpg,test,data/images/8bb3958b-3487-4ad4-86cc-5c391e3bd9a4.jpg,ok,,1024,1024,RGB,JPEG
23a0595f-7b9e-47ce-ae12-07a83a00c189.jpg,test,data/images/23a0595f-7b9e-47ce-ae12-07a83a00c189.jpg,ok,,1024,558,RGB,JPEG
32e05946-83ff-4780-9090-4ad99ccd4134.jpg,test,data/images/32e05946-83ff-4780-9090-4ad99ccd4134.jpg,ok,,1024,1024,RGB,JPEG
674a7ded-31e4-41b1-a7cf-4a6c04fd4af1.jpg,test,data/images/674a7ded-31e4-41b1-a7cf-4a6c04fd4af1.jpg,ok,,1024,1024,RGB,JPEG
48cbd795-471d-4a49-8d0e-d410c26127cb.jpg,test,data/images/48cbd795-471d-4a49-8d0e-d410c26127cb.jpg,ok,,896,1195,RGB,JPEG
7d35cc6b-1695-4023-8cca-52bd203ed111.jpg,test,data/images/7d35cc6b-1695-4023-8cca-52bd203ed111.jpg,ok,,558,1024,RGB,JPEG
4025f7d2-454a-4da8-8345-9d1835f129db.jpg,test,data/images/4025f7d2-454a-4da8-8345-9d1835f129db.jpg,ok,,896,1195,RGB,JPEG
ea87b204-2890-4833-a663-d86312ac2c95.jpg,test,data/images/ea87b204-2890-4833-a663-d86312ac2c95.jpg,ok,,1024,1024,RGB,JPEG
8ceec6d6-47bf-45d1-afb8-e8ec1b159775.jpg,test,data/images/8ceec6d6-47bf-45d1-afb8-e8ec1b159775.jpg,ok,,1024,716,RGB,JPEG
74d2fc70-53dc-409e-8885-dde7475c76c0.jpg,test,data/images/74d2fc70-53dc-409e-8885-dde7475c76c0.jpg,ok,,1024,558,RGB,JPEG
5aa4e34f-de73-45ab-aea3-669e3cf594d5.jpg,test,data/images/5aa4e34f-de73-45ab-aea3-669e3cf594d5.jpg,ok,,896,1195,RGB,JPEG
0c26571d-0da7-4940-922f-ac9aac7c5c09.jpg,test,data/images/0c26571d-0da7-4940-922f-ac9aac7c5c09.jpg,ok,,1024,716,RGB,JPEG
e38beb75-7c76-460e-9118-f5fbc1562ee2.jpg,test,data/images/e38beb75-7c76-460e-9118-f5fbc1562ee2.jpg,ok,,1024,1024,RGB,JPEG
c8a27f0e-1d4e-49a2-8cb5-48c238e15149.jpg,test,data/images/c8a27f0e-1d4e-49a2-8cb5-48c238e15149.jpg,ok,,1195,896,RGB,JPEG
88155be4-1f18-4684-86a0-1397bb01e07b.jpg,test,data/images/88155be4-1f18-4684-86a0-1397bb01e07b.jpg,ok,,1024,1024,RGB,JPEG
f27549cb-65e2-48b4-b4f9-c20d9b6aa5a7.jpg,test,data/images/f27549cb-65e2-48b4-b4f9-c20d9b6aa5a7.jpg,ok,,1024,1024,RGB,JPEG
235630a9-5068-430e-84dd-46a2cdc59f79.jpg,test,data/images/235630a9-5068-430e-84dd-46a2cdc59f79.jpg,ok,,1024,1024,RGB,JPEG
1b059417-bb41-4280-bd4d-b7c8901a41bb.jpg,test,data/images/1b059417-bb41-4280-bd4d-b7c8901a41bb.jpg,ok,,1248,832,RGB,JPEG
b9db5f3b-e69c-46d6-bd6a-52247a82affa.jpg,test,data/images/b9db5f3b-e69c-46d6-bd6a-52247a82affa.jpg,ok,,1024,1024,RGB,JPEG
19072781-7aa4-4b8f-8438-b9064b0356aa.jpg,test,data/images/19072781-7aa4-4b8f-8438-b9064b0356aa.jpg,ok,,1024,1024,RGB,JPEG
d613330a-1530-4051-ba34-2a5897d88dff.jpg,test,data/images/d613330a-1530-4051-ba34-2a5897d88dff.jpg,ok,,1024,1024,RGB,JPEG
074d7c32-cc9a-4d3d-a0ac-abd7dd7506b6.jpg,test,data/images/074d7c32-cc9a-4d3d-a0ac-abd7dd7506b6.jpg,ok,,1024,1024,RGB,JPEG
e4b49724-eec6-4a89-8256-336604799c0b.jpg,test,data/images/e4b49724-eec6-4a89-8256-336604799c0b.jpg,ok,,832,1248,RGB,JPEG
d4a6d45a-9b7c-4433-b6c9-3c9e7f6669e1.jpg,test,data/images/d4a6d45a-9b7c-4433-b6c9-3c9e7f6669e1.jpg,ok,,1024,1024,RGB,JPEG
42ae40ed-2b32-43c8-a604-1bc6a95ce227.jpg,test,data/images/42ae40ed-2b32-43c8-a604-1bc6a95ce227.jpg,ok,,1195,896,RGB,JPEG
51d46f95-d866-403e-9c14-cd8ea2aa384d.jpg,test,data/images/51d46f95-d866-403e-9c14-cd8ea2aa384d.jpg,ok,,1024,1024,RGB,JPEG
ee3e07fb-fdfd-4500-8d85-e9205f66d6fd.jpg,test,data/images/ee3e07fb-fdfd-4500-8d85-e9205f66d6fd.jpg,ok,,896,1195,RGB,JPEG
8b6ca6dc-31b7-4e6b-8bb7-ae3c734abc9d.jpg,test,data/images/8b6ca6dc-31b7-4e6b-8bb7-ae3c734abc9d.jpg,ok,,1024,1024,RGB,JPEG
44a67312-8f2d-4db8-8106-ca70f629024d.jpg,test,data/images/44a67312-8f2d-4db8-8106-ca70f629024d.jpg,ok,,1024,1024,RGB,JPEG
c15277ef-1406-468c-9ccc-cf43d7f818a3.jpg,test,data/images/c15277ef-1406-468c-9ccc-cf43d7f818a3.jpg,ok,,1024,1024,RGB,JPEG
6f75b7e6-ab2b-4b06-90ec-c95e4aef3a36.jpg,test,data/images/6f75b7e6-ab2b-4b06-90ec-c95e4aef3a36.jpg,ok,,1024,1024,RGB,JPEG
c12f4ce5-648d-465e-bfdb-3b326cc142e7.jpg,test,data/images/c12f4ce5-648d-465e-bfdb-3b326cc142e7.jpg,ok,,1024,1024,RGB,JPEG
d97fd9fa-6990-404d-a800-49bcbc123815.jpg,test,data/images/d97fd9fa-6990-404d-a800-49bcbc123815.jpg,ok,,1024,1024,RGB,JPEG
7f1ca12f-52e0-4341-afe9-92b46159f81b.jpg,test,data/images/7f1ca12f-52e0-4341-afe9-92b46159f81b.jpg,ok,,1879,2200,RGB,JPEG
c32f2505-06c3-4026-9503-c09ec1b61ca6.jpg,test,data/images/c32f2505-06c3-4026-9503-c09ec1b61ca6.jpg,ok,,1024,1024,RGB,JPEG
0a48dd6d-2dfc-40f2-a149-f886e756fdfb.jpg,test,data/images/0a48dd6d-2dfc-40f2-a149-f886e756fdfb.jpg,ok,,244,400,RGBA,PNG
2415ab77-c54a-49b0-8961-dffafdcb79a5.jpg,test,data/images/2415ab77-c54a-49b0-8961-dffafdcb79a5.jpg,ok,,1024,1024,RGB,JPEG
04a0499c-0cd7-4bce-91d2-412b428db8a5.jpg,test,data/images/04a0499c-0cd7-4bce-91d2-412b428db8a5.jpg,ok,,1024,558,RGB,JPEG
21cc5486-75f9-4b17-b0a0-d3b445562627.jpg,test,data/images/21cc5486-75f9-4b17-b0a0-d3b445562627.jpg,ok,,1024,1024,RGB,JPEG
8722d58b-b231-439f-a211-24c6ed75697a.jpg,test,data/images/8722d58b-b231-439f-a211-24c6ed75697a.jpg,ok,,1024,1024,RGB,JPEG
b29d6686-1817-4aef-a8c0-8cfa8c132f75.jpg,test,data/images/b29d6686-1817-4aef-a8c0-8cfa8c132f75.jpg,ok,,1024,1024,RGB,JPEG
52e7b08e-61f6-4430-9a6f-c05b841154fa.jpg,test,data/images/52e7b08e-61f6-4430-9a6f-c05b841154fa.jpg,ok,,1195,896,RGB,JPEG
5d98c9b3-9b37-40cd-930a-d3d6782a49b9.jpg,test,data/images/5d98c9b3-9b37-40cd-930a-d3d6782a49b9.jpg,ok,,1024,1024,RGB,JPEG
e0342452-4d40-4944-b349-caa85c856b95.jpg,test,data/images/e0342452-4d40-4944-b349-caa85c856b95.jpg,ok,,1024,1024,RGB,JPEG
bf0d6ac2-5c25-4173-97ff-c0299ccf2c3c.jpg,test,data/images/bf0d6ac2-5c25-4173-97ff-c0299ccf2c3c.jpg,ok,,1024,716,RGB,JPEG
17216275-50d5-41e0-9855-90583bef3619.jpg,test,data/images/17216275-50d5-41e0-9855-90583bef3619.jpg,ok,,832,1248,RGB,JPEG
95a167ca-f091-402e-89fa-a8012880c4bc.jpg,test,data/images/95a167ca-f091-402e-89fa-a8012880c4bc.jpg,ok,,1024,1024,RGB,JPEG
80ebc689-8419-4800-9b45-012697c130ad.jpg,test,data/images/80ebc689-8419-4800-9b45-012697c130ad.jpg,ok,,1195,896,RGB,JPEG
c40d36c2-5790-45aa-8c74-2cf061a4c975.jpg,test,data/images/c40d36c2-5790-45aa-8c74-2cf061a4c975.jpg,ok,,1195,896,RGB,JPEG
2685e3a6-80b2-4380-9d08-1c4942627b9b.jpg,test,data/images/2685e3a6-80b2-4380-9d08-1c4942627b9b.jpg,ok,,1024,1024,RGB,JPEG
a1bc0476-2e2f-41fa-afb4-e4f86169ac0b.jpg,test,data/images/a1bc0476-2e2f-41fa-afb4-e4f86169ac0b.jpg,ok,,175,175,RGBA,PNG
573e93da-2543-4c7a-a888-667ff2a7192d.jpg,test,data/images/573e93da-2543-4c7a-a888-667ff2a7192d.jpg,ok,,1024,1024,RGB,JPEG
8c7c0958-282b-43a8-87d5-97a2668b2e44.jpg,test,data/images/8c7c0958-282b-43a8-87d5-97a2668b2e44.jpg,ok,,1024,1024,RGB,JPEG
69556613-051a-4310-bf60-f310551d90fe.jpg,test,data/images/69556613-051a-4310-bf60-f310551d90fe.jpg,ok,,1024,1024,RGB,JPEG
721385cf-ece2-4ca2-b0a6-b531c54e7231.jpg,test,data/images/721385cf-ece2-4ca2-b0a6-b531c54e7231.jpg,ok,,1195,896,RGB,JPEG
faf0a49f-01a0-4504-bced-c120806d5033.jpg,test,data/images/faf0a49f-01a0-4504-bced-c120806d5033.jpg,ok,,896,1195,RGB,JPEG
5891fad7-e127-49a1-8cfc-16831a42430e.jpg,test,data/images/5891fad7-e127-49a1-8cfc-16831a42430e.jpg,ok,,1024,1024,RGB,JPEG
5a24b207-b68c-4869-b139-691f5371129d.jpg,test,data/images/5a24b207-b68c-4869-b139-691f5371129d.jpg,ok,,896,1195,RGB,JPEG
fce36bde-8721-4b8d-a25a-f636d4612cf8.jpg,test,data/images/fce36bde-8721-4b8d-a25a-f636d4612cf8.jpg,ok,,1024,1024,RGB,JPEG
0de420cc-2101-419c-b185-21ac03998328.jpg,test,data/images/0de420cc-2101-419c-b185-21ac03998328.jpg,ok,,1540,1915,RGB,JPEG
844d919e-5efb-4b2d-874f-a13a978a3949.jpg,test,data/images/844d919e-5efb-4b2d-874f-a13a978a3949.jpg,ok,,1195,896,RGB,JPEG
db9e0330-6026-4856-955d-c252aab992e0.jpg,test,data/images/db9e0330-6026-4856-955d-c252aab992e0.jpg,ok,,558,1024,RGB,JPEG
f6ec7461-9f3c-4164-9f5a-53b13c2c743f.jpg,test,data/images/f6ec7461-9f3c-4164-9f5a-53b13c2c743f.jpg,ok,,1024,1024,RGB,JPEG
eab7aa5d-2373-4463-978b-15ed6a9bacc8.jpg,test,data/images/eab7aa5d-2373-4463-978b-15ed6a9bacc8.jpg,ok,,558,1024,RGB,JPEG
3f20b783-e1d9-4b21-a2fd-79435a774162.jpg,test,data/images/3f20b783-e1d9-4b21-a2fd-79435a774162.jpg,ok,,2560,2560,RGB,JPEG
192f2aac-900b-4b89-afac-337367ece699.jpg,test,data/images/192f2aac-900b-4b89-afac-337367ece699.jpg,ok,,1024,1024,RGB,JPEG
2519a77a-4f89-453a-b98c-be9b618775c8.jpg,test,data/images/2519a77a-4f89-453a-b98c-be9b618775c8.jpg,ok,,558,1024,RGB,JPEG
84c00842-476f-46f3-a560-b54835d70741.jpg,test,data/images/84c00842-476f-46f3-a560-b54835d70741.jpg,ok,,1195,896,RGB,JPEG
f7cc36fc-d867-4d69-98f2-7b05c24ab297.jpg,test,data/images/f7cc36fc-d867-4d69-98f2-7b05c24ab297.jpg,ok,,832,1248,RGB,JPEG
8c7ab82c-fa55-45ea-9e03-20b52b76c93c.jpg,test,data/images/8c7ab82c-fa55-45ea-9e03-20b52b76c93c.jpg,ok,,896,1195,RGB,JPEG
aa99df85-be5a-4ff6-99ba-049d86ea280c.jpg,test,data/images/aa99df85-be5a-4ff6-99ba-049d86ea280c.jpg,ok,,1195,896,RGB,JPEG
c0f7b7c6-8e73-43a8-91a9-29464e9ebe01.jpg,test,data/images/c0f7b7c6-8e73-43a8-91a9-29464e9ebe01.jpg,ok,,1024,1024,RGB,JPEG
2f753e90-8acb-402a-923a-49b6bc1e3788.jpg,test,data/images/2f753e90-8acb-402a-923a-49b6bc1e3788.jpg,ok,,896,1195,RGB,JPEG
262c0900-4352-4486-b723-82da2ed921e4.jpg,test,data/images/262c0900-4352-4486-b723-82da2ed921e4.jpg,ok,,1248,832,RGB,JPEG
71c6bc69-4641-4c92-b73e-715ed5ed8512.jpg,test,data/images/71c6bc69-4641-4c92-b73e-715ed5ed8512.jpg,ok,,1024,558,RGB,JPEG
178d7a24-6a65-471a-b59f-b757af5232db.jpg,test,data/images/178d7a24-6a65-471a-b59f-b757af5232db.jpg,ok,,1195,896,RGB,JPEG
5c150655-94ea-44d0-9d58-c5619a13c900.jpg,test,data/images/5c150655-94ea-44d0-9d58-c5619a13c900.jpg,ok,,832,1248,RGB,JPEG
66e34328-7295-4802-821b-49a11b487f3d.jpg,test,data/images/66e34328-7295-4802-821b-49a11b487f3d.jpg,ok,,896,1195,RGB,JPEG
739fbd83-7a0d-47a6-9881-77f2af69c571.jpg,test,data/images/739fbd83-7a0d-47a6-9881-77f2af69c571.jpg,ok,,1195,896,RGB,JPEG
7d20e135-b708-4311-9e86-09c8341266fd.jpg,test,data/images/7d20e135-b708-4311-9e86-09c8341266fd.jpg,ok,,1024,1024,RGB,JPEG
5a5765dd-0844-47d5-a017-ef11149b674c.jpg,test,data/images/5a5765dd-0844-47d5-a017-ef11149b674c.jpg,ok,,558,1024,RGB,JPEG
142d9154-7f5c-41b6-a225-816ee3101282.jpg,test,data/images/142d9154-7f5c-41b6-a225-816ee3101282.jpg,ok,,896,1195,RGB,JPEG
2b020e2b-a9be-474c-9bed-83c644bfd511.jpg,test,data/images/2b020e2b-a9be-474c-9bed-83c644bfd511.jpg,ok,,1024,1024,RGB,JPEG
dc880c62-2755-471a-81a9-3037d61d1fb2.jpg,test,data/images/dc880c62-2755-471a-81a9-3037d61d1fb2.jpg,ok,,1024,1024,RGB,JPEG
73673172-8030-47d8-b5ae-e30f53c79899.jpg,test,data/images/73673172-8030-47d8-b5ae-e30f53c79899.jpg,ok,,896,1195,RGB,JPEG
6480ac6c-42c3-4e4c-967c-fdc549514f3d.jpg,test,data/images/6480ac6c-42c3-4e4c-967c-fdc549514f3d.jpg,ok,,1024,1024,RGB,JPEG
80e2fb96-275a-4100-b2a0-0aeb632d3b36.jpg,test,data/images/80e2fb96-275a-4100-b2a0-0aeb632d3b36.jpg,ok,,1024,1024,RGB,JPEG
80dfe49b-0aa6-4bc2-a65c-7a6a3cc70d95.jpg,test,data/images/80dfe49b-0aa6-4bc2-a65c-7a6a3cc70d95.jpg,ok,,1024,1024,RGB,JPEG
b443395c-f2af-417f-a9bc-073b8b6ca185.jpg,test,data/images/b443395c-f2af-417f-a9bc-073b8b6ca185.jpg,ok,,1024,1024,RGB,JPEG
0153bb6d-308b-44da-b5b0-45bf585a2e1e.jpg,test,data/images/0153bb6d-308b-44da-b5b0-45bf585a2e1e.jpg,ok,,896,1195,RGB,JPEG
8ae8a3ba-fe0f-47dd-8f7f-317e2ef11f7e.jpg,test,data/images/8ae8a3ba-fe0f-47dd-8f7f-317e2ef11f7e.jpg,ok,,1024,1024,RGB,JPEG
7903831b-5713-4375-afda-d33bb4345975.jpg,test,data/images/7903831b-5713-4375-afda-d33bb4345975.jpg,ok,,896,1195,RGB,JPEG
3d2d1e08-feac-41ee-838f-1cdb8c7a61c7.jpg,test,data/images/3d2d1e08-feac-41ee-838f-1cdb8c7a61c7.jpg,ok,,832,1248,RGB,JPEG
54f7a5f8-94d2-4717-9cc2-f8861334936b.jpg,test,data/images/54f7a5f8-94d2-4717-9cc2-f8861334936b.jpg,ok,,558,1024,RGB,JPEG
3b1fef48-e229-41fc-839b-ef33b56c655c.jpg,test,data/images/3b1fef48-e229-41fc-839b-ef33b56c655c.jpg,ok,,1024,1024,RGB,JPEG
58282326-f889-4292-99c2-7127dbbb1e0e.jpg,test,data/images/58282326-f889-4292-99c2-7127dbbb1e0e.jpg,ok,,1024,1024,RGB,JPEG
a59dea46-d0cf-4e88-94ef-bc62531cbc30.jpg,test,data/images/a59dea46-d0cf-4e88-94ef-bc62531cbc30.jpg,ok,,1500,1500,RGB,JPEG
b1ad30e2-b36f-47bb-8481-531c55edfd3f.jpg,test,data/images/b1ad30e2-b36f-47bb-8481-531c55edfd3f.jpg,ok,,1024,716,RGB,JPEG
f039d090-b2ab-4fdf-8949-f1a842f8df2d.jpg,test,data/images/f039d090-b2ab-4fdf-8949-f1a842f8df2d.jpg,ok,,1024,1024,RGB,JPEG
93406a58-9c18-43fb-9493-8d6f474edcf4.jpg,test,data/images/93406a58-9c18-43fb-9493-8d6f474edcf4.jpg,ok,,832,1248,RGB,JPEG
87314aea-5db7-41e2-88e8-0883d2526b13.jpg,test,data/images/87314aea-5db7-41e2-88e8-0883d2526b13.jpg,ok,,1024,1024,RGB,JPEG
dccd0095-4a70-4c75-912f-1903e4a3db06.jpg,test,data/images/dccd0095-4a70-4c75-912f-1903e4a3db06.jpg,ok,,1024,1024,RGB,JPEG
789b6b49-9801-4874-b5cf-9b37c701550c.jpg,test,data/images/789b6b49-9801-4874-b5cf-9b37c701550c.jpg,ok,,375,500,RGB,JPEG
e3efd9d5-5df0-485a-9b12-81cfa86a8b90.jpg,test,data/images/e3efd9d5-5df0-485a-9b12-81cfa86a8b90.jpg,ok,,1024,1024,RGB,JPEG
5284c24d-e25c-42f9-9a55-48eece0e9037.jpg,test,data/images/5284c24d-e25c-42f9-9a55-48eece0e9037.jpg,ok,,1024,1024,RGB,JPEG
efba1a4a-c033-44cb-b4f9-f12b671f5324.jpg,test,data/images/efba1a4a-c033-44cb-b4f9-f12b671f5324.jpg,ok,,1024,1024,RGB,JPEG
17840e38-5650-4d75-88d1-66adaf9c67dd.jpg,test,data/images/17840e38-5650-4d75-88d1-66adaf9c67dd.jpg,ok,,1024,1024,RGB,JPEG
db4a298f-fcbf-4ec6-81a5-a3643ad2a09d.jpg,test,data/images/db4a298f-fcbf-4ec6-81a5-a3643ad2a09d.jpg,ok,,1024,1024,RGB,JPEG
9aad6f92-1293-4a74-ba31-b554bab36804.jpg,test,data/images/9aad6f92-1293-4a74-ba31-b554bab36804.jpg,ok,,1024,1024,RGB,JPEG
bd1b5d45-4eb0-439f-bb35-360eda161bc3.jpg,test,data/images/bd1b5d45-4eb0-439f-bb35-360eda161bc3.jpg,ok,,1024,1024,RGB,JPEG
67835ff2-1b41-4c41-8756-e804c03b21bf.jpg,test,data/images/67835ff2-1b41-4c41-8756-e804c03b21bf.jpg,ok,,1024,1024,RGB,JPEG
81751d10-1863-46d3-8391-26c9fa43e0e7.jpg,test,data/images/81751d10-1863-46d3-8391-26c9fa43e0e7.jpg,ok,,400,400,RGB,JPEG
5d9c82d7-8b03-42cf-9141-c00fa38728fc.jpg,test,data/images/5d9c82d7-8b03-42cf-9141-c00fa38728fc.jpg,ok,,1024,1024,RGB,JPEG
fda598fa-8712-443e-9fb8-4185e0282e50.jpg,test,data/images/fda598fa-8712-443e-9fb8-4185e0282e50.jpg,ok,,1024,1024,RGB,JPEG
be11de4e-a29b-4eef-9531-cbd2c7b60e20.jpg,test,data/images/be11de4e-a29b-4eef-9531-cbd2c7b60e20.jpg,ok,,896,1195,RGB,JPEG
1ba6fe01-d808-4f92-9c80-6bfb6cb5be30.jpg,test,data/images/1ba6fe01-d808-4f92-9c80-6bfb6cb5be30.jpg,ok,,1024,1024,RGB,JPEG
b0f421f7-4511-4f61-b5b9-be013be608d3.jpg,test,data/images/b0f421f7-4511-4f61-b5b9-be013be608d3.jpg,ok,,896,1195,RGB,JPEG
c7ee1a3b-5f5b-4c80-a6d2-197c0caef5c2.jpg,test,data/images/c7ee1a3b-5f5b-4c80-a6d2-197c0caef5c2.jpg,ok,,1248,832,RGB,JPEG
b799d9f4-695e-4be8-83b4-d4089f793f4c.jpg,test,data/images/b799d9f4-695e-4be8-83b4-d4089f793f4c.jpg,ok,,1248,832,RGB,JPEG
92010920-9179-49ac-a2db-095bef544c5c.jpg,test,data/images/92010920-9179-49ac-a2db-095bef544c5c.jpg,ok,,1024,1024,RGB,JPEG
9021f10d-884f-477d-88e0-ceaa458e17d8.jpg,test,data/images/9021f10d-884f-477d-88e0-ceaa458e17d8.jpg,ok,,1195,896,RGB,JPEG
6756f330-9547-4389-ba17-adc78f6d7d83.jpg,test,data/images/6756f330-9547-4389-ba17-adc78f6d7d83.jpg,ok,,896,1195,RGB,JPEG
a9a4a9b9-6bbd-447b-a36d-91cce6a12bc5.jpg,test,data/images/a9a4a9b9-6bbd-447b-a36d-91cce6a12bc5.jpg,ok,,1024,1024,RGB,JPEG
6b55ef4c-4e34-4667-9270-fae345358e8e.jpg,test,data/images/6b55ef4c-4e34-4667-9270-fae345358e8e.jpg,ok,,1024,1024,RGB,JPEG
893fe096-6534-408e-9c4c-48196708a6c6.jpg,test,data/images/893fe096-6534-408e-9c4c-48196708a6c6.jpg,ok,,1024,1024,RGB,JPEG
917924f2-aa99-4bfd-b990-695d7b939499.jpg,test,data/images/917924f2-aa99-4bfd-b990-695d7b939499.jpg,ok,,1024,558,RGB,JPEG
d368c65b-e4fd-404b-af2a-74773ddfc327.jpg,test,data/images/d368c65b-e4fd-404b-af2a-74773ddfc327.jpg,ok,,1024,558,RGB,JPEG
4da8f588-da5f-4c65-9fa1-6c6bca7f5e7d.jpg,test,data/images/4da8f588-da5f-4c65-9fa1-6c6bca7f5e7d.jpg,ok,,558,1024,RGB,JPEG
26fe6eff-ab83-45b7-ac32-55ed6c4d2eb0.jpg,test,data/images/26fe6eff-ab83-45b7-ac32-55ed6c4d2eb0.jpg,ok,,1024,1024,RGB,JPEG
e777fee1-1ac7-423e-9f66-15b2051681ce.jpg,test,data/images/e777fee1-1ac7-423e-9f66-15b2051681ce.jpg,ok,,1024,1024,RGB,JPEG
9aeb1f32-e04d-48d4-948a-6b247bafe326.jpg,test,data/images/9aeb1f32-e04d-48d4-948a-6b247bafe326.jpg,ok,,1024,1024,RGB,JPEG
e4ff1574-e9ca-48e0-93f2-22efc8b33e59.jpg,test,data/images/e4ff1574-e9ca-48e0-93f2-22efc8b33e59.jpg,ok,,1024,558,RGB,JPEG
d8427394-ad7b-4b72-a3f1-affbab8ddff5.jpg,test,data/images/d8427394-ad7b-4b72-a3f1-affbab8ddff5.jpg,ok,,1248,832,RGB,JPEG
9fce714c-c6b5-430f-8094-147363dab202.jpg,test,data/images/9fce714c-c6b5-430f-8094-147363dab202.jpg,ok,,1024,1024,RGB,JPEG
3d6de178-e91e-4dbe-b77d-42cd7c36554d.jpg,test,data/images/3d6de178-e91e-4dbe-b77d-42cd7c36554d.jpg,ok,,1024,1024,RGB,JPEG
d4ce6b79-3b68-4a28-8810-4dd54c5f7649.jpg,test,data/images/d4ce6b79-3b68-4a28-8810-4dd54c5f7649.jpg,ok,,1280,1024,RGB,JPEG
f428f08f-6dd5-4b29-9ee6-721a7e926555.jpg,test,data/images/f428f08f-6dd5-4b29-9ee6-721a7e926555.jpg,ok,,1024,1024,RGB,JPEG
1de3ff70-0c63-4fe0-8da6-97679904bf74.jpg,test,data/images/1de3ff70-0c63-4fe0-8da6-97679904bf74.jpg,ok,,1024,1024,RGB,JPEG
619eabd9-6d2a-4aa0-a52d-0018d7c4f35b.jpg,test,data/images/619eabd9-6d2a-4aa0-a52d-0018d7c4f35b.jpg,ok,,1024,1024,RGB,JPEG
b8ab6538-fbaf-4039-8dc1-df104f35b6cb.jpg,test,data/images/b8ab6538-fbaf-4039-8dc1-df104f35b6cb.jpg,ok,,1024,716,RGB,JPEG
d6d67182-028b-4cc2-bc8b-ae0013b26065.jpg,test,data/images/d6d67182-028b-4cc2-bc8b-ae0013b26065.jpg,ok,,1024,1024,RGB,JPEG
41b00cdc-493b-4ee7-af04-e0725ac434ab.jpg,test,data/images/41b00cdc-493b-4ee7-af04-e0725ac434ab.jpg,ok,,1248,832,RGB,JPEG
6b671405-2e32-43ad-928a-82eef6b0f5ca.jpg,test,data/images/6b671405-2e32-43ad-928a-82eef6b0f5ca.jpg,ok,,1024,1024,RGB,JPEG
a252d966-6b78-434e-a6ef-7afd3743ce63.jpg,test,data/images/a252d966-6b78-434e-a6ef-7afd3743ce63.jpg,ok,,2560,2161,RGB,JPEG
f84f4f29-d8d3-4ed0-911f-db3df1839f77.jpg,test,data/images/f84f4f29-d8d3-4ed0-911f-db3df1839f77.jpg,ok,,1024,1024,RGB,JPEG
1ff3749e-68ad-4322-8120-e2591b9dbb8e.jpg,test,data/images/1ff3749e-68ad-4322-8120-e2591b9dbb8e.jpg,ok,,896,1195,RGB,JPEG
8abb08d2-1908-4209-903b-28f34dd66f53.jpg,test,data/images/8abb08d2-1908-4209-903b-28f34dd66f53.jpg,ok,,558,1024,RGB,JPEG
fa41c9f4-9e97-4eda-a96e-2ee1d5abff43.jpg,test,data/images/fa41c9f4-9e97-4eda-a96e-2ee1d5abff43.jpg,ok,,1024,1024,RGB,JPEG
d279ff3f-3e58-4dc1-a130-a74d957dbd9e.jpg,test,data/images/d279ff3f-3e58-4dc1-a130-a74d957dbd9e.jpg,ok,,1024,1024,RGB,JPEG
5facd99a-fe9f-48d7-83a5-f33bee25307a.jpg,test,data/images/5facd99a-fe9f-48d7-83a5-f33bee25307a.jpg,ok,,1024,1024,RGB,JPEG
5655cd1a-71f9-4831-a412-249139c8e716.jpg,test,data/images/5655cd1a-71f9-4831-a412-249139c8e716.jpg,ok,,1024,1024,RGB,JPEG
21fdc005-5356-454a-94da-d253d9c8267a.jpg,test,data/images/21fdc005-5356-454a-94da-d253d9c8267a.jpg,ok,,1024,1024,RGB,JPEG
3a082621-1925-474e-9398-098e116bcb4d.jpg,test,data/images/3a082621-1925-474e-9398-098e116bcb4d.jpg,ok,,1024,1024,RGB,JPEG
2ca28ec0-80cb-4d08-a981-439feb83a3cc.jpg,test,data/images/2ca28ec0-80cb-4d08-a981-439feb83a3cc.jpg,ok,,1024,1024,RGB,JPEG
31e7b7ea-3bff-4718-81f1-3232e579ce28.jpg,test,data/images/31e7b7ea-3bff-4718-81f1-3232e579ce28.jpg,ok,,1024,558,RGB,JPEG
0b65d705-6d6e-4157-9f4f-11ec8575278f.jpg,test,data/images/0b65d705-6d6e-4157-9f4f-11ec8575278f.jpg,ok,,1024,1024,RGB,JPEG
ba4b679b-e06c-44b0-8fec-204460ed9a3f.jpg,test,data/images/ba4b679b-e06c-44b0-8fec-204460ed9a3f.jpg,ok,,1024,1024,RGB,JPEG
674a087f-511b-491e-bedb-8563e24e5d46.jpg,test,data/images/674a087f-511b-491e-bedb-8563e24e5d46.jpg,ok,,1879,2200,RGB,JPEG
54d45fdc-4fca-40b7-b9ba-db81955825f2.jpg,test,data/images/54d45fdc-4fca-40b7-b9ba-db81955825f2.jpg,ok,,1024,1024,RGB,JPEG
c67a7881-592f-4f19-91b2-1c159e25dedf.jpg,test,data/images/c67a7881-592f-4f19-91b2-1c159e25dedf.jpg,ok,,1024,1024,RGB,JPEG
3d4a27cc-dc59-46be-a001-590ee9941b6c.jpg,test,data/images/3d4a27cc-dc59-46be-a001-590ee9941b6c.jpg,ok,,1024,1024,RGB,JPEG
15f8a60e-1782-4ff9-b0d7-e6897830d911.jpg,test,data/images/15f8a60e-1782-4ff9-b0d7-e6897830d911.jpg,ok,,896,1195,RGB,JPEG
7b030ba1-322f-47c7-86ed-6eed39eefb76.jpg,test,data/images/7b030ba1-322f-47c7-86ed-6eed39eefb76.jpg,ok,,896,1195,RGB,JPEG
0e6f3c07-c359-4b53-a31f-445e608665c6.jpg,test,data/images/0e6f3c07-c359-4b53-a31f-445e608665c6.jpg,ok,,1024,1024,RGB,JPEG
93370f31-f9a7-43ab-8e69-328259578ebb.jpg,test,data/images/93370f31-f9a7-43ab-8e69-328259578ebb.jpg,ok,,1024,1024,RGB,JPEG
638ccca3-5679-4a9a-b943-9e311c2ae160.jpg,test,data/images/638ccca3-5679-4a9a-b943-9e311c2ae160.jpg,ok,,896,1195,RGB,JPEG
bc8a24b6-589e-4cd6-9a09-4ca4ee193245.jpg,test,data/images/bc8a24b6-589e-4cd6-9a09-4ca4ee193245.jpg,ok,,1024,1024,RGB,JPEG
eee85c81-7fc6-40fb-926b-647bcd69b418.jpg,test,data/images/eee85c81-7fc6-40fb-926b-647bcd69b418.jpg,ok,,1280,1024,RGB,JPEG
9a8683b1-43d5-4412-bbb7-83f671c72965.jpg,test,data/images/9a8683b1-43d5-4412-bbb7-83f671c72965.jpg,ok,,1024,1280,RGB,JPEG
1fba12c7-ce73-4508-90b5-f658e7a9fd31.jpg,test,data/images/1fba12c7-ce73-4508-90b5-f658e7a9fd31.jpg,ok,,1248,832,RGB,JPEG
8cbb36cb-7fe5-43ef-89ca-f5edf87f1456.jpg,test,data/images/8cbb36cb-7fe5-43ef-89ca-f5edf87f1456.jpg,ok,,1024,1024,RGB,JPEG
cf3cb08e-a606-4826-961e-543d6524bc4d.jpg,test,data/images/cf3cb08e-a606-4826-961e-543d6524bc4d.jpg,ok,,1024,1024,RGB,JPEG
9c0e3f5e-28a2-42fe-8142-74351cca097b.jpg,test,data/images/9c0e3f5e-28a2-42fe-8142-74351cca097b.jpg,ok,,1024,1024,RGB,JPEG
72bf7ea4-e15e-4d2c-954a-0874838aefcc.jpg,test,data/images/72bf7ea4-e15e-4d2c-954a-0874838aefcc.jpg,ok,,1248,832,RGB,JPEG
df23858f-f305-4707-9073-f0af2aa583b3.jpg,test,data/images/df23858f-f305-4707-9073-f0af2aa583b3.jpg,ok,,832,1248,RGB,JPEG
5731c62c-9e7b-4fba-aa21-c8500bafd850.jpg,test,data/images/5731c62c-9e7b-4fba-aa21-c8500bafd850.jpg,ok,,375,500,RGB,JPEG
b5cdacb5-73ca-4a7d-8dec-c581d0cf1e45.jpg,test,data/images/b5cdacb5-73ca-4a7d-8dec-c581d0cf1e45.jpg,ok,,1024,1024,RGB,JPEG
649e0376-e1d9-46d6-b1e9-0e6f1cc6854b.jpg,test,data/images/649e0376-e1d9-46d6-b1e9-0e6f1cc6854b.jpg,ok,,1024,1024,RGB,JPEG
6b1e94af-6c2a-4f53-828f-7581d09a9630.jpg,test,data/images/6b1e94af-6c2a-4f53-828f-7581d09a9630.jpg,ok,,1024,1024,RGB,JPEG
fcdc88c5-78a1-4f81-9083-97bb89b70122.jpg,test,data/images/fcdc88c5-78a1-4f81-9083-97bb89b70122.jpg,ok,,896,1195,RGB,JPEG
6c2969b3-4266-43ed-b736-1e3f44e937a9.jpg,test,data/images/6c2969b3-4266-43ed-b736-1e3f44e937a9.jpg,ok,,1024,558,RGB,JPEG
a8148fff-8f87-44ec-9166-bcf725620869.jpg,test,data/images/a8148fff-8f87-44ec-9166-bcf725620869.jpg,ok,,896,1195,RGB,JPEG
7e83ef0d-65b6-4b05-9125-23680562f1ae.jpg,test,data/images/7e83ef0d-65b6-4b05-9125-23680562f1ae.jpg,ok,,1024,1024,RGB,JPEG
a107eefe-7218-4137-9086-dd31c01c2bb5.jpg,test,data/images/a107eefe-7218-4137-9086-dd31c01c2bb5.jpg,ok,,896,1195,RGB,JPEG
eabc5a15-6b02-46fb-809d-8be89457c9bd.jpg,test,data/images/eabc5a15-6b02-46fb-809d-8be89457c9bd.jpg,ok,,896,1195,RGB,JPEG
5ac4df6a-1691-4399-987f-46c51ce2f9f8.jpg,test,data/images/5ac4df6a-1691-4399-987f-46c51ce2f9f8.jpg,ok,,1024,1024,RGB,JPEG
016c8689-9c23-49a2-b918-4616cc98ae80.jpg,test,data/images/016c8689-9c23-49a2-b918-4616cc98ae80.jpg,ok,,1024,1024,RGB,JPEG
901f1f0e-887a-4c4c-bbee-96413201904d.jpg,test,data/images/901f1f0e-887a-4c4c-bbee-96413201904d.jpg,ok,,1024,558,RGB,JPEG
dcb2e886-4294-48c4-9cbf-bf5f611911fa.jpg,test,data/images/dcb2e886-4294-48c4-9cbf-bf5f611911fa.jpg,ok,,1280,1024,RGB,JPEG
323e0f64-321a-4b0e-9c03-d7be1939db50.jpg,test,data/images/323e0f64-321a-4b0e-9c03-d7be1939db50.jpg,ok,,1024,1024,RGB,JPEG
4e598615-0f2b-497b-b69d-e009b5d80841.jpg,test,data/images/4e598615-0f2b-497b-b69d-e009b5d80841.jpg,ok,,1024,1024,RGB,JPEG
acfc71be-a7a7-4ffd-bdfa-0599eb743945.jpg,test,data/images/acfc71be-a7a7-4ffd-bdfa-0599eb743945.jpg,ok,,1024,1024,RGB,JPEG
d87dbdd4-066a-4603-bf17-c78e612b4fd8.jpg,test,data/images/d87dbdd4-066a-4603-bf17-c78e612b4fd8.jpg,ok,,1024,716,RGB,JPEG
02d442a8-4607-41ad-9617-8625685c5ec8.jpg,test,data/images/02d442a8-4607-41ad-9617-8625685c5ec8.jpg,ok,,896,1195,RGB,JPEG
698b44e3-6421-467b-b313-1ba36bc9d361.jpg,test,data/images/698b44e3-6421-467b-b313-1ba36bc9d361.jpg,ok,,832,1248,RGB,JPEG
def98218-d87a-44d3-8054-34a22b21e626.jpg,test,data/images/def98218-d87a-44d3-8054-34a22b21e626.jpg,ok,,1024,1024,RGB,JPEG
5927da29-d33f-4913-8a5f-7ee35a6a8724.jpg,test,data/images/5927da29-d33f-4913-8a5f-7ee35a6a8724.jpg,ok,,1024,1024,RGB,JPEG
2b673d20-20aa-4d87-bfcd-e4bd3aaf8ac3.jpg,test,data/images/2b673d20-20aa-4d87-bfcd-e4bd3aaf8ac3.jpg,ok,,1024,1024,RGB,JPEG
76bcd1e4-a564-44bb-8fad-e35306ef1842.jpg,test,data/images/76bcd1e4-a564-44bb-8fad-e35306ef1842.jpg,ok,,832,1248,RGB,JPEG
15721707-14b9-42ec-9f80-09aa490601b2.jpg,test,data/images/15721707-14b9-42ec-9f80-09aa490601b2.jpg,ok,,1024,1024,RGB,JPEG
7c5306ed-37a4-496d-a355-db9bcbfc8486.jpg,test,data/images/7c5306ed-37a4-496d-a355-db9bcbfc8486.jpg,ok,,896,1195,RGB,JPEG
06ce6b4d-1287-4e08-a980-37d619dc65e3.jpg,test,data/images/06ce6b4d-1287-4e08-a980-37d619dc65e3.jpg,ok,,896,1195,RGB,JPEG
d83a30d2-bf75-4ace-a9ae-39a874678016.jpg,test,data/images/d83a30d2-bf75-4ace-a9ae-39a874678016.jpg,ok,,896,1195,RGB,JPEG
a3ee4f48-998d-442d-a5fc-3eed485626aa.jpg,test,data/images/a3ee4f48-998d-442d-a5fc-3eed485626aa.jpg,ok,,1185,2560,RGB,JPEG
6450a0da-603e-49bb-9ac8-adf7d05914f9.jpg,test,data/images/6450a0da-603e-49bb-9ac8-adf7d05914f9.jpg,ok,,896,1195,RGB,JPEG
d077916d-fe89-4c97-a76b-f0326d70c5b4.jpg,test,data/images/d077916d-fe89-4c97-a76b-f0326d70c5b4.jpg,ok,,1024,1280,RGB,JPEG
26f2695b-4c9b-4d5e-945a-1346df5b4baa.jpg,test,data/images/26f2695b-4c9b-4d5e-945a-1346df5b4baa.jpg,ok,,1024,1024,RGB,JPEG
29c8c156-2476-41e9-b544-d226f4913916.jpg,test,data/images/29c8c156-2476-41e9-b544-d226f4913916.jpg,ok,,1248,832,RGB,JPEG
337bcc09-fe2d-4b34-a07a-94760519f03d.jpg,test,data/images/337bcc09-fe2d-4b34-a07a-94760519f03d.jpg,ok,,896,1195,RGB,JPEG
7a865374-f35e-4d68-951e-7dcc9bfa8208.jpg,test,data/images/7a865374-f35e-4d68-951e-7dcc9bfa8208.jpg,ok,,1024,1024,RGB,JPEG
bfdd682e-f2ad-478a-8da5-386d4399bf58.jpg,test,data/images/bfdd682e-f2ad-478a-8da5-386d4399bf58.jpg,ok,,2560,2560,RGB,JPEG
37ed58c0-05f8-456a-88d4-4a2573f52526.jpg,test,data/images/37ed58c0-05f8-456a-88d4-4a2573f52526.jpg,ok,,1024,558,RGB,JPEG
8853ab94-546f-46ee-8a30-7ef29ae8c0b9.jpg,test,data/images/8853ab94-546f-46ee-8a30-7ef29ae8c0b9.jpg,ok,,1024,1024,RGB,JPEG
be79bae7-2a6d-4641-8c67-fae903130f95.jpg,test,data/images/be79bae7-2a6d-4641-8c67-fae903130f95.jpg,ok,,800,800,RGB,JPEG
75dcf109-023d-4785-b3be-acd3ef4d5a48.jpg,test,data/images/75dcf109-023d-4785-b3be-acd3ef4d5a48.jpg,ok,,800,800,RGB,JPEG
49ef8e40-634d-4db1-bc11-16cc9bbe52db.jpg,test,data/images/49ef8e40-634d-4db1-bc11-16cc9bbe52db.jpg,ok,,1024,1024,RGB,JPEG
84fb76c8-9ac4-4bb7-87bf-b178116b3150.jpg,test,data/images/84fb76c8-9ac4-4bb7-87bf-b178116b3150.jpg,ok,,896,1195,RGB,JPEG
7c719486-511d-4c71-b2fd-da2cb358ae61.jpg,test,data/images/7c719486-511d-4c71-b2fd-da2cb358ae61.jpg,ok,,1024,1024,RGB,JPEG
64a87746-3bf7-4dc7-bbe2-99489e5a8988.jpg,test,data/images/64a87746-3bf7-4dc7-bbe2-99489e5a8988.jpg,ok,,1024,1024,RGB,JPEG
25fbce7a-b236-4f50-a35c-9668c56245c8.jpg,test,data/images/25fbce7a-b236-4f50-a35c-9668c56245c8.jpg,ok,,1024,1024,RGB,JPEG
21c50fe0-65b8-41e5-8c38-f6e179969794.jpg,test,data/images/21c50fe0-65b8-41e5-8c38-f6e179969794.jpg,ok,,832,1248,RGB,JPEG
69e99ad3-9bcf-4461-96f1-4955e5577348.jpg,test,data/images/69e99ad3-9bcf-4461-96f1-4955e5577348.jpg,ok,,1024,558,RGB,JPEG
e3d40fbf-387e-415c-af15-ee2b255d7755.jpg,test,data/images/e3d40fbf-387e-415c-af15-ee2b255d7755.jpg,ok,,832,1248,RGB,JPEG
02ad5821-08e8-463f-8575-7136f2c88221.jpg,test,data/images/02ad5821-08e8-463f-8575-7136f2c88221.jpg,ok,,1024,1024,RGB,JPEG
83a26357-5b09-468c-98ea-063e370c7087.jpg,test,data/images/83a26357-5b09-468c-98ea-063e370c7087.jpg,ok,,52,70,RGBA,PNG
759ceee1-7b43-4469-a49a-e7d2afd62331.jpg,test,data/images/759ceee1-7b43-4469-a49a-e7d2afd62331.jpg,ok,,1024,1024,RGB,JPEG
78851277-0243-4fce-814b-62e01aecb0ef.jpg,test,data/images/78851277-0243-4fce-814b-62e01aecb0ef.jpg,ok,,1024,1024,RGB,JPEG
240265cf-fc01-4b95-8465-5d90eb83025b.jpg,test,data/images/240265cf-fc01-4b95-8465-5d90eb83025b.jpg,ok,,832,1248,RGB,JPEG
7f55e6e4-3cc0-4746-9c09-65ad4fce3d29.jpg,test,data/images/7f55e6e4-3cc0-4746-9c09-65ad4fce3d29.jpg,ok,,832,1248,RGB,JPEG
35a014b5-9162-407e-96da-2e9f00ebf73a.jpg,test,data/images/35a014b5-9162-407e-96da-2e9f00ebf73a.jpg,ok,,1024,716,RGB,JPEG
de2c3b94-7890-45f7-b8bb-9a4ba217a681.jpg,test,data/images/de2c3b94-7890-45f7-b8bb-9a4ba217a681.jpg,ok,,1024,1024,RGB,JPEG
37741f94-ef39-4823-a454-22ee09502010.jpg,test,data/images/37741f94-ef39-4823-a454-22ee09502010.jpg,ok,,300,400,RGB,JPEG
f0ba6302-0ffe-46df-b67b-b021b584240f.jpg,test,data/images/f0ba6302-0ffe-46df-b67b-b021b584240f.jpg,ok,,1024,1024,RGB,JPEG
947e6baa-2c3f-4af4-a47b-2b10e88f64a2.jpg,test,data/images/947e6baa-2c3f-4af4-a47b-2b10e88f64a2.jpg,ok,,1024,1280,RGB,JPEG
115bbbda-044f-4f7d-9fc4-477e793d2c9f.jpg,test,data/images/115bbbda-044f-4f7d-9fc4-477e793d2c9f.jpg,ok,,896,1195,RGB,JPEG
c5f36d99-4b0a-4878-b9ee-376938788132.jpg,test,data/images/c5f36d99-4b0a-4878-b9ee-376938788132.jpg,ok,,1024,1024,RGB,JPEG
c9c5b6a8-c86f-4c5f-a662-d0c998cc31c6.jpg,test,data/images/c9c5b6a8-c86f-4c5f-a662-d0c998cc31c6.jpg,ok,,1536,2048,RGB,JPEG
ec606386-77f3-4adb-ac4c-c6ddd1ba83d0.jpg,test,data/images/ec606386-77f3-4adb-ac4c-c6ddd1ba83d0.jpg,ok,,1024,1024,RGB,JPEG
af10247f-5c5a-4f6a-881b-b37c9bb4d0d6.jpg,test,data/images/af10247f-5c5a-4f6a-881b-b37c9bb4d0d6.jpg,ok,,1248,832,RGB,JPEG
d4f0e262-06da-4958-8cf6-c5a245477465.jpg,test,data/images/d4f0e262-06da-4958-8cf6-c5a245477465.jpg,ok,,1024,1024,RGB,JPEG
6d94cecf-a5a6-4f33-b258-c53f3930e2d6.jpg,test,data/images/6d94cecf-a5a6-4f33-b258-c53f3930e2d6.jpg,ok,,896,1195,RGB,JPEG
3911ea8e-e6d8-4663-a9b2-277414583643.jpg,test,data/images/3911ea8e-e6d8-4663-a9b2-277414583643.jpg,ok,,1024,1024,RGB,JPEG
6fa1160e-c973-467f-8bd0-b5f2b465d222.jpg,test,data/images/6fa1160e-c973-467f-8bd0-b5f2b465d222.jpg,ok,,1024,1024,RGB,JPEG
c7730def-35ad-42d2-9cca-1beb65c097a0.jpg,test,data/images/c7730def-35ad-42d2-9cca-1beb65c097a0.jpg,ok,,896,1195,RGB,JPEG
541da90c-37b5-45c7-8503-b1f6658ad5c7.jpg,test,data/images/541da90c-37b5-45c7-8503-b1f6658ad5c7.jpg,ok,,1024,1024,RGB,JPEG
12c88711-90ff-4180-bc38-6946ed45b2d7.jpg,test,data/images/12c88711-90ff-4180-bc38-6946ed45b2d7.jpg,ok,,896,1195,RGB,JPEG
a091c152-bc47-4fd8-b25e-ccead0bd3029.jpg,test,data/images/a091c152-bc47-4fd8-b25e-ccead0bd3029.jpg,ok,,1024,1024,RGB,JPEG
92f33629-5f6b-4ac7-8559-acd669d23c09.jpg,test,data/images/92f33629-5f6b-4ac7-8559-acd669d23c09.jpg,ok,,1024,716,RGB,JPEG
fac86f5f-78ff-4050-bb7c-036a800189be.jpg,test,data/images/fac86f5f-78ff-4050-bb7c-036a800189be.jpg,ok,,1024,1024,RGB,JPEG
50a37c21-9d5e-45e6-92d6-7b2affc5bcaa.jpg,test,data/images/50a37c21-9d5e-45e6-92d6-7b2affc5bcaa.jpg,ok,,1024,1024,RGB,JPEG
f7f2081b-2390-4152-add4-5a8f5ca9fea5.jpg,test,data/images/f7f2081b-2390-4152-add4-5a8f5ca9fea5.jpg,ok,,1248,832,RGB,JPEG
294a21f6-24d5-4ce4-b3cc-600d59966b74.jpg,test,data/images/294a21f6-24d5-4ce4-b3cc-600d59966b74.jpg,ok,,832,1248,RGB,JPEG
e18e3f55-380f-4a30-997c-1863ea0bd835.jpg,test,data/images/e18e3f55-380f-4a30-997c-1863ea0bd835.jpg,ok,,1024,558,RGB,JPEG
ad661b85-a545-4ecb-b832-95be2291a335.jpg,test,data/images/ad661b85-a545-4ecb-b832-95be2291a335.jpg,ok,,1195,896,RGB,JPEG
76f7a807-4b80-4686-86a4-71cecd94059f.jpg,test,data/images/76f7a807-4b80-4686-86a4-71cecd94059f.jpg,ok,,896,1195,RGB,JPEG
c37d0cce-f891-48ce-9bf0-1b41989ae834.jpg,test,data/images/c37d0cce-f891-48ce-9bf0-1b41989ae834.jpg,ok,,1024,1024,RGB,JPEG
e67b3657-abc8-40da-98cf-c52a21b766f3.jpg,test,data/images/e67b3657-abc8-40da-98cf-c52a21b766f3.jpg,ok,,1024,1024,RGB,JPEG
f51daad3-5817-44f3-8b17-b5ed50501d1e.jpg,test,data/images/f51daad3-5817-44f3-8b17-b5ed50501d1e.jpg,ok,,1024,1024,RGB,JPEG
99fef152-6b81-44b9-8499-3095c65160a3.jpg,test,data/images/99fef152-6b81-44b9-8499-3095c65160a3.jpg,ok,,1024,1024,RGB,JPEG
b8bdbb44-24a8-41f7-8c2b-9d98e4050776.jpg,test,data/images/b8bdbb44-24a8-41f7-8c2b-9d98e4050776.jpg,ok,,400,299,RGB,JPEG
602d56b3-68eb-44dc-a9c8-d754f4739282.jpg,test,data/images/602d56b3-68eb-44dc-a9c8-d754f4739282.jpg,ok,,558,1024,RGB,JPEG
4d943086-ba51-467c-9fee-849a1811c5f3.jpg,test,data/images/4d943086-ba51-467c-9fee-849a1811c5f3.jpg,ok,,1024,1024,RGB,JPEG
1eb4e8e4-0b89-4ad6-b7dc-290f7d04bf3e.jpg,test,data/images/1eb4e8e4-0b89-4ad6-b7dc-290f7d04bf3e.jpg,ok,,1024,1024,RGB,JPEG
4a344b78-6384-48d9-82b2-86275ff4a53f.jpg,test,data/images/4a344b78-6384-48d9-82b2-86275ff4a53f.jpg,ok,,1248,832,RGB,JPEG
b0b5a0e0-ff7d-4b3a-a265-eae7b93841fa.jpg,test,data/images/b0b5a0e0-ff7d-4b3a-a265-eae7b93841fa.jpg,ok,,896,1195,RGB,JPEG
e46624f3-b854-4a17-873f-c7a0bdec29f1.jpg,test,data/images/e46624f3-b854-4a17-873f-c7a0bdec29f1.jpg,ok,,1024,1024,RGB,JPEG
aabd2ebf-9a4e-4eb2-bd30-96a0683927e4.jpg,test,data/images/aabd2ebf-9a4e-4eb2-bd30-96a0683927e4.jpg,ok,,2560,564,RGB,JPEG
0e648a60-cb0c-41ff-9eb3-fa0d7ecbe639.jpg,test,data/images/0e648a60-cb0c-41ff-9eb3-fa0d7ecbe639.jpg,ok,,1248,832,RGB,JPEG
134d6029-36d1-4bde-8a68-a145abaf16b7.jpg,test,data/images/134d6029-36d1-4bde-8a68-a145abaf16b7.jpg,ok,,1024,1024,RGB,JPEG
c34fcb7a-c9e9-4cfa-96c7-b45475ada4a7.jpg,test,data/images/c34fcb7a-c9e9-4cfa-96c7-b45475ada4a7.jpg,ok,,1024,1024,RGB,JPEG
000a811d-cf8f-4b5b-be75-bd9f1a73c098.jpg,test,data/images/000a811d-cf8f-4b5b-be75-bd9f1a73c098.jpg,ok,,1024,1024,RGB,JPEG
2ea6837b-38e2-4528-b7c2-64a41dabe37e.jpg,test,data/images/2ea6837b-38e2-4528-b7c2-64a41dabe37e.jpg,ok,,1024,1024,RGB,JPEG
a741087f-b9bf-415c-8b91-e945cb00b627.jpg,test,data/images/a741087f-b9bf-415c-8b91-e945cb00b627.jpg,ok,,2465,259,RGB,JPEG
146c9d12-720a-414d-b6ca-c729f93c0732.jpg,test,data/images/146c9d12-720a-414d-b6ca-c729f93c0732.jpg,ok,,1024,1024,RGB,JPEG
f1fc05c8-bef7-4b8c-8f40-e3da655ec9f4.jpg,test,data/images/f1fc05c8-bef7-4b8c-8f40-e3da655ec9f4.jpg,ok,,896,1195,RGB,JPEG
f6fb9f11-d2a2-42ab-af1d-53f5674c428d.jpg,test,data/images/f6fb9f11-d2a2-42ab-af1d-53f5674c428d.jpg,ok,,1024,1024,RGB,JPEG
cf626deb-9724-4e0b-b749-3b243295929c.jpg,test,data/images/cf626deb-9724-4e0b-b749-3b243295929c.jpg,ok,,1024,558,RGB,JPEG
af31b96b-e585-40f4-825e-51bea00b1cef.jpg,test,data/images/af31b96b-e585-40f4-825e-51bea00b1cef.jpg,ok,,1024,1024,RGB,JPEG
7411290d-60ae-446f-b5a6-8b045c00a51f.jpg,test,data/images/7411290d-60ae-446f-b5a6-8b045c00a51f.jpg,ok,,1024,1024,RGB,JPEG
dc177aab-aa0b-45e4-8de3-b953d77c66bb.jpg,test,data/images/dc177aab-aa0b-45e4-8de3-b953d77c66bb.jpg,ok,,1024,1024,RGB,JPEG
ee3d37fd-d588-4760-9fdd-010b998c22b9.jpg,test,data/images/ee3d37fd-d588-4760-9fdd-010b998c22b9.jpg,ok,,1024,1024,RGB,JPEG
77aa41d1-b2d4-4063-a52f-0a26fbfba1d2.jpg,test,data/images/77aa41d1-b2d4-4063-a52f-0a26fbfba1d2.jpg,ok,,1024,1024,RGB,JPEG
6f18f6d8-6ed7-48ae-88f7-7abb21f33455.jpg,test,data/images/6f18f6d8-6ed7-48ae-88f7-7abb21f33455.jpg,ok,,1024,1024,RGB,JPEG
6c75b77e-0e19-44b8-8ed1-67a0636a1097.jpg,test,data/images/6c75b77e-0e19-44b8-8ed1-67a0636a1097.jpg,ok,,1024,1024,RGB,JPEG
bc491584-0ed3-458a-9254-ce42c063fc86.jpg,test,data/images/bc491584-0ed3-458a-9254-ce42c063fc86.jpg,ok,,1024,1024,RGB,JPEG
84d13155-b13a-4c8a-81e6-c172ed983214.jpg,test,data/images/84d13155-b13a-4c8a-81e6-c172ed983214.jpg,ok,,1024,1024,RGB,JPEG
ac5890cc-49be-4ea9-9c95-8400cc0b7f73.jpg,test,data/images/ac5890cc-49be-4ea9-9c95-8400cc0b7f73.jpg,ok,,832,1248,RGB,JPEG
0cd32125-9a5f-4380-81cd-3443ed22d7e0.jpg,test,data/images/0cd32125-9a5f-4380-81cd-3443ed22d7e0.jpg,ok,,896,1195,RGB,JPEG
503516a2-8a92-458d-ac7f-2f60a82d0b00.jpg,test,data/images/503516a2-8a92-458d-ac7f-2f60a82d0b00.jpg,ok,,1024,1024,RGB,JPEG
247fc724-4c53-4f00-87f3-30b6d04e5df5.jpg,test,data/images/247fc724-4c53-4f00-87f3-30b6d04e5df5.jpg,ok,,1024,1024,RGB,JPEG
a07e8ea1-7c56-498a-896d-276dae77594c.jpg,test,data/images/a07e8ea1-7c56-498a-896d-276dae77594c.jpg,ok,,558,1024,RGB,JPEG
cb0530e1-6a56-496d-9277-886ddb419a8e.jpg,test,data/images/cb0530e1-6a56-496d-9277-886ddb419a8e.jpg,ok,,1024,1024,RGB,JPEG
e21540f2-86cc-4bce-b51b-a893eb0a4824.jpg,test,data/images/e21540f2-86cc-4bce-b51b-a893eb0a4824.jpg,ok,,1024,1024,RGB,JPEG
7aefc3eb-55d0-4c31-94cc-4191ec7ec836.jpg,test,data/images/7aefc3eb-55d0-4c31-94cc-4191ec7ec836.jpg,ok,,896,1195,RGB,JPEG
ed47e4fb-8fc2-48d6-b041-7eb86a7f4c4e.jpg,test,data/images/ed47e4fb-8fc2-48d6-b041-7eb86a7f4c4e.jpg,ok,,1248,832,RGB,JPEG
df3fb081-8737-4ae6-9771-09d83016b206.jpg,test,data/images/df3fb081-8737-4ae6-9771-09d83016b206.jpg,ok,,1024,558,RGB,JPEG
d5a41b96-c59a-4c75-af14-44b490610f9d.jpg,test,data/images/d5a41b96-c59a-4c75-af14-44b490610f9d.jpg,ok,,1024,1024,RGB,JPEG
5a82b4d4-c40f-4076-9db6-50043225dea8.jpg,test,data/images/5a82b4d4-c40f-4076-9db6-50043225dea8.jpg,ok,,1879,2200,RGB,JPEG
ab2d63ed-19d7-437a-af95-8a0a5abbca62.jpg,test,data/images/ab2d63ed-19d7-437a-af95-8a0a5abbca62.jpg,ok,,1248,832,RGB,JPEG
220260a0-4cce-4087-949a-381663cf1d94.jpg,test,data/images/220260a0-4cce-4087-949a-381663cf1d94.jpg,ok,,1024,716,RGB,JPEG
0cb587e5-17ed-4888-a370-63668b202012.jpg,test,data/images/0cb587e5-17ed-4888-a370-63668b202012.jpg,ok,,2560,1736,RGB,JPEG
0811c3b2-2c99-4974-83e7-40787deea7b1.jpg,test,data/images/0811c3b2-2c99-4974-83e7-40787deea7b1.jpg,ok,,1024,716,RGB,JPEG
194f35d9-6f4d-45ff-8eb7-0690bcbbb3b8.jpg,test,data/images/194f35d9-6f4d-45ff-8eb7-0690bcbbb3b8.jpg,ok,,1024,1024,RGB,JPEG
04ce2030-3510-4b48-8b36-0b9decbe978d.jpg,test,data/images/04ce2030-3510-4b48-8b36-0b9decbe978d.jpg,ok,,1024,558,RGB,JPEG
c914daf8-3ee4-4e75-aa7e-8a78b9bfcd6a.jpg,test,data/images/c914daf8-3ee4-4e75-aa7e-8a78b9bfcd6a.jpg,ok,,1024,1024,RGB,JPEG
3ab3a6e6-a2dc-4092-943e-504c41a576f5.jpg,test,data/images/3ab3a6e6-a2dc-4092-943e-504c41a576f5.jpg,ok,,896,1195,RGB,JPEG
c072c9c3-8eb7-4d88-9627-e82d433c68e1.jpg,test,data/images/c072c9c3-8eb7-4d88-9627-e82d433c68e1.jpg,ok,,1195,896,RGB,JPEG
0c24e86d-49a5-42ce-9f29-4bd27e9466bc.jpg,test,data/images/0c24e86d-49a5-42ce-9f29-4bd27e9466bc.jpg,ok,,832,1248,RGB,JPEG
5b545217-d13b-45a8-a1fa-3c7312c9420f.jpg,test,data/images/5b545217-d13b-45a8-a1fa-3c7312c9420f.jpg,ok,,1024,558,RGB,JPEG
dcbed5d6-e332-4a76-b19d-17a631defb97.jpg,test,data/images/dcbed5d6-e332-4a76-b19d-17a631defb97.jpg,ok,,1024,1024,RGB,JPEG
e3f535fb-263a-49b7-9b0e-d6e59df052d5.jpg,test,data/images/e3f535fb-263a-49b7-9b0e-d6e59df052d5.jpg,ok,,1024,1024,RGB,JPEG
40ea27e1-5314-4845-92ea-fe7f11ffed85.jpg,test,data/images/40ea27e1-5314-4845-92ea-fe7f11ffed85.jpg,ok,,1024,1024,RGB,JPEG
f7820f0d-f0c6-415c-8453-b81e1d156375.jpg,test,data/images/f7820f0d-f0c6-415c-8453-b81e1d156375.jpg,ok,,1024,1024,RGB,JPEG
e43703d5-f77c-40c9-b518-f16812188c5b.jpg,test,data/images/e43703d5-f77c-40c9-b518-f16812188c5b.jpg,ok,,1024,1024,RGB,JPEG
6a345176-6cfd-4025-96f3-253d449d691a.jpg,test,data/images/6a345176-6cfd-4025-96f3-253d449d691a.jpg,ok,,1248,832,RGB,JPEG
d73e0f13-d476-4a16-8305-d27ad6a78bab.jpg,test,data/images/d73e0f13-d476-4a16-8305-d27ad6a78bab.jpg,ok,,1024,1024,RGB,JPEG
f6a74d54-924a-41d4-9882-39f2efb0b3c0.jpg,test,data/images/f6a74d54-924a-41d4-9882-39f2efb0b3c0.jpg,ok,,1024,1024,RGB,JPEG
54b87af9-8b95-45e2-94d0-c5f709cd5d32.jpg,test,data/images/54b87af9-8b95-45e2-94d0-c5f709cd5d32.jpg,ok,,1024,1024,RGB,JPEG
7d74df23-4f56-43de-a100-f63c6a22f1f0.jpg,test,data/images/7d74df23-4f56-43de-a100-f63c6a22f1f0.jpg,ok,,1024,558,RGB,JPEG
cbde0582-e38a-4eed-ad96-06ed36118f5a.jpg,test,data/images/cbde0582-e38a-4eed-ad96-06ed36118f5a.jpg,ok,,1195,896,RGB,JPEG
aacb6dd4-2595-4ca2-8c3f-4d2b14f400d9.jpg,test,data/images/aacb6dd4-2595-4ca2-8c3f-4d2b14f400d9.jpg,ok,,896,1195,RGB,JPEG
3eccf8c5-3654-4681-8c1b-dc8eacd94b64.jpg,test,data/images/3eccf8c5-3654-4681-8c1b-dc8eacd94b64.jpg,ok,,1024,1024,RGB,JPEG
5f8da759-173c-456f-9118-cb0ebb7835e2.jpg,test,data/images/5f8da759-173c-456f-9118-cb0ebb7835e2.jpg,ok,,1024,1024,RGB,JPEG
fc96ec75-123e-40e3-958d-9077239d6204.jpg,test,data/images/fc96ec75-123e-40e3-958d-9077239d6204.jpg,ok,,1024,1024,RGB,JPEG
0329f879-e4ca-44c9-9c1f-1d31d84cbc95.jpg,test,data/images/0329f879-e4ca-44c9-9c1f-1d31d84cbc95.jpg,ok,,1024,558,RGB,JPEG
2d6dea2a-18fb-4d31-8e03-195de7dbcd85.jpg,test,data/images/2d6dea2a-18fb-4d31-8e03-195de7dbcd85.jpg,ok,,896,1195,RGB,JPEG
8ab877fb-afa7-42aa-9e5f-42c979b804a6.jpg,test,data/images/8ab877fb-afa7-42aa-9e5f-42c979b804a6.jpg,ok,,896,1195,RGB,JPEG
e9fdaea5-b928-4f1c-a140-9d5e472bd10f.jpg,test,data/images/e9fdaea5-b928-4f1c-a140-9d5e472bd10f.jpg,ok,,1879,2200,RGB,JPEG
b4216ae0-2101-4a4d-9773-270a2580b7aa.jpg,test,data/images/b4216ae0-2101-4a4d-9773-270a2580b7aa.jpg,ok,,1024,1024,RGB,JPEG
003a1394-83c5-41c0-9cd5-18ac89397c7b.jpg,test,data/images/003a1394-83c5-41c0-9cd5-18ac89397c7b.jpg,ok,,1195,896,RGB,JPEG
894169ad-3b0f-46f5-b2a5-7f93dc07dadd.jpg,test,data/images/894169ad-3b0f-46f5-b2a5-7f93dc07dadd.jpg,ok,,1024,558,RGB,JPEG
0bb82506-4b44-448d-ac30-8fb6414d44e2.jpg,test,data/images/0bb82506-4b44-448d-ac30-8fb6414d44e2.jpg,ok,,1024,1024,RGB,JPEG
9b348f4c-88eb-45d5-a2cc-4aad2b6f300e.jpg,test,data/images/9b348f4c-88eb-45d5-a2cc-4aad2b6f300e.jpg,ok,,1024,1024,RGB,JPEG
1c62ffd1-1625-4392-ac31-0558ef75addd.jpg,test,data/images/1c62ffd1-1625-4392-ac31-0558ef75addd.jpg,ok,,1024,1024,RGB,JPEG
848d9e96-d932-4219-9f32-fce9bfc17c70.jpg,test,data/images/848d9e96-d932-4219-9f32-fce9bfc17c70.jpg,ok,,1248,832,RGB,JPEG
f860f1fa-9050-4fc7-9401-02e4726bc4b3.jpg,test,data/images/f860f1fa-9050-4fc7-9401-02e4726bc4b3.jpg,ok,,1024,1024,RGB,JPEG
f2cebaeb-8773-43de-b0bf-52da362bdebb.jpg,test,data/images/f2cebaeb-8773-43de-b0bf-52da362bdebb.jpg,ok,,1024,1024,RGB,JPEG
0ebdaf57-da36-4bf9-b0fc-ca9df0d95607.jpg,test,data/images/0ebdaf57-da36-4bf9-b0fc-ca9df0d95607.jpg,ok,,1024,1024,RGB,JPEG
a7d1a1c0-197b-4150-8f7d-08091454216e.jpg,test,data/images/a7d1a1c0-197b-4150-8f7d-08091454216e.jpg,ok,,1024,1024,RGB,JPEG
5588bcaa-7efc-4af3-84ad-e292b6f60176.jpg,test,data/images/5588bcaa-7efc-4af3-84ad-e292b6f60176.jpg,ok,,1024,1024,RGB,JPEG
0f0f1f96-0a2d-49bb-95f5-e0f191d2cdcd.jpg,test,data/images/0f0f1f96-0a2d-49bb-95f5-e0f191d2cdcd.jpg,ok,,1024,1024,RGB,JPEG
dfacb3a8-cabe-4252-a799-76c25404de38.jpg,test,data/images/dfacb3a8-cabe-4252-a799-76c25404de38.jpg,ok,,1024,1024,RGB,JPEG
35dc725d-5c56-43c8-8f26-3359e01e7f06.jpg,test,data/images/35dc725d-5c56-43c8-8f26-3359e01e7f06.jpg,ok,,896,1195,RGB,JPEG
2d9c3608-196d-4977-87b8-622ba1bf2261.jpg,test,data/images/2d9c3608-196d-4977-87b8-622ba1bf2261.jpg,ok,,558,1024,RGB,JPEG
ffc69634-28c2-4660-801b-bbc35e0720cf.jpg,test,data/images/ffc69634-28c2-4660-801b-bbc35e0720cf.jpg,ok,,1248,832,RGB,JPEG
bd160adc-af64-4295-a198-b249fc0fdbe3.jpg,test,data/images/bd160adc-af64-4295-a198-b249fc0fdbe3.jpg,ok,,1024,1024,RGB,JPEG
e7a2c694-51f6-4bf9-8758-be959aa0272f.jpg,test,data/images/e7a2c694-51f6-4bf9-8758-be959aa0272f.jpg,ok,,1024,1024,RGB,JPEG
a0325eae-d6e6-41a0-b0e1-c2a0c938ad72.jpg,test,data/images/a0325eae-d6e6-41a0-b0e1-c2a0c938ad72.jpg,ok,,1024,1024,RGB,JPEG
0ec03bd9-c985-4d10-aee9-e506e4f23ea1.jpg,test,data/images/0ec03bd9-c985-4d10-aee9-e506e4f23ea1.jpg,ok,,896,1195,RGB,JPEG
ab64e0f7-7444-4150-943b-2ef99bad27c2.jpg,test,data/images/ab64e0f7-7444-4150-943b-2ef99bad27c2.jpg,ok,,1024,1024,RGB,JPEG
f6a81543-1d41-4e14-91b4-a1ca7e9c4843.jpg,test,data/images/f6a81543-1d41-4e14-91b4-a1ca7e9c4843.jpg,ok,,400,186,RGB,JPEG
de5b07f2-017c-4ba7-8170-d8b949b5a8be.jpg,test,data/images/de5b07f2-017c-4ba7-8170-d8b949b5a8be.jpg,ok,,1195,896,RGB,JPEG
cd8a2748-0515-49c1-83e7-a771623a7a82.jpg,test,data/images/cd8a2748-0515-49c1-83e7-a771623a7a82.jpg,ok,,896,1195,RGB,JPEG
c6148926-8709-48a8-b506-e1ffdffdd65b.jpg,test,data/images/c6148926-8709-48a8-b506-e1ffdffdd65b.jpg,ok,,1024,558,RGB,JPEG
b492f4dd-e84c-4204-89b8-8d79cf5ac22a.jpg,test,data/images/b492f4dd-e84c-4204-89b8-8d79cf5ac22a.jpg,ok,,1195,896,RGB,JPEG
9bf68c14-afa3-4c19-a988-ea6c55777fb2.jpg,test,data/images/9bf68c14-afa3-4c19-a988-ea6c55777fb2.jpg,ok,,896,1195,RGB,JPEG
4e15de42-c086-477e-a019-49dd58ba3a48.jpg,test,data/images/4e15de42-c086-477e-a019-49dd58ba3a48.jpg,ok,,896,1195,RGB,JPEG
1b842647-f0a7-45b6-b6de-69af06a8bf6d.jpg,test,data/images/1b842647-f0a7-45b6-b6de-69af06a8bf6d.jpg,ok,,1195,896,RGB,JPEG
d4960b40-5f1f-406e-829c-a505203bf51f.jpg,test,data/images/d4960b40-5f1f-406e-829c-a505203bf51f.jpg,ok,,896,1195,RGB,JPEG
0fc9358e-6e95-44ea-acf2-ee6b65cf9e09.jpg,test,data/images/0fc9358e-6e95-44ea-acf2-ee6b65cf9e09.jpg,ok,,1024,558,RGB,JPEG
7b570fbd-37e4-4dda-8973-ace79ab8f02c.jpg,test,data/images/7b570fbd-37e4-4dda-8973-ace79ab8f02c.jpg,ok,,1024,1024,RGB,JPEG
9c7575bf-c529-4ce2-b931-aa164ed058a9.jpg,test,data/images/9c7575bf-c529-4ce2-b931-aa164ed058a9.jpg,ok,,1024,1024,RGB,JPEG
718d7ab5-98be-488a-acb1-dc8e31bfd611.jpg,test,data/images/718d7ab5-98be-488a-acb1-dc8e31bfd611.jpg,ok,,1024,1280,RGB,JPEG
6c5f7718-19ea-46c8-a924-cd1be7457413.jpg,test,data/images/6c5f7718-19ea-46c8-a924-cd1be7457413.jpg,ok,,1024,1024,RGB,JPEG
f78b614d-b18b-4f91-8f59-41c31d0eb69b.jpg,test,data/images/f78b614d-b18b-4f91-8f59-41c31d0eb69b.jpg,ok,,1024,1024,RGB,JPEG
7e4cfc46-2bb1-4434-bfb8-69694c393c9d.jpg,test,data/images/7e4cfc46-2bb1-4434-bfb8-69694c393c9d.jpg,ok,,400,300,RGB,JPEG
748b1257-f6f2-46ea-8b93-992663386e08.jpg,test,data/images/748b1257-f6f2-46ea-8b93-992663386e08.jpg,ok,,1024,1024,RGB,JPEG
02f2c35a-31fc-4068-a573-ff12509ebcbc.jpg,test,data/images/02f2c35a-31fc-4068-a573-ff12509ebcbc.jpg,ok,,1024,1024,RGB,JPEG
325a7fb3-9c81-4019-81b7-dc006ed80b27.jpg,test,data/images/325a7fb3-9c81-4019-81b7-dc006ed80b27.jpg,ok,,1024,1024,RGB,JPEG
55cbbc87-07ef-4fcf-bdf8-a97a20dcbbc1.jpg,test,data/images/55cbbc87-07ef-4fcf-bdf8-a97a20dcbbc1.jpg,ok,,1024,1024,RGB,JPEG
5d5432eb-656a-426f-8ae6-413e5e66ebe1.jpg,test,data/images/5d5432eb-656a-426f-8ae6-413e5e66ebe1.jpg,ok,,896,1195,RGB,JPEG
5bbb87d7-329c-404f-805d-735b3f0e08ef.jpg,test,data/images/5bbb87d7-329c-404f-805d-735b3f0e08ef.jpg,ok,,1024,1024,RGB,JPEG
c61e9724-c794-4699-990e-64bf3ff57e76.jpg,test,data/images/c61e9724-c794-4699-990e-64bf3ff57e76.jpg,ok,,1024,1024,RGB,JPEG
ee415cc9-a2f0-4537-82a9-b7a023b5f84b.jpg,test,data/images/ee415cc9-a2f0-4537-82a9-b7a023b5f84b.jpg,ok,,1024,1024,RGB,JPEG
85ccb615-76ef-47b3-b9f8-4ede8a57d445.jpg,test,data/images/85ccb615-76ef-47b3-b9f8-4ede8a57d445.jpg,ok,,1024,558,RGB,JPEG
fab5978e-3492-4628-b952-3c0f97138325.jpg,test,data/images/fab5978e-3492-4628-b952-3c0f97138325.jpg,ok,,2250,2250,RGB,JPEG
e21b40bc-afa2-441d-845b-e7d68ab40339.jpg,test,data/images/e21b40bc-afa2-441d-845b-e7d68ab40339.jpg,ok,,1024,1024,RGB,JPEG
1935a196-dbd2-4708-a23b-18fdea6d1c48.jpg,test,data/images/1935a196-dbd2-4708-a23b-18fdea6d1c48.jpg,ok,,1024,1024,RGB,JPEG
d04a34d6-ba86-4340-bc5a-aee7b4190553.jpg,test,data/images/d04a34d6-ba86-4340-bc5a-aee7b4190553.jpg,ok,,1024,1024,RGB,JPEG
bef02135-ce32-4ade-8f40-4596c5fb0539.jpg,test,data/images/bef02135-ce32-4ade-8f40-4596c5fb0539.jpg,ok,,1024,1024,RGB,JPEG
d73d1b93-de43-46d3-ae10-2e14506bee96.jpg,test,data/images/d73d1b93-de43-46d3-ae10-2e14506bee96.jpg,ok,,1024,1024,RGB,JPEG
941ef0db-188f-4e5d-996f-33401e931426.jpg,test,data/images/941ef0db-188f-4e5d-996f-33401e931426.jpg,ok,,1024,558,RGB,JPEG
244c3c3a-4373-40b3-af92-c26852f9a2df.jpg,test,data/images/244c3c3a-4373-40b3-af92-c26852f9a2df.jpg,ok,,832,1248,RGB,JPEG
f04d511d-f71a-4bdf-9028-dafb599fc552.jpg,test,data/images/f04d511d-f71a-4bdf-9028-dafb599fc552.jpg,ok,,1195,896,RGB,JPEG
c0b6b5cb-ca50-4813-9f22-038e8bca7fe8.jpg,test,data/images/c0b6b5cb-ca50-4813-9f22-038e8bca7fe8.jpg,ok,,1024,1024,RGB,JPEG
5b518920-fd0b-40f7-a85b-a3411e77ca29.jpg,test,data/images/5b518920-fd0b-40f7-a85b-a3411e77ca29.jpg,ok,,1024,1024,RGB,JPEG
3bae74c6-f7e6-4c68-a830-2e05301377f8.jpg,test,data/images/3bae74c6-f7e6-4c68-a830-2e05301377f8.jpg,ok,,1024,1024,RGB,JPEG
f3d291ed-84bf-481c-9443-99ca7cbe1473.jpg,test,data/images/f3d291ed-84bf-481c-9443-99ca7cbe1473.jpg,ok,,1024,1024,RGB,JPEG
da068a6a-6f36-4c72-bfde-fbbb5913fdf3.jpg,test,data/images/da068a6a-6f36-4c72-bfde-fbbb5913fdf3.jpg,ok,,1280,960,RGB,JPEG
f852552c-87a8-433f-aecc-a5353cb0c6f5.jpg,test,data/images/f852552c-87a8-433f-aecc-a5353cb0c6f5.jpg,ok,,1152,864,RGB,JPEG
8e25c4a7-7228-4b48-8919-42ce23ca4998.jpg,test,data/images/8e25c4a7-7228-4b48-8919-42ce23ca4998.jpg,ok,,1024,1024,RGB,JPEG
eea753a8-5796-4af6-be46-7bd8d569bc35.jpg,test,data/images/eea753a8-5796-4af6-be46-7bd8d569bc35.jpg,ok,,832,1248,RGB,JPEG
3666ce33-c2b6-4c75-b3c0-14133d9f8e49.jpg,test,data/images/3666ce33-c2b6-4c75-b3c0-14133d9f8e49.jpg,ok,,1024,1024,RGB,JPEG
38a30317-7423-45eb-ba99-21b28f99dd12.jpg,test,data/images/38a30317-7423-45eb-ba99-21b28f99dd12.jpg,ok,,896,1195,RGB,JPEG
35044312-8e07-4738-8dfa-c87951f3ea64.jpg,test,data/images/35044312-8e07-4738-8dfa-c87951f3ea64.jpg,ok,,1024,1024,RGB,JPEG
34be75b5-e2fa-4621-9212-b8e5486cc468.jpg,test,data/images/34be75b5-e2fa-4621-9212-b8e5486cc468.jpg,ok,,1024,1024,RGB,JPEG
8542e409-afec-4a58-9013-3c23bf2a04e9.jpg,test,data/images/8542e409-afec-4a58-9013-3c23bf2a04e9.jpg,ok,,1024,1024,RGB,JPEG
7e61dc6a-d0e8-4621-a413-2d84a37977b2.jpg,test,data/images/7e61dc6a-d0e8-4621-a413-2d84a37977b2.jpg,ok,,1024,1024,RGB,JPEG
bfc7fea5-8671-41b1-9589-0132599fb2b1.jpg,test,data/images/bfc7fea5-8671-41b1-9589-0132599fb2b1.jpg,ok,,558,1024,RGB,JPEG
d93362a3-d957-45a6-8fee-d65e1fcf2b07.jpg,test,data/images/d93362a3-d957-45a6-8fee-d65e1fcf2b07.jpg,ok,,1024,1024,RGB,JPEG
2173562e-39fa-4e99-a738-f8fe6392f605.jpg,test,data/images/2173562e-39fa-4e99-a738-f8fe6392f605.jpg,ok,,1280,1024,RGB,JPEG
a1d1b1e0-d8aa-4513-8223-8a1ef1ef2d0c.jpg,test,data/images/a1d1b1e0-d8aa-4513-8223-8a1ef1ef2d0c.jpg,ok,,832,1248,RGB,JPEG
06376c14-de25-413f-8b6f-cbef4318f614.jpg,test,data/images/06376c14-de25-413f-8b6f-cbef4318f614.jpg,ok,,558,1024,RGB,JPEG
badac400-2f5f-4898-a935-63da50076b5c.jpg,test,data/images/badac400-2f5f-4898-a935-63da50076b5c.jpg,ok,,1248,832,RGB,JPEG
7e94cceb-3556-4be9-b226-e949450d69e1.jpg,test,data/images/7e94cceb-3556-4be9-b226-e949450d69e1.jpg,ok,,1024,1024,RGB,JPEG
22a35d3a-30e1-4995-ad19-3272fb9a296a.jpg,test,data/images/22a35d3a-30e1-4995-ad19-3272fb9a296a.jpg,ok,,1195,896,RGB,JPEG
bde878c2-a4bb-4999-8e05-6b52a60f2626.jpg,test,data/images/bde878c2-a4bb-4999-8e05-6b52a60f2626.jpg,ok,,1024,1024,RGB,JPEG
4631da8f-649c-4ba0-a5b2-2c047090c34e.jpg,test,data/images/4631da8f-649c-4ba0-a5b2-2c047090c34e.jpg,ok,,558,1024,RGB,JPEG
efe034df-6aba-4954-ad7b-0b7e22110439.jpg,test,data/images/efe034df-6aba-4954-ad7b-0b7e22110439.jpg,ok,,1024,1024,RGB,JPEG
fd1441f8-6367-4e8d-a0ec-8d16e8daba55.jpg,test,data/images/fd1441f8-6367-4e8d-a0ec-8d16e8daba55.jpg,ok,,1024,1024,RGB,JPEG
502380f1-4db7-491b-99f4-95333eafb48b.jpg,test,data/images/502380f1-4db7-491b-99f4-95333eafb48b.jpg,ok,,1024,558,RGB,JPEG
b279e140-b168-46cc-bba8-c2cf2fa264f9.jpg,test,data/images/b279e140-b168-46cc-bba8-c2cf2fa264f9.jpg,ok,,832,1248,RGB,JPEG
f3ebd531-fe3e-40fe-9aee-5097c7afa1ca.jpg,test,data/images/f3ebd531-fe3e-40fe-9aee-5097c7afa1ca.jpg,ok,,1024,716,RGB,JPEG
25b4ac73-1754-47f3-8293-9b0ab06c0c12.jpg,test,data/images/25b4ac73-1754-47f3-8293-9b0ab06c0c12.jpg,ok,,1024,716,RGB,JPEG
42fb3c3a-7dca-4faa-afad-2cb94806e36d.jpg,test,data/images/42fb3c3a-7dca-4faa-afad-2cb94806e36d.jpg,ok,,1024,1024,RGB,JPEG
e50e54da-691a-4207-9345-bef25805309b.jpg,test,data/images/e50e54da-691a-4207-9345-bef25805309b.jpg,ok,,1024,1280,RGB,JPEG
82993190-3fed-4dba-b93d-c721405ae0a1.jpg,test,data/images/82993190-3fed-4dba-b93d-c721405ae0a1.jpg,ok,,1024,1024,RGB,JPEG
e11e2a89-f07d-495b-bbec-600c76e4b4aa.jpg,test,data/images/e11e2a89-f07d-495b-bbec-600c76e4b4aa.jpg,ok,,1280,1024,RGB,JPEG
2e2a4eda-8089-4c48-984e-b5540642f113.jpg,test,data/images/2e2a4eda-8089-4c48-984e-b5540642f113.jpg,ok,,1024,1024,RGB,JPEG
30d61155-3374-42f2-9041-1e0118db3027.jpg,test,data/images/30d61155-3374-42f2-9041-1e0118db3027.jpg,ok,,1248,832,RGB,JPEG
0aa4c35d-1128-4175-af0e-d244ffee276e.jpg,test,data/images/0aa4c35d-1128-4175-af0e-d244ffee276e.jpg,ok,,1024,1024,RGB,JPEG
dd6e4ae2-a08f-4487-a722-7dfc421ff10f.jpg,test,data/images/dd6e4ae2-a08f-4487-a722-7dfc421ff10f.jpg,ok,,1879,2200,RGB,JPEG
89ac468e-bba5-4c13-b64d-cf37fea5b3fe.jpg,test,data/images/89ac468e-bba5-4c13-b64d-cf37fea5b3fe.jpg,ok,,1248,832,RGB,JPEG
e6b33053-4e67-4e68-8eb8-3a7f5bbaa368.jpg,test,data/images/e6b33053-4e67-4e68-8eb8-3a7f5bbaa368.jpg,ok,,1024,1024,RGB,JPEG
6049452a-bed3-4a82-bb50-97eb420d5458.jpg,test,data/images/6049452a-bed3-4a82-bb50-97eb420d5458.jpg,ok,,1248,832,RGB,JPEG
21bb78e8-4f0a-4e4d-be5e-ed37b717884b.jpg,test,data/images/21bb78e8-4f0a-4e4d-be5e-ed37b717884b.jpg,ok,,1024,1024,RGB,JPEG
77748099-1f5e-4c55-9888-7f140aa06a37.jpg,test,data/images/77748099-1f5e-4c55-9888-7f140aa06a37.jpg,ok,,558,1024,RGB,JPEG
261001d7-90bc-4b1b-b31e-081d18a509d2.jpg,test,data/images/261001d7-90bc-4b1b-b31e-081d18a509d2.jpg,ok,,1024,1024,RGB,JPEG
140efc06-5fad-49fc-b230-731dc503ec50.jpg,test,data/images/140efc06-5fad-49fc-b230-731dc503ec50.jpg,ok,,832,1248,RGB,JPEG
a6e4acbd-1f1c-42bd-a446-b93caae2d735.jpg,test,data/images/a6e4acbd-1f1c-42bd-a446-b93caae2d735.jpg,ok,,896,1195,RGB,JPEG
d8318595-cff7-494d-a3b3-369fa7380578.jpg,test,data/images/d8318595-cff7-494d-a3b3-369fa7380578.jpg,ok,,832,1248,RGB,JPEG
bf0b35aa-3692-4e61-b4e2-80944a9c9f11.jpg,test,data/images/bf0b35aa-3692-4e61-b4e2-80944a9c9f11.jpg,ok,,1024,1024,RGB,JPEG
de674e28-527f-4b65-9cad-f23c04fb91a9.jpg,test,data/images/de674e28-527f-4b65-9cad-f23c04fb91a9.jpg,ok,,1248,832,RGB,JPEG
0edce340-4c92-4696-9946-de109dff4c0b.jpg,test,data/images/0edce340-4c92-4696-9946-de109dff4c0b.jpg,ok,,1024,1024,RGB,JPEG
a453e499-47a0-4a74-a4ac-6a832385ac9b.jpg,test,data/images/a453e499-47a0-4a74-a4ac-6a832385ac9b.jpg,ok,,896,1195,RGB,JPEG
b55a779f-8d5d-49b4-a128-351aa889eb56.jpg,test,data/images/b55a779f-8d5d-49b4-a128-351aa889eb56.jpg,ok,,1024,1024,RGB,JPEG
e707a733-dfbb-4473-845d-dcc6a844dbf0.jpg,test,data/images/e707a733-dfbb-4473-845d-dcc6a844dbf0.jpg,ok,,1024,558,RGB,JPEG
a2a7d631-bf52-4aca-8ed0-558c43461a35.jpg,test,data/images/a2a7d631-bf52-4aca-8ed0-558c43461a35.jpg,ok,,1024,1024,RGB,JPEG
d6cb0038-c675-4604-be42-fd8117b6697e.jpg,test,data/images/d6cb0038-c675-4604-be42-fd8117b6697e.jpg,ok,,1195,896,RGB,JPEG
3dab8d2f-f3b6-49fe-aa50-13db29387630.jpg,test,data/images/3dab8d2f-f3b6-49fe-aa50-13db29387630.jpg,ok,,896,1195,RGB,JPEG
af4e9713-dd69-4081-a81b-39e891b6318a.jpg,test,data/images/af4e9713-dd69-4081-a81b-39e891b6318a.jpg,ok,,1024,716,RGB,JPEG
bcadb953-757a-45bd-acb8-3ffc55a8e81f.jpg,test,data/images/bcadb953-757a-45bd-acb8-3ffc55a8e81f.jpg,ok,,1195,896,RGB,JPEG
d5bdcf92-08ae-4605-9585-b0328755bbaa.jpg,test,data/images/d5bdcf92-08ae-4605-9585-b0328755bbaa.jpg,ok,,1024,1024,RGB,JPEG
95173277-575e-427e-afb1-d9318adfa337.jpg,test,data/images/95173277-575e-427e-afb1-d9318adfa337.jpg,ok,,1024,1024,RGB,JPEG
b94e805f-a6b9-46aa-a558-c37c9b1463f1.jpg,test,data/images/b94e805f-a6b9-46aa-a558-c37c9b1463f1.jpg,ok,,1024,1024,RGB,JPEG
3cae45a1-a9e9-48b8-ab89-65886cf90ff6.jpg,test,data/images/3cae45a1-a9e9-48b8-ab89-65886cf90ff6.jpg,ok,,1024,1024,RGB,JPEG
b29626cb-81ae-4c8d-8415-e1503e6150d7.jpg,test,data/images/b29626cb-81ae-4c8d-8415-e1503e6150d7.jpg,ok,,558,1024,RGB,JPEG
379f8349-3ad5-4da7-86a9-741681b1ee25.jpg,test,data/images/379f8349-3ad5-4da7-86a9-741681b1ee25.jpg,ok,,1024,1024,RGB,JPEG
13986a4c-db30-45b4-bd5d-9056fd5479e7.jpg,test,data/images/13986a4c-db30-45b4-bd5d-9056fd5479e7.jpg,ok,,1024,1024,RGB,JPEG
e8e984b6-3e74-4d19-837c-91a2d858b775.jpg,test,data/images/e8e984b6-3e74-4d19-837c-91a2d858b775.jpg,ok,,1024,1024,RGB,JPEG
568813ad-f8fb-47d4-8430-4c206bd769d8.jpg,test,data/images/568813ad-f8fb-47d4-8430-4c206bd769d8.jpg,ok,,1024,1024,RGB,JPEG
9996a05f-f94f-4873-af8d-6053d052d2bb.jpg,test,data/images/9996a05f-f94f-4873-af8d-6053d052d2bb.jpg,ok,,1195,896,RGB,JPEG
28fc45fa-b928-4a2b-a15f-8d68de90eb0c.jpg,test,data/images/28fc45fa-b928-4a2b-a15f-8d68de90eb0c.jpg,ok,,1024,1024,RGB,JPEG
bd84b20b-9cc4-46a1-b9f2-972cc26c6580.jpg,test,data/images/bd84b20b-9cc4-46a1-b9f2-972cc26c6580.jpg,ok,,1024,1024,RGB,JPEG
a68d77dd-3d35-4663-b40c-367d9f4d5b09.jpg,test,data/images/a68d77dd-3d35-4663-b40c-367d9f4d5b09.jpg,ok,,1024,1024,RGB,JPEG
0da7b75b-fc12-4c35-9904-3eb0c9da862c.jpg,test,data/images/0da7b75b-fc12-4c35-9904-3eb0c9da862c.jpg,ok,,1024,1024,RGB,JPEG
4d6d536c-c2e7-4b4f-b7f3-114929dab1b8.jpg,test,data/images/4d6d536c-c2e7-4b4f-b7f3-114929dab1b8.jpg,ok,,1024,1024,RGB,JPEG
9535373b-eb8b-4a67-937b-89ba953acd8b.jpg,test,data/images/9535373b-eb8b-4a67-937b-89ba953acd8b.jpg,ok,,1024,1024,RGB,JPEG
8359601e-a678-41df-98f9-ad008ca8c016.jpg,test,data/images/8359601e-a678-41df-98f9-ad008ca8c016.jpg,ok,,1024,1024,RGB,JPEG
ff37fb77-8db7-4dea-9825-0229216c88cf.jpg,test,data/images/ff37fb77-8db7-4dea-9825-0229216c88cf.jpg,ok,,896,1195,RGB,JPEG
94b4267e-5ae4-4569-9dc8-319a49f3064c.jpg,test,data/images/94b4267e-5ae4-4569-9dc8-319a49f3064c.jpg,ok,,1024,1024,RGB,JPEG
4256874f-767a-4873-a60d-29ca3972a52d.jpg,test,data/images/4256874f-767a-4873-a60d-29ca3972a52d.jpg,ok,,1024,1024,RGB,JPEG
897eea3a-0880-47c4-868a-f62be9bfb146.jpg,test,data/images/897eea3a-0880-47c4-868a-f62be9bfb146.jpg,ok,,1024,1280,RGB,JPEG
17559c8d-39ad-469a-a80c-c96d1444dd77.jpg,test,data/images/17559c8d-39ad-469a-a80c-c96d1444dd77.jpg,ok,,1024,1024,RGB,JPEG
ae39157f-d1ca-4666-8658-5a386e595f52.jpg,test,data/images/ae39157f-d1ca-4666-8658-5a386e595f52.jpg,ok,,1024,1024,RGB,JPEG
71e8daa8-99e1-4f7a-aead-c6f96c5b5af4.jpg,test,data/images/71e8daa8-99e1-4f7a-aead-c6f96c5b5af4.jpg,ok,,1024,716,RGB,JPEG
6da7fc1c-da03-4902-90c1-964bf62ca9f1.jpg,test,data/images/6da7fc1c-da03-4902-90c1-964bf62ca9f1.jpg,ok,,1024,1024,RGB,JPEG
2823378f-5cb7-479f-85f1-1dbe7ad658ae.jpg,test,data/images/2823378f-5cb7-479f-85f1-1dbe7ad658ae.jpg,ok,,1024,1024,RGB,JPEG
56981b11-7f7a-4789-b7d2-7463dcdfbd12.jpg,test,data/images/56981b11-7f7a-4789-b7d2-7463dcdfbd12.jpg,ok,,1280,1024,RGB,JPEG
04e017d1-c27c-404e-9661-ed36c25ff6fd.jpg,test,data/images/04e017d1-c27c-404e-9661-ed36c25ff6fd.jpg,ok,,1195,896,RGB,JPEG
db39369a-2d1f-4c98-b353-9b0c6b61a10b.jpg,test,data/images/db39369a-2d1f-4c98-b353-9b0c6b61a10b.jpg,ok,,640,480,RGBA,PNG
fbaf76dd-93c6-4fd2-b3c4-9c3f48d677dd.jpg,test,data/images/fbaf76dd-93c6-4fd2-b3c4-9c3f48d677dd.jpg,ok,,896,1195,RGB,JPEG
51827f6e-fc42-4a20-abb0-cca31bdba15b.jpg,test,data/images/51827f6e-fc42-4a20-abb0-cca31bdba15b.jpg,ok,,1024,1024,RGB,JPEG
a9c260a1-3bce-4aa9-a0ed-6cb4c0192dbb.jpg,test,data/images/a9c260a1-3bce-4aa9-a0ed-6cb4c0192dbb.jpg,ok,,1024,1024,RGB,JPEG
97b2dd2e-3413-445c-bd85-3c38df4eada1.jpg,test,data/images/97b2dd2e-3413-445c-bd85-3c38df4eada1.jpg,ok,,1024,1024,RGB,JPEG
0614ca7e-8b57-4181-a451-621b424a4fa5.jpg,test,data/images/0614ca7e-8b57-4181-a451-621b424a4fa5.jpg,ok,,1024,1024,RGB,JPEG
4c869470-e68a-421b-aa65-ebad427d1f0a.jpg,test,data/images/4c869470-e68a-421b-aa65-ebad427d1f0a.jpg,ok,,1248,832,RGB,JPEG
278a81d3-deb4-4902-b300-8aa7e47337a9.jpg,test,data/images/278a81d3-deb4-4902-b300-8aa7e47337a9.jpg,ok,,1024,1024,RGB,JPEG
c7f90d68-a266-4da1-984b-a9235bd7137a.jpg,test,data/images/c7f90d68-a266-4da1-984b-a9235bd7137a.jpg,ok,,1024,1024,RGB,JPEG
a53fa771-8594-44d9-a963-835a4425f082.jpg,test,data/images/a53fa771-8594-44d9-a963-835a4425f082.jpg,ok,,1024,1024,RGB,JPEG
d1227962-44dc-44f2-94c1-24d45fde5c8c.jpg,test,data/images/d1227962-44dc-44f2-94c1-24d45fde5c8c.jpg,ok,,800,800,RGB,JPEG
8e3e5777-9b0c-4bfe-acfa-484b70c68f0c.jpg,test,data/images/8e3e5777-9b0c-4bfe-acfa-484b70c68f0c.jpg,ok,,1024,716,RGB,JPEG
4891987f-a983-48f5-9689-9dbb1cd82c3b.jpg,test,data/images/4891987f-a983-48f5-9689-9dbb1cd82c3b.jpg,ok,,1024,716,RGB,JPEG
c04d75b2-3a99-470c-a5ef-7dd3e13e29cf.jpg,test,data/images/c04d75b2-3a99-470c-a5ef-7dd3e13e29cf.jpg,ok,,832,1248,RGB,JPEG
53683c0e-92db-4462-9912-9fe50a2a0e6d.jpg,test,data/images/53683c0e-92db-4462-9912-9fe50a2a0e6d.jpg,ok,,1024,558,RGB,JPEG
200e62b1-6a3e-416b-83e0-a99e011c1b6c.jpg,test,data/images/200e62b1-6a3e-416b-83e0-a99e011c1b6c.jpg,ok,,1248,832,RGB,JPEG
58ccb99e-a300-4adf-bc63-3cd4e6815b22.jpg,test,data/images/58ccb99e-a300-4adf-bc63-3cd4e6815b22.jpg,ok,,375,500,RGB,JPEG
3f7b518c-2995-47ad-8cbc-e5ce99ebda33.jpg,test,data/images/3f7b518c-2995-47ad-8cbc-e5ce99ebda33.jpg,ok,,1024,1024,RGB,JPEG
e1b7d8ee-d999-4537-8cab-fa3380eee520.jpg,test,data/images/e1b7d8ee-d999-4537-8cab-fa3380eee520.jpg,ok,,896,1195,RGB,JPEG
30093762-2184-43c3-8c1d-cd1a041c7cc3.jpg,test,data/images/30093762-2184-43c3-8c1d-cd1a041c7cc3.jpg,ok,,1024,1024,RGB,JPEG
c3e3acde-209d-471f-9327-39ca5ed3cdd7.jpg,test,data/images/c3e3acde-209d-471f-9327-39ca5ed3cdd7.jpg,ok,,896,1195,RGB,JPEG
e81ab708-0be3-4239-8fd3-c05893c75c38.jpg,test,data/images/e81ab708-0be3-4239-8fd3-c05893c75c38.jpg,ok,,896,1195,RGB,JPEG
c48b06b0-8076-4dac-b573-aab8cfe0c24e.jpg,test,data/images/c48b06b0-8076-4dac-b573-aab8cfe0c24e.jpg,ok,,1024,1024,RGB,JPEG
5bc14eeb-4ea6-41fb-aef2-5b764a2863c3.jpg,test,data/images/5bc14eeb-4ea6-41fb-aef2-5b764a2863c3.jpg,ok,,1248,832,RGB,JPEG
cb26b6bf-c158-4844-9383-63c41163a2ae.jpg,test,data/images/cb26b6bf-c158-4844-9383-63c41163a2ae.jpg,ok,,1024,1024,RGB,JPEG
c86611ea-237c-438d-a99e-23b41b6a793e.jpg,test,data/images/c86611ea-237c-438d-a99e-23b41b6a793e.jpg,ok,,1024,716,RGB,JPEG
4e7a9a96-cc04-4e19-bea8-19eca1582388.jpg,test,data/images/4e7a9a96-cc04-4e19-bea8-19eca1582388.jpg,ok,,1024,1024,RGB,JPEG
b7f933e3-473a-4872-83ea-e2c614322ec6.jpg,test,data/images/b7f933e3-473a-4872-83ea-e2c614322ec6.jpg,ok,,896,1195,RGB,JPEG
0951021c-b880-4e34-b0bc-478462ee0b44.jpg,test,data/images/0951021c-b880-4e34-b0bc-478462ee0b44.jpg,ok,,1024,1024,RGB,JPEG
3ec6f927-f7e6-40c4-8ae8-a08d2464341f.jpg,test,data/images/3ec6f927-f7e6-40c4-8ae8-a08d2464341f.jpg,ok,,1024,1024,RGB,JPEG
eb288ca8-6ca1-48ae-bb37-bdcf71fa0298.jpg,test,data/images/eb288ca8-6ca1-48ae-bb37-bdcf71fa0298.jpg,ok,,1024,1024,RGB,JPEG
ae664e26-88e3-4e16-a38a-dc7da1f7ff9d.jpg,test,data/images/ae664e26-88e3-4e16-a38a-dc7da1f7ff9d.jpg,ok,,832,1248,RGB,JPEG
3f53afc4-d207-424d-9912-bc146f604a77.jpg,test,data/images/3f53afc4-d207-424d-9912-bc146f604a77.jpg,ok,,1024,1024,RGB,JPEG
d3938282-c608-49e6-af96-5c9c96172f18.jpg,test,data/images/d3938282-c608-49e6-af96-5c9c96172f18.jpg,ok,,1024,1024,RGB,JPEG
f1abc8ed-4dd3-45b0-920e-fd0917a70602.jpg,test,data/images/f1abc8ed-4dd3-45b0-920e-fd0917a70602.jpg,ok,,1024,1024,RGB,JPEG
56ca2755-4c0c-4fbe-9683-4aea9d28adea.jpg,test,data/images/56ca2755-4c0c-4fbe-9683-4aea9d28adea.jpg,ok,,558,1024,RGB,JPEG
7a521ef0-b70d-4ade-9433-7013ef697205.jpg,test,data/images/7a521ef0-b70d-4ade-9433-7013ef697205.jpg,ok,,333,500,RGB,JPEG
682347bc-ca1c-4853-a19f-9f94d924425c.jpg,test,data/images/682347bc-ca1c-4853-a19f-9f94d924425c.jpg,ok,,896,1195,RGB,JPEG
0ec80cc7-6946-4e3e-a08f-161e882b052d.jpg,test,data/images/0ec80cc7-6946-4e3e-a08f-161e882b052d.jpg,ok,,1024,1024,RGB,JPEG
581e87fd-6ac1-435a-85dd-2142ec70558c.jpg,test,data/images/581e87fd-6ac1-435a-85dd-2142ec70558c.jpg,ok,,1024,1024,RGB,JPEG
1b0beff4-d330-48a9-acf2-a1fe7bc5bb9c.jpg,test,data/images/1b0beff4-d330-48a9-acf2-a1fe7bc5bb9c.jpg,ok,,1024,1024,RGB,JPEG
66da3c70-9210-44f0-b53a-6b8f7433bcfb.jpg,test,data/images/66da3c70-9210-44f0-b53a-6b8f7433bcfb.jpg,ok,,1024,1024,RGB,JPEG
c919a3ee-ed94-4b3b-a01a-9b6001114842.jpg,test,data/images/c919a3ee-ed94-4b3b-a01a-9b6001114842.jpg,ok,,1024,1024,RGB,JPEG
1a398e0e-d8c9-4b9d-b5c6-802e9fa5770e.jpg,test,data/images/1a398e0e-d8c9-4b9d-b5c6-802e9fa5770e.jpg,ok,,1024,1024,RGB,JPEG
a08de25c-9b1e-443e-aa30-3c09d88dc2f8.jpg,test,data/images/a08de25c-9b1e-443e-aa30-3c09d88dc2f8.jpg,ok,,1024,1024,RGB,JPEG
b5882bc9-36df-4173-9a6a-2ea42085e0f3.jpg,test,data/images/b5882bc9-36df-4173-9a6a-2ea42085e0f3.jpg,ok,,1024,1024,RGB,JPEG
87be2553-8f92-422c-bc07-5ddbed09d946.jpg,test,data/images/87be2553-8f92-422c-bc07-5ddbed09d946.jpg,ok,,864,1152,RGB,JPEG
5fbea86f-72b0-4b59-8ac2-016dbd61e49d.jpg,test,data/images/5fbea86f-72b0-4b59-8ac2-016dbd61e49d.jpg,ok,,225,400,RGB,JPEG
56f791c5-a379-47e8-a0e0-733717caad4c.jpg,test,data/images/56f791c5-a379-47e8-a0e0-733717caad4c.jpg,ok,,1248,832,RGB,JPEG
5cc4c172-774d-436a-9916-ea7c23993e70.jpg,test,data/images/5cc4c172-774d-436a-9916-ea7c23993e70.jpg,ok,,1024,1024,RGB,JPEG
b68d58d6-389e-4b62-b69d-73e21792e4ea.jpg,test,data/images/b68d58d6-389e-4b62-b69d-73e21792e4ea.jpg,ok,,1248,832,RGB,JPEG
bca64392-014b-4ad8-a120-01f0af7a234d.jpg,test,data/images/bca64392-014b-4ad8-a120-01f0af7a234d.jpg,ok,,1024,1024,RGB,JPEG
44a30b3e-5328-4042-b54f-cbc8a5faecf7.jpg,test,data/images/44a30b3e-5328-4042-b54f-cbc8a5faecf7.jpg,ok,,1024,1024,RGB,JPEG
974f2671-4d6a-4208-b14c-97206276d383.jpg,test,data/images/974f2671-4d6a-4208-b14c-97206276d383.jpg,ok,,1248,832,RGB,JPEG
a9912646-ab46-4b50-b7e8-d0b989f4a186.jpg,test,data/images/a9912646-ab46-4b50-b7e8-d0b989f4a186.jpg,ok,,36,93,RGBA,PNG
8af5f79d-9295-4e29-bcab-ea0da2e75ba4.jpg,test,data/images/8af5f79d-9295-4e29-bcab-ea0da2e75ba4.jpg,ok,,896,1195,RGB,JPEG
aeba65c2-c323-4feb-acef-4f6e4c26b7f4.jpg,test,data/images/aeba65c2-c323-4feb-acef-4f6e4c26b7f4.jpg,ok,,1024,1024,RGB,JPEG
87ad2235-b427-4470-a102-3115b5c69a97.jpg,test,data/images/87ad2235-b427-4470-a102-3115b5c69a97.jpg,ok,,1024,1024,RGB,JPEG
2fe2ebe0-e92d-42c9-bf09-8caf49748dfe.jpg,test,data/images/2fe2ebe0-e92d-42c9-bf09-8caf49748dfe.jpg,ok,,1024,1024,RGB,JPEG
f96592b5-bc5f-482e-9a5a-51e87051b56e.jpg,test,data/images/f96592b5-bc5f-482e-9a5a-51e87051b56e.jpg,ok,,1024,1024,RGB,JPEG
f00d6e4c-34ea-4208-a4ca-a24f9798b80d.jpg,test,data/images/f00d6e4c-34ea-4208-a4ca-a24f9798b80d.jpg,ok,,1024,558,RGB,JPEG
c0265068-07e1-4cf0-bc3a-65ff008af22d.jpg,test,data/images/c0265068-07e1-4cf0-bc3a-65ff008af22d.jpg,ok,,1024,716,RGB,JPEG
9b2ca212-38f7-4eda-aa29-9ce5886c7773.jpg,test,data/images/9b2ca212-38f7-4eda-aa29-9ce5886c7773.jpg,ok,,1024,1024,RGB,JPEG
b2186eac-2a26-411a-a15c-d69ef5fbfbcd.jpg,test,data/images/b2186eac-2a26-411a-a15c-d69ef5fbfbcd.jpg,ok,,1024,1024,RGB,JPEG
c76a9bac-8f6c-49cd-ab63-8540930e40e2.jpg,test,data/images/c76a9bac-8f6c-49cd-ab63-8540930e40e2.jpg,ok,,1879,2200,RGB,JPEG
a0b26fd5-0828-4506-8bf7-7c3672262b19.jpg,test,data/images/a0b26fd5-0828-4506-8bf7-7c3672262b19.jpg,ok,,1248,832,RGB,JPEG
b9256ede-0ce7-433e-9e04-12af18025901.jpg,test,data/images/b9256ede-0ce7-433e-9e04-12af18025901.jpg,ok,,1024,558,RGB,JPEG
8a04b47f-7810-4af3-9126-c9fb96fdfc2c.jpg,test,data/images/8a04b47f-7810-4af3-9126-c9fb96fdfc2c.jpg,ok,,1024,1024,RGB,JPEG
928fa384-3cb2-46a4-9efb-4588898492c4.jpg,test,data/images/928fa384-3cb2-46a4-9efb-4588898492c4.jpg,ok,,896,1195,RGB,JPEG
d9363e84-3e9f-410e-8d3a-4c4ee7105217.jpg,test,data/images/d9363e84-3e9f-410e-8d3a-4c4ee7105217.jpg,ok,,1024,1024,RGB,JPEG
e80c6cff-8150-42a7-b7e3-3d54c6334604.jpg,test,data/images/e80c6cff-8150-42a7-b7e3-3d54c6334604.jpg,ok,,1024,1024,RGB,JPEG
cf1873ae-e42a-4411-ac28-ce198a5b48ef.jpg,test,data/images/cf1873ae-e42a-4411-ac28-ce198a5b48ef.jpg,ok,,1024,1024,RGB,JPEG
49f62ee8-6ab0-4b95-a625-87e55dd7db9c.jpg,test,data/images/49f62ee8-6ab0-4b95-a625-87e55dd7db9c.jpg,ok,,1024,1024,RGB,JPEG
ba818e01-eab5-4a7f-a398-98cf5db2e768.jpg,test,data/images/ba818e01-eab5-4a7f-a398-98cf5db2e768.jpg,ok,,1024,1024,RGB,JPEG
c8f69cb9-fe99-4a12-b695-2122722ad4ac.jpg,test,data/images/c8f69cb9-fe99-4a12-b695-2122722ad4ac.jpg,ok,,1024,1024,RGB,JPEG
394f9f31-f14d-4419-921c-664cc261a641.jpg,test,data/images/394f9f31-f14d-4419-921c-664cc261a641.jpg,ok,,1024,1024,RGB,JPEG
e3117948-16bd-4e90-9eb2-f692a89c7fb2.jpg,test,data/images/e3117948-16bd-4e90-9eb2-f692a89c7fb2.jpg,ok,,1024,1024,RGB,JPEG
f6b46f99-e382-4cd8-a3f0-37f15476c228.jpg,test,data/images/f6b46f99-e382-4cd8-a3f0-37f15476c228.jpg,ok,,1024,1024,RGB,JPEG
b07930fa-8126-4507-95b2-0baa84606f2b.jpg,test,data/images/b07930fa-8126-4507-95b2-0baa84606f2b.jpg,ok,,1024,1024,RGB,JPEG
658e3674-b7c7-4f45-8973-d309f4e15e3b.jpg,test,data/images/658e3674-b7c7-4f45-8973-d309f4e15e3b.jpg,ok,,1024,1024,RGB,JPEG
2074c3a8-155f-4d30-9760-3e20c47188c8.jpg,test,data/images/2074c3a8-155f-4d30-9760-3e20c47188c8.jpg,ok,,1024,1024,RGB,JPEG
560bac1a-c385-443c-a978-a63bb85157a7.jpg,test,data/images/560bac1a-c385-443c-a978-a63bb85157a7.jpg,ok,,1024,1024,RGB,JPEG
98e02361-4b99-4b37-a900-b1c49e7c0e01.jpg,test,data/images/98e02361-4b99-4b37-a900-b1c49e7c0e01.jpg,ok,,638,850,RGB,JPEG
f0990f1a-32a8-4454-8d2e-e4ce4843cc75.jpg,test,data/images/f0990f1a-32a8-4454-8d2e-e4ce4843cc75.jpg,ok,,1024,1024,RGB,JPEG
635d8bac-edf6-40fd-ac02-00cb3116c381.jpg,test,data/images/635d8bac-edf6-40fd-ac02-00cb3116c381.jpg,ok,,1024,1024,RGB,JPEG
3ced6201-b114-4548-b99a-6a66c8b9d5f4.jpg,test,data/images/3ced6201-b114-4548-b99a-6a66c8b9d5f4.jpg,ok,,400,266,RGB,JPEG
f12b42d5-e7c3-4f4e-b309-eec8aa52439a.jpg,test,data/images/f12b42d5-e7c3-4f4e-b309-eec8aa52439a.jpg,ok,,1024,1024,RGB,JPEG
8255f873-22b0-40ec-bc4a-9cfc0e24e7aa.jpg,test,data/images/8255f873-22b0-40ec-bc4a-9cfc0e24e7aa.jpg,ok,,896,1195,RGB,JPEG
1d59da41-ac13-4e7f-a044-9ef8e9edbb16.jpg,test,data/images/1d59da41-ac13-4e7f-a044-9ef8e9edbb16.jpg,ok,,1024,1024,RGB,JPEG
f21b8309-f0bd-4efd-af0b-211e4c7d4848.jpg,test,data/images/f21b8309-f0bd-4efd-af0b-211e4c7d4848.jpg,ok,,1024,1024,RGB,JPEG
9dca5791-8ce7-4cbc-9351-48ed610dde78.jpg,test,data/images/9dca5791-8ce7-4cbc-9351-48ed610dde78.jpg,ok,,1024,558,RGB,JPEG
ae1b157d-dbd4-44d4-a54c-a9871d5e15f1.jpg,test,data/images/ae1b157d-dbd4-44d4-a54c-a9871d5e15f1.jpg,ok,,160,144,RGBA,PNG
b05b2052-5ee8-4f7b-a641-1de72fe97968.jpg,test,data/images/b05b2052-5ee8-4f7b-a641-1de72fe97968.jpg,ok,,1024,1024,RGB,JPEG
0bb711d1-263b-4779-8adc-950c24984f7f.jpg,test,data/images/0bb711d1-263b-4779-8adc-950c24984f7f.jpg,ok,,896,1195,RGB,JPEG
b89e809c-9cbc-4040-aa58-bc272fa9c2c4.jpg,test,data/images/b89e809c-9cbc-4040-aa58-bc272fa9c2c4.jpg,ok,,800,800,RGB,JPEG
4ae8c44d-b697-4ea8-9895-ad5ddb0b7d4c.jpg,test,data/images/4ae8c44d-b697-4ea8-9895-ad5ddb0b7d4c.jpg,ok,,1024,1024,RGB,JPEG
f5775984-84f8-4943-b0db-780ffed546c2.jpg,test,data/images/f5775984-84f8-4943-b0db-780ffed546c2.jpg,ok,,1024,1024,RGB,JPEG
c87f63d8-d3b3-484a-be5d-9e5efac00b3b.jpg,test,data/images/c87f63d8-d3b3-484a-be5d-9e5efac00b3b.jpg,ok,,1024,1024,RGB,JPEG
fc91753b-9170-4911-a135-096ec64a4bd8.jpg,test,data/images/fc91753b-9170-4911-a135-096ec64a4bd8.jpg,ok,,1024,1024,RGB,JPEG
d910f3bd-2db8-449e-a6c5-180bb1c89e3b.jpg,test,data/images/d910f3bd-2db8-449e-a6c5-180bb1c89e3b.jpg,ok,,1195,896,RGB,JPEG
f690e1ae-c1af-4701-b4cd-1292c60a0d47.jpg,test,data/images/f690e1ae-c1af-4701-b4cd-1292c60a0d47.jpg,ok,,1024,1024,RGB,JPEG
51df4c26-2421-44bc-9db9-95d6be4cc5fd.jpg,test,data/images/51df4c26-2421-44bc-9db9-95d6be4cc5fd.jpg,ok,,1024,1024,RGB,JPEG
deffca5d-772d-4c5f-a791-08bf445af56a.jpg,test,data/images/deffca5d-772d-4c5f-a791-08bf445af56a.jpg,ok,,1280,1024,RGB,JPEG
803daa29-fed9-461c-81a6-b736504d9e7a.jpg,test,data/images/803daa29-fed9-461c-81a6-b736504d9e7a.jpg,ok,,300,400,RGB,JPEG
17e01e29-a55a-4c08-aa47-8d72b24728dd.jpg,test,data/images/17e01e29-a55a-4c08-aa47-8d72b24728dd.jpg,ok,,896,1195,RGB,JPEG
365d8cc4-8cbd-4ade-a427-ff8e7d3a0b90.jpg,test,data/images/365d8cc4-8cbd-4ade-a427-ff8e7d3a0b90.jpg,ok,,1195,896,RGB,JPEG
551d168c-b1d3-4913-9f26-d3be007c7f4d.jpg,test,data/images/551d168c-b1d3-4913-9f26-d3be007c7f4d.jpg,ok,,1024,1024,RGB,JPEG
8e155492-373a-4c93-b13f-82988748f1e2.jpg,test,data/images/8e155492-373a-4c93-b13f-82988748f1e2.jpg,ok,,832,1248,RGB,JPEG
07e84432-6a63-4b6f-a575-7d2223039240.jpg,test,data/images/07e84432-6a63-4b6f-a575-7d2223039240.jpg,ok,,1024,1024,RGB,JPEG
f203b3bd-56c2-4424-aaa3-0d09c979c626.jpg,test,data/images/f203b3bd-56c2-4424-aaa3-0d09c979c626.jpg,ok,,1024,1024,RGB,JPEG
9329e398-dc03-4a36-a088-ae3985d628e3.jpg,test,data/images/9329e398-dc03-4a36-a088-ae3985d628e3.jpg,ok,,1195,896,RGB,JPEG
66b5908e-0a56-4145-a2fb-b13843d0f4dd.jpg,test,data/images/66b5908e-0a56-4145-a2fb-b13843d0f4dd.jpg,ok,,1024,1024,RGB,JPEG
3e76cc41-432b-4367-b9a2-67dd7e092bb3.jpg,test,data/images/3e76cc41-432b-4367-b9a2-67dd7e092bb3.jpg,ok,,1024,1024,RGB,JPEG
bc005553-b426-4543-b0c8-9ec66eee7240.jpg,test,data/images/bc005553-b426-4543-b0c8-9ec66eee7240.jpg,ok,,1024,1024,RGB,JPEG
5256a679-f7a1-4c7e-a35d-0610cacda589.jpg,test,data/images/5256a679-f7a1-4c7e-a35d-0610cacda589.jpg,ok,,1024,1024,RGB,JPEG
7fb55c89-3931-4f2c-8854-291c9624a01b.jpg,test,data/images/7fb55c89-3931-4f2c-8854-291c9624a01b.jpg,ok,,896,1195,RGB,JPEG
22587d1a-4d82-4b37-a4f6-7da26ff87e1f.jpg,test,data/images/22587d1a-4d82-4b37-a4f6-7da26ff87e1f.jpg,ok,,1024,1024,RGB,JPEG
192d07c1-d12a-4298-a8b7-d53b2310d165.jpg,test,data/images/192d07c1-d12a-4298-a8b7-d53b2310d165.jpg,ok,,1195,896,RGB,JPEG
13ff238f-bb6b-413e-a537-e4fdbecc8fe0.jpg,test,data/images/13ff238f-bb6b-413e-a537-e4fdbecc8fe0.jpg,ok,,1195,896,RGB,JPEG
6e48c5bf-64da-4e5e-857c-fa3dbf4d1b16.jpg,test,data/images/6e48c5bf-64da-4e5e-857c-fa3dbf4d1b16.jpg,ok,,1024,1024,RGB,JPEG
ddd43cde-835b-44d8-92b7-6418bb75826c.jpg,test,data/images/ddd43cde-835b-44d8-92b7-6418bb75826c.jpg,ok,,1024,1024,RGB,JPEG
aa155ede-1112-4650-8fea-95ffbf590b9e.jpg,test,data/images/aa155ede-1112-4650-8fea-95ffbf590b9e.jpg,ok,,558,1024,RGB,JPEG
9ad5b3d8-65e4-4bca-abda-5e3a10383eac.jpg,test,data/images/9ad5b3d8-65e4-4bca-abda-5e3a10383eac.jpg,ok,,1024,1024,RGB,JPEG
26b51c8a-6746-4790-9f90-ae21686e56a8.jpg,test,data/images/26b51c8a-6746-4790-9f90-ae21686e56a8.jpg,ok,,1024,1024,RGB,JPEG
f5b0c2d6-c04c-44c4-9905-01722a91b10c.jpg,test,data/images/f5b0c2d6-c04c-44c4-9905-01722a91b10c.jpg,ok,,1024,1024,RGB,JPEG
ae1a7a5c-58e2-4d9b-bd87-09c7a8739b27.jpg,test,data/images/ae1a7a5c-58e2-4d9b-bd87-09c7a8739b27.jpg,ok,,1248,832,RGB,JPEG
b118903b-48ae-428f-8b61-37a4d62c8e64.jpg,test,data/images/b118903b-48ae-428f-8b61-37a4d62c8e64.jpg,ok,,1024,1024,RGB,JPEG
e5199941-65d0-4860-84c1-40f877e3d716.jpg,test,data/images/e5199941-65d0-4860-84c1-40f877e3d716.jpg,ok,,1195,896,RGB,JPEG
d9a6a587-a23c-4182-bdc6-91f1d6127058.jpg,test,data/images/d9a6a587-a23c-4182-bdc6-91f1d6127058.jpg,ok,,1024,1024,RGB,JPEG
79e9710e-d3bf-465c-abdc-e1cc461624e1.jpg,test,data/images/79e9710e-d3bf-465c-abdc-e1cc461624e1.jpg,ok,,1024,1024,RGB,JPEG
6a341e65-08c9-4ca3-9348-c8cff4ee541b.jpg,test,data/images/6a341e65-08c9-4ca3-9348-c8cff4ee541b.jpg,ok,,1248,832,RGB,JPEG
75830b21-1de9-40ea-bd65-ad96c1b9d3f2.jpg,test,data/images/75830b21-1de9-40ea-bd65-ad96c1b9d3f2.jpg,ok,,1024,1024,RGB,JPEG
7388fc36-02ab-4679-a5ee-73dfbaff755d.jpg,test,data/images/7388fc36-02ab-4679-a5ee-73dfbaff755d.jpg,ok,,1024,558,RGB,JPEG
bb25ca6b-8984-4fef-b948-2e87c61dcaa0.jpg,test,data/images/bb25ca6b-8984-4fef-b948-2e87c61dcaa0.jpg,ok,,1024,1024,RGB,JPEG
510d09c5-e1a9-450b-9319-1ee956bbe652.jpg,test,data/images/510d09c5-e1a9-450b-9319-1ee956bbe652.jpg,ok,,1024,1024,RGB,JPEG
e4c766bc-3fa2-4801-971b-d54406f346f8.jpg,test,data/images/e4c766bc-3fa2-4801-971b-d54406f346f8.jpg,ok,,1024,1024,RGB,JPEG
956c2dab-0c17-40ca-b789-2c12237e3e1d.jpg,test,data/images/956c2dab-0c17-40ca-b789-2c12237e3e1d.jpg,ok,,1024,558,RGB,JPEG
bada6418-2899-45fe-b51d-f702c4694e31.jpg,test,data/images/bada6418-2899-45fe-b51d-f702c4694e31.jpg,ok,,1024,1024,RGB,JPEG
229ed925-5df7-4f37-9e0d-c107243b695b.jpg,test,data/images/229ed925-5df7-4f37-9e0d-c107243b695b.jpg,ok,,1024,1024,RGB,JPEG
4d9f7c3c-14ce-4961-8627-c882b0ce1b7c.jpg,test,data/images/4d9f7c3c-14ce-4961-8627-c882b0ce1b7c.jpg,ok,,1248,832,RGB,JPEG
8ed7abfa-4207-4cec-82b9-cf086405df29.jpg,test,data/images/8ed7abfa-4207-4cec-82b9-cf086405df29.jpg,ok,,832,1248,RGB,JPEG
12da601f-709f-41d5-879a-8a4f10183ba6.jpg,test,data/images/12da601f-709f-41d5-879a-8a4f10183ba6.jpg,ok,,896,1195,RGB,JPEG
17a096ff-f9c3-4446-baaf-7264de016c37.jpg,test,data/images/17a096ff-f9c3-4446-baaf-7264de016c37.jpg,ok,,1024,1024,RGB,JPEG
2cb84cff-9dba-4a79-b609-9fafeedcfd99.jpg,test,data/images/2cb84cff-9dba-4a79-b609-9fafeedcfd99.jpg,ok,,896,1195,RGB,JPEG
b8307506-4ab4-4989-9f4f-5d8c0551260d.jpg,test,data/images/b8307506-4ab4-4989-9f4f-5d8c0551260d.jpg,ok,,1024,716,RGB,JPEG
317a95bd-f668-4d89-821d-ba4027f3e82e.jpg,test,data/images/317a95bd-f668-4d89-821d-ba4027f3e82e.jpg,ok,,1024,1024,RGB,JPEG
1e302947-c380-4266-b131-15117b2df562.jpg,test,data/images/1e302947-c380-4266-b131-15117b2df562.jpg,ok,,1024,1024,RGB,JPEG
1ab7254f-17c1-4d01-bb95-15e77154d9b6.jpg,test,data/images/1ab7254f-17c1-4d01-bb95-15e77154d9b6.jpg,ok,,896,1195,RGB,JPEG
808e9415-814f-4766-823d-254975cf0195.jpg,test,data/images/808e9415-814f-4766-823d-254975cf0195.jpg,ok,,1024,1024,RGB,JPEG
88d27c9c-1cfa-4663-a33e-26f4d462cec6.jpg,test,data/images/88d27c9c-1cfa-4663-a33e-26f4d462cec6.jpg,ok,,896,1195,RGB,JPEG
e43440e4-8ac5-4406-8595-71c68dfecaf6.jpg,test,data/images/e43440e4-8ac5-4406-8595-71c68dfecaf6.jpg,ok,,99,160,RGBA,PNG
96ffaa66-bebc-4d54-bea1-f20da353bf55.jpg,test,data/images/96ffaa66-bebc-4d54-bea1-f20da353bf55.jpg,ok,,1916,2560,RGB,JPEG
1c3f0089-d6de-4784-9d51-e602aa26aa69.jpg,test,data/images/1c3f0089-d6de-4784-9d51-e602aa26aa69.jpg,ok,,1024,1024,RGB,JPEG
0b71745f-e484-4593-9f76-a0b3c32f116e.jpg,test,data/images/0b71745f-e484-4593-9f76-a0b3c32f116e.jpg,ok,,1024,1024,RGB,JPEG
acd2fa1a-9898-406b-8657-5630f3c38db7.jpg,test,data/images/acd2fa1a-9898-406b-8657-5630f3c38db7.jpg,ok,,1024,1024,RGB,JPEG
7833dfef-2c4a-4ebf-bd6f-57dbc86c8db8.jpg,test,data/images/7833dfef-2c4a-4ebf-bd6f-57dbc86c8db8.jpg,ok,,1024,1024,RGB,JPEG
5eb56fd2-0e80-469d-a805-0a0e2e923934.jpg,test,data/images/5eb56fd2-0e80-469d-a805-0a0e2e923934.jpg,ok,,2253,2253,RGB,JPEG
4d6593e5-d2a9-4fff-b5af-3084113a4535.jpg,test,data/images/4d6593e5-d2a9-4fff-b5af-3084113a4535.jpg,ok,,1024,1024,RGB,JPEG
d395337b-5d8f-4c65-9f39-3a1d343d33c8.jpg,test,data/images/d395337b-5d8f-4c65-9f39-3a1d343d33c8.jpg,ok,,1024,1024,RGB,JPEG
3e25c195-3f02-44c4-86bb-af50545beb8d.jpg,test,data/images/3e25c195-3f02-44c4-86bb-af50545beb8d.jpg,ok,,1024,1024,RGB,JPEG
b8a46cef-854e-4896-990b-c95eceb458c1.jpg,test,data/images/b8a46cef-854e-4896-990b-c95eceb458c1.jpg,ok,,896,1195,RGB,JPEG
553bbe90-ceef-4c28-9b27-f0eb6934ce38.jpg,test,data/images/553bbe90-ceef-4c28-9b27-f0eb6934ce38.jpg,ok,,1024,1024,RGB,JPEG
1e752de1-5d4b-4bca-9502-295f858eac58.jpg,test,data/images/1e752de1-5d4b-4bca-9502-295f858eac58.jpg,ok,,832,1248,RGB,JPEG
2fe7ab0f-3028-497d-8090-65b4c9dc7a41.jpg,test,data/images/2fe7ab0f-3028-497d-8090-65b4c9dc7a41.jpg,ok,,1024,1024,RGB,JPEG
f3f7bfff-1271-479b-b59b-27c87bee1730.jpg,test,data/images/f3f7bfff-1271-479b-b59b-27c87bee1730.jpg,ok,,267,400,RGB,JPEG
8aaf8428-085f-4cc2-be0f-89a818dfbf4b.jpg,test,data/images/8aaf8428-085f-4cc2-be0f-89a818dfbf4b.jpg,ok,,832,1248,RGB,JPEG
873a95a6-600b-4bcb-a4b9-315b792595d9.jpg,test,data/images/873a95a6-600b-4bcb-a4b9-315b792595d9.jpg,ok,,600,450,RGBA,PNG
be97ebdc-791e-46f4-97b6-f2b9636b6236.jpg,test,data/images/be97ebdc-791e-46f4-97b6-f2b9636b6236.jpg,ok,,2560,993,RGB,JPEG
b12f4637-bdbd-4ed3-a9d0-e48a0eed3219.jpg,test,data/images/b12f4637-bdbd-4ed3-a9d0-e48a0eed3219.jpg,ok,,1024,716,RGB,JPEG
cc437778-f20e-4d01-aa44-631767fb12f9.jpg,test,data/images/cc437778-f20e-4d01-aa44-631767fb12f9.jpg,ok,,1024,716,RGB,JPEG
69c49865-1644-4310-9b26-0092e1d48069.jpg,test,data/images/69c49865-1644-4310-9b26-0092e1d48069.jpg,ok,,896,1195,RGB,JPEG
f9952218-78ed-474a-8e19-0b88d3cfca1d.jpg,test,data/images/f9952218-78ed-474a-8e19-0b88d3cfca1d.jpg,ok,,896,1195,RGB,JPEG
6605c692-6873-4706-ae88-dc981278d436.jpg,test,data/images/6605c692-6873-4706-ae88-dc981278d436.jpg,ok,,1024,1024,RGB,JPEG
0d4db2dd-ed14-4202-a755-d16ff75c04b7.jpg,test,data/images/0d4db2dd-ed14-4202-a755-d16ff75c04b7.jpg,ok,,1024,716,RGB,JPEG
c16bf8e4-d5dc-493f-9402-2967d249ee4d.jpg,test,data/images/c16bf8e4-d5dc-493f-9402-2967d249ee4d.jpg,ok,,832,1248,RGB,JPEG
86b0ed7f-4042-4691-a31b-a52c91ac576d.jpg,test,data/images/86b0ed7f-4042-4691-a31b-a52c91ac576d.jpg,ok,,1024,1024,RGB,JPEG
1ae89e98-9799-49d7-b8c9-b9772a04dfbe.jpg,test,data/images/1ae89e98-9799-49d7-b8c9-b9772a04dfbe.jpg,ok,,1024,1024,RGB,JPEG
61a00061-62c9-430f-8969-955bdf0f7491.jpg,test,data/images/61a00061-62c9-430f-8969-955bdf0f7491.jpg,ok,,1024,716,RGB,JPEG
b8e10cf1-ecf9-4f37-a1bb-f90e21f09499.jpg,test,data/images/b8e10cf1-ecf9-4f37-a1bb-f90e21f09499.jpg,ok,,1024,1024,RGB,JPEG
5e1e1d65-64eb-4a4e-a192-35438a916c4f.jpg,test,data/images/5e1e1d65-64eb-4a4e-a192-35438a916c4f.jpg,ok,,1024,1024,RGB,JPEG
35e8cfbf-500f-4fe0-8672-936d664e0df7.jpg,test,data/images/35e8cfbf-500f-4fe0-8672-936d664e0df7.jpg,ok,,1024,1024,RGB,JPEG
d4b81a55-714f-46b7-a9a9-4a6e990c04d9.jpg,test,data/images/d4b81a55-714f-46b7-a9a9-4a6e990c04d9.jpg,ok,,1024,558,RGB,JPEG
a77dab8d-6e47-4fe3-a998-9ab20576d511.jpg,test,data/images/a77dab8d-6e47-4fe3-a998-9ab20576d511.jpg,ok,,1024,1024,RGB,JPEG
8214e974-87fd-4a96-b515-cd718d20eb3b.jpg,test,data/images/8214e974-87fd-4a96-b515-cd718d20eb3b.jpg,ok,,2560,2560,RGB,JPEG
d3a5f60a-3946-4bde-a796-1fefd7ccc4e7.jpg,test,data/images/d3a5f60a-3946-4bde-a796-1fefd7ccc4e7.jpg,ok,,1024,1024,RGB,JPEG
de606f06-bbd5-4209-b32b-754f3e39443a.jpg,test,data/images/de606f06-bbd5-4209-b32b-754f3e39443a.jpg,ok,,1024,1024,RGB,JPEG
a5e9d2bd-e11e-4c17-9ae9-a9703969f1ed.jpg,test,data/images/a5e9d2bd-e11e-4c17-9ae9-a9703969f1ed.jpg,ok,,1024,1024,RGB,JPEG
a81db2c2-53af-4ba0-8a49-d241aad18618.jpg,test,data/images/a81db2c2-53af-4ba0-8a49-d241aad18618.jpg,ok,,1024,1024,RGB,JPEG
c080bcb8-ff71-4d4a-b0ba-d5c3c9f11b52.jpg,test,data/images/c080bcb8-ff71-4d4a-b0ba-d5c3c9f11b52.jpg,ok,,1195,896,RGB,JPEG
cc696a6e-6820-4c04-afb2-1b1a5a7a1bde.jpg,test,data/images/cc696a6e-6820-4c04-afb2-1b1a5a7a1bde.jpg,ok,,800,800,RGB,JPEG
e25b7794-badf-4228-aba4-1c18cbca3c4e.jpg,test,data/images/e25b7794-badf-4228-aba4-1c18cbca3c4e.jpg,ok,,1024,1024,RGB,JPEG
02ade214-f576-4867-8c55-62bccdc182a6.jpg,test,data/images/02ade214-f576-4867-8c55-62bccdc182a6.jpg,ok,,1024,1024,RGB,JPEG
5af0ff2e-cffd-4298-ad72-f13f991f7e7b.jpg,test,data/images/5af0ff2e-cffd-4298-ad72-f13f991f7e7b.jpg,ok,,1024,1024,RGB,JPEG
3cfa865d-ca0d-4c5a-91cb-4e665d182953.jpg,test,data/images/3cfa865d-ca0d-4c5a-91cb-4e665d182953.jpg,ok,,896,1195,RGB,JPEG
5989caf4-86fc-48ef-bc07-5f6a1a2fd000.jpg,test,data/images/5989caf4-86fc-48ef-bc07-5f6a1a2fd000.jpg,ok,,1024,1024,RGB,JPEG
96897738-f35b-4ee5-829b-ff5ce4f67d2b.jpg,test,data/images/96897738-f35b-4ee5-829b-ff5ce4f67d2b.jpg,ok,,1024,716,RGB,JPEG
f1b405e7-326b-4fc9-ab2b-3596e23f5a5c.jpg,test,data/images/f1b405e7-326b-4fc9-ab2b-3596e23f5a5c.jpg,ok,,1024,558,RGB,JPEG
a4415c93-99d1-42e4-b5af-93f914a4d2ee.jpg,test,data/images/a4415c93-99d1-42e4-b5af-93f914a4d2ee.jpg,ok,,1024,1024,RGB,JPEG
540e9d4e-308e-4f26-94fa-e6a6e262b88a.jpg,test,data/images/540e9d4e-308e-4f26-94fa-e6a6e262b88a.jpg,ok,,1024,1024,RGB,JPEG
02d56acb-e4ce-4b8c-869d-0a619f43b953.jpg,test,data/images/02d56acb-e4ce-4b8c-869d-0a619f43b953.jpg,ok,,1024,716,RGB,JPEG
28e429f2-8e87-4821-953b-f5c91bc76c88.jpg,test,data/images/28e429f2-8e87-4821-953b-f5c91bc76c88.jpg,ok,,1024,1024,RGB,JPEG
bf5a6d26-ffc8-47b5-8efa-7471d6ec863f.jpg,test,data/images/bf5a6d26-ffc8-47b5-8efa-7471d6ec863f.jpg,ok,,1024,1024,RGB,JPEG
af33aeaf-9ab1-4a20-97f6-48082aba8be6.jpg,test,data/images/af33aeaf-9ab1-4a20-97f6-48082aba8be6.jpg,ok,,896,1195,RGB,JPEG
6c6fe374-ec90-46e3-af73-899a5f49ac60.jpg,test,data/images/6c6fe374-ec90-46e3-af73-899a5f49ac60.jpg,ok,,1024,1024,RGB,JPEG
6886a8c1-0f31-4e2e-ab44-9061050cff88.jpg,test,data/images/6886a8c1-0f31-4e2e-ab44-9061050cff88.jpg,ok,,832,1248,RGB,JPEG
bf306be1-9aca-4bf1-b508-4334e4ee0daf.jpg,test,data/images/bf306be1-9aca-4bf1-b508-4334e4ee0daf.jpg,ok,,1024,1024,RGB,JPEG
b3a98244-d5b5-49a1-a085-30431eb7f47f.jpg,test,data/images/b3a98244-d5b5-49a1-a085-30431eb7f47f.jpg,ok,,1024,1024,RGB,JPEG
ab00e40b-b607-49f9-b38e-d475e566e907.jpg,test,data/images/ab00e40b-b607-49f9-b38e-d475e566e907.jpg,ok,,1248,832,RGB,JPEG
d915cbe4-2f8b-441c-9d9b-e0408cff8f68.jpg,test,data/images/d915cbe4-2f8b-441c-9d9b-e0408cff8f68.jpg,ok,,832,1248,RGB,JPEG
63014a17-5b1b-457b-9986-8227f695044a.jpg,test,data/images/63014a17-5b1b-457b-9986-8227f695044a.jpg,ok,,1248,832,RGB,JPEG
db37e05a-af42-44e4-b6c7-abab43ac43d9.jpg,test,data/images/db37e05a-af42-44e4-b6c7-abab43ac43d9.jpg,ok,,1024,1024,RGB,JPEG
5af41d65-d894-45e4-a486-21b9b6a754b4.jpg,test,data/images/5af41d65-d894-45e4-a486-21b9b6a754b4.jpg,ok,,832,1248,RGB,JPEG
2546220a-ed23-46ba-a18a-94d365a881ff.jpg,test,data/images/2546220a-ed23-46ba-a18a-94d365a881ff.jpg,ok,,1024,1024,RGB,JPEG
e769c8db-4ba9-468e-bf41-a47478c0dc24.jpg,test,data/images/e769c8db-4ba9-468e-bf41-a47478c0dc24.jpg,ok,,1195,896,RGB,JPEG
d44f63cc-2caf-4e7e-ad07-a5b51155a8ee.jpg,test,data/images/d44f63cc-2caf-4e7e-ad07-a5b51155a8ee.jpg,ok,,896,1195,RGB,JPEG
2044c306-669e-4d00-a27a-76e7164e46d2.jpg,test,data/images/2044c306-669e-4d00-a27a-76e7164e46d2.jpg,ok,,1024,610,RGB,JPEG
5432349a-4270-4d1b-9f16-7a2cc4bb8237.jpg,test,data/images/5432349a-4270-4d1b-9f16-7a2cc4bb8237.jpg,ok,,1024,1024,RGB,JPEG
ebc0eedf-4eab-4e1b-afe6-1d5dcbf4d107.jpg,test,data/images/ebc0eedf-4eab-4e1b-afe6-1d5dcbf4d107.jpg,ok,,1024,1024,RGB,JPEG
f157f865-cf26-419f-88fb-5d84ced30f4f.jpg,test,data/images/f157f865-cf26-419f-88fb-5d84ced30f4f.jpg,ok,,1024,1024,RGB,JPEG
6ad339fc-db3a-45e1-9ed2-b45a41a021d5.jpg,test,data/images/6ad339fc-db3a-45e1-9ed2-b45a41a021d5.jpg,ok,,1024,1024,RGB,JPEG
6727ca37-5345-4613-bf40-f1b0bccb64ea.jpg,test,data/images/6727ca37-5345-4613-bf40-f1b0bccb64ea.jpg,ok,,1024,716,RGB,JPEG
5d1d54bf-b70b-44fb-b57b-6070dba72c1b.jpg,test,data/images/5d1d54bf-b70b-44fb-b57b-6070dba72c1b.jpg,ok,,1024,1024,RGB,JPEG
942a695f-f077-4b97-865a-797230d79e50.jpg,test,data/images/942a695f-f077-4b97-865a-797230d79e50.jpg,ok,,1024,1024,RGB,JPEG
975e11d5-1880-4684-8d1d-f4e61d570217.jpg,test,data/images/975e11d5-1880-4684-8d1d-f4e61d570217.jpg,ok,,1024,558,RGB,JPEG
021df7ff-01d5-405f-aa0c-a55076528ccb.jpg,test,data/images/021df7ff-01d5-405f-aa0c-a55076528ccb.jpg,ok,,832,1248,RGB,JPEG
ee0b359d-e29a-4fc3-84a9-33ffc7f5e3b5.jpg,test,data/images/ee0b359d-e29a-4fc3-84a9-33ffc7f5e3b5.jpg,ok,,896,1195,RGB,JPEG
76f02c47-d129-4774-8372-aa96cccb5041.jpg,test,data/images/76f02c47-d129-4774-8372-aa96cccb5041.jpg,ok,,896,1195,RGB,JPEG
1e9dd8d6-4ae0-4786-8655-26863cd2ad84.jpg,test,data/images/1e9dd8d6-4ae0-4786-8655-26863cd2ad84.jpg,ok,,1024,1024,RGB,JPEG
0b8023f3-e3ef-43b5-a519-1c262baefca8.jpg,test,data/images/0b8023f3-e3ef-43b5-a519-1c262baefca8.jpg,ok,,558,1024,RGB,JPEG
4dfe79a0-68ef-41ce-bfb6-2509cadbe088.jpg,test,data/images/4dfe79a0-68ef-41ce-bfb6-2509cadbe088.jpg,ok,,832,1248,RGB,JPEG
70571be3-6f54-476b-8944-cc8cfabcd7c2.jpg,test,data/images/70571be3-6f54-476b-8944-cc8cfabcd7c2.jpg,ok,,1024,1024,RGB,JPEG
921dc1c3-d96c-4e40-bbad-579225ed92b2.jpg,test,data/images/921dc1c3-d96c-4e40-bbad-579225ed92b2.jpg,ok,,1024,1024,RGB,JPEG
4a9e9790-1343-4a44-b858-6bebc2ea24cf.jpg,test,data/images/4a9e9790-1343-4a44-b858-6bebc2ea24cf.jpg,ok,,1024,1024,RGB,JPEG
edf87fb7-82dc-4506-9b66-a773d95bf569.jpg,test,data/images/edf87fb7-82dc-4506-9b66-a773d95bf569.jpg,ok,,1248,832,RGB,JPEG
e816bcf3-949a-4f95-bde6-92e0fd889ce8.jpg,test,data/images/e816bcf3-949a-4f95-bde6-92e0fd889ce8.jpg,ok,,1024,558,RGB,JPEG
97b53241-aaba-4dfc-8b04-fa6a27c518c3.jpg,test,data/images/97b53241-aaba-4dfc-8b04-fa6a27c518c3.jpg,ok,,1879,2200,RGB,JPEG
db45b7c7-9cc0-4ea9-8e32-2d814883898f.jpg,test,data/images/db45b7c7-9cc0-4ea9-8e32-2d814883898f.jpg,ok,,1024,1024,RGB,JPEG
9a458b50-a120-4723-8c0e-310fbd35395c.jpg,test,data/images/9a458b50-a120-4723-8c0e-310fbd35395c.jpg,ok,,1024,1024,RGB,JPEG
f5b56801-359c-48c9-abfe-bbc00df41230.jpg,test,data/images/f5b56801-359c-48c9-abfe-bbc00df41230.jpg,ok,,1024,1024,RGB,JPEG
ebab5957-fca4-4fba-84e3-5a3528bb4369.jpg,test,data/images/ebab5957-fca4-4fba-84e3-5a3528bb4369.jpg,ok,,1080,2287,RGB,JPEG
39d16c95-447d-4627-b4af-098feb933b37.jpg,test,data/images/39d16c95-447d-4627-b4af-098feb933b37.jpg,ok,,400,266,RGB,JPEG
2671d15f-bfb1-405f-a539-a42037ecc3b3.jpg,test,data/images/2671d15f-bfb1-405f-a539-a42037ecc3b3.jpg,ok,,1024,1024,RGB,JPEG
db886876-b707-4688-95b7-b955f23dfacf.jpg,test,data/images/db886876-b707-4688-95b7-b955f23dfacf.jpg,ok,,1024,1024,RGB,JPEG
b0cc4a91-cbeb-4abb-b1f2-f9884150b950.jpg,test,data/images/b0cc4a91-cbeb-4abb-b1f2-f9884150b950.jpg,ok,,896,1195,RGB,JPEG
953c58b7-57c9-483e-accd-e2a8fefa5e93.jpg,test,data/images/953c58b7-57c9-483e-accd-e2a8fefa5e93.jpg,ok,,1195,896,RGB,JPEG
7524655d-6985-4c0e-8b2e-a303605d5cd9.jpg,test,data/images/7524655d-6985-4c0e-8b2e-a303605d5cd9.jpg,ok,,1024,1024,RGB,JPEG
87d8c756-63e8-4e72-b5e7-66012f04653b.jpg,test,data/images/87d8c756-63e8-4e72-b5e7-66012f04653b.jpg,ok,,1024,1024,RGB,JPEG
b0b6f85e-dfcb-4934-8bda-44471671afc0.jpg,test,data/images/b0b6f85e-dfcb-4934-8bda-44471671afc0.jpg,ok,,1024,716,RGB,JPEG
b4f363bd-392c-4302-829f-78a96bddf648.jpg,test,data/images/b4f363bd-392c-4302-829f-78a96bddf648.jpg,ok,,2560,2560,RGB,JPEG
baca218a-afdf-440f-9f5d-59dba16994c2.jpg,test,data/images/baca218a-afdf-440f-9f5d-59dba16994c2.jpg,ok,,558,1024,RGB,JPEG
a307e2cf-93df-4233-8b78-45d9bc274965.jpg,test,data/images/a307e2cf-93df-4233-8b78-45d9bc274965.jpg,ok,,1024,1024,RGB,JPEG
157ba284-e9bd-4c99-ae65-01201bc04500.jpg,test,data/images/157ba284-e9bd-4c99-ae65-01201bc04500.jpg,ok,,1024,716,RGB,JPEG
b76cf7af-4fa9-4350-ba1d-837cad650d0d.jpg,test,data/images/b76cf7af-4fa9-4350-ba1d-837cad650d0d.jpg,ok,,1024,1024,RGB,JPEG
3367b412-ea4c-442d-a69a-3966e6da7a00.jpg,test,data/images/3367b412-ea4c-442d-a69a-3966e6da7a00.jpg,ok,,479,850,RGB,JPEG
e73d5142-f783-42c8-87be-57c6e004b77d.jpg,test,data/images/e73d5142-f783-42c8-87be-57c6e004b77d.jpg,ok,,832,1248,RGB,JPEG
b020cda0-0e32-42f5-a6e0-4fd2a5999457.jpg,test,data/images/b020cda0-0e32-42f5-a6e0-4fd2a5999457.jpg,ok,,896,1195,RGB,JPEG
ac4e9f20-ae17-4594-88bb-0678f6147a9b.jpg,test,data/images/ac4e9f20-ae17-4594-88bb-0678f6147a9b.jpg,ok,,1024,558,RGB,JPEG
a9c36ec2-314e-4a14-85c0-8c17d47d9ee0.jpg,test,data/images/a9c36ec2-314e-4a14-85c0-8c17d47d9ee0.jpg,ok,,1024,716,RGB,JPEG
3491357b-0f4c-4b78-adf2-99f6f0e0f6b1.jpg,test,data/images/3491357b-0f4c-4b78-adf2-99f6f0e0f6b1.jpg,ok,,1024,1024,RGB,JPEG
ef150f60-73b1-46c2-bfe8-f4fa2ff1be66.jpg,test,data/images/ef150f60-73b1-46c2-bfe8-f4fa2ff1be66.jpg,ok,,1024,558,RGB,JPEG
70c858ad-9445-4a9b-af9f-396fe7de7445.jpg,test,data/images/70c858ad-9445-4a9b-af9f-396fe7de7445.jpg,ok,,1024,716,RGB,JPEG
cfa58e9d-9e18-40fc-83fe-bbc0323b2ea9.jpg,test,data/images/cfa58e9d-9e18-40fc-83fe-bbc0323b2ea9.jpg,ok,,1024,716,RGB,JPEG
c39c6be8-384d-4f28-86fc-b9cdae58ccfa.jpg,test,data/images/c39c6be8-384d-4f28-86fc-b9cdae58ccfa.jpg,ok,,1024,1024,RGB,JPEG
1322a89e-1710-461f-8427-69ff41360f6c.jpg,test,data/images/1322a89e-1710-461f-8427-69ff41360f6c.jpg,ok,,1248,832,RGB,JPEG
4c373c47-d755-4b61-ab89-71aabe313e2d.jpg,test,data/images/4c373c47-d755-4b61-ab89-71aabe313e2d.jpg,ok,,1024,1024,RGB,JPEG
afe34549-f23d-4672-ab9c-535fc73bfcba.jpg,test,data/images/afe34549-f23d-4672-ab9c-535fc73bfcba.jpg,ok,,800,800,RGB,JPEG
417506a1-cd60-4fc8-9d27-913efbe45bc3.jpg,test,data/images/417506a1-cd60-4fc8-9d27-913efbe45bc3.jpg,ok,,1024,716,RGB,JPEG
aca2d065-05ff-413f-b753-324a0fc3042c.jpg,test,data/images/aca2d065-05ff-413f-b753-324a0fc3042c.jpg,ok,,1248,832,RGB,JPEG
b32181c2-8101-4139-8b5c-64357483005c.jpg,test,data/images/b32181c2-8101-4139-8b5c-64357483005c.jpg,ok,,800,800,RGB,JPEG
729f9830-b4b7-451f-b55a-ff98b44c9ba8.jpg,test,data/images/729f9830-b4b7-451f-b55a-ff98b44c9ba8.jpg,ok,,1024,1024,RGB,JPEG
16daca27-b495-4cab-b599-5684476a0232.jpg,test,data/images/16daca27-b495-4cab-b599-5684476a0232.jpg,ok,,1136,852,RGB,JPEG
b380ef23-d4f1-49cc-a0e3-b8a9ef83c96f.jpg,test,data/images/b380ef23-d4f1-49cc-a0e3-b8a9ef83c96f.jpg,ok,,896,1195,RGB,JPEG
fa55c574-6ee4-403e-b28a-5682037e9984.jpg,test,data/images/fa55c574-6ee4-403e-b28a-5682037e9984.jpg,ok,,1879,2200,RGB,JPEG
b8fcdf62-9d12-4cbc-a7b7-2b0d6a508512.jpg,test,data/images/b8fcdf62-9d12-4cbc-a7b7-2b0d6a508512.jpg,ok,,1024,1024,RGB,JPEG
b140b8c3-c846-4203-b423-ed96ae97d1dd.jpg,test,data/images/b140b8c3-c846-4203-b423-ed96ae97d1dd.jpg,ok,,1024,558,RGB,JPEG
024195e4-15de-497e-87a4-0423c5ec71eb.jpg,test,data/images/024195e4-15de-497e-87a4-0423c5ec71eb.jpg,ok,,624,800,RGB,JPEG
c9f6d795-ae82-4fba-9e40-1b72157c4d7e.jpg,test,data/images/c9f6d795-ae82-4fba-9e40-1b72157c4d7e.jpg,ok,,1024,1024,RGB,JPEG
ee40f807-955a-46ea-af07-e12d12c81ac1.jpg,test,data/images/ee40f807-955a-46ea-af07-e12d12c81ac1.jpg,ok,,1024,1024,RGB,JPEG
d5f543c7-c19c-4cc6-92f0-d2bdd163955c.jpg,test,data/images/d5f543c7-c19c-4cc6-92f0-d2bdd163955c.jpg,ok,,1024,1024,RGB,JPEG
60070cc6-c589-4dc0-b2e5-23cd4177f7fe.jpg,test,data/images/60070cc6-c589-4dc0-b2e5-23cd4177f7fe.jpg,ok,,1024,1024,RGB,JPEG
184a1356-5256-4f8b-b341-4db5855813e2.jpg,test,data/images/184a1356-5256-4f8b-b341-4db5855813e2.jpg,ok,,1024,1024,RGB,JPEG
dd64635d-d435-4357-bcda-59c2fa55f24e.jpg,test,data/images/dd64635d-d435-4357-bcda-59c2fa55f24e.jpg,ok,,1024,1024,RGB,JPEG
ee0daac1-289b-40ff-a42b-efbb6d76c28f.jpg,test,data/images/ee0daac1-289b-40ff-a42b-efbb6d76c28f.jpg,ok,,800,800,RGB,JPEG
c9715cf2-d4a7-4903-ac0a-3de3042a8888.jpg,test,data/images/c9715cf2-d4a7-4903-ac0a-3de3042a8888.jpg,ok,,896,1195,RGB,JPEG
e36b83bf-05ea-4ae0-b5d2-5b98c408b58d.jpg,test,data/images/e36b83bf-05ea-4ae0-b5d2-5b98c408b58d.jpg,ok,,1024,1024,RGB,JPEG
0ceb03fc-3d1c-49ec-83b8-af3a43998412.jpg,test,data/images/0ceb03fc-3d1c-49ec-83b8-af3a43998412.jpg,ok,,832,1248,RGB,JPEG
f60742b0-846f-42a3-8f98-fc154e022808.jpg,test,data/images/f60742b0-846f-42a3-8f98-fc154e022808.jpg,ok,,1024,1024,RGB,JPEG
fd75e638-e87f-486f-bce3-400c8a70d804.jpg,test,data/images/fd75e638-e87f-486f-bce3-400c8a70d804.jpg,ok,,1024,1024,RGB,JPEG
23f9bf3d-3a35-4808-aa41-84d3cf0f7a94.jpg,test,data/images/23f9bf3d-3a35-4808-aa41-84d3cf0f7a94.jpg,ok,,1024,1024,RGB,JPEG
1ad0913b-73e9-4ac3-ad45-0cc25e1f94a0.jpg,test,data/images/1ad0913b-73e9-4ac3-ad45-0cc25e1f94a0.jpg,ok,,1024,1024,RGB,JPEG
5bf24c78-1431-4044-bf40-4fd38c3b9fd7.jpg,test,data/images/5bf24c78-1431-4044-bf40-4fd38c3b9fd7.jpg,ok,,1024,1024,RGB,JPEG
44deb485-17a3-4496-8c01-e602679585d3.jpg,test,data/images/44deb485-17a3-4496-8c01-e602679585d3.jpg,ok,,896,1195,RGB,JPEG
d95168a9-d5e2-483d-bf92-780290eb9f3a.jpg,test,data/images/d95168a9-d5e2-483d-bf92-780290eb9f3a.jpg,ok,,1248,832,RGB,JPEG
32d56433-d367-4eaf-9a21-c93c4120fd63.jpg,test,data/images/32d56433-d367-4eaf-9a21-c93c4120fd63.jpg,ok,,1024,1024,RGB,JPEG
ce11bf61-ef63-437e-919f-63fc43435a0f.jpg,test,data/images/ce11bf61-ef63-437e-919f-63fc43435a0f.jpg,ok,,896,1195,RGB,JPEG
6ea2a4ea-60c7-479a-aa5a-90bec8a212fa.jpg,test,data/images/6ea2a4ea-60c7-479a-aa5a-90bec8a212fa.jpg,ok,,1024,1024,RGB,JPEG
945b84a3-0dd6-424d-8889-316201569389.jpg,test,data/images/945b84a3-0dd6-424d-8889-316201569389.jpg,ok,,896,1195,RGB,JPEG
6a33291e-6dff-4dac-a29d-c17c466b8340.jpg,test,data/images/6a33291e-6dff-4dac-a29d-c17c466b8340.jpg,ok,,1195,896,RGB,JPEG
1a4e3de6-5cdd-4276-97a1-3b4f53753efd.jpg,test,data/images/1a4e3de6-5cdd-4276-97a1-3b4f53753efd.jpg,ok,,558,1024,RGB,JPEG
761e064c-26d0-400d-89ab-dd6d7240a80b.jpg,test,data/images/761e064c-26d0-400d-89ab-dd6d7240a80b.jpg,ok,,1024,1024,RGB,JPEG
e3aba313-2ea1-4ed0-b150-e48e5233f09f.jpg,test,data/images/e3aba313-2ea1-4ed0-b150-e48e5233f09f.jpg,ok,,1280,1024,RGB,JPEG
cc58f5b5-c145-4c72-a2b8-aa3f3138abd1.jpg,test,data/images/cc58f5b5-c145-4c72-a2b8-aa3f3138abd1.jpg,ok,,1195,896,RGB,JPEG
25f09bc3-29c6-4ee7-8eeb-9050042b5318.jpg,test,data/images/25f09bc3-29c6-4ee7-8eeb-9050042b5318.jpg,ok,,800,800,RGB,JPEG
2a274721-f71a-4023-9a19-bb0431587fc3.jpg,test,data/images/2a274721-f71a-4023-9a19-bb0431587fc3.jpg,ok,,1024,558,RGB,JPEG
dabe1e87-0ab0-4589-a7fd-f9d4901e6a01.jpg,test,data/images/dabe1e87-0ab0-4589-a7fd-f9d4901e6a01.jpg,ok,,1024,1024,RGB,JPEG
ffebe94d-462b-44fd-947e-b41e269b8417.jpg,test,data/images/ffebe94d-462b-44fd-947e-b41e269b8417.jpg,ok,,1024,1024,RGB,JPEG
453d375e-3a48-4462-95ae-2fb46ae7c4c0.jpg,test,data/images/453d375e-3a48-4462-95ae-2fb46ae7c4c0.jpg,ok,,1195,896,RGB,JPEG
94160557-75fb-4aab-8d79-1a159a15c3d7.jpg,test,data/images/94160557-75fb-4aab-8d79-1a159a15c3d7.jpg,ok,,1024,1024,RGB,JPEG
3aadb115-a2d0-4be0-b0f8-99090e9fc0c4.jpg,test,data/images/3aadb115-a2d0-4be0-b0f8-99090e9fc0c4.jpg,ok,,1024,1024,RGB,JPEG
f5329c55-85c9-4c67-abf1-403738a825e5.jpg,test,data/images/f5329c55-85c9-4c67-abf1-403738a825e5.jpg,ok,,1024,1024,RGB,JPEG
79b12e36-632e-4980-b806-050de622c1ef.jpg,test,data/images/79b12e36-632e-4980-b806-050de622c1ef.jpg,ok,,1024,1024,RGB,JPEG
c19999b3-b700-423e-8c01-fa6d5f1df74e.jpg,test,data/images/c19999b3-b700-423e-8c01-fa6d5f1df74e.jpg,ok,,1024,1024,RGB,JPEG
97803a0e-352e-4cb6-b9a1-5a4da50988ca.jpg,test,data/images/97803a0e-352e-4cb6-b9a1-5a4da50988ca.jpg,ok,,1248,832,RGB,JPEG
04d6057d-0383-4f62-9206-477070fb390e.jpg,test,data/images/04d6057d-0383-4f62-9206-477070fb390e.jpg,ok,,1024,1024,RGB,JPEG
0870aeef-48db-47cd-8413-e714e6be8681.jpg,test,data/images/0870aeef-48db-47cd-8413-e714e6be8681.jpg,ok,,1024,1024,RGB,JPEG
f5e6d7e4-21db-41e2-9741-1cf50ef771e2.jpg,test,data/images/f5e6d7e4-21db-41e2-9741-1cf50ef771e2.jpg,ok,,1024,1024,RGB,JPEG
e62938cf-5f99-4010-801c-42487a59ae36.jpg,test,data/images/e62938cf-5f99-4010-801c-42487a59ae36.jpg,ok,,1024,1024,RGB,JPEG
a796a3a1-4162-4a53-a4fa-97bbd946c78f.jpg,test,data/images/a796a3a1-4162-4a53-a4fa-97bbd946c78f.jpg,ok,,1024,1024,RGB,JPEG
7758c878-a56c-4c9a-9142-50e58bc43d06.jpg,test,data/images/7758c878-a56c-4c9a-9142-50e58bc43d06.jpg,ok,,1024,558,RGB,JPEG
98868fc9-3daa-4ecd-9324-c51fc2f40fce.jpg,test,data/images/98868fc9-3daa-4ecd-9324-c51fc2f40fce.jpg,ok,,1248,832,RGB,JPEG
1ab10fd8-4172-4246-8747-83a0228cde21.jpg,test,data/images/1ab10fd8-4172-4246-8747-83a0228cde21.jpg,ok,,1024,1024,RGB,JPEG
ec8f6a42-0f23-4fb8-8121-373acfbc5840.jpg,test,data/images/ec8f6a42-0f23-4fb8-8121-373acfbc5840.jpg,ok,,1248,832,RGB,JPEG
db61fbcb-0c30-41a1-ba12-75b36565edf4.jpg,test,data/images/db61fbcb-0c30-41a1-ba12-75b36565edf4.jpg,ok,,1024,1024,RGB,JPEG
5753c47e-e020-4665-81d9-56708d3c8aec.jpg,test,data/images/5753c47e-e020-4665-81d9-56708d3c8aec.jpg,ok,,1024,558,RGB,JPEG
55a67283-3d66-4065-b2f0-12398d1e5a3e.jpg,test,data/images/55a67283-3d66-4065-b2f0-12398d1e5a3e.jpg,ok,,1024,558,RGB,JPEG
ae3e2c5a-59fb-4b64-a604-d79180342c52.jpg,test,data/images/ae3e2c5a-59fb-4b64-a604-d79180342c52.jpg,ok,,1024,558,RGB,JPEG
fe42da9c-be6a-401e-9930-15cab59b8295.jpg,test,data/images/fe42da9c-be6a-401e-9930-15cab59b8295.jpg,ok,,1024,1024,RGB,JPEG
00f36333-4638-4a3a-a452-390af624bea9.jpg,test,data/images/00f36333-4638-4a3a-a452-390af624bea9.jpg,ok,,1195,896,RGB,JPEG
cc908834-24cf-45b7-8351-19fc4e9d5d7b.jpg,test,data/images/cc908834-24cf-45b7-8351-19fc4e9d5d7b.jpg,ok,,896,1195,RGB,JPEG
73a2e9f9-fbb4-4d0e-b41d-fbca5df83b8d.jpg,test,data/images/73a2e9f9-fbb4-4d0e-b41d-fbca5df83b8d.jpg,ok,,1248,832,RGB,JPEG
261e2cb9-fb9d-49f3-81fc-efb6d28ed7d4.jpg,test,data/images/261e2cb9-fb9d-49f3-81fc-efb6d28ed7d4.jpg,ok,,1024,1024,RGB,JPEG
3a8c6d67-fd68-455e-9eee-87a56079c7c9.jpg,test,data/images/3a8c6d67-fd68-455e-9eee-87a56079c7c9.jpg,ok,,1024,1024,RGB,JPEG
3e70096b-f12a-4ba4-8b21-7d3c170b0a71.jpg,test,data/images/3e70096b-f12a-4ba4-8b21-7d3c170b0a71.jpg,ok,,832,1248,RGB,JPEG
8a935ed5-67c8-4f74-8e6d-db568bb8b67e.jpg,test,data/images/8a935ed5-67c8-4f74-8e6d-db568bb8b67e.jpg,ok,,1024,1024,RGB,JPEG
23d761d2-322d-4b88-a11a-c900f62ec11d.jpg,test,data/images/23d761d2-322d-4b88-a11a-c900f62ec11d.jpg,ok,,1024,1024,RGB,JPEG
a0894ee3-3aa9-4953-a09e-fd99f5f56222.jpg,test,data/images/a0894ee3-3aa9-4953-a09e-fd99f5f56222.jpg,ok,,1195,896,RGB,JPEG
de56a035-57aa-4dae-a7df-7a88bb4f9598.jpg,test,data/images/de56a035-57aa-4dae-a7df-7a88bb4f9598.jpg,ok,,1024,1024,RGB,JPEG
1dcb0979-81a8-4730-a599-993b1fc915d1.jpg,test,data/images/1dcb0979-81a8-4730-a599-993b1fc915d1.jpg,ok,,375,500,RGB,JPEG
31282fb0-73e2-4e56-833e-700f3f98e44e.jpg,test,data/images/31282fb0-73e2-4e56-833e-700f3f98e44e.jpg,ok,,1024,1024,RGB,JPEG
9bdaffa3-2a54-45cc-9ce2-494a0b0517a7.jpg,test,data/images/9bdaffa3-2a54-45cc-9ce2-494a0b0517a7.jpg,ok,,896,1195,RGB,JPEG
48e3a9f6-f2d1-4e0f-9d0c-53dfede1a12b.jpg,test,data/images/48e3a9f6-f2d1-4e0f-9d0c-53dfede1a12b.jpg,ok,,1024,1024,RGB,JPEG
252678a5-d366-4047-98df-7945cacfd4c5.jpg,test,data/images/252678a5-d366-4047-98df-7945cacfd4c5.jpg,ok,,1024,1280,RGB,JPEG
6057ef8d-9784-43aa-83fe-6b385ee2feb2.jpg,test,data/images/6057ef8d-9784-43aa-83fe-6b385ee2feb2.jpg,ok,,1024,1024,RGB,JPEG
dafd547d-c597-414a-975f-e972a9aeef09.jpg,test,data/images/dafd547d-c597-414a-975f-e972a9aeef09.jpg,ok,,1195,896,RGB,JPEG
744f8bd1-aa5b-4cbb-8c95-5a4c95cc9533.jpg,test,data/images/744f8bd1-aa5b-4cbb-8c95-5a4c95cc9533.jpg,ok,,1024,1024,RGB,JPEG
6f327753-2297-4a78-8b03-47f648297606.jpg,test,data/images/6f327753-2297-4a78-8b03-47f648297606.jpg,ok,,896,1195,RGB,JPEG
b0bd3b54-7abb-4dd3-8f20-0cb4b6bfabdc.jpg,test,data/images/b0bd3b54-7abb-4dd3-8f20-0cb4b6bfabdc.jpg,ok,,558,1024,RGB,JPEG
39fe1c08-15bf-4270-b1d9-0c60d5f9255e.jpg,test,data/images/39fe1c08-15bf-4270-b1d9-0c60d5f9255e.jpg,ok,,1024,1024,RGB,JPEG
b314614f-85c3-4fb0-9098-9dff240f97b0.jpg,test,data/images/b314614f-85c3-4fb0-9098-9dff240f97b0.jpg,ok,,1024,1024,RGB,JPEG
0a4a4858-c488-43ce-85b6-21575836c453.jpg,test,data/images/0a4a4858-c488-43ce-85b6-21575836c453.jpg,ok,,1195,896,RGB,JPEG
305af9ba-e279-4fe2-97f2-7dc1339e36e8.jpg,test,data/images/305af9ba-e279-4fe2-97f2-7dc1339e36e8.jpg,ok,,1248,832,RGB,JPEG
ba1cfd75-7fd3-4010-a474-f1a29c305ec8.jpg,test,data/images/ba1cfd75-7fd3-4010-a474-f1a29c305ec8.jpg,ok,,1280,1024,RGB,JPEG
c3eaf8a8-08d8-479f-a974-7d910eea6480.jpg,test,data/images/c3eaf8a8-08d8-479f-a974-7d910eea6480.jpg,ok,,1024,1024,RGB,JPEG
705883c1-8753-4d06-bbb6-5d11fbe65dc7.jpg,test,data/images/705883c1-8753-4d06-bbb6-5d11fbe65dc7.jpg,ok,,1024,1024,RGB,JPEG
bb188fa7-ddd5-4ac6-92e5-bae6f07faa4a.jpg,test,data/images/bb188fa7-ddd5-4ac6-92e5-bae6f07faa4a.jpg,ok,,1024,1024,RGB,JPEG
20aa798c-9cb0-43dc-8b53-31b2fafc85ef.jpg,test,data/images/20aa798c-9cb0-43dc-8b53-31b2fafc85ef.jpg,ok,,1024,1024,RGB,JPEG
618363d3-8a1a-4a26-a6e1-b6c46e640b59.jpg,test,data/images/618363d3-8a1a-4a26-a6e1-b6c46e640b59.jpg,ok,,1024,1024,RGB,JPEG
527811b5-6d78-4b3c-88c2-9687a921bac3.jpg,test,data/images/527811b5-6d78-4b3c-88c2-9687a921bac3.jpg,ok,,896,1024,RGB,JPEG
b620ca2d-b408-4216-9e06-dbd93b1fe4c7.jpg,test,data/images/b620ca2d-b408-4216-9e06-dbd93b1fe4c7.jpg,ok,,1195,896,RGB,JPEG
d7de6a5e-cf1c-452b-a40e-5179b08a76bf.jpg,test,data/images/d7de6a5e-cf1c-452b-a40e-5179b08a76bf.jpg,ok,,375,500,RGB,JPEG
82f09aa9-43f5-43eb-aabc-b2688c9691b8.jpg,test,data/images/82f09aa9-43f5-43eb-aabc-b2688c9691b8.jpg,ok,,1248,832,RGB,JPEG
389c22d2-80df-45c9-8207-9afa6019ff2e.jpg,test,data/images/389c22d2-80df-45c9-8207-9afa6019ff2e.jpg,ok,,400,400,RGB,JPEG
1f2e43e4-0412-4b33-a3b4-3887837cf046.jpg,test,data/images/1f2e43e4-0412-4b33-a3b4-3887837cf046.jpg,ok,,558,1024,RGB,JPEG
233b5306-ecf4-41b6-9507-03d14040dca2.jpg,test,data/images/233b5306-ecf4-41b6-9507-03d14040dca2.jpg,ok,,1024,1024,RGB,JPEG
851a0c93-8d6b-454d-a20e-9a71f16f6eb7.jpg,test,data/images/851a0c93-8d6b-454d-a20e-9a71f16f6eb7.jpg,ok,,1024,1024,RGB,JPEG
bb775a36-d53b-4d26-a992-04525b3ae26a.jpg,test,data/images/bb775a36-d53b-4d26-a992-04525b3ae26a.jpg,ok,,1024,1024,RGB,JPEG
b6c792e4-c727-4761-a653-e12f193afbed.jpg,test,data/images/b6c792e4-c727-4761-a653-e12f193afbed.jpg,ok,,1024,1024,RGB,JPEG
c13bf37e-c08f-412f-8490-1d557887f57e.jpg,test,data/images/c13bf37e-c08f-412f-8490-1d557887f57e.jpg,ok,,1024,1024,RGB,JPEG
1f4f7635-e4cc-4a73-b815-dc07654ebbe3.jpg,test,data/images/1f4f7635-e4cc-4a73-b815-dc07654ebbe3.jpg,ok,,1024,558,RGB,JPEG
49e637dd-2fe2-493c-959b-fd1bbe6650b9.jpg,test,data/images/49e637dd-2fe2-493c-959b-fd1bbe6650b9.jpg,ok,,1879,2200,RGB,JPEG
8383c520-6d51-4708-8184-09a962a99626.jpg,test,data/images/8383c520-6d51-4708-8184-09a962a99626.jpg,ok,,896,1195,RGB,JPEG
67117c0d-4c4e-4c13-ab07-873fc67cb733.jpg,test,data/images/67117c0d-4c4e-4c13-ab07-873fc67cb733.jpg,ok,,1024,1024,RGB,JPEG
eba2f8ff-3cdb-49b2-bbc0-65068c7cf7ac.jpg,test,data/images/eba2f8ff-3cdb-49b2-bbc0-65068c7cf7ac.jpg,ok,,1024,1024,RGB,JPEG
12ad811d-9121-4ce7-ab45-c02b77ad851b.jpg,test,data/images/12ad811d-9121-4ce7-ab45-c02b77ad851b.jpg,ok,,1024,1024,RGB,JPEG
61851956-4903-4e8a-95e3-3f634026034b.jpg,test,data/images/61851956-4903-4e8a-95e3-3f634026034b.jpg,ok,,1248,832,RGB,JPEG
ec6b6ff7-e414-4c04-b933-496b3f0a4316.jpg,test,data/images/ec6b6ff7-e414-4c04-b933-496b3f0a4316.jpg,ok,,1024,1024,RGB,JPEG
6e533b12-4c68-4673-b883-5c772ce573c7.jpg,test,data/images/6e533b12-4c68-4673-b883-5c772ce573c7.jpg,ok,,1024,1024,RGB,JPEG
0c5db348-a012-4e3f-b1a2-7ea98b3780bf.jpg,test,data/images/0c5db348-a012-4e3f-b1a2-7ea98b3780bf.jpg,ok,,1024,1024,RGB,JPEG
d2be74e3-a4de-4ab0-86d4-93ee10a4c3eb.jpg,test,data/images/d2be74e3-a4de-4ab0-86d4-93ee10a4c3eb.jpg,ok,,1024,558,RGB,JPEG
a2c57181-61c8-42f3-8418-8e5b67f6644c.jpg,test,data/images/a2c57181-61c8-42f3-8418-8e5b67f6644c.jpg,ok,,1024,1024,RGB,JPEG
bbbb03ed-b341-4bc7-b3c2-7d74e7974844.jpg,test,data/images/bbbb03ed-b341-4bc7-b3c2-7d74e7974844.jpg,ok,,1024,1024,RGB,JPEG
c7ce1b7f-75da-43b7-aa94-d754dfabdeb8.jpg,test,data/images/c7ce1b7f-75da-43b7-aa94-d754dfabdeb8.jpg,ok,,1248,832,RGB,JPEG
fd9d585f-5444-4722-9488-1dfa0fd0d6ac.jpg,test,data/images/fd9d585f-5444-4722-9488-1dfa0fd0d6ac.jpg,ok,,1024,1024,RGB,JPEG
6e33be8f-1b98-4098-8aab-28eea4a6d9c1.jpg,test,data/images/6e33be8f-1b98-4098-8aab-28eea4a6d9c1.jpg,ok,,1248,832,RGB,JPEG
b112a059-9aed-4932-846e-59c2dcff8cd0.jpg,test,data/images/b112a059-9aed-4932-846e-59c2dcff8cd0.jpg,ok,,1024,1024,RGB,JPEG
a5380af2-a803-4bef-bd2e-020162732f9e.jpg,test,data/images/a5380af2-a803-4bef-bd2e-020162732f9e.jpg,ok,,1024,1024,RGB,JPEG
01278d87-a9b1-470d-9a17-68329d2abeaf.jpg,test,data/images/01278d87-a9b1-470d-9a17-68329d2abeaf.jpg,ok,,800,800,RGB,JPEG
3671d946-b63e-4c95-b003-86ab0723880a.jpg,test,data/images/3671d946-b63e-4c95-b003-86ab0723880a.jpg,ok,,1024,1024,RGB,JPEG
6d29c8d9-733d-47d8-adee-704a6d955628.jpg,test,data/images/6d29c8d9-733d-47d8-adee-704a6d955628.jpg,ok,,1024,1024,RGB,JPEG
277706de-ca3d-48bf-a413-26f5d1d7fa4d.jpg,test,data/images/277706de-ca3d-48bf-a413-26f5d1d7fa4d.jpg,ok,,1024,1024,RGB,JPEG
bea633d5-e7e5-49c5-95e1-155659a3c97e.jpg,test,data/images/bea633d5-e7e5-49c5-95e1-155659a3c97e.jpg,ok,,1024,1024,RGB,JPEG
e67cb1a6-c923-4fb1-8700-b4cf1f1505cb.jpg,test,data/images/e67cb1a6-c923-4fb1-8700-b4cf1f1505cb.jpg,ok,,1024,1024,RGB,JPEG
a209ca95-c140-44a1-99fb-117fce370a2b.jpg,test,data/images/a209ca95-c140-44a1-99fb-117fce370a2b.jpg,ok,,558,1024,RGB,JPEG
313797f1-db5b-4d4f-9a7d-fa8b81124196.jpg,test,data/images/313797f1-db5b-4d4f-9a7d-fa8b81124196.jpg,ok,,1248,832,RGB,JPEG
75e75f54-a7a9-4ef3-a938-204d024446c0.jpg,test,data/images/75e75f54-a7a9-4ef3-a938-204d024446c0.jpg,ok,,1024,1024,RGB,JPEG
0570ff8c-57f6-48d9-adfd-3021018c26b1.jpg,test,data/images/0570ff8c-57f6-48d9-adfd-3021018c26b1.jpg,ok,,1024,716,RGB,JPEG
c4324d9b-ee5c-475f-975e-c8bcfb41a245.jpg,test,data/images/c4324d9b-ee5c-475f-975e-c8bcfb41a245.jpg,ok,,1024,1024,RGB,JPEG
3ea7a3a3-84ea-42d3-86fd-b656824bc6ba.jpg,test,data/images/3ea7a3a3-84ea-42d3-86fd-b656824bc6ba.jpg,ok,,832,1248,RGB,JPEG
fb4e5319-e132-4f3c-baa2-1aeb64262fea.jpg,test,data/images/fb4e5319-e132-4f3c-baa2-1aeb64262fea.jpg,ok,,896,1195,RGB,JPEG
83f15e76-ec20-42cf-b919-6d74e589a2c3.jpg,test,data/images/83f15e76-ec20-42cf-b919-6d74e589a2c3.jpg,ok,,1248,832,RGB,JPEG
0ccb4504-2e14-4a26-ae68-c57528dbdad3.jpg,test,data/images/0ccb4504-2e14-4a26-ae68-c57528dbdad3.jpg,ok,,1024,1024,RGB,JPEG
866e5ecb-15de-4430-ba43-be8ebf9411af.jpg,test,data/images/866e5ecb-15de-4430-ba43-be8ebf9411af.jpg,ok,,1280,1024,RGB,JPEG
946977f9-068f-4689-9818-8501a37049db.jpg,test,data/images/946977f9-068f-4689-9818-8501a37049db.jpg,ok,,1248,832,RGB,JPEG
fab2d9b0-edf5-4db9-944f-3529da8ed84e.jpg,test,data/images/fab2d9b0-edf5-4db9-944f-3529da8ed84e.jpg,ok,,1024,1024,RGB,JPEG
d03f969f-9442-4da3-8f4c-dd0f3ca73d1c.jpg,test,data/images/d03f969f-9442-4da3-8f4c-dd0f3ca73d1c.jpg,ok,,1024,1024,RGB,JPEG
055e8137-1910-4f1b-90a6-8258a9f4490a.jpg,test,data/images/055e8137-1910-4f1b-90a6-8258a9f4490a.jpg,ok,,1024,1024,RGB,JPEG
a196289c-3453-4472-842a-08511d96cfa5.jpg,test,data/images/a196289c-3453-4472-842a-08511d96cfa5.jpg,ok,,896,1195,RGB,JPEG
8c7a68f3-660d-4323-98c9-2b048d7b139c.jpg,test,data/images/8c7a68f3-660d-4323-98c9-2b048d7b139c.jpg,ok,,1024,1024,RGB,JPEG
f7bd268e-1bb0-4f85-aab7-4c4b17fe5eb6.jpg,test,data/images/f7bd268e-1bb0-4f85-aab7-4c4b17fe5eb6.jpg,ok,,1195,896,RGB,JPEG
fa293f79-1ae5-40a6-935a-44c867b132ac.jpg,test,data/images/fa293f79-1ae5-40a6-935a-44c867b132ac.jpg,ok,,1024,1024,RGB,JPEG
a24c75df-b42b-4a02-a90a-24a855604d8b.jpg,test,data/images/a24c75df-b42b-4a02-a90a-24a855604d8b.jpg,ok,,1024,716,RGB,JPEG
042e5981-8d7f-4f6c-9787-eccc55dc0d22.jpg,test,data/images/042e5981-8d7f-4f6c-9787-eccc55dc0d22.jpg,ok,,1024,1024,RGB,JPEG
085813fd-689e-4572-9950-494678b9c972.jpg,test,data/images/085813fd-689e-4572-9950-494678b9c972.jpg,ok,,896,1195,RGB,JPEG
78e9fc01-9e66-4470-9e34-c07aa7ee3426.jpg,test,data/images/78e9fc01-9e66-4470-9e34-c07aa7ee3426.jpg,ok,,896,1195,RGB,JPEG
c86a3aec-4adb-4e6c-8e40-f8ce23ad21a9.jpg,test,data/images/c86a3aec-4adb-4e6c-8e40-f8ce23ad21a9.jpg,ok,,1024,1024,RGB,JPEG
bb3da02e-d6d2-45f6-8daf-b60a49f37a9b.jpg,test,data/images/bb3da02e-d6d2-45f6-8daf-b60a49f37a9b.jpg,ok,,1024,1024,RGB,JPEG
a85167df-bbc4-4a69-b3ac-2c1a4da0e504.jpg,test,data/images/a85167df-bbc4-4a69-b3ac-2c1a4da0e504.jpg,ok,,1195,896,RGB,JPEG
1aff74dd-bc11-4413-8a17-dc70c02d82a8.jpg,test,data/images/1aff74dd-bc11-4413-8a17-dc70c02d82a8.jpg,ok,,1024,1024,RGB,JPEG
7d84d466-0ab2-40cd-8301-3a4af857b7fe.jpg,test,data/images/7d84d466-0ab2-40cd-8301-3a4af857b7fe.jpg,ok,,1024,1024,RGB,JPEG
da4f83d1-77aa-49c6-a4c6-a34a5653e314.jpg,test,data/images/da4f83d1-77aa-49c6-a4c6-a34a5653e314.jpg,ok,,500,500,RGB,JPEG
0429e5c3-1421-4f3d-9e24-4df5df7f6945.jpg,test,data/images/0429e5c3-1421-4f3d-9e24-4df5df7f6945.jpg,ok,,1024,1024,RGB,JPEG
fd9bb424-147e-4512-b17c-931e1618238c.jpg,test,data/images/fd9bb424-147e-4512-b17c-931e1618238c.jpg,ok,,1248,832,RGB,JPEG
7fa0ec9c-1abd-444f-9745-31adc0f05356.jpg,test,data/images/7fa0ec9c-1abd-444f-9745-31adc0f05356.jpg,ok,,896,1195,RGB,JPEG
a4e9fbd4-b600-4686-8ecb-d11b9f3d4acd.jpg,test,data/images/a4e9fbd4-b600-4686-8ecb-d11b9f3d4acd.jpg,ok,,1248,832,RGB,JPEG
f210bb5b-7d50-478d-8d34-6c8ff6e5ff54.jpg,test,data/images/f210bb5b-7d50-478d-8d34-6c8ff6e5ff54.jpg,ok,,1024,558,RGB,JPEG
730116ae-15e4-446b-b3c5-bc7b3b8b7739.jpg,test,data/images/730116ae-15e4-446b-b3c5-bc7b3b8b7739.jpg,ok,,1024,1024,RGB,JPEG
c29fd881-0688-442b-a0d0-b607d45cf240.jpg,test,data/images/c29fd881-0688-442b-a0d0-b607d45cf240.jpg,ok,,896,1195,RGB,JPEG
82442a53-af00-40a0-9773-9c257c0e3588.jpg,test,data/images/82442a53-af00-40a0-9773-9c257c0e3588.jpg,ok,,1024,716,RGB,JPEG
eb341534-d3ec-402e-a09f-d327c6a124c2.jpg,test,data/images/eb341534-d3ec-402e-a09f-d327c6a124c2.jpg,ok,,1024,1024,RGB,JPEG
59555976-8585-4f1b-bf0f-b92fec8c8f0a.jpg,test,data/images/59555976-8585-4f1b-bf0f-b92fec8c8f0a.jpg,ok,,1248,832,RGB,JPEG
6bf38a16-0ac3-416c-b08b-4e11d96260a2.jpg,test,data/images/6bf38a16-0ac3-416c-b08b-4e11d96260a2.jpg,ok,,1024,1024,RGB,JPEG
5efbf339-19a4-4688-889a-9fe74e0e1b50.jpg,test,data/images/5efbf339-19a4-4688-889a-9fe74e0e1b50.jpg,ok,,896,1195,RGB,JPEG
000317ef-6928-48ca-9b51-7742ab8dfb86.jpg,test,data/images/000317ef-6928-48ca-9b51-7742ab8dfb86.jpg,ok,,1024,1024,RGB,JPEG
ea10cba1-4c06-4233-b524-3019acd97af1.jpg,test,data/images/ea10cba1-4c06-4233-b524-3019acd97af1.jpg,ok,,1024,1024,RGB,JPEG
e805140b-095e-4ae0-bce4-095b3c1ba9b1.jpg,test,data/images/e805140b-095e-4ae0-bce4-095b3c1ba9b1.jpg,ok,,896,1195,RGB,JPEG
f405d337-9405-4ed1-ba92-ef26bb2992e9.jpg,test,data/images/f405d337-9405-4ed1-ba92-ef26bb2992e9.jpg,ok,,896,1195,RGB,JPEG
5a327dfa-dc1f-46c4-bf09-d23f9150cc61.jpg,test,data/images/5a327dfa-dc1f-46c4-bf09-d23f9150cc61.jpg,ok,,1024,1024,RGB,JPEG
994e3e8d-db9b-4917-8e8f-89ed3b765575.jpg,test,data/images/994e3e8d-db9b-4917-8e8f-89ed3b765575.jpg,ok,,400,268,RGB,JPEG
8e8325d4-7fcc-4a74-b423-18d7b66180ae.jpg,test,data/images/8e8325d4-7fcc-4a74-b423-18d7b66180ae.jpg,ok,,1024,1024,RGB,JPEG
8b88e7bb-decd-4d6c-bf84-d5dfed0d3e2a.jpg,test,data/images/8b88e7bb-decd-4d6c-bf84-d5dfed0d3e2a.jpg,ok,,896,1195,RGB,JPEG
bcc74e67-2187-4b88-9552-934ba937a832.jpg,test,data/images/bcc74e67-2187-4b88-9552-934ba937a832.jpg,ok,,175,175,RGBA,PNG
fe9c987e-d15f-4471-8b41-ae7e6e46f3e2.jpg,test,data/images/fe9c987e-d15f-4471-8b41-ae7e6e46f3e2.jpg,ok,,832,1248,RGB,JPEG
9fb6cf44-024a-4fe5-94f6-d534c49f2313.jpg,test,data/images/9fb6cf44-024a-4fe5-94f6-d534c49f2313.jpg,ok,,1248,832,RGB,JPEG
503c572d-dded-4cf8-9be5-484ebf8982e4.jpg,test,data/images/503c572d-dded-4cf8-9be5-484ebf8982e4.jpg,ok,,1024,1024,RGB,JPEG
edbedf46-dad6-4c08-ba16-5c37b1433e7a.jpg,test,data/images/edbedf46-dad6-4c08-ba16-5c37b1433e7a.jpg,ok,,832,1248,RGB,JPEG
b9d1e0b5-6245-49f2-a191-eb65c26f661c.jpg,test,data/images/b9d1e0b5-6245-49f2-a191-eb65c26f661c.jpg,ok,,1024,1024,RGB,JPEG
87cbc5b3-f730-4e22-833e-8ea5a8bc8847.jpg,test,data/images/87cbc5b3-f730-4e22-833e-8ea5a8bc8847.jpg,ok,,1024,1280,RGB,JPEG
37169b32-e1e6-464f-9f42-4c338e69624e.jpg,test,data/images/37169b32-e1e6-464f-9f42-4c338e69624e.jpg,ok,,1024,1024,RGB,JPEG
2ae4d42f-9cf4-4129-8fc0-d96573ede540.jpg,test,data/images/2ae4d42f-9cf4-4129-8fc0-d96573ede540.jpg,ok,,832,1248,RGB,JPEG
9cdac9b8-38e2-4224-976c-0d655b5a9dcd.jpg,test,data/images/9cdac9b8-38e2-4224-976c-0d655b5a9dcd.jpg,ok,,1024,1024,RGB,JPEG
92bfbfaa-2ced-4fb1-92aa-726b715e1ec8.jpg,test,data/images/92bfbfaa-2ced-4fb1-92aa-726b715e1ec8.jpg,ok,,832,1248,RGB,JPEG
ad2f68fe-c385-43a6-a59d-8105c0522469.jpg,test,data/images/ad2f68fe-c385-43a6-a59d-8105c0522469.jpg,ok,,1024,1024,RGB,JPEG
5ed37e40-de18-4df8-9eb5-ccb6d81e19f7.jpg,test,data/images/5ed37e40-de18-4df8-9eb5-ccb6d81e19f7.jpg,ok,,1024,1024,RGB,JPEG
c1e1c76f-213b-4b22-a376-0494f51c3aa0.jpg,test,data/images/c1e1c76f-213b-4b22-a376-0494f51c3aa0.jpg,ok,,2560,2560,RGB,JPEG
fa90152c-3916-493f-afe2-42c6e59d7732.jpg,test,data/images/fa90152c-3916-493f-afe2-42c6e59d7732.jpg,ok,,1024,1024,RGB,JPEG
c12bfb8e-f219-49fc-bf7f-7138397104b7.jpg,test,data/images/c12bfb8e-f219-49fc-bf7f-7138397104b7.jpg,ok,,1248,832,RGB,JPEG
22776269-154b-455f-8621-f2149353071c.jpg,test,data/images/22776269-154b-455f-8621-f2149353071c.jpg,ok,,1024,1024,RGB,JPEG
e53b8216-42d2-4aac-8c14-f2205a93cc7c.jpg,test,data/images/e53b8216-42d2-4aac-8c14-f2205a93cc7c.jpg,ok,,1024,1024,RGB,JPEG
2e54cbb9-15c8-460f-a452-c8cb3d236683.jpg,test,data/images/2e54cbb9-15c8-460f-a452-c8cb3d236683.jpg,ok,,1024,1024,RGB,JPEG
59bbd815-2310-4891-b689-31a85568a002.jpg,test,data/images/59bbd815-2310-4891-b689-31a85568a002.jpg,ok,,1024,1024,RGB,JPEG
110cd321-fe53-47ad-8f42-2479eda8e9f7.jpg,test,data/images/110cd321-fe53-47ad-8f42-2479eda8e9f7.jpg,ok,,896,1195,RGB,JPEG
76748c9a-2a6c-484c-b612-601f7e3238f3.jpg,test,data/images/76748c9a-2a6c-484c-b612-601f7e3238f3.jpg,ok,,1024,1024,RGB,JPEG
ee5c5b13-54ac-49f2-b36a-9a47bee9e880.jpg,test,data/images/ee5c5b13-54ac-49f2-b36a-9a47bee9e880.jpg,ok,,2560,1695,RGB,JPEG
87a1b41b-d61d-41a3-a365-25d534d9e2b7.jpg,test,data/images/87a1b41b-d61d-41a3-a365-25d534d9e2b7.jpg,ok,,1195,896,RGB,JPEG
bf355746-0810-4e4e-9edb-13db4e828b63.jpg,test,data/images/bf355746-0810-4e4e-9edb-13db4e828b63.jpg,ok,,1024,1024,RGB,JPEG
385889e6-ee7e-49ce-8c3d-953c58fdbf9d.jpg,test,data/images/385889e6-ee7e-49ce-8c3d-953c58fdbf9d.jpg,ok,,896,1195,RGB,JPEG
934d7145-6716-4013-a956-da974283623b.jpg,test,data/images/934d7145-6716-4013-a956-da974283623b.jpg,ok,,1024,1024,RGB,JPEG
17b00ce2-1df0-4ff4-99f5-0e58824db130.jpg,test,data/images/17b00ce2-1df0-4ff4-99f5-0e58824db130.jpg,ok,,1024,1024,RGB,JPEG
b439579e-f74a-4985-87a8-e0be7772140d.jpg,test,data/images/b439579e-f74a-4985-87a8-e0be7772140d.jpg,ok,,1024,1024,RGB,JPEG
336c95b7-cfe8-4f2b-906a-2048b2e4cd3d.jpg,test,data/images/336c95b7-cfe8-4f2b-906a-2048b2e4cd3d.jpg,ok,,896,1195,RGB,JPEG
ebb41bbd-1055-407c-81a1-b591e73f72f8.jpg,test,data/images/ebb41bbd-1055-407c-81a1-b591e73f72f8.jpg,ok,,1248,832,RGB,JPEG
4539502f-13a4-41d4-ac91-cf562531eb5b.jpg,test,data/images/4539502f-13a4-41d4-ac91-cf562531eb5b.jpg,ok,,1024,1024,RGB,JPEG
7ced51b5-e0e9-4b5d-8618-fae4b5a3ff9e.jpg,test,data/images/7ced51b5-e0e9-4b5d-8618-fae4b5a3ff9e.jpg,ok,,1024,1024,RGB,JPEG
f3a2994b-4e03-4353-8f51-a0ebf00d1ccc.jpg,test,data/images/f3a2994b-4e03-4353-8f51-a0ebf00d1ccc.jpg,ok,,1024,1024,RGB,JPEG
d631ec5a-289d-423f-ad79-0fe9e44b015d.jpg,test,data/images/d631ec5a-289d-423f-ad79-0fe9e44b015d.jpg,ok,,1024,1024,RGB,JPEG
dc5a9fe6-d02f-4cca-9b04-be536bfb748d.jpg,test,data/images/dc5a9fe6-d02f-4cca-9b04-be536bfb748d.jpg,ok,,1024,1024,RGB,JPEG
ba6aa2e1-d385-41d4-aa1c-cc57f0cf79c9.jpg,test,data/images/ba6aa2e1-d385-41d4-aa1c-cc57f0cf79c9.jpg,ok,,896,1195,RGB,JPEG
f6540a00-85f2-4ec7-aaf0-5cba51e36b93.jpg,test,data/images/f6540a00-85f2-4ec7-aaf0-5cba51e36b93.jpg,ok,,1024,1024,RGB,JPEG
eb2e7300-e8eb-4a51-8227-ed2da6157668.jpg,test,data/images/eb2e7300-e8eb-4a51-8227-ed2da6157668.jpg,ok,,720,960,RGB,JPEG
991a893f-d7c7-45bf-bd5c-6551af96be20.jpg,test,data/images/991a893f-d7c7-45bf-bd5c-6551af96be20.jpg,ok,,896,1195,RGB,JPEG
30d8ed2e-1e9a-44b3-a918-db8fd292073b.jpg,test,data/images/30d8ed2e-1e9a-44b3-a918-db8fd292073b.jpg,ok,,832,1248,RGB,JPEG
44eab336-6d00-4f91-a5e1-a60c33ebefa6.jpg,test,data/images/44eab336-6d00-4f91-a5e1-a60c33ebefa6.jpg,ok,,1024,1024,RGB,JPEG
82cde3f9-b551-4fb0-8d5a-ec7efb56c922.jpg,test,data/images/82cde3f9-b551-4fb0-8d5a-ec7efb56c922.jpg,ok,,1024,1024,RGB,JPEG
8e0b4edc-4728-4215-9d47-a02f44df2b4e.jpg,test,data/images/8e0b4edc-4728-4215-9d47-a02f44df2b4e.jpg,ok,,1024,1024,RGB,JPEG
bc4bda2d-6a1d-4825-a57e-bf7d802f0c2d.jpg,test,data/images/bc4bda2d-6a1d-4825-a57e-bf7d802f0c2d.jpg,ok,,558,1024,RGB,JPEG
cde0d920-c505-4889-9499-cce11029651f.jpg,test,data/images/cde0d920-c505-4889-9499-cce11029651f.jpg,ok,,1024,1024,RGB,JPEG
89d04f03-3a2c-46d9-9bf7-90434c4b88ce.jpg,test,data/images/89d04f03-3a2c-46d9-9bf7-90434c4b88ce.jpg,ok,,1024,1024,RGB,JPEG
46ad1303-fd9d-4e0c-9abb-658667045865.jpg,test,data/images/46ad1303-fd9d-4e0c-9abb-658667045865.jpg,ok,,1024,1024,RGB,JPEG
cbf1b582-2270-45da-8c2b-d2550edf1dba.jpg,test,data/images/cbf1b582-2270-45da-8c2b-d2550edf1dba.jpg,ok,,1024,1024,RGB,JPEG
5bbb719a-af4f-4bb8-b1b1-625d03c338bc.jpg,test,data/images/5bbb719a-af4f-4bb8-b1b1-625d03c338bc.jpg,ok,,1024,558,RGB,JPEG
0ba2fbd1-a424-4c0c-8453-657b6f0b5411.jpg,test,data/images/0ba2fbd1-a424-4c0c-8453-657b6f0b5411.jpg,ok,,896,1195,RGB,JPEG
11ff87e6-ded2-4236-bd0f-12916d38f95e.jpg,test,data/images/11ff87e6-ded2-4236-bd0f-12916d38f95e.jpg,ok,,1024,1024,RGB,JPEG
99dd964b-389e-4df9-961d-e826b0174816.jpg,test,data/images/99dd964b-389e-4df9-961d-e826b0174816.jpg,ok,,1024,558,RGB,JPEG
e469c176-9ce7-4fe5-b417-4580095080ff.jpg,test,data/images/e469c176-9ce7-4fe5-b417-4580095080ff.jpg,ok,,1000,1334,RGB,JPEG
7d441f17-fe28-49c7-9928-e24c2d242aee.jpg,test,data/images/7d441f17-fe28-49c7-9928-e24c2d242aee.jpg,ok,,1024,1024,RGB,JPEG
46046c5a-f9f4-4a57-8022-c5bdbce6c4f2.jpg,test,data/images/46046c5a-f9f4-4a57-8022-c5bdbce6c4f2.jpg,ok,,1024,1024,RGB,JPEG
efd073cb-91f5-4ab2-860a-23589799b326.jpg,test,data/images/efd073cb-91f5-4ab2-860a-23589799b326.jpg,ok,,400,186,RGB,JPEG
f7e1ba1f-04a0-4d7f-9079-a09927f1385b.jpg,test,data/images/f7e1ba1f-04a0-4d7f-9079-a09927f1385b.jpg,ok,,200,200,RGBA,PNG
1a6e7e1f-22b0-41b3-af2f-7cdfb87e8aa6.jpg,test,data/images/1a6e7e1f-22b0-41b3-af2f-7cdfb87e8aa6.jpg,ok,,400,300,RGB,JPEG
82afba9c-3533-43b8-8673-924df659de33.jpg,test,data/images/82afba9c-3533-43b8-8673-924df659de33.jpg,ok,,1024,1024,RGB,JPEG
ffe45bfc-1251-44f7-a06a-43693c9d9ba6.jpg,test,data/images/ffe45bfc-1251-44f7-a06a-43693c9d9ba6.jpg,ok,,1195,896,RGB,JPEG
fdfdc265-2d22-4862-88b3-50885155f1bd.jpg,test,data/images/fdfdc265-2d22-4862-88b3-50885155f1bd.jpg,ok,,1024,1024,RGB,JPEG
0fd1399a-6b49-4e7d-ade7-26331282f33f.jpg,test,data/images/0fd1399a-6b49-4e7d-ade7-26331282f33f.jpg,ok,,1280,1024,RGB,JPEG
409569cc-4e00-4bfc-9af5-fb0523490dc5.jpg,test,data/images/409569cc-4e00-4bfc-9af5-fb0523490dc5.jpg,ok,,896,1195,RGB,JPEG
1fbaf3d6-792c-4e84-862b-5eefc2202f07.jpg,test,data/images/1fbaf3d6-792c-4e84-862b-5eefc2202f07.jpg,ok,,1024,1024,RGB,JPEG
34996e0b-fe94-40ad-99c0-6109fb5d290e.jpg,test,data/images/34996e0b-fe94-40ad-99c0-6109fb5d290e.jpg,ok,,1248,832,RGB,JPEG
4fe10597-d98b-4c41-9ea3-c912d924fff5.jpg,test,data/images/4fe10597-d98b-4c41-9ea3-c912d924fff5.jpg,ok,,1024,716,RGB,JPEG
dd39e169-5a67-4efd-97d6-0ff16f44d6d5.jpg,test,data/images/dd39e169-5a67-4efd-97d6-0ff16f44d6d5.jpg,ok,,1248,832,RGB,JPEG
9c01fea4-f2fa-4a6a-9cb0-f9aa9fd854ad.jpg,test,data/images/9c01fea4-f2fa-4a6a-9cb0-f9aa9fd854ad.jpg,ok,,896,1195,RGB,JPEG
5b2620a1-50b3-49d9-bd2a-82a121dad0d5.jpg,test,data/images/5b2620a1-50b3-49d9-bd2a-82a121dad0d5.jpg,ok,,1080,1920,RGB,JPEG
a34e234f-94b0-4607-ba44-e34d06934956.jpg,test,data/images/a34e234f-94b0-4607-ba44-e34d06934956.jpg,ok,,1248,832,RGB,JPEG
119b208f-50e3-47ca-a881-f5a5ebcaaa8d.jpg,test,data/images/119b208f-50e3-47ca-a881-f5a5ebcaaa8d.jpg,ok,,1024,1024,RGB,JPEG
5e56c7c4-a8ca-42b6-86b2-42d2e5087d77.jpg,test,data/images/5e56c7c4-a8ca-42b6-86b2-42d2e5087d77.jpg,ok,,400,224,RGB,JPEG
2d1fa3c6-3943-49d9-9daf-ab094781ec28.jpg,test,data/images/2d1fa3c6-3943-49d9-9daf-ab094781ec28.jpg,ok,,896,1195,RGB,JPEG
7d9bb13a-16b1-45bd-8f91-6c87f39d2cf2.jpg,test,data/images/7d9bb13a-16b1-45bd-8f91-6c87f39d2cf2.jpg,ok,,1024,1024,RGB,JPEG
8b20cc01-48b2-418b-ac2c-dd264482f92b.jpg,test,data/images/8b20cc01-48b2-418b-ac2c-dd264482f92b.jpg,ok,,1024,1024,RGB,JPEG
d0f149ad-c6ff-48ed-b06d-add867277e47.jpg,test,data/images/d0f149ad-c6ff-48ed-b06d-add867277e47.jpg,ok,,1024,1024,RGB,JPEG
42087046-9e1a-4d80-97ac-a430b2d83e01.jpg,test,data/images/42087046-9e1a-4d80-97ac-a430b2d83e01.jpg,ok,,1024,1024,RGB,JPEG
72ee50fd-5d33-4c2e-ab48-2ff99428c194.jpg,test,data/images/72ee50fd-5d33-4c2e-ab48-2ff99428c194.jpg,ok,,1024,1024,RGB,JPEG
c7698717-61bc-4d2b-8caf-06a154992116.jpg,test,data/images/c7698717-61bc-4d2b-8caf-06a154992116.jpg,ok,,1024,1024,RGB,JPEG
26328bfd-02f5-444b-8523-81af31da3b8a.jpg,test,data/images/26328bfd-02f5-444b-8523-81af31da3b8a.jpg,ok,,800,800,RGB,JPEG
669c49c8-27fb-440a-bdc2-5a954f130040.jpg,test,data/images/669c49c8-27fb-440a-bdc2-5a954f130040.jpg,ok,,1024,558,RGB,JPEG
9594b2ca-8959-4509-b63d-6177d80ee901.jpg,test,data/images/9594b2ca-8959-4509-b63d-6177d80ee901.jpg,ok,,2560,2560,RGB,JPEG
bfdbc34a-c21f-470f-ab6c-466c92d77443.jpg,test,data/images/bfdbc34a-c21f-470f-ab6c-466c92d77443.jpg,ok,,1024,1024,RGB,JPEG
76a97466-4a45-4e4a-9f27-d5579bcf9718.jpg,test,data/images/76a97466-4a45-4e4a-9f27-d5579bcf9718.jpg,ok,,1024,1024,RGB,JPEG
b9769a6e-b489-487b-84d1-692eb37248b0.jpg,test,data/images/b9769a6e-b489-487b-84d1-692eb37248b0.jpg,ok,,1879,2200,RGB,JPEG
6be860fc-3fb0-4667-8aab-0e3d7ec8d4ea.jpg,test,data/images/6be860fc-3fb0-4667-8aab-0e3d7ec8d4ea.jpg,ok,,1024,716,RGB,JPEG
e7ae058c-8efd-427b-a87d-bc6440e110f8.jpg,test,data/images/e7ae058c-8efd-427b-a87d-bc6440e110f8.jpg,ok,,2000,2000,RGB,JPEG
ca5d02ca-46e5-4a46-8979-a10b9f63e55e.jpg,test,data/images/ca5d02ca-46e5-4a46-8979-a10b9f63e55e.jpg,ok,,1790,1114,RGB,JPEG
b663224c-eb19-469c-b5d4-dcd20f300692.jpg,test,data/images/b663224c-eb19-469c-b5d4-dcd20f300692.jpg,ok,,1024,1024,RGB,JPEG
e61c7084-be7d-4cd4-add2-7508c2ea82db.jpg,test,data/images/e61c7084-be7d-4cd4-add2-7508c2ea82db.jpg,ok,,1024,1024,RGB,JPEG
90532e99-e6de-4afd-a949-76170417d38b.jpg,test,data/images/90532e99-e6de-4afd-a949-76170417d38b.jpg,ok,,1024,1024,RGB,JPEG
d9e0deb3-f95e-4456-b11f-c57f256a9b4a.jpg,test,data/images/d9e0deb3-f95e-4456-b11f-c57f256a9b4a.jpg,ok,,1024,1024,RGB,JPEG
4c898b17-f100-48ce-ae55-480af56c46da.jpg,test,data/images/4c898b17-f100-48ce-ae55-480af56c46da.jpg,ok,,1024,1280,RGB,JPEG
8d62af8c-6a36-4cde-a6ba-e6bd3766b8b2.jpg,test,data/images/8d62af8c-6a36-4cde-a6ba-e6bd3766b8b2.jpg,ok,,896,1195,RGB,JPEG
f76d235a-bfda-4cd7-ab10-01c117c1e65e.jpg,test,data/images/f76d235a-bfda-4cd7-ab10-01c117c1e65e.jpg,ok,,1024,1024,RGB,JPEG
dccd8c22-6acc-4fae-8781-9489d6562689.jpg,test,data/images/dccd8c22-6acc-4fae-8781-9489d6562689.jpg,ok,,1024,1024,RGB,JPEG
acdde956-59ce-4379-a6fa-2c36e9eaa418.jpg,test,data/images/acdde956-59ce-4379-a6fa-2c36e9eaa418.jpg,ok,,558,1024,RGB,JPEG
7c9a29e4-a52e-4fcd-95d9-b646d65c7a22.jpg,test,data/images/7c9a29e4-a52e-4fcd-95d9-b646d65c7a22.jpg,ok,,1024,1024,RGB,JPEG
1d16b82b-306c-4cfa-b814-763a19b78e65.jpg,test,data/images/1d16b82b-306c-4cfa-b814-763a19b78e65.jpg,ok,,1024,1024,RGB,JPEG
bda2e463-2714-4f29-b92d-d913650c34d0.jpg,test,data/images/bda2e463-2714-4f29-b92d-d913650c34d0.jpg,ok,,896,1195,RGB,JPEG
5c4f5b3b-ffd9-4f78-9195-846e7f2a56e5.jpg,test,data/images/5c4f5b3b-ffd9-4f78-9195-846e7f2a56e5.jpg,ok,,1024,716,RGB,JPEG
c866e2ee-8d09-463c-b03a-9fb7aeb42bd3.jpg,test,data/images/c866e2ee-8d09-463c-b03a-9fb7aeb42bd3.jpg,ok,,1024,1024,RGB,JPEG
67c5f118-2d28-44ff-bc69-52d89699cebb.jpg,test,data/images/67c5f118-2d28-44ff-bc69-52d89699cebb.jpg,ok,,400,301,RGB,JPEG
fe6f2dc9-4627-4575-86d1-8d6dc61b694d.jpg,test,data/images/fe6f2dc9-4627-4575-86d1-8d6dc61b694d.jpg,ok,,896,1195,RGB,JPEG
d1ecbd3c-d81f-443d-a038-371c59c4b7b2.jpg,test,data/images/d1ecbd3c-d81f-443d-a038-371c59c4b7b2.jpg,ok,,1024,1024,RGB,JPEG
9cdeb241-f723-4541-b071-3df6e6bf13ee.jpg,test,data/images/9cdeb241-f723-4541-b071-3df6e6bf13ee.jpg,ok,,1024,1024,RGB,JPEG
09e4fae7-2026-446c-9fa4-bf6af09085be.jpg,test,data/images/09e4fae7-2026-446c-9fa4-bf6af09085be.jpg,ok,,575,1024,RGB,JPEG
45a1cfa6-bedc-4cc3-8e41-a37615926818.jpg,test,data/images/45a1cfa6-bedc-4cc3-8e41-a37615926818.jpg,ok,,1024,1024,RGB,JPEG
4b59bddb-2825-4bb3-8c48-db8c0e893f24.jpg,test,data/images/4b59bddb-2825-4bb3-8c48-db8c0e893f24.jpg,ok,,1024,1024,RGB,JPEG
862cf766-1ae0-49e5-8b74-4e6f494b8a00.jpg,test,data/images/862cf766-1ae0-49e5-8b74-4e6f494b8a00.jpg,ok,,1280,1024,RGB,JPEG
a0dded2f-57f2-4cac-8d57-098add9113bf.jpg,test,data/images/a0dded2f-57f2-4cac-8d57-098add9113bf.jpg,ok,,832,1248,RGB,JPEG
b6457a40-3376-4096-a004-4acb1a833ff9.jpg,test,data/images/b6457a40-3376-4096-a004-4acb1a833ff9.jpg,ok,,1195,896,RGB,JPEG
098f9493-2556-4dc3-a54d-608d82963a39.jpg,test,data/images/098f9493-2556-4dc3-a54d-608d82963a39.jpg,ok,,1024,1024,RGB,JPEG
84619d08-a2fa-4224-8fc5-9d84b4225524.jpg,test,data/images/84619d08-a2fa-4224-8fc5-9d84b4225524.jpg,ok,,1024,1280,RGB,JPEG
13aef2d0-a869-48fb-89ad-48d8a68a0ccd.jpg,test,data/images/13aef2d0-a869-48fb-89ad-48d8a68a0ccd.jpg,ok,,1024,1024,RGB,JPEG
ebdb1139-eedf-4822-ba01-9525adadb673.jpg,test,data/images/ebdb1139-eedf-4822-ba01-9525adadb673.jpg,ok,,1024,1024,RGB,JPEG
fb2f1aca-a0d4-4e97-8019-29d11f06cecc.jpg,test,data/images/fb2f1aca-a0d4-4e97-8019-29d11f06cecc.jpg,ok,,500,375,RGB,JPEG
3dec555d-daf2-43ae-b6de-390295a1e997.jpg,test,data/images/3dec555d-daf2-43ae-b6de-390295a1e997.jpg,ok,,1024,1024,RGB,JPEG
acb9daab-0208-4ad5-83f1-78b12a8eb8df.jpg,test,data/images/acb9daab-0208-4ad5-83f1-78b12a8eb8df.jpg,ok,,1024,1024,RGB,JPEG
50cf5ffc-14f7-47b7-9930-7b2503562772.jpg,test,data/images/50cf5ffc-14f7-47b7-9930-7b2503562772.jpg,ok,,1024,716,RGB,JPEG
eb393d3d-db9d-4f7f-a936-4e8ac1ec6407.jpg,test,data/images/eb393d3d-db9d-4f7f-a936-4e8ac1ec6407.jpg,ok,,1024,558,RGB,JPEG
924d2ad3-6013-49f2-866c-06eca1477049.jpg,test,data/images/924d2ad3-6013-49f2-866c-06eca1477049.jpg,ok,,1024,1024,RGB,JPEG
7413b1fe-4521-484d-8068-d281c8e023b6.jpg,test,data/images/7413b1fe-4521-484d-8068-d281c8e023b6.jpg,ok,,1024,1024,RGB,JPEG
0487b4f4-4640-477c-9c52-e533a726e230.jpg,test,data/images/0487b4f4-4640-477c-9c52-e533a726e230.jpg,ok,,1195,896,RGB,JPEG
8ad292d8-0868-4c82-a529-e9b4cbb67231.jpg,test,data/images/8ad292d8-0868-4c82-a529-e9b4cbb67231.jpg,ok,,832,1248,RGB,JPEG
e0a60851-27e8-4e9f-8538-3003541bd72c.jpg,test,data/images/e0a60851-27e8-4e9f-8538-3003541bd72c.jpg,ok,,1024,1024,RGB,JPEG
bc5cb4e0-8014-4e70-8ed0-3b86509d663a.jpg,test,data/images/bc5cb4e0-8014-4e70-8ed0-3b86509d663a.jpg,ok,,896,1195,RGB,JPEG
1fb7f176-ba2d-4d4e-93ae-983b4f7b19d3.jpg,test,data/images/1fb7f176-ba2d-4d4e-93ae-983b4f7b19d3.jpg,ok,,1024,1024,RGB,JPEG
09fed88f-3bec-4b7d-ab32-4723ba850ebb.jpg,test,data/images/09fed88f-3bec-4b7d-ab32-4723ba850ebb.jpg,ok,,1024,716,RGB,JPEG
e4ccbcb1-7e9e-442a-9557-c1be267abd6b.jpg,test,data/images/e4ccbcb1-7e9e-442a-9557-c1be267abd6b.jpg,ok,,1248,832,RGB,JPEG
55fe515c-5b02-467c-8a0b-83dec9676334.jpg,test,data/images/55fe515c-5b02-467c-8a0b-83dec9676334.jpg,ok,,1248,832,RGB,JPEG
e3946eb0-3e80-45a7-83b6-8539bd7b1b71.jpg,test,data/images/e3946eb0-3e80-45a7-83b6-8539bd7b1b71.jpg,ok,,832,1248,RGB,JPEG
b99138a1-5159-4ea9-922d-c9eef36dfbf1.jpg,test,data/images/b99138a1-5159-4ea9-922d-c9eef36dfbf1.jpg,ok,,1024,716,RGB,JPEG
88676211-c172-410b-9ba7-595fa10d080c.jpg,test,data/images/88676211-c172-410b-9ba7-595fa10d080c.jpg,ok,,1024,1024,RGB,JPEG
a5342c57-3755-41f3-b903-86663c1c6cfa.jpg,test,data/images/a5342c57-3755-41f3-b903-86663c1c6cfa.jpg,ok,,1024,1024,RGB,JPEG
11e3b3fe-90a4-4379-8b0e-75aca1dcf2c4.jpg,test,data/images/11e3b3fe-90a4-4379-8b0e-75aca1dcf2c4.jpg,ok,,1201,905,RGB,JPEG
94f88cb9-5007-463a-9b4c-b7e149b420ae.jpg,test,data/images/94f88cb9-5007-463a-9b4c-b7e149b420ae.jpg,ok,,1195,896,RGB,JPEG
820ee00c-07f0-41ca-b2d5-700797f5dca4.jpg,test,data/images/820ee00c-07f0-41ca-b2d5-700797f5dca4.jpg,ok,,1024,1024,RGB,JPEG
845b6391-c9e0-47e3-ad84-f0c843ed35e6.jpg,test,data/images/845b6391-c9e0-47e3-ad84-f0c843ed35e6.jpg,ok,,1024,1024,RGB,JPEG
7be03641-0271-49eb-a0bd-ef3add9b170f.jpg,test,data/images/7be03641-0271-49eb-a0bd-ef3add9b170f.jpg,ok,,1024,1024,RGB,JPEG
e45c446d-d42d-440e-ab92-07c6d96e825c.jpg,test,data/images/e45c446d-d42d-440e-ab92-07c6d96e825c.jpg,ok,,1024,1024,RGB,JPEG
c59230d9-ca2f-450c-b6eb-6690f10df883.jpg,test,data/images/c59230d9-ca2f-450c-b6eb-6690f10df883.jpg,ok,,1024,716,RGB,JPEG
360e8143-3966-4969-80ba-e9f54b12d54e.jpg,test,data/images/360e8143-3966-4969-80ba-e9f54b12d54e.jpg,ok,,1024,716,RGB,JPEG
f4957c57-c105-4b22-b78a-fc2d79fd8249.jpg,test,data/images/f4957c57-c105-4b22-b78a-fc2d79fd8249.jpg,ok,,1024,716,RGB,JPEG
e6f6b32f-29fc-4eff-b1ae-0e8117573d2f.jpg,test,data/images/e6f6b32f-29fc-4eff-b1ae-0e8117573d2f.jpg,ok,,1024,1024,RGB,JPEG
c91022ae-1b8a-4155-bc69-38fb006a1ede.jpg,test,data/images/c91022ae-1b8a-4155-bc69-38fb006a1ede.jpg,ok,,1024,1024,RGB,JPEG
94fa1a5d-857b-4ac4-a1d0-3fcb6416579c.jpg,test,data/images/94fa1a5d-857b-4ac4-a1d0-3fcb6416579c.jpg,ok,,1024,1024,RGB,JPEG
a24c633d-7bba-49a7-989c-aa3034d17c7a.jpg,test,data/images/a24c633d-7bba-49a7-989c-aa3034d17c7a.jpg,ok,,1024,558,RGB,JPEG
563134ff-d354-4a91-958f-7bbf7bea8bf8.jpg,test,data/images/563134ff-d354-4a91-958f-7bbf7bea8bf8.jpg,ok,,1248,832,RGB,JPEG
aad9a64e-18d3-4404-adca-11208626f598.jpg,test,data/images/aad9a64e-18d3-4404-adca-11208626f598.jpg,ok,,1024,558,RGB,JPEG
9cc5ca98-a783-4474-904c-9e01779b6724.jpg,test,data/images/9cc5ca98-a783-4474-904c-9e01779b6724.jpg,ok,,1280,956,RGB,JPEG
c5d3d8b6-9241-4b76-8073-0167638f8e43.jpg,test,data/images/c5d3d8b6-9241-4b76-8073-0167638f8e43.jpg,ok,,1024,1024,RGB,JPEG
4206bb66-7b2d-4a7b-827b-d45dd49e0cff.jpg,test,data/images/4206bb66-7b2d-4a7b-827b-d45dd49e0cff.jpg,ok,,1024,1024,RGB,JPEG
64e4014e-778c-46e4-a19b-cd9ae4dbafb8.jpg,test,data/images/64e4014e-778c-46e4-a19b-cd9ae4dbafb8.jpg,ok,,1024,1024,RGB,JPEG
6c983947-3895-4781-ae04-957d3a343720.jpg,test,data/images/6c983947-3895-4781-ae04-957d3a343720.jpg,ok,,1024,1024,RGB,JPEG
d90ca97c-7572-499d-8c67-a654afab488a.jpg,test,data/images/d90ca97c-7572-499d-8c67-a654afab488a.jpg,ok,,896,1195,RGB,JPEG
dcd9c9e8-535b-4e13-af32-e797388cf9be.jpg,test,data/images/dcd9c9e8-535b-4e13-af32-e797388cf9be.jpg,ok,,1024,1024,RGB,JPEG
3170e5e2-d8ff-4414-a7b0-18c7b15c4262.jpg,test,data/images/3170e5e2-d8ff-4414-a7b0-18c7b15c4262.jpg,ok,,1024,1024,RGB,JPEG
6ef36157-1bfc-405a-81d8-4ab7397e16b3.jpg,test,data/images/6ef36157-1bfc-405a-81d8-4ab7397e16b3.jpg,ok,,1024,1024,RGB,JPEG
c472b483-e063-4069-9f0c-42ee31517fb3.jpg,test,data/images/c472b483-e063-4069-9f0c-42ee31517fb3.jpg,ok,,400,400,RGB,JPEG
fcd52cb3-0aa2-497e-99c1-2d2e87367a8c.jpg,test,data/images/fcd52cb3-0aa2-497e-99c1-2d2e87367a8c.jpg,ok,,1024,1024,RGB,JPEG
8fcdbde9-87b1-466f-b648-bdc8028f6dd2.jpg,test,data/images/8fcdbde9-87b1-466f-b648-bdc8028f6dd2.jpg,ok,,1024,558,RGB,JPEG
d817bb7d-a9e3-4543-9071-ae71970c8c64.jpg,test,data/images/d817bb7d-a9e3-4543-9071-ae71970c8c64.jpg,ok,,1248,832,RGB,JPEG
c3f40b66-3ea2-47cf-9b2d-9f016f7fdbf8.jpg,test,data/images/c3f40b66-3ea2-47cf-9b2d-9f016f7fdbf8.jpg,ok,,1024,1024,RGB,JPEG
25c30a97-9a1d-4cf1-8d9f-0496ccd46d78.jpg,test,data/images/25c30a97-9a1d-4cf1-8d9f-0496ccd46d78.jpg,ok,,558,1024,RGB,JPEG
33d5cdca-4b7b-4e11-8615-d5d33d6c9c89.jpg,test,data/images/33d5cdca-4b7b-4e11-8615-d5d33d6c9c89.jpg,ok,,1024,1024,RGB,JPEG
a5d60ae9-3d7a-4ca8-8263-7f6ae96b9e01.jpg,test,data/images/a5d60ae9-3d7a-4ca8-8263-7f6ae96b9e01.jpg,ok,,1248,832,RGB,JPEG
9c484faa-8d67-4f9c-9647-7cd6b49f516a.jpg,test,data/images/9c484faa-8d67-4f9c-9647-7cd6b49f516a.jpg,ok,,1024,1024,RGB,JPEG
529c50d6-34c5-4f9a-a2c5-6ffea5aa1d2c.jpg,test,data/images/529c50d6-34c5-4f9a-a2c5-6ffea5aa1d2c.jpg,ok,,1024,1024,RGB,JPEG
64272679-e3be-4fc6-8904-91a288bd5bdb.jpg,test,data/images/64272679-e3be-4fc6-8904-91a288bd5bdb.jpg,ok,,1024,716,RGB,JPEG
a6d01071-7fe3-487b-9625-94ed8dc84bd0.jpg,test,data/images/a6d01071-7fe3-487b-9625-94ed8dc84bd0.jpg,ok,,1024,1024,RGB,JPEG
c599cd76-47c9-4daa-9074-e0af1eb15c29.jpg,test,data/images/c599cd76-47c9-4daa-9074-e0af1eb15c29.jpg,ok,,896,1195,RGB,JPEG
83488c20-7b62-4dbc-964a-a2d92094ec98.jpg,test,data/images/83488c20-7b62-4dbc-964a-a2d92094ec98.jpg,ok,,1024,1024,RGB,JPEG
6fe7a814-5526-4c56-91c3-611249d59c2f.jpg,test,data/images/6fe7a814-5526-4c56-91c3-611249d59c2f.jpg,ok,,896,1195,RGB,JPEG
59fe5bee-3eec-4ca3-84d1-d3d973f453a8.jpg,test,data/images/59fe5bee-3eec-4ca3-84d1-d3d973f453a8.jpg,ok,,1024,558,RGB,JPEG
8e2662fc-f088-4618-a98b-67eab2d4a03b.jpg,test,data/images/8e2662fc-f088-4618-a98b-67eab2d4a03b.jpg,ok,,1024,1024,RGB,JPEG
df32e055-9c48-4a1c-a9fa-0aa4ca1c00dd.jpg,test,data/images/df32e055-9c48-4a1c-a9fa-0aa4ca1c00dd.jpg,ok,,1024,1024,RGB,JPEG
4f0d9337-403a-4aba-a802-0030706d1e91.jpg,test,data/images/4f0d9337-403a-4aba-a802-0030706d1e91.jpg,ok,,1024,1024,RGB,JPEG
2eddd59a-2a7e-4ca8-91f4-1e672f1eef7b.jpg,test,data/images/2eddd59a-2a7e-4ca8-91f4-1e672f1eef7b.jpg,ok,,896,1195,RGB,JPEG
315c55c6-c8d7-4b79-9c2e-497c18d30a8b.jpg,test,data/images/315c55c6-c8d7-4b79-9c2e-497c18d30a8b.jpg,ok,,1024,1024,RGB,JPEG
e414d646-7720-462d-a244-145fb858a456.jpg,test,data/images/e414d646-7720-462d-a244-145fb858a456.jpg,ok,,1024,1024,RGB,JPEG
abd3b2c1-33d0-4354-b639-38d87d6029fb.jpg,test,data/images/abd3b2c1-33d0-4354-b639-38d87d6029fb.jpg,ok,,1024,1024,RGB,JPEG
c8d6125a-0662-4b51-8b50-65616521eabe.jpg,test,data/images/c8d6125a-0662-4b51-8b50-65616521eabe.jpg,ok,,1024,558,RGB,JPEG
9a5440b8-d48d-443b-b75b-2b8af827bc04.jpg,test,data/images/9a5440b8-d48d-443b-b75b-2b8af827bc04.jpg,ok,,1024,1024,RGB,JPEG
02284610-eaa7-4789-bbdb-d22c55d41568.jpg,test,data/images/02284610-eaa7-4789-bbdb-d22c55d41568.jpg,ok,,1024,1024,RGB,JPEG
e66e2e46-c8d3-4807-b1c7-dec66a88e7e1.jpg,test,data/images/e66e2e46-c8d3-4807-b1c7-dec66a88e7e1.jpg,ok,,1024,1024,RGB,JPEG
2ab82a1d-6389-4768-8b71-a63553eaaf41.jpg,test,data/images/2ab82a1d-6389-4768-8b71-a63553eaaf41.jpg,ok,,1024,1024,RGB,JPEG
d4c3fa83-972d-4f0b-8695-da1a9652346a.jpg,test,data/images/d4c3fa83-972d-4f0b-8695-da1a9652346a.jpg,ok,,1024,1024,RGB,JPEG
3412bc5c-2158-4438-9fa7-f4748bc92f64.jpg,test,data/images/3412bc5c-2158-4438-9fa7-f4748bc92f64.jpg,ok,,1024,558,RGB,JPEG
ef404c9a-7b8e-4ba3-b70b-991e20f3d22b.jpg,test,data/images/ef404c9a-7b8e-4ba3-b70b-991e20f3d22b.jpg,ok,,1024,1024,RGB,JPEG
b68cdb68-8253-4b5e-bf0d-8dc4d7bbb2e4.jpg,test,data/images/b68cdb68-8253-4b5e-bf0d-8dc4d7bbb2e4.jpg,ok,,1024,1024,RGB,JPEG
34099ebb-f4e2-4a1f-9754-1b36ec8516b7.jpg,test,data/images/34099ebb-f4e2-4a1f-9754-1b36ec8516b7.jpg,ok,,1024,1024,RGB,JPEG
71d2ae7c-3704-45d4-a421-c099040fc882.jpg,test,data/images/71d2ae7c-3704-45d4-a421-c099040fc882.jpg,ok,,896,1195,RGB,JPEG
fbbc030b-977e-4be7-bd32-4576146f1701.jpg,test,data/images/fbbc030b-977e-4be7-bd32-4576146f1701.jpg,ok,,1024,1024,RGB,JPEG
1ceb36c0-88a2-49d1-9b97-3acac2463f18.jpg,test,data/images/1ceb36c0-88a2-49d1-9b97-3acac2463f18.jpg,ok,,1024,716,RGB,JPEG
ae202ff4-d0e4-4980-98ee-154bfe2bcc5b.jpg,test,data/images/ae202ff4-d0e4-4980-98ee-154bfe2bcc5b.jpg,ok,,1024,1024,RGB,JPEG
55f9c56f-2561-4ef7-9ba0-d543fbc218eb.jpg,test,data/images/55f9c56f-2561-4ef7-9ba0-d543fbc218eb.jpg,ok,,896,1195,RGB,JPEG
73b83c42-ba06-4daf-ae4e-93899ab7f3d3.jpg,test,data/images/73b83c42-ba06-4daf-ae4e-93899ab7f3d3.jpg,ok,,832,1248,RGB,JPEG
9ef37631-5bbd-465a-8a04-14d81ecadcd7.jpg,test,data/images/9ef37631-5bbd-465a-8a04-14d81ecadcd7.jpg,ok,,896,1195,RGB,JPEG
0d0b1549-5694-462a-a19b-df37ff224a94.jpg,test,data/images/0d0b1549-5694-462a-a19b-df37ff224a94.jpg,ok,,1195,896,RGB,JPEG
8a18cee3-1102-4017-ad84-a21071ec61c5.jpg,test,data/images/8a18cee3-1102-4017-ad84-a21071ec61c5.jpg,ok,,1248,832,RGB,JPEG
c33215f8-b669-46a5-8c69-8a96b367c0b3.jpg,test,data/images/c33215f8-b669-46a5-8c69-8a96b367c0b3.jpg,ok,,1969,2560,RGB,JPEG
c9e9e6e4-583d-4563-9dfb-43765414ac3a.jpg,test,data/images/c9e9e6e4-583d-4563-9dfb-43765414ac3a.jpg,ok,,832,1248,RGB,JPEG
1b048847-09bf-40fb-9f1f-67c6492d4632.jpg,test,data/images/1b048847-09bf-40fb-9f1f-67c6492d4632.jpg,ok,,1024,1024,RGB,JPEG
4bcdca70-da63-4096-9c7d-1e9b78ca863c.jpg,test,data/images/4bcdca70-da63-4096-9c7d-1e9b78ca863c.jpg,ok,,1024,1024,RGB,JPEG
f22ca809-c183-4119-a198-a1b1a9d852dd.jpg,test,data/images/f22ca809-c183-4119-a198-a1b1a9d852dd.jpg,ok,,832,1248,RGB,JPEG
1e173fe0-5d7f-4e5a-bb69-b04aa67b09ea.jpg,test,data/images/1e173fe0-5d7f-4e5a-bb69-b04aa67b09ea.jpg,ok,,1024,1280,RGB,JPEG
a5b1cc54-834f-4be5-9319-7870d980c8e5.jpg,test,data/images/a5b1cc54-834f-4be5-9319-7870d980c8e5.jpg,ok,,1024,716,RGB,JPEG
c8df8cb9-58d1-41dd-93db-f005d735b7da.jpg,test,data/images/c8df8cb9-58d1-41dd-93db-f005d735b7da.jpg,ok,,1280,1024,RGB,JPEG
2b935751-1443-4671-83c9-a4eea7c1b2e8.jpg,test,data/images/2b935751-1443-4671-83c9-a4eea7c1b2e8.jpg,ok,,1024,1024,RGB,JPEG
f6e88323-19c3-46f7-9923-55e38891093a.jpg,test,data/images/f6e88323-19c3-46f7-9923-55e38891093a.jpg,ok,,1024,1024,RGB,JPEG
0d17326d-85e1-4c6f-89f5-9e92a4c9ac49.jpg,test,data/images/0d17326d-85e1-4c6f-89f5-9e92a4c9ac49.jpg,ok,,1024,1024,RGB,JPEG
9b9d86ff-7bb3-4417-a932-aa4b97e368de.jpg,test,data/images/9b9d86ff-7bb3-4417-a932-aa4b97e368de.jpg,ok,,1024,1024,RGB,JPEG
718e3237-be82-4542-9d48-11247508d578.jpg,test,data/images/718e3237-be82-4542-9d48-11247508d578.jpg,ok,,1024,1024,RGB,JPEG
2c2e5854-9226-4906-b293-7a9fb279edd0.jpg,test,data/images/2c2e5854-9226-4906-b293-7a9fb279edd0.jpg,ok,,832,1248,RGB,JPEG
69996c4d-b550-480c-810d-8829333b6a7e.jpg,test,data/images/69996c4d-b550-480c-810d-8829333b6a7e.jpg,ok,,1024,1024,RGB,JPEG
8e310aed-f41f-46ef-811a-9c4a558277a7.jpg,test,data/images/8e310aed-f41f-46ef-811a-9c4a558277a7.jpg,ok,,1024,1024,RGB,JPEG
fa47237a-b214-42f1-aa28-20a124321330.jpg,test,data/images/fa47237a-b214-42f1-aa28-20a124321330.jpg,ok,,1024,1024,RGB,JPEG
8002c427-cc56-47fd-a6e8-e11beec3b3c3.jpg,test,data/images/8002c427-cc56-47fd-a6e8-e11beec3b3c3.jpg,ok,,1024,1024,RGB,JPEG
299ef03d-1d92-48f7-9923-e6333d15e990.jpg,test,data/images/299ef03d-1d92-48f7-9923-e6333d15e990.jpg,ok,,1024,1024,RGB,JPEG
3c38f1e3-d585-4339-8756-0e74b1aa6199.jpg,test,data/images/3c38f1e3-d585-4339-8756-0e74b1aa6199.jpg,ok,,1024,1024,RGB,JPEG
14801d40-178c-4e5b-85d2-dea546fd9765.jpg,test,data/images/14801d40-178c-4e5b-85d2-dea546fd9765.jpg,ok,,1024,558,RGB,JPEG
e7ec1a1b-d4b7-4e0a-962b-b799b59ca990.jpg,test,data/images/e7ec1a1b-d4b7-4e0a-962b-b799b59ca990.jpg,ok,,1024,1024,RGB,JPEG
7554c9ff-be4c-4bda-b9c0-df12e6e8d8ca.jpg,test,data/images/7554c9ff-be4c-4bda-b9c0-df12e6e8d8ca.jpg,ok,,1024,1024,RGB,JPEG
78d915d7-8754-4e7b-a569-92ae5f33cb01.jpg,test,data/images/78d915d7-8754-4e7b-a569-92ae5f33cb01.jpg,ok,,896,1195,RGB,JPEG
1acf6f66-3c0c-4d83-b42d-d42ec6c1d0f9.jpg,test,data/images/1acf6f66-3c0c-4d83-b42d-d42ec6c1d0f9.jpg,ok,,1248,832,RGB,JPEG
204ecff8-c3fd-4ca6-835d-c57eafe2d3d1.jpg,test,data/images/204ecff8-c3fd-4ca6-835d-c57eafe2d3d1.jpg,ok,,810,1080,RGB,JPEG
0ba93c6a-b988-4ce9-8af8-fb83cf617123.jpg,test,data/images/0ba93c6a-b988-4ce9-8af8-fb83cf617123.jpg,ok,,1024,1024,RGB,JPEG
6bb1338a-1e25-430b-abf1-c7be8c8092cc.jpg,test,data/images/6bb1338a-1e25-430b-abf1-c7be8c8092cc.jpg,ok,,1024,1024,RGB,JPEG
ed25a0e8-0872-4f1c-a93c-d242d47ff907.jpg,test,data/images/ed25a0e8-0872-4f1c-a93c-d242d47ff907.jpg,ok,,1248,832,RGB,JPEG
de48330c-4fcd-4a67-806b-15e2ccc0c423.jpg,test,data/images/de48330c-4fcd-4a67-806b-15e2ccc0c423.jpg,ok,,558,1024,RGB,JPEG
1b9eb168-4d44-4801-abc0-b499cefedba6.jpg,test,data/images/1b9eb168-4d44-4801-abc0-b499cefedba6.jpg,ok,,888,1024,RGB,JPEG
cc30a7f4-c069-4545-b584-ddffce19ca9b.jpg,test,data/images/cc30a7f4-c069-4545-b584-ddffce19ca9b.jpg,ok,,1024,1024,RGB,JPEG
42a9bca6-72ce-4b52-99f3-4168facdacc5.jpg,test,data/images/42a9bca6-72ce-4b52-99f3-4168facdacc5.jpg,ok,,1024,1024,RGB,JPEG
26656a91-2f50-4fee-b7f5-1ff6a45697fd.jpg,test,data/images/26656a91-2f50-4fee-b7f5-1ff6a45697fd.jpg,ok,,1195,896,RGB,JPEG
990a465e-04f8-420c-90bf-b3f586ff419c.jpg,test,data/images/990a465e-04f8-420c-90bf-b3f586ff419c.jpg,ok,,1024,1024,RGB,JPEG
799bfeda-fe27-4aa2-b1e5-09c911285c18.jpg,test,data/images/799bfeda-fe27-4aa2-b1e5-09c911285c18.jpg,ok,,1195,896,RGB,JPEG
75084bfc-280b-4561-943e-98fd1becd8ce.jpg,test,data/images/75084bfc-280b-4561-943e-98fd1becd8ce.jpg,ok,,1024,1024,RGB,JPEG
f86a59a5-770b-4a23-ae55-659bd31a200c.jpg,test,data/images/f86a59a5-770b-4a23-ae55-659bd31a200c.jpg,ok,,1024,1280,RGB,JPEG
c3bb1a35-0caf-45fe-b8f8-92f3480f4144.jpg,test,data/images/c3bb1a35-0caf-45fe-b8f8-92f3480f4144.jpg,ok,,1024,1024,RGB,JPEG
3fac2feb-dd2b-4cf0-ac8f-71a70cfd1079.jpg,test,data/images/3fac2feb-dd2b-4cf0-ac8f-71a70cfd1079.jpg,ok,,1195,896,RGB,JPEG
0d2826fb-22bd-4931-b6bf-c30d9e1c193f.jpg,test,data/images/0d2826fb-22bd-4931-b6bf-c30d9e1c193f.jpg,ok,,1024,558,RGB,JPEG
fabde8b4-ae56-431d-8273-94268a8b8dee.jpg,test,data/images/fabde8b4-ae56-431d-8273-94268a8b8dee.jpg,ok,,1024,1024,RGB,JPEG
f66c2c49-8a99-46ff-85ae-abfca06abfbf.jpg,test,data/images/f66c2c49-8a99-46ff-85ae-abfca06abfbf.jpg,ok,,1024,1024,RGB,JPEG
93255c3e-55a8-4641-9860-9b254a16acff.jpg,test,data/images/93255c3e-55a8-4641-9860-9b254a16acff.jpg,ok,,1024,558,RGB,JPEG
d7b9a6d8-180c-4342-b9e2-64402b881dea.jpg,test,data/images/d7b9a6d8-180c-4342-b9e2-64402b881dea.jpg,ok,,1024,558,RGB,JPEG
23813c87-a8c7-4284-be66-2d6706ce2233.jpg,test,data/images/23813c87-a8c7-4284-be66-2d6706ce2233.jpg,ok,,1024,1024,RGB,JPEG
3fd34a06-4e66-440d-8589-e3a4c5e86d0b.jpg,test,data/images/3fd34a06-4e66-440d-8589-e3a4c5e86d0b.jpg,ok,,832,1248,RGB,JPEG
17f2fd5c-832d-4d3d-a1c2-4d4a3b7e518b.jpg,test,data/images/17f2fd5c-832d-4d3d-a1c2-4d4a3b7e518b.jpg,ok,,1024,716,RGB,JPEG
9fa1b03b-af25-4cba-8281-c9c23686e35a.jpg,test,data/images/9fa1b03b-af25-4cba-8281-c9c23686e35a.jpg,ok,,1024,1024,RGB,JPEG
bb719e24-28c7-4187-8b83-3892541fad41.jpg,test,data/images/bb719e24-28c7-4187-8b83-3892541fad41.jpg,ok,,1024,1024,RGB,JPEG
8569e40d-889f-4496-b28a-5b2021f678cd.jpg,test,data/images/8569e40d-889f-4496-b28a-5b2021f678cd.jpg,ok,,1024,1024,RGB,JPEG
ec305f96-7fac-4bac-9a42-4911ddafdbf1.jpg,test,data/images/ec305f96-7fac-4bac-9a42-4911ddafdbf1.jpg,ok,,832,1248,RGB,JPEG
d32fb4d6-cef2-4404-b647-50adfb0eed64.jpg,test,data/images/d32fb4d6-cef2-4404-b647-50adfb0eed64.jpg,ok,,1024,1024,RGB,JPEG
a0106583-f961-4f15-8055-3b3c135ca84b.jpg,test,data/images/a0106583-f961-4f15-8055-3b3c135ca84b.jpg,ok,,1024,1024,RGB,JPEG
f4d8fdf8-5767-4ebb-b29b-f9f3d49e7808.jpg,test,data/images/f4d8fdf8-5767-4ebb-b29b-f9f3d49e7808.jpg,ok,,1248,832,RGB,JPEG
d105644a-be8a-4ff6-8e24-c51f597e873d.jpg,test,data/images/d105644a-be8a-4ff6-8e24-c51f597e873d.jpg,ok,,896,1195,RGB,JPEG
4e4907c9-47a5-40d9-a5e5-5c27d2fe3fbb.jpg,test,data/images/4e4907c9-47a5-40d9-a5e5-5c27d2fe3fbb.jpg,ok,,896,1195,RGB,JPEG
92b2a59e-8c3b-448e-a269-fedd16b47295.jpg,test,data/images/92b2a59e-8c3b-448e-a269-fedd16b47295.jpg,ok,,1024,1024,RGB,JPEG
00888016-16c4-4ce7-a03e-073f04a1a9c8.jpg,test,data/images/00888016-16c4-4ce7-a03e-073f04a1a9c8.jpg,ok,,1024,1024,RGB,JPEG
3b6a0756-8c68-4a99-afe4-dc19d18b5944.jpg,test,data/images/3b6a0756-8c68-4a99-afe4-dc19d18b5944.jpg,ok,,896,1195,RGB,JPEG
191f5257-3631-4812-a4e4-30f5aeb9b8f4.jpg,test,data/images/191f5257-3631-4812-a4e4-30f5aeb9b8f4.jpg,ok,,1024,1024,RGB,JPEG
2605d038-44f8-4aa2-8f0e-bed995f40ba7.jpg,test,data/images/2605d038-44f8-4aa2-8f0e-bed995f40ba7.jpg,ok,,1024,1024,RGB,JPEG
c74e464d-69a7-4ef3-ac3b-b16e4523c8b0.jpg,test,data/images/c74e464d-69a7-4ef3-ac3b-b16e4523c8b0.jpg,ok,,1024,1024,RGB,JPEG
e337f6fe-a67d-4422-af44-cf51a0ec6d20.jpg,test,data/images/e337f6fe-a67d-4422-af44-cf51a0ec6d20.jpg,ok,,1024,1024,RGB,JPEG
ef32d96b-0a29-4d9a-9530-133cba7d337e.jpg,test,data/images/ef32d96b-0a29-4d9a-9530-133cba7d337e.jpg,ok,,1248,832,RGB,JPEG
81b4846b-4fc1-4a5d-8379-bc9a687def56.jpg,test,data/images/81b4846b-4fc1-4a5d-8379-bc9a687def56.jpg,ok,,1024,1024,RGB,JPEG
c436f888-263b-42ce-a808-00fd0ee6c5f0.jpg,test,data/images/c436f888-263b-42ce-a808-00fd0ee6c5f0.jpg,ok,,800,800,RGB,JPEG
bbac868f-7f96-41ae-9ae6-3131caa1de17.jpg,test,data/images/bbac868f-7f96-41ae-9ae6-3131caa1de17.jpg,ok,,1248,832,RGB,JPEG
3f309005-5606-4f94-9229-7d10b24705a1.jpg,test,data/images/3f309005-5606-4f94-9229-7d10b24705a1.jpg,ok,,1024,1024,RGB,JPEG
0b74b1be-d56d-4dc9-b883-6a42b545a164.jpg,test,data/images/0b74b1be-d56d-4dc9-b883-6a42b545a164.jpg,ok,,1248,832,RGB,JPEG
49a2a7c8-2857-42b1-8226-bc8ef51ab3ca.jpg,test,data/images/49a2a7c8-2857-42b1-8226-bc8ef51ab3ca.jpg,ok,,1024,1024,RGB,JPEG
e47bec47-4039-4ac0-8e5b-925fba9ea0d6.jpg,test,data/images/e47bec47-4039-4ac0-8e5b-925fba9ea0d6.jpg,ok,,1280,1024,RGB,JPEG
a37b7f7a-b5a8-425f-bdd5-21e9f130befb.jpg,test,data/images/a37b7f7a-b5a8-425f-bdd5-21e9f130befb.jpg,ok,,1024,1024,RGB,JPEG
e65c34cd-3ce7-4390-8f9d-eac1bf757c0f.jpg,test,data/images/e65c34cd-3ce7-4390-8f9d-eac1bf757c0f.jpg,ok,,1024,1024,RGB,JPEG
eb8e8fb0-16b0-4d1b-9127-64c25b79b4d0.jpg,test,data/images/eb8e8fb0-16b0-4d1b-9127-64c25b79b4d0.jpg,ok,,1024,1024,RGB,JPEG
3887234b-cedf-4dd0-9cdb-d3ea7e0ab5c1.jpg,test,data/images/3887234b-cedf-4dd0-9cdb-d3ea7e0ab5c1.jpg,ok,,832,1248,RGB,JPEG
93123443-1687-457d-a918-25977df70d8e.jpg,test,data/images/93123443-1687-457d-a918-25977df70d8e.jpg,ok,,1024,1024,RGB,JPEG
dbca9e42-23b4-416a-bb1a-ef5e18e7b152.jpg,test,data/images/dbca9e42-23b4-416a-bb1a-ef5e18e7b152.jpg,ok,,832,1248,RGB,JPEG
ec84292c-c54b-47ce-be68-7ad628d17641.jpg,test,data/images/ec84292c-c54b-47ce-be68-7ad628d17641.jpg,ok,,1024,1024,RGB,JPEG
8cf67a25-b325-445e-a1c3-d7f57bd9203b.jpg,test,data/images/8cf67a25-b325-445e-a1c3-d7f57bd9203b.jpg,ok,,1024,716,RGB,JPEG
2d596523-4e19-4e16-8542-4563e3dab7bf.jpg,test,data/images/2d596523-4e19-4e16-8542-4563e3dab7bf.jpg,ok,,1024,1024,RGB,JPEG
cc653111-c4b0-460d-a40f-d4303d6ec012.jpg,test,data/images/cc653111-c4b0-460d-a40f-d4303d6ec012.jpg,ok,,1024,1280,RGB,JPEG
68127e58-6c35-4e5f-8c68-85787c97bf0e.jpg,test,data/images/68127e58-6c35-4e5f-8c68-85787c97bf0e.jpg,ok,,896,1195,RGB,JPEG
c237eb33-c6c9-4f2a-913e-36b5b0a40d36.jpg,test,data/images/c237eb33-c6c9-4f2a-913e-36b5b0a40d36.jpg,ok,,400,300,RGB,JPEG
9ff80a64-9a6f-407e-a17e-54b96325f8a3.jpg,test,data/images/9ff80a64-9a6f-407e-a17e-54b96325f8a3.jpg,ok,,896,1195,RGB,JPEG
52d0dc0f-5273-4a1b-8a3a-5d89fff0ebee.jpg,test,data/images/52d0dc0f-5273-4a1b-8a3a-5d89fff0ebee.jpg,ok,,1024,1024,RGB,JPEG
d1f3907b-39ac-48ce-ae52-211584cb6eef.jpg,test,data/images/d1f3907b-39ac-48ce-ae52-211584cb6eef.jpg,ok,,1024,1024,RGB,JPEG
be57ca40-1fe2-4c66-9018-484e14da2ac9.jpg,test,data/images/be57ca40-1fe2-4c66-9018-484e14da2ac9.jpg,ok,,1024,1024,RGB,JPEG
2ecab923-080c-4698-9793-be04ef24fa71.jpg,test,data/images/2ecab923-080c-4698-9793-be04ef24fa71.jpg,ok,,1024,1024,RGB,JPEG
2cfdaadd-7142-471e-889d-d16d4e04f943.jpg,test,data/images/2cfdaadd-7142-471e-889d-d16d4e04f943.jpg,ok,,896,1195,RGB,JPEG
5ff8ffd2-269e-4f43-9200-b8abba34cd84.jpg,test,data/images/5ff8ffd2-269e-4f43-9200-b8abba34cd84.jpg,ok,,1024,1024,RGB,JPEG
ef59fead-c927-478e-a42b-093b7660afba.jpg,test,data/images/ef59fead-c927-478e-a42b-093b7660afba.jpg,ok,,1248,832,RGB,JPEG
7675b0f0-4d3d-43cc-9396-b11fa76d6dfa.jpg,test,data/images/7675b0f0-4d3d-43cc-9396-b11fa76d6dfa.jpg,ok,,1024,716,RGB,JPEG
e78c9acd-863d-409c-9695-3b93aaf0b82e.jpg,test,data/images/e78c9acd-863d-409c-9695-3b93aaf0b82e.jpg,ok,,1024,1024,RGB,JPEG
cfc39be7-8465-4ca0-bd02-b04b5d397863.jpg,test,data/images/cfc39be7-8465-4ca0-bd02-b04b5d397863.jpg,ok,,1248,832,RGB,JPEG
9a4bdb9f-61ec-486c-a257-d395108d226c.jpg,test,data/images/9a4bdb9f-61ec-486c-a257-d395108d226c.jpg,ok,,1024,1024,RGB,JPEG
ae2a78fd-c191-4434-8cdb-79738f759cb7.jpg,test,data/images/ae2a78fd-c191-4434-8cdb-79738f759cb7.jpg,ok,,1024,1024,RGB,JPEG
4c9ba9ef-74f6-4f2d-a8c9-beee04f2aa75.jpg,test,data/images/4c9ba9ef-74f6-4f2d-a8c9-beee04f2aa75.jpg,ok,,1024,558,RGB,JPEG
fb007119-5ca2-44bc-bb0e-31358ac9c61e.jpg,test,data/images/fb007119-5ca2-44bc-bb0e-31358ac9c61e.jpg,ok,,1280,1024,RGB,JPEG
27c30644-c61f-42be-9ce7-d35fb4596384.jpg,test,data/images/27c30644-c61f-42be-9ce7-d35fb4596384.jpg,ok,,896,1195,RGB,JPEG
bfe6e5aa-76b0-4b7c-9b77-3a1a6c71eae7.jpg,test,data/images/bfe6e5aa-76b0-4b7c-9b77-3a1a6c71eae7.jpg,ok,,1024,1024,RGB,JPEG
bac76a34-0c5d-411e-a2e5-435bd7eda50d.jpg,test,data/images/bac76a34-0c5d-411e-a2e5-435bd7eda50d.jpg,ok,,1024,558,RGB,JPEG
588ca0dd-651a-4d64-a2c5-a3958eb79f2b.jpg,test,data/images/588ca0dd-651a-4d64-a2c5-a3958eb79f2b.jpg,ok,,1195,896,RGB,JPEG
432fae5f-1f84-4cd3-acb8-12c8e96ec1ba.jpg,test,data/images/432fae5f-1f84-4cd3-acb8-12c8e96ec1ba.jpg,ok,,1024,1024,RGB,JPEG
de7a087a-8447-4fc4-adaf-a995ceec539c.jpg,test,data/images/de7a087a-8447-4fc4-adaf-a995ceec539c.jpg,ok,,1024,1024,RGB,JPEG
0863d77a-8d83-4feb-a54b-9591914d3c2e.jpg,test,data/images/0863d77a-8d83-4feb-a54b-9591914d3c2e.jpg,ok,,558,1024,RGB,JPEG
36d724f0-f67a-4534-ad3d-4230c5df04a5.jpg,test,data/images/36d724f0-f67a-4534-ad3d-4230c5df04a5.jpg,ok,,1024,1024,RGB,JPEG
38fca4dd-53a7-4b8e-af32-58358b01a705.jpg,test,data/images/38fca4dd-53a7-4b8e-af32-58358b01a705.jpg,ok,,1024,1024,RGB,JPEG
7755d8a1-fe7a-4dba-a6db-e4d5de0e389e.jpg,test,data/images/7755d8a1-fe7a-4dba-a6db-e4d5de0e389e.jpg,ok,,1024,1024,RGB,JPEG
cd3efb89-695b-4842-b514-8ffd82406d7a.jpg,test,data/images/cd3efb89-695b-4842-b514-8ffd82406d7a.jpg,ok,,1024,1024,RGB,JPEG
1cfae7fa-98e5-4fca-992b-01ef3cdb7d45.jpg,test,data/images/1cfae7fa-98e5-4fca-992b-01ef3cdb7d45.jpg,ok,,896,1195,RGB,JPEG
9581ee99-428a-4756-8ebc-c964f6729d2c.jpg,test,data/images/9581ee99-428a-4756-8ebc-c964f6729d2c.jpg,ok,,1024,558,RGB,JPEG
8b8d6981-b0f6-44e8-adc7-2038fabfd9bd.jpg,test,data/images/8b8d6981-b0f6-44e8-adc7-2038fabfd9bd.jpg,ok,,1024,1280,RGB,JPEG
54169cbc-6c47-4fa7-a543-0258db0e79af.jpg,test,data/images/54169cbc-6c47-4fa7-a543-0258db0e79af.jpg,ok,,896,1195,RGB,JPEG
28281139-8451-4df9-89de-25f4447734fc.jpg,test,data/images/28281139-8451-4df9-89de-25f4447734fc.jpg,ok,,1195,896,RGB,JPEG
83fdf047-ecfb-427a-9f26-158b4298d4c2.jpg,test,data/images/83fdf047-ecfb-427a-9f26-158b4298d4c2.jpg,ok,,1024,1024,RGB,JPEG
4cd6906b-1a81-49e5-8cca-10d9231ae584.jpg,test,data/images/4cd6906b-1a81-49e5-8cca-10d9231ae584.jpg,ok,,1024,1024,RGB,JPEG
13379488-7eea-425c-972b-30c7d565c623.jpg,test,data/images/13379488-7eea-425c-972b-30c7d565c623.jpg,ok,,896,1195,RGB,JPEG
9329cd31-5016-43b0-9baa-37beada9d1aa.jpg,test,data/images/9329cd31-5016-43b0-9baa-37beada9d1aa.jpg,ok,,1024,1024,RGB,JPEG
247612e6-5b13-49cd-a67a-29956ffd2f78.jpg,test,data/images/247612e6-5b13-49cd-a67a-29956ffd2f78.jpg,ok,,1024,1024,RGB,JPEG
48d2645a-65ab-4846-9779-eddbf701a790.jpg,test,data/images/48d2645a-65ab-4846-9779-eddbf701a790.jpg,ok,,896,1195,RGB,JPEG
d5de9a2d-038d-4d2b-970d-f041fc1b3267.jpg,test,data/images/d5de9a2d-038d-4d2b-970d-f041fc1b3267.jpg,ok,,1248,832,RGB,JPEG
8b302f7f-51c5-4615-8ea3-a8cbe2efcb2f.jpg,test,data/images/8b302f7f-51c5-4615-8ea3-a8cbe2efcb2f.jpg,ok,,832,1248,RGB,JPEG
c786e9b7-ef3b-4f7b-bdf2-9efc3184f047.jpg,test,data/images/c786e9b7-ef3b-4f7b-bdf2-9efc3184f047.jpg,ok,,1024,1024,RGB,JPEG
99cbc1f2-14dc-48ff-a780-9235e77a74db.jpg,test,data/images/99cbc1f2-14dc-48ff-a780-9235e77a74db.jpg,ok,,1195,896,RGB,JPEG
54991a3f-7070-45e0-ab8c-cb00f188b449.jpg,test,data/images/54991a3f-7070-45e0-ab8c-cb00f188b449.jpg,ok,,780,1052,RGB,JPEG
4f2d3567-4f36-461b-98ab-6d19c2f3c8b0.jpg,test,data/images/4f2d3567-4f36-461b-98ab-6d19c2f3c8b0.jpg,ok,,1024,1024,RGB,JPEG
89842b05-ffc9-492d-ae34-d934e5999297.jpg,test,data/images/89842b05-ffc9-492d-ae34-d934e5999297.jpg,ok,,1024,558,RGB,JPEG
2df12366-a19e-4ff8-9bff-d260a7236088.jpg,test,data/images/2df12366-a19e-4ff8-9bff-d260a7236088.jpg,ok,,1024,1024,RGB,JPEG
63eb94dd-8497-4d80-9804-a6829fd5f87d.jpg,test,data/images/63eb94dd-8497-4d80-9804-a6829fd5f87d.jpg,ok,,400,129,RGB,JPEG
810ab65e-e7ca-413e-8136-a122ab62a864.jpg,test,data/images/810ab65e-e7ca-413e-8136-a122ab62a864.jpg,ok,,1024,1024,RGB,JPEG
d7993f32-e9c1-4014-b104-d67f79a24012.jpg,test,data/images/d7993f32-e9c1-4014-b104-d67f79a24012.jpg,ok,,1248,832,RGB,JPEG
026eac28-2a15-4cb9-bcbf-40236cf32676.jpg,test,data/images/026eac28-2a15-4cb9-bcbf-40236cf32676.jpg,ok,,1024,1024,RGB,JPEG
538f9601-adaa-4f8f-90c2-c4faab8216e3.jpg,test,data/images/538f9601-adaa-4f8f-90c2-c4faab8216e3.jpg,ok,,896,1195,RGB,JPEG
82dc8f09-766f-4bdd-8159-f1594143edca.jpg,test,data/images/82dc8f09-766f-4bdd-8159-f1594143edca.jpg,ok,,1024,1024,RGB,JPEG
a227f367-fe35-4fbb-a9c1-f033298bd64e.jpg,test,data/images/a227f367-fe35-4fbb-a9c1-f033298bd64e.jpg,ok,,1024,1024,RGB,JPEG
21008680-18a6-48d9-8bf2-afdd6d28df34.jpg,test,data/images/21008680-18a6-48d9-8bf2-afdd6d28df34.jpg,ok,,1024,558,RGB,JPEG
38991577-6ec1-4576-b699-888e06a7f839.jpg,test,data/images/38991577-6ec1-4576-b699-888e06a7f839.jpg,ok,,896,1195,RGB,JPEG
0a7db002-ec50-4fb9-8003-07b36198020b.jpg,test,data/images/0a7db002-ec50-4fb9-8003-07b36198020b.jpg,ok,,1024,1024,RGB,JPEG
370d478c-d14d-4f66-aed9-a4ca4b73d158.jpg,test,data/images/370d478c-d14d-4f66-aed9-a4ca4b73d158.jpg,ok,,1024,1024,RGB,JPEG
b8a6d2a8-18a1-4fcf-95ff-2bfa0420db91.jpg,test,data/images/b8a6d2a8-18a1-4fcf-95ff-2bfa0420db91.jpg,ok,,1024,1024,RGB,JPEG
66a8b236-1abf-47e2-b412-55143e461d71.jpg,test,data/images/66a8b236-1abf-47e2-b412-55143e461d71.jpg,ok,,1024,1024,RGB,JPEG
58c6723c-1c68-4466-ad43-96a8c49652a9.jpg,test,data/images/58c6723c-1c68-4466-ad43-96a8c49652a9.jpg,ok,,1195,896,RGB,JPEG
ed07a3a5-4ff5-4dbc-ab91-9396f13e417b.jpg,test,data/images/ed07a3a5-4ff5-4dbc-ab91-9396f13e417b.jpg,ok,,896,1195,RGB,JPEG
a568db46-1fc0-450c-953b-3ed204a177f0.jpg,test,data/images/a568db46-1fc0-450c-953b-3ed204a177f0.jpg,ok,,1024,1024,RGB,JPEG
1547b9f0-0a38-4751-9cd0-d428ae2390f2.jpg,test,data/images/1547b9f0-0a38-4751-9cd0-d428ae2390f2.jpg,ok,,1024,1024,RGB,JPEG
60904cc6-8f7c-42bd-8faa-0d20c8ed9b7c.jpg,test,data/images/60904cc6-8f7c-42bd-8faa-0d20c8ed9b7c.jpg,ok,,896,1195,RGB,JPEG
5eb67dd3-0baa-4b20-b156-2451fcd33268.jpg,test,data/images/5eb67dd3-0baa-4b20-b156-2451fcd33268.jpg,ok,,1024,716,RGB,JPEG
b7d8b3e2-ab9d-4eec-8ba9-4ae4be4c755c.jpg,test,data/images/b7d8b3e2-ab9d-4eec-8ba9-4ae4be4c755c.jpg,ok,,896,1195,RGB,JPEG
18af1f21-5ef7-478c-93e6-80250012a65d.jpg,test,data/images/18af1f21-5ef7-478c-93e6-80250012a65d.jpg,ok,,1024,1024,RGB,JPEG
57cc2e5b-a597-4d13-acda-857bd44b6c46.jpg,test,data/images/57cc2e5b-a597-4d13-acda-857bd44b6c46.jpg,ok,,1248,832,RGB,JPEG
c6f74bbe-a8a9-44b6-94f4-24335f9c7a64.jpg,test,data/images/c6f74bbe-a8a9-44b6-94f4-24335f9c7a64.jpg,ok,,558,1024,RGB,JPEG
0d5d0a3b-c9c9-4896-b5d5-f74042ed5ce7.jpg,test,data/images/0d5d0a3b-c9c9-4896-b5d5-f74042ed5ce7.jpg,ok,,1024,1024,RGB,JPEG
d61e843a-4e9a-44f6-a3b2-3599a27aa2c1.jpg,test,data/images/d61e843a-4e9a-44f6-a3b2-3599a27aa2c1.jpg,ok,,400,349,RGB,JPEG
0b20c887-1b94-4460-8c15-1db0ca682a6f.jpg,test,data/images/0b20c887-1b94-4460-8c15-1db0ca682a6f.jpg,ok,,1024,1024,RGB,JPEG
0abeb1f3-dd70-4717-84df-62d3b8e00f72.jpg,test,data/images/0abeb1f3-dd70-4717-84df-62d3b8e00f72.jpg,ok,,1248,832,RGB,JPEG
7b46c011-c3ea-4272-a648-94de129dcc13.jpg,test,data/images/7b46c011-c3ea-4272-a648-94de129dcc13.jpg,ok,,896,1195,RGB,JPEG
1b8f6988-8be0-4bd6-b3f5-3eb4c18d8870.jpg,test,data/images/1b8f6988-8be0-4bd6-b3f5-3eb4c18d8870.jpg,ok,,1024,1024,RGB,JPEG
c8ffdea8-8787-4d3e-80dd-e3fe39db5687.jpg,test,data/images/c8ffdea8-8787-4d3e-80dd-e3fe39db5687.jpg,ok,,1024,1024,RGB,JPEG
52dced51-d004-4cc5-96b7-acb3f2b3c026.jpg,test,data/images/52dced51-d004-4cc5-96b7-acb3f2b3c026.jpg,ok,,1195,896,RGB,JPEG
bdaf4964-db80-4e2c-98b9-bb95d5df4f9b.jpg,test,data/images/bdaf4964-db80-4e2c-98b9-bb95d5df4f9b.jpg,ok,,1024,1024,RGB,JPEG
aa1cd106-e8f2-48a4-8bef-7df1f184d816.jpg,test,data/images/aa1cd106-e8f2-48a4-8bef-7df1f184d816.jpg,ok,,1024,1024,RGB,JPEG
5af6ddb5-1add-4411-a73c-273b82335127.jpg,test,data/images/5af6ddb5-1add-4411-a73c-273b82335127.jpg,ok,,1024,1024,RGB,JPEG
59d2edc9-7da0-4332-b924-93bf5a215bf0.jpg,test,data/images/59d2edc9-7da0-4332-b924-93bf5a215bf0.jpg,ok,,1024,1024,RGB,JPEG
29e892d9-d30f-4217-845f-2e35a0799fb6.jpg,test,data/images/29e892d9-d30f-4217-845f-2e35a0799fb6.jpg,ok,,1024,1024,RGB,JPEG
c2b93cb9-3999-4bb6-a946-0ce24c57f2ae.jpg,test,data/images/c2b93cb9-3999-4bb6-a946-0ce24c57f2ae.jpg,ok,,1024,1024,RGB,JPEG
90c7f0f5-29be-448a-b3ec-4f6629f84bb2.jpg,test,data/images/90c7f0f5-29be-448a-b3ec-4f6629f84bb2.jpg,ok,,1248,832,RGB,JPEG
d922f254-4e6e-4857-b25e-64def2145f03.jpg,test,data/images/d922f254-4e6e-4857-b25e-64def2145f03.jpg,ok,,1024,1024,RGB,JPEG
032f880c-bdd6-44aa-897b-8a156a1502f1.jpg,test,data/images/032f880c-bdd6-44aa-897b-8a156a1502f1.jpg,ok,,1024,1024,RGB,JPEG
d148d49f-1f9d-4183-bb2f-b0802a078443.jpg,test,data/images/d148d49f-1f9d-4183-bb2f-b0802a078443.jpg,ok,,896,1195,RGB,JPEG
683e4242-c437-4b08-ade1-478b40205e73.jpg,test,data/images/683e4242-c437-4b08-ade1-478b40205e73.jpg,ok,,1041,2560,RGB,JPEG
ec32c9a5-ab72-469f-ab91-324ca94ec0dc.jpg,test,data/images/ec32c9a5-ab72-469f-ab91-324ca94ec0dc.jpg,ok,,1024,558,RGB,JPEG
730587e3-9086-4cf8-bc8c-a4c1bbafbb1a.jpg,test,data/images/730587e3-9086-4cf8-bc8c-a4c1bbafbb1a.jpg,ok,,896,1195,RGB,JPEG
6e750af6-788c-4d97-b175-831a35132ca0.jpg,test,data/images/6e750af6-788c-4d97-b175-831a35132ca0.jpg,ok,,1024,1024,RGB,JPEG
532b5249-e80e-4567-b091-73d9db46bf05.jpg,test,data/images/532b5249-e80e-4567-b091-73d9db46bf05.jpg,ok,,800,800,RGB,JPEG
44241158-d914-4378-93cd-6419ce19b1e3.jpg,test,data/images/44241158-d914-4378-93cd-6419ce19b1e3.jpg,ok,,832,1248,RGB,JPEG
520f7003-f747-403f-ac85-4bda5e21b8ff.jpg,test,data/images/520f7003-f747-403f-ac85-4bda5e21b8ff.jpg,ok,,1024,1024,RGB,JPEG
f5d7f09e-ea4d-40b6-a941-d9269c93f228.jpg,test,data/images/f5d7f09e-ea4d-40b6-a941-d9269c93f228.jpg,ok,,1024,1024,RGB,JPEG
1d219a09-d35d-4c51-8acf-606de7f2b22b.jpg,test,data/images/1d219a09-d35d-4c51-8acf-606de7f2b22b.jpg,ok,,1024,1024,RGB,JPEG
ff9285aa-b938-4fca-8827-796d4fae6499.jpg,test,data/images/ff9285aa-b938-4fca-8827-796d4fae6499.jpg,ok,,1024,1024,RGB,JPEG
e52b856b-da11-4f96-9e72-879c946dc078.jpg,test,data/images/e52b856b-da11-4f96-9e72-879c946dc078.jpg,ok,,1024,1024,RGB,JPEG
a3416fda-7bfd-40d3-b50c-825d7be72fa2.jpg,test,data/images/a3416fda-7bfd-40d3-b50c-825d7be72fa2.jpg,ok,,832,1248,RGB,JPEG
d1609df4-8f81-4fc4-9c46-06d289837d6f.jpg,test,data/images/d1609df4-8f81-4fc4-9c46-06d289837d6f.jpg,ok,,1195,896,RGB,JPEG
8a49f39a-0ab2-4efa-925e-0ead66bb67a1.jpg,test,data/images/8a49f39a-0ab2-4efa-925e-0ead66bb67a1.jpg,ok,,1248,832,RGB,JPEG
ad80d707-e90a-4c0e-ba2e-5985dbde30df.jpg,test,data/images/ad80d707-e90a-4c0e-ba2e-5985dbde30df.jpg,ok,,1024,1024,RGB,JPEG
5cbdaa1d-b027-46e9-820b-5de061c03200.jpg,test,data/images/5cbdaa1d-b027-46e9-820b-5de061c03200.jpg,ok,,1024,1024,RGB,JPEG
77d2ef25-0874-4e83-a01d-5213e714b232.jpg,test,data/images/77d2ef25-0874-4e83-a01d-5213e714b232.jpg,ok,,1024,1024,RGB,JPEG
17e59c7f-b933-4a8b-909c-f33166cfb8a2.jpg,test,data/images/17e59c7f-b933-4a8b-909c-f33166cfb8a2.jpg,ok,,1024,716,RGB,JPEG
6e1b0e42-3139-4b28-95d4-5085405ff735.jpg,test,data/images/6e1b0e42-3139-4b28-95d4-5085405ff735.jpg,ok,,1024,1024,RGB,JPEG
dd4a72b7-85cd-4938-9f5f-b22bfb4e428f.jpg,test,data/images/dd4a72b7-85cd-4938-9f5f-b22bfb4e428f.jpg,ok,,896,1195,RGB,JPEG
36853883-d952-4aec-acb6-2a746fcda1ac.jpg,test,data/images/36853883-d952-4aec-acb6-2a746fcda1ac.jpg,ok,,1024,716,RGB,JPEG
e0ba1fd5-e742-4f6f-9742-278e768bfe91.jpg,test,data/images/e0ba1fd5-e742-4f6f-9742-278e768bfe91.jpg,ok,,1024,1024,RGB,JPEG
b9f3c7f3-646f-4b7a-90e6-df85a06dc811.jpg,test,data/images/b9f3c7f3-646f-4b7a-90e6-df85a06dc811.jpg,ok,,1024,1024,RGB,JPEG
b8d751ef-3f70-4574-9fde-a21b217fa4be.jpg,test,data/images/b8d751ef-3f70-4574-9fde-a21b217fa4be.jpg,ok,,1024,1024,RGB,JPEG
43445390-5460-4555-a0f7-a4f7846d73bd.jpg,test,data/images/43445390-5460-4555-a0f7-a4f7846d73bd.jpg,ok,,1195,896,RGB,JPEG
f33b9507-c2b6-4a4b-8def-939b44e45396.jpg,test,data/images/f33b9507-c2b6-4a4b-8def-939b44e45396.jpg,ok,,896,1195,RGB,JPEG
0d5e8db2-b341-4da4-bdf3-b7482e4fa176.jpg,test,data/images/0d5e8db2-b341-4da4-bdf3-b7482e4fa176.jpg,ok,,896,1195,RGB,JPEG
9c840472-5b60-4a7e-88d5-af9643b96082.jpg,test,data/images/9c840472-5b60-4a7e-88d5-af9643b96082.jpg,ok,,1024,1024,RGB,JPEG
9486a2cc-21f4-4c30-96fa-3cb81290c67a.jpg,test,data/images/9486a2cc-21f4-4c30-96fa-3cb81290c67a.jpg,ok,,558,1024,RGB,JPEG
4fd577de-c564-424c-91d3-001ac71a949c.jpg,test,data/images/4fd577de-c564-424c-91d3-001ac71a949c.jpg,ok,,1024,1024,RGB,JPEG
50917a85-7c58-42b8-bdb7-0a4a70ce6b2e.jpg,test,data/images/50917a85-7c58-42b8-bdb7-0a4a70ce6b2e.jpg,ok,,1024,1024,RGB,JPEG
ca869bc9-1079-40fc-b682-92aee3252a46.jpg,test,data/images/ca869bc9-1079-40fc-b682-92aee3252a46.jpg,ok,,1535,1535,RGB,JPEG
823c57fe-c461-4bf9-8681-4f4ba51ad833.jpg,test,data/images/823c57fe-c461-4bf9-8681-4f4ba51ad833.jpg,ok,,1024,1024,RGB,JPEG
92c9fe01-15ae-4019-a2b2-ea669a568f2c.jpg,test,data/images/92c9fe01-15ae-4019-a2b2-ea669a568f2c.jpg,ok,,1024,1024,RGB,JPEG
27b18a57-b9fe-4166-9ecb-5d95e2e88b1a.jpg,test,data/images/27b18a57-b9fe-4166-9ecb-5d95e2e88b1a.jpg,ok,,400,300,RGB,JPEG
eabe6fac-a2af-4774-9ad5-219442fdaecf.jpg,test,data/images/eabe6fac-a2af-4774-9ad5-219442fdaecf.jpg,ok,,896,1195,RGB,JPEG
06eea4da-afb7-4b8e-a450-e1238eb5af24.jpg,test,data/images/06eea4da-afb7-4b8e-a450-e1238eb5af24.jpg,ok,,558,1024,RGB,JPEG
1fb09e0d-df02-410f-8f11-d6f8a1b38050.jpg,test,data/images/1fb09e0d-df02-410f-8f11-d6f8a1b38050.jpg,ok,,1024,716,RGB,JPEG
10a784f7-f1d5-40c5-be62-bbb0bf706ddd.jpg,test,data/images/10a784f7-f1d5-40c5-be62-bbb0bf706ddd.jpg,ok,,1001,1001,RGB,JPEG
de58c78e-1d17-46a4-8093-04d471380a7b.jpg,test,data/images/de58c78e-1d17-46a4-8093-04d471380a7b.jpg,ok,,1024,1024,RGB,JPEG
09d672b6-d503-4ed1-b18c-f20e9c876e82.jpg,test,data/images/09d672b6-d503-4ed1-b18c-f20e9c876e82.jpg,ok,,1024,1024,RGB,JPEG
545c8133-f809-4605-a3f0-3ca82a08791a.jpg,test,data/images/545c8133-f809-4605-a3f0-3ca82a08791a.jpg,ok,,896,1195,RGB,JPEG
d5602798-0457-4544-98de-32798e83cbe9.jpg,test,data/images/d5602798-0457-4544-98de-32798e83cbe9.jpg,ok,,832,1248,RGB,JPEG
55fa6291-e711-4f52-a6ce-b232a4f9a56a.jpg,test,data/images/55fa6291-e711-4f52-a6ce-b232a4f9a56a.jpg,ok,,1024,1024,RGB,JPEG
7915eeef-3b1a-43e5-9691-9af947ff1f41.jpg,test,data/images/7915eeef-3b1a-43e5-9691-9af947ff1f41.jpg,ok,,1195,896,RGB,JPEG
a38a6422-cf05-41d9-83fb-1b7f7d2ce596.jpg,test,data/images/a38a6422-cf05-41d9-83fb-1b7f7d2ce596.jpg,ok,,1195,896,RGB,JPEG
9853271c-ac79-459f-a6fe-2b1cbd6e3a8d.jpg,test,data/images/9853271c-ac79-459f-a6fe-2b1cbd6e3a8d.jpg,ok,,1024,1024,RGB,JPEG
59b01066-5bb6-4b43-b29d-323d97b14d8e.jpg,test,data/images/59b01066-5bb6-4b43-b29d-323d97b14d8e.jpg,ok,,1024,1024,RGB,JPEG
f2376b1c-017a-4d25-b27c-0a039f2d22e8.jpg,test,data/images/f2376b1c-017a-4d25-b27c-0a039f2d22e8.jpg,ok,,1195,896,RGB,JPEG
51e7fc50-c9ac-4612-94df-b2c323ca6290.jpg,test,data/images/51e7fc50-c9ac-4612-94df-b2c323ca6290.jpg,ok,,1280,1024,RGB,JPEG
d9c12c2e-3019-473c-a9b2-49751c05491e.jpg,test,data/images/d9c12c2e-3019-473c-a9b2-49751c05491e.jpg,ok,,1024,558,RGB,JPEG
8d02e36e-9500-488b-84f7-6f2734b823cc.jpg,test,data/images/8d02e36e-9500-488b-84f7-6f2734b823cc.jpg,ok,,1024,1024,RGB,JPEG
275938f1-39d8-41aa-a9ae-874d67afa92f.jpg,test,data/images/275938f1-39d8-41aa-a9ae-874d67afa92f.jpg,ok,,500,375,RGB,JPEG
e8efb187-51a7-461d-9a5b-646921dac92a.jpg,test,data/images/e8efb187-51a7-461d-9a5b-646921dac92a.jpg,ok,,1024,1024,RGB,JPEG
55c2eb1c-b8f7-44f5-b155-2ef037129147.jpg,test,data/images/55c2eb1c-b8f7-44f5-b155-2ef037129147.jpg,ok,,1248,832,RGB,JPEG
72917047-e1cf-4b89-ad04-15c7440b8f9f.jpg,test,data/images/72917047-e1cf-4b89-ad04-15c7440b8f9f.jpg,ok,,1248,832,RGB,JPEG
71a249c0-e088-4238-a747-053951183154.jpg,test,data/images/71a249c0-e088-4238-a747-053951183154.jpg,ok,,800,800,RGB,JPEG
9285447c-ae32-49b1-9ceb-c0406fe563e3.jpg,test,data/images/9285447c-ae32-49b1-9ceb-c0406fe563e3.jpg,ok,,1024,1024,RGB,JPEG
854b109e-29a1-4705-8ca8-fbbee25a7e60.jpg,test,data/images/854b109e-29a1-4705-8ca8-fbbee25a7e60.jpg,ok,,896,1195,RGB,JPEG
e32a0edb-61ce-410a-9229-085b2866fe3f.jpg,test,data/images/e32a0edb-61ce-410a-9229-085b2866fe3f.jpg,ok,,1024,1024,RGB,JPEG
114ad6a9-d2ab-40f1-ad9c-d2db4d6322b5.jpg,test,data/images/114ad6a9-d2ab-40f1-ad9c-d2db4d6322b5.jpg,ok,,1024,1024,RGB,JPEG
22dde312-0bf7-4d75-bd6c-5b1fa6c1d54c.jpg,test,data/images/22dde312-0bf7-4d75-bd6c-5b1fa6c1d54c.jpg,ok,,1024,1024,RGB,JPEG
fd9cc3e2-fe90-4c65-9e38-5a53504ebad7.jpg,test,data/images/fd9cc3e2-fe90-4c65-9e38-5a53504ebad7.jpg,ok,,1024,558,RGB,JPEG
a7a70766-fd21-438a-8c99-abf4815f2ee1.jpg,test,data/images/a7a70766-fd21-438a-8c99-abf4815f2ee1.jpg,ok,,1024,1024,RGB,JPEG
f21e5fcd-118b-4696-9015-f07b6bec6544.jpg,test,data/images/f21e5fcd-118b-4696-9015-f07b6bec6544.jpg,ok,,1024,1024,RGB,JPEG
f9d9a16a-d511-416d-8f6a-0214775c75f5.jpg,test,data/images/f9d9a16a-d511-416d-8f6a-0214775c75f5.jpg,ok,,832,1248,RGB,JPEG
a7b01edd-f207-4da2-9d46-d4704c9cd825.jpg,test,data/images/a7b01edd-f207-4da2-9d46-d4704c9cd825.jpg,ok,,1024,1024,RGB,JPEG
5913ac2b-5c27-472e-b935-4470c9e6ed50.jpg,test,data/images/5913ac2b-5c27-472e-b935-4470c9e6ed50.jpg,ok,,1024,1024,RGB,JPEG
0a02497e-3ec8-414c-8e2c-f0d3cb7691ed.jpg,test,data/images/0a02497e-3ec8-414c-8e2c-f0d3cb7691ed.jpg,ok,,1024,1024,RGB,JPEG
3f7de976-1b86-4eb0-ac2f-946ad41016f4.jpg,test,data/images/3f7de976-1b86-4eb0-ac2f-946ad41016f4.jpg,ok,,1024,1024,RGB,JPEG
85efa384-48e3-4e39-bfe1-c6a8af1c2420.jpg,test,data/images/85efa384-48e3-4e39-bfe1-c6a8af1c2420.jpg,ok,,1024,1024,RGB,JPEG
372bf936-9488-4761-bfb1-1e3fc93a83f2.jpg,test,data/images/372bf936-9488-4761-bfb1-1e3fc93a83f2.jpg,ok,,1195,896,RGB,JPEG
2a6d4ac3-497a-4b9a-a80a-68e90c9610b4.jpg,test,data/images/2a6d4ac3-497a-4b9a-a80a-68e90c9610b4.jpg,ok,,1024,1024,RGB,JPEG
88eefda0-4655-404f-b3e1-d19e2d6cc60a.jpg,test,data/images/88eefda0-4655-404f-b3e1-d19e2d6cc60a.jpg,ok,,1024,716,RGB,JPEG
545b0524-dc87-4098-ad64-fafe38d91fcb.jpg,test,data/images/545b0524-dc87-4098-ad64-fafe38d91fcb.jpg,ok,,1024,1024,RGB,JPEG
a4c69e4f-1ffb-499b-b7ed-9a94476f2933.jpg,test,data/images/a4c69e4f-1ffb-499b-b7ed-9a94476f2933.jpg,ok,,1024,1024,RGB,JPEG
14202eb4-78c3-4cc4-a56d-8dce48336051.jpg,test,data/images/14202eb4-78c3-4cc4-a56d-8dce48336051.jpg,ok,,1024,1024,RGB,JPEG
86fdf531-69ac-49fd-bfdb-f3a5e364e1ee.jpg,test,data/images/86fdf531-69ac-49fd-bfdb-f3a5e364e1ee.jpg,ok,,1024,1024,RGB,JPEG
43e20478-5e2b-470a-ac18-d469f4e62761.jpg,test,data/images/43e20478-5e2b-470a-ac18-d469f4e62761.jpg,ok,,1024,1024,RGB,JPEG
b3904eff-d10f-457d-b4bf-59912e6ec29d.jpg,test,data/images/b3904eff-d10f-457d-b4bf-59912e6ec29d.jpg,ok,,1024,1024,RGB,JPEG
76551fc2-9e5d-44f3-98a4-792a78d15b3b.jpg,test,data/images/76551fc2-9e5d-44f3-98a4-792a78d15b3b.jpg,ok,,800,800,RGB,JPEG
cc2b69eb-7203-4175-adf9-cdcc719ea58b.jpg,test,data/images/cc2b69eb-7203-4175-adf9-cdcc719ea58b.jpg,ok,,1465,1338,RGB,JPEG
c60e0814-ebb0-430d-8a10-5cd1fa5627b8.jpg,test,data/images/c60e0814-ebb0-430d-8a10-5cd1fa5627b8.jpg,ok,,896,1195,RGB,JPEG
83fd185a-e3d1-4268-bc76-e42a4d345b8c.jpg,test,data/images/83fd185a-e3d1-4268-bc76-e42a4d345b8c.jpg,ok,,832,1248,RGB,JPEG
dbbcce84-ffc8-45d0-a4e9-a7473f3972bc.jpg,test,data/images/dbbcce84-ffc8-45d0-a4e9-a7473f3972bc.jpg,ok,,1024,1024,RGB,JPEG
959c95cf-f28f-4448-99d1-a9072c70c710.jpg,test,data/images/959c95cf-f28f-4448-99d1-a9072c70c710.jpg,ok,,1024,716,RGB,JPEG
edc0345e-dad3-48be-86f2-cdb176e43d37.jpg,test,data/images/edc0345e-dad3-48be-86f2-cdb176e43d37.jpg,ok,,832,1248,RGB,JPEG
8e225874-4edf-4651-8d88-ffa0b8d9ca19.jpg,test,data/images/8e225874-4edf-4651-8d88-ffa0b8d9ca19.jpg,ok,,1024,1024,RGB,JPEG
96ccb193-12d9-4efe-8930-85aea174055e.jpg,test,data/images/96ccb193-12d9-4efe-8930-85aea174055e.jpg,ok,,832,1248,RGB,JPEG
613a9407-c9c2-4a1c-9137-abd77993c587.jpg,test,data/images/613a9407-c9c2-4a1c-9137-abd77993c587.jpg,ok,,1024,1024,RGB,JPEG
79b7c9b1-f129-4797-b1c8-3f2ac54979fb.jpg,test,data/images/79b7c9b1-f129-4797-b1c8-3f2ac54979fb.jpg,ok,,1024,1024,RGB,JPEG
a8b34593-ec9e-4f4b-9b2e-855cedb7c582.jpg,test,data/images/a8b34593-ec9e-4f4b-9b2e-855cedb7c582.jpg,ok,,896,1195,RGB,JPEG
12d2045d-efc8-42ec-9123-89bc0a3f17a4.jpg,test,data/images/12d2045d-efc8-42ec-9123-89bc0a3f17a4.jpg,ok,,1195,896,RGB,JPEG
40c1a538-3a57-4552-bba3-c2124ddbe2b4.jpg,test,data/images/40c1a538-3a57-4552-bba3-c2124ddbe2b4.jpg,ok,,1024,1024,RGB,JPEG
89e0fb82-0a5c-42d1-a638-f2a543555ebb.jpg,test,data/images/89e0fb82-0a5c-42d1-a638-f2a543555ebb.jpg,ok,,896,1195,RGB,JPEG
733373ee-e1f2-499c-ac46-aad1097e6e68.jpg,test,data/images/733373ee-e1f2-499c-ac46-aad1097e6e68.jpg,ok,,1024,1280,RGB,JPEG
530d70c9-8cb0-4403-bef2-083177a6edd5.jpg,test,data/images/530d70c9-8cb0-4403-bef2-083177a6edd5.jpg,ok,,1024,1024,RGB,JPEG
999a7ad5-4ec4-490c-bf7e-63306a9eae48.jpg,test,data/images/999a7ad5-4ec4-490c-bf7e-63306a9eae48.jpg,ok,,1024,1024,RGB,JPEG
9b98b51d-0895-4497-9402-e03137b3258d.jpg,test,data/images/9b98b51d-0895-4497-9402-e03137b3258d.jpg,ok,,558,1024,RGB,JPEG
03333bf9-8ada-4350-acca-3c5c89f2a47a.jpg,test,data/images/03333bf9-8ada-4350-acca-3c5c89f2a47a.jpg,ok,,1024,1024,RGB,JPEG
e55e1969-f19d-423e-9316-a8fec846e404.jpg,test,data/images/e55e1969-f19d-423e-9316-a8fec846e404.jpg,ok,,1024,558,RGB,JPEG
d276ff9d-3207-4d59-8e33-25a0b56d674b.jpg,test,data/images/d276ff9d-3207-4d59-8e33-25a0b56d674b.jpg,ok,,400,400,RGB,JPEG
5b9ad15a-a3a0-4af9-b508-9de40c40c7ea.jpg,test,data/images/5b9ad15a-a3a0-4af9-b508-9de40c40c7ea.jpg,ok,,1024,716,RGB,JPEG
af5218c9-5af6-44da-8916-b65a73b93792.jpg,test,data/images/af5218c9-5af6-44da-8916-b65a73b93792.jpg,ok,,1024,1024,RGB,JPEG
ec058585-d132-4ee2-a1fc-9e78faaecdcc.jpg,test,data/images/ec058585-d132-4ee2-a1fc-9e78faaecdcc.jpg,ok,,1024,1024,RGB,JPEG
e3ad6192-05d8-45b1-8125-4016765067d4.jpg,test,data/images/e3ad6192-05d8-45b1-8125-4016765067d4.jpg,ok,,896,1195,RGB,JPEG
04c80796-de9e-4614-9ff1-d38fb3283507.jpg,test,data/images/04c80796-de9e-4614-9ff1-d38fb3283507.jpg,ok,,1024,1024,RGB,JPEG
416c02fb-4965-4e36-b41b-647545e2156f.jpg,test,data/images/416c02fb-4965-4e36-b41b-647545e2156f.jpg,ok,,1024,1024,RGB,JPEG
571c5ae5-2f88-427d-a27a-9005266264b3.jpg,test,data/images/571c5ae5-2f88-427d-a27a-9005266264b3.jpg,ok,,832,1248,RGB,JPEG
f94af289-be18-46fd-be24-a3d1adfc3ec7.jpg,test,data/images/f94af289-be18-46fd-be24-a3d1adfc3ec7.jpg,ok,,1024,1024,RGB,JPEG
9dbd7d57-8339-4203-8eb6-91a04a29b4e6.jpg,test,data/images/9dbd7d57-8339-4203-8eb6-91a04a29b4e6.jpg,ok,,1024,1024,RGB,JPEG
412f8345-8e25-49ab-9c10-d96c703dc2ac.jpg,test,data/images/412f8345-8e25-49ab-9c10-d96c703dc2ac.jpg,ok,,400,400,RGB,JPEG
7feb3626-7da1-484a-954b-e787fc3d1f59.jpg,test,data/images/7feb3626-7da1-484a-954b-e787fc3d1f59.jpg,ok,,1195,896,RGB,JPEG
4da88550-2ec8-4b09-8929-4fa3c25e6da4.jpg,test,data/images/4da88550-2ec8-4b09-8929-4fa3c25e6da4.jpg,ok,,1024,1024,RGB,JPEG
e6db8b63-1ed4-47a2-bd23-6140d4e815b3.jpg,test,data/images/e6db8b63-1ed4-47a2-bd23-6140d4e815b3.jpg,ok,,1024,1024,RGB,JPEG
0e51e0b3-f0ae-4199-994b-9dcca9461346.jpg,test,data/images/0e51e0b3-f0ae-4199-994b-9dcca9461346.jpg,ok,,832,1248,RGB,JPEG
a7b11c70-6327-400a-8d82-a96716e607cd.jpg,test,data/images/a7b11c70-6327-400a-8d82-a96716e607cd.jpg,ok,,1024,1024,RGB,JPEG
b820f3da-00e8-442e-b2cc-a42fda5a30b6.jpg,test,data/images/b820f3da-00e8-442e-b2cc-a42fda5a30b6.jpg,ok,,1024,558,RGB,JPEG
ede91491-b245-4689-be2e-03be7d58d14f.jpg,test,data/images/ede91491-b245-4689-be2e-03be7d58d14f.jpg,ok,,1024,1024,RGB,JPEG
28dcd045-1dc5-4a8b-bb3a-e2562a56cd80.jpg,test,data/images/28dcd045-1dc5-4a8b-bb3a-e2562a56cd80.jpg,ok,,896,1195,RGB,JPEG
513a9ec0-b804-4161-8d46-2485579675cc.jpg,test,data/images/513a9ec0-b804-4161-8d46-2485579675cc.jpg,ok,,1024,1024,RGB,JPEG
a3784644-7950-433f-ab04-2f7ce5e5c65b.jpg,test,data/images/a3784644-7950-433f-ab04-2f7ce5e5c65b.jpg,ok,,1024,1024,RGB,JPEG
72dfe82b-e033-49f5-827c-ffa4c5cb274a.jpg,test,data/images/72dfe82b-e033-49f5-827c-ffa4c5cb274a.jpg,ok,,1024,1024,RGB,JPEG
b6273e97-6323-4c15-a21a-c888cac4eed2.jpg,test,data/images/b6273e97-6323-4c15-a21a-c888cac4eed2.jpg,ok,,1024,1024,RGB,JPEG
c557d8e9-814b-4e9f-97e5-d5953ba839c6.jpg,test,data/images/c557d8e9-814b-4e9f-97e5-d5953ba839c6.jpg,ok,,832,1248,RGB,JPEG
08c88f69-6acf-4ea8-aab0-f1de70f5f15b.jpg,test,data/images/08c88f69-6acf-4ea8-aab0-f1de70f5f15b.jpg,ok,,1024,1024,RGB,JPEG
f7c6d408-546c-4e6a-bda2-61e7bd7665ca.jpg,test,data/images/f7c6d408-546c-4e6a-bda2-61e7bd7665ca.jpg,ok,,400,298,RGB,JPEG
97e99e22-4f22-414b-9b94-5c512c3be29a.jpg,test,data/images/97e99e22-4f22-414b-9b94-5c512c3be29a.jpg,ok,,1248,832,RGB,JPEG
4743cde8-681a-451e-bacc-4a7e2e48a36c.jpg,test,data/images/4743cde8-681a-451e-bacc-4a7e2e48a36c.jpg,ok,,832,1248,RGB,JPEG
70c2a418-6e52-44ff-85f4-ad475588423b.jpg,test,data/images/70c2a418-6e52-44ff-85f4-ad475588423b.jpg,ok,,1024,1024,RGB,JPEG
c6a91786-923d-4673-b653-1d40942a05be.jpg,test,data/images/c6a91786-923d-4673-b653-1d40942a05be.jpg,ok,,1024,716,RGB,JPEG
6532c74c-0a4a-4a44-910f-f7e97565db44.jpg,test,data/images/6532c74c-0a4a-4a44-910f-f7e97565db44.jpg,ok,,1024,1024,RGB,JPEG
38d3288d-cfa6-4a64-8557-2de51e38aeb3.jpg,test,data/images/38d3288d-cfa6-4a64-8557-2de51e38aeb3.jpg,ok,,1024,1024,RGB,JPEG
0b50c602-97a4-4d7d-8d58-5e89ec192ba4.jpg,test,data/images/0b50c602-97a4-4d7d-8d58-5e89ec192ba4.jpg,ok,,640,480,RGB,JPEG
ccde61e6-75fe-4bd9-a106-a6cbabe3cd16.jpg,test,data/images/ccde61e6-75fe-4bd9-a106-a6cbabe3cd16.jpg,ok,,1195,896,RGB,JPEG
5bf07f39-2a7c-4b26-af3a-c22e1553401f.jpg,test,data/images/5bf07f39-2a7c-4b26-af3a-c22e1553401f.jpg,ok,,800,800,RGB,JPEG
f2de62e7-c816-4b8a-b75a-79f59d20a975.jpg,test,data/images/f2de62e7-c816-4b8a-b75a-79f59d20a975.jpg,ok,,1024,1024,RGB,JPEG
8adca6a2-c4d0-4560-b52a-b30de689c4eb.jpg,test,data/images/8adca6a2-c4d0-4560-b52a-b30de689c4eb.jpg,ok,,832,1248,RGB,JPEG
8eaeab50-69fc-45ba-aee7-ba813c1c9944.jpg,test,data/images/8eaeab50-69fc-45ba-aee7-ba813c1c9944.jpg,ok,,1024,1024,RGB,JPEG
16d297f4-0241-4f7d-8d5d-a6be6880c525.jpg,test,data/images/16d297f4-0241-4f7d-8d5d-a6be6880c525.jpg,ok,,896,1195,RGB,JPEG
296d61bf-1fa6-494d-8f21-aa2f336b8822.jpg,test,data/images/296d61bf-1fa6-494d-8f21-aa2f336b8822.jpg,ok,,1195,896,RGB,JPEG
35bffb6c-a728-4650-a887-97460f910b92.jpg,test,data/images/35bffb6c-a728-4650-a887-97460f910b92.jpg,ok,,1024,1024,RGB,JPEG
09e73e49-d66a-458c-9d0a-3205bf0cb629.jpg,test,data/images/09e73e49-d66a-458c-9d0a-3205bf0cb629.jpg,ok,,1024,716,RGB,JPEG
9b94b937-8b53-4570-b932-4070c2c7ce12.jpg,test,data/images/9b94b937-8b53-4570-b932-4070c2c7ce12.jpg,ok,,1024,1024,RGB,JPEG
58c95899-cc4e-4645-8566-cac6eeb84eb3.jpg,test,data/images/58c95899-cc4e-4645-8566-cac6eeb84eb3.jpg,ok,,2560,1515,RGB,JPEG
5c49f9f6-2ab1-4796-8477-e367846b2fb1.jpg,test,data/images/5c49f9f6-2ab1-4796-8477-e367846b2fb1.jpg,ok,,1024,1024,RGB,JPEG
c52134c4-dfd0-4b79-8400-984b72998548.jpg,test,data/images/c52134c4-dfd0-4b79-8400-984b72998548.jpg,ok,,558,1024,RGB,JPEG
bbad83be-766e-48a1-b258-3bcacfaabda5.jpg,test,data/images/bbad83be-766e-48a1-b258-3bcacfaabda5.jpg,ok,,1024,1024,RGB,JPEG
0fd127b9-827a-4873-97c8-61ce400aaed7.jpg,test,data/images/0fd127b9-827a-4873-97c8-61ce400aaed7.jpg,ok,,558,1024,RGB,JPEG
b6fa5493-2be9-4691-b138-83544cd4c764.jpg,test,data/images/b6fa5493-2be9-4691-b138-83544cd4c764.jpg,ok,,832,1248,RGB,JPEG
14c4c32a-34f9-43a5-a6ba-b5482bbb87c2.jpg,test,data/images/14c4c32a-34f9-43a5-a6ba-b5482bbb87c2.jpg,ok,,896,1195,RGB,JPEG
639b8fb9-210a-4694-8683-f643371d20d7.jpg,test,data/images/639b8fb9-210a-4694-8683-f643371d20d7.jpg,ok,,1024,1024,RGB,JPEG
30ab03c8-2438-48e3-a273-aacd3d94e1e6.jpg,test,data/images/30ab03c8-2438-48e3-a273-aacd3d94e1e6.jpg,ok,,1024,1024,RGB,JPEG
7e10c6d8-8ac8-43f1-b61d-6442a756b249.jpg,test,data/images/7e10c6d8-8ac8-43f1-b61d-6442a756b249.jpg,ok,,1024,1024,RGB,JPEG
e3adb3c2-df84-4bf2-8054-91bf419834b4.jpg,test,data/images/e3adb3c2-df84-4bf2-8054-91bf419834b4.jpg,ok,,896,1195,RGB,JPEG
9e6788b7-01a3-40c5-af28-ebc8a6fcceaa.jpg,test,data/images/9e6788b7-01a3-40c5-af28-ebc8a6fcceaa.jpg,ok,,1024,1024,RGB,JPEG
f48eb53d-fe40-4508-a80a-07599e4caf8d.jpg,test,data/images/f48eb53d-fe40-4508-a80a-07599e4caf8d.jpg,ok,,400,266,RGB,JPEG
cf62e752-55f6-479a-adfa-d6e6036a6ef3.jpg,test,data/images/cf62e752-55f6-479a-adfa-d6e6036a6ef3.jpg,ok,,1024,1024,RGB,JPEG
e476e805-b187-48e2-9aa2-76ab7c4b4c3a.jpg,test,data/images/e476e805-b187-48e2-9aa2-76ab7c4b4c3a.jpg,ok,,896,1195,RGB,JPEG
1215b71f-e35c-40c6-8c89-88b17920daf3.jpg,test,data/images/1215b71f-e35c-40c6-8c89-88b17920daf3.jpg,ok,,1024,1024,RGB,JPEG
51e1a12d-b021-4464-bb6d-4e0a2a11c1fa.jpg,test,data/images/51e1a12d-b021-4464-bb6d-4e0a2a11c1fa.jpg,ok,,1024,1024,RGB,JPEG
1c447c60-a2bc-4735-9664-35b653e27258.jpg,test,data/images/1c447c60-a2bc-4735-9664-35b653e27258.jpg,ok,,1024,1024,RGB,JPEG
a331f4ea-50a3-46e0-ab39-2df3990a71cd.jpg,test,data/images/a331f4ea-50a3-46e0-ab39-2df3990a71cd.jpg,ok,,896,1195,RGB,JPEG
a1a3ea8d-aedf-4d11-98d7-39625da3aad0.jpg,test,data/images/a1a3ea8d-aedf-4d11-98d7-39625da3aad0.jpg,ok,,500,327,RGB,JPEG
649b91ee-8e85-4a51-adad-2f4a201fd6de.jpg,test,data/images/649b91ee-8e85-4a51-adad-2f4a201fd6de.jpg,ok,,1024,1024,RGB,JPEG
f9cbdfa0-63ef-43bc-b65a-98387f75b166.jpg,test,data/images/f9cbdfa0-63ef-43bc-b65a-98387f75b166.jpg,ok,,1024,1024,RGB,JPEG
00e301e1-7520-4abb-8007-9e00a0b04da6.jpg,test,data/images/00e301e1-7520-4abb-8007-9e00a0b04da6.jpg,ok,,896,1195,RGB,JPEG
d66e18f3-17a7-4d62-9a0e-8fb0057f29b7.jpg,test,data/images/d66e18f3-17a7-4d62-9a0e-8fb0057f29b7.jpg,ok,,1024,1024,RGB,JPEG
1d8a85d4-6873-4a33-a981-283bc30919e7.jpg,test,data/images/1d8a85d4-6873-4a33-a981-283bc30919e7.jpg,ok,,1024,1024,RGB,JPEG
90f6feac-738f-4b1d-9fda-211a5a9baf7f.jpg,test,data/images/90f6feac-738f-4b1d-9fda-211a5a9baf7f.jpg,ok,,896,1195,RGB,JPEG
ad229221-9e9b-4e7c-abd9-a785c6bbc64c.jpg,test,data/images/ad229221-9e9b-4e7c-abd9-a785c6bbc64c.jpg,ok,,1280,1024,RGB,JPEG
225457ba-4b7b-4f50-9861-6b1afc268f32.jpg,test,data/images/225457ba-4b7b-4f50-9861-6b1afc268f32.jpg,ok,,896,1195,RGB,JPEG
7c2c97f2-5732-498c-acdb-c85a6fd622ea.jpg,test,data/images/7c2c97f2-5732-498c-acdb-c85a6fd622ea.jpg,ok,,1024,1024,RGB,JPEG
72fd5919-5183-4af1-b0a8-e40b93d18a8a.jpg,test,data/images/72fd5919-5183-4af1-b0a8-e40b93d18a8a.jpg,ok,,1024,1024,RGB,JPEG
d972feac-8e95-4491-a915-d932ba1a2187.jpg,test,data/images/d972feac-8e95-4491-a915-d932ba1a2187.jpg,ok,,832,1248,RGB,JPEG
8936b82a-cda7-485e-b925-7bd171c0a610.jpg,test,data/images/8936b82a-cda7-485e-b925-7bd171c0a610.jpg,ok,,1024,1024,RGB,JPEG
8f3d99fe-f902-4b48-8202-c1792593262d.jpg,test,data/images/8f3d99fe-f902-4b48-8202-c1792593262d.jpg,ok,,1024,1024,RGB,JPEG
9efcc6fe-8ce1-4ebe-b5ab-ca10ef7f64a4.jpg,test,data/images/9efcc6fe-8ce1-4ebe-b5ab-ca10ef7f64a4.jpg,ok,,1024,1024,RGB,JPEG
c32ca2e4-5add-45d4-a6d7-0e52c3a5dd84.jpg,test,data/images/c32ca2e4-5add-45d4-a6d7-0e52c3a5dd84.jpg,ok,,1024,1024,RGB,JPEG
c22b8b67-6dc9-4734-9968-1c8bbf4f62f2.jpg,test,data/images/c22b8b67-6dc9-4734-9968-1c8bbf4f62f2.jpg,ok,,1195,896,RGB,JPEG
22a7a94b-763d-4550-a282-11c361d77003.jpg,test,data/images/22a7a94b-763d-4550-a282-11c361d77003.jpg,ok,,896,1195,RGB,JPEG
be406574-f838-4d13-92b0-199370a28d2f.jpg,test,data/images/be406574-f838-4d13-92b0-199370a28d2f.jpg,ok,,1024,1024,RGB,JPEG
6c260501-78d8-436d-9f73-731caf84009c.jpg,test,data/images/6c260501-78d8-436d-9f73-731caf84009c.jpg,ok,,576,1024,RGB,JPEG
bbb53726-9e47-4094-bf2c-3f01310b402b.jpg,test,data/images/bbb53726-9e47-4094-bf2c-3f01310b402b.jpg,ok,,400,400,RGB,JPEG
659cbcc6-9580-4621-98ee-86df75fc8147.jpg,test,data/images/659cbcc6-9580-4621-98ee-86df75fc8147.jpg,ok,,1024,1024,RGB,JPEG
853a7672-426b-47af-a668-b09657ec6406.jpg,test,data/images/853a7672-426b-47af-a668-b09657ec6406.jpg,ok,,1248,832,RGB,JPEG
4b0ddb4b-69f2-49e3-9bd1-fbe0b0aa2b01.jpg,test,data/images/4b0ddb4b-69f2-49e3-9bd1-fbe0b0aa2b01.jpg,ok,,832,1248,RGB,JPEG
40674d7a-3d51-4f66-ac28-9057b0daa364.jpg,test,data/images/40674d7a-3d51-4f66-ac28-9057b0daa364.jpg,ok,,1024,1024,RGB,JPEG
5479d21e-2dad-4004-8e6b-244952957819.jpg,test,data/images/5479d21e-2dad-4004-8e6b-244952957819.jpg,ok,,1024,1024,RGB,JPEG
73a5c599-2083-44aa-8666-63b480d4ecfd.jpg,test,data/images/73a5c599-2083-44aa-8666-63b480d4ecfd.jpg,ok,,1024,1024,RGB,JPEG
71d63d6a-4380-42f9-ab25-547fdfc3d8a0.jpg,test,data/images/71d63d6a-4380-42f9-ab25-547fdfc3d8a0.jpg,ok,,896,1195,RGB,JPEG
323afc07-ab52-4588-b99f-08a3519008ce.jpg,test,data/images/323afc07-ab52-4588-b99f-08a3519008ce.jpg,ok,,1024,1024,RGB,JPEG
2ee0440a-c7e2-4869-9acb-4b1f0644f93f.jpg,test,data/images/2ee0440a-c7e2-4869-9acb-4b1f0644f93f.jpg,ok,,606,1024,RGB,JPEG
06e149ed-968e-4cf5-9277-af12ae17fbed.jpg,test,data/images/06e149ed-968e-4cf5-9277-af12ae17fbed.jpg,ok,,1024,716,RGB,JPEG
0850889a-49b3-4886-a1b2-469766bfad6e.jpg,test,data/images/0850889a-49b3-4886-a1b2-469766bfad6e.jpg,ok,,1879,2200,RGB,JPEG
a8d810f3-7399-4c82-89fa-ff50a08567be.jpg,test,data/images/a8d810f3-7399-4c82-89fa-ff50a08567be.jpg,ok,,1024,621,RGB,JPEG
e556695d-3283-462d-86e5-03a47505cc82.jpg,test,data/images/e556695d-3283-462d-86e5-03a47505cc82.jpg,ok,,1024,1024,RGB,JPEG
6c4293d8-6dc0-41a0-a999-25cb821a90f3.jpg,test,data/images/6c4293d8-6dc0-41a0-a999-25cb821a90f3.jpg,ok,,1024,1024,RGB,JPEG
f8d2cab3-2f4b-4f89-bc10-7a8d494d099e.jpg,test,data/images/f8d2cab3-2f4b-4f89-bc10-7a8d494d099e.jpg,ok,,1024,1024,RGB,JPEG
80d601fd-883d-4c53-a5c5-5d56c349ed13.jpg,test,data/images/80d601fd-883d-4c53-a5c5-5d56c349ed13.jpg,ok,,832,1248,RGB,JPEG
38226deb-51cf-4999-920d-e89e11e07e5a.jpg,test,data/images/38226deb-51cf-4999-920d-e89e11e07e5a.jpg,ok,,832,1248,RGB,JPEG
6107d258-d39d-45c6-a7d7-a6b1293ddf17.jpg,test,data/images/6107d258-d39d-45c6-a7d7-a6b1293ddf17.jpg,ok,,1024,1024,RGB,JPEG
24fd8673-8ff2-4fcc-80e4-ff21a4f657af.jpg,test,data/images/24fd8673-8ff2-4fcc-80e4-ff21a4f657af.jpg,ok,,1024,1024,RGB,JPEG
08d338ec-e055-47c1-9bdf-b39d4cb1128d.jpg,test,data/images/08d338ec-e055-47c1-9bdf-b39d4cb1128d.jpg,ok,,1024,1024,RGB,JPEG
117515b3-74f3-4aa3-b7bd-c09173aedb4f.jpg,test,data/images/117515b3-74f3-4aa3-b7bd-c09173aedb4f.jpg,ok,,1024,1024,RGB,JPEG
2258014e-240d-4b33-a7d2-e15a9d10e4aa.jpg,test,data/images/2258014e-240d-4b33-a7d2-e15a9d10e4aa.jpg,ok,,1024,1024,RGB,JPEG
7240dc90-554a-4345-bbf5-fe1fb38ce378.jpg,test,data/images/7240dc90-554a-4345-bbf5-fe1fb38ce378.jpg,ok,,1024,1024,RGB,JPEG
efc33d75-5c44-4496-8c93-5b12a12b8502.jpg,test,data/images/efc33d75-5c44-4496-8c93-5b12a12b8502.jpg,ok,,1024,558,RGB,JPEG
ca76b8b5-eb59-4a80-978e-ffb11462f215.jpg,test,data/images/ca76b8b5-eb59-4a80-978e-ffb11462f215.jpg,ok,,1024,1024,RGB,JPEG
9f7de71a-369f-4231-8cb0-c660c6c14ea2.jpg,test,data/images/9f7de71a-369f-4231-8cb0-c660c6c14ea2.jpg,ok,,1024,1024,RGB,JPEG
28101382-3329-425b-8f4b-6765ae751fe3.jpg,test,data/images/28101382-3329-425b-8f4b-6765ae751fe3.jpg,ok,,558,1024,RGB,JPEG
d56c330b-da10-4670-857e-0d9a591acee4.jpg,test,data/images/d56c330b-da10-4670-857e-0d9a591acee4.jpg,ok,,1024,716,RGB,JPEG
646ce39e-6eeb-40a6-ad2c-77de934db8d9.jpg,test,data/images/646ce39e-6eeb-40a6-ad2c-77de934db8d9.jpg,ok,,1024,1024,RGB,JPEG
03ac5f85-3104-4d71-8953-4cfb70d08925.jpg,test,data/images/03ac5f85-3104-4d71-8953-4cfb70d08925.jpg,ok,,896,1195,RGB,JPEG
e489fb66-1d7f-4f39-a7ff-6a1dbe7a3900.jpg,test,data/images/e489fb66-1d7f-4f39-a7ff-6a1dbe7a3900.jpg,ok,,1024,1024,RGB,JPEG
f1978700-3d7b-4dcd-839e-1e5c5aca8b6a.jpg,test,data/images/f1978700-3d7b-4dcd-839e-1e5c5aca8b6a.jpg,ok,,896,1195,RGB,JPEG
483a4060-ad8f-44b5-bbe5-e2298e4a1013.jpg,test,data/images/483a4060-ad8f-44b5-bbe5-e2298e4a1013.jpg,ok,,896,1195,RGB,JPEG
76e9d9b8-c749-431f-a431-413bdbd80b59.jpg,test,data/images/76e9d9b8-c749-431f-a431-413bdbd80b59.jpg,ok,,1969,2560,RGB,JPEG
7497deff-8959-4902-a6f3-5d89901213ff.jpg,test,data/images/7497deff-8959-4902-a6f3-5d89901213ff.jpg,ok,,1248,832,RGB,JPEG
b011d1d4-f927-42ad-ba5f-9f87a9dc0ac2.jpg,test,data/images/b011d1d4-f927-42ad-ba5f-9f87a9dc0ac2.jpg,ok,,1024,1024,RGB,JPEG
919cb978-42fe-4ed3-8e77-c263fe2f8542.jpg,test,data/images/919cb978-42fe-4ed3-8e77-c263fe2f8542.jpg,ok,,1024,1024,RGB,JPEG
83b5ec0b-eef8-4da9-91e5-213d93193152.jpg,test,data/images/83b5ec0b-eef8-4da9-91e5-213d93193152.jpg,ok,,832,1248,RGB,JPEG
3eb52ceb-f838-46c0-a72d-3dfb1bd89c34.jpg,test,data/images/3eb52ceb-f838-46c0-a72d-3dfb1bd89c34.jpg,ok,,1024,1024,RGB,JPEG
ee6ef569-4679-47af-a7e9-3f9415b38eee.jpg,test,data/images/ee6ef569-4679-47af-a7e9-3f9415b38eee.jpg,ok,,144,400,RGB,JPEG
e7c105c6-1cd8-40d1-aa89-042691126846.jpg,test,data/images/e7c105c6-1cd8-40d1-aa89-042691126846.jpg,ok,,1024,1024,RGB,JPEG
e8de84fa-0119-4653-824e-5eff15948781.jpg,test,data/images/e8de84fa-0119-4653-824e-5eff15948781.jpg,ok,,1024,1024,RGB,JPEG
470883ce-845b-4aae-823d-c6913182d278.jpg,test,data/images/470883ce-845b-4aae-823d-c6913182d278.jpg,ok,,1024,1024,RGB,JPEG
6b270a3c-b602-40d6-89a7-37271c00fa9b.jpg,test,data/images/6b270a3c-b602-40d6-89a7-37271c00fa9b.jpg,ok,,1024,1024,RGB,JPEG
2647e7e7-b5be-441b-931f-40a1711eff9e.jpg,test,data/images/2647e7e7-b5be-441b-931f-40a1711eff9e.jpg,ok,,1024,716,RGB,JPEG
ec5314ae-20a0-4b88-9541-07b579078ae6.jpg,test,data/images/ec5314ae-20a0-4b88-9541-07b579078ae6.jpg,ok,,1024,558,RGB,JPEG
2dc8b4b2-87cf-4bdd-a715-53de196a2f78.jpg,test,data/images/2dc8b4b2-87cf-4bdd-a715-53de196a2f78.jpg,ok,,1024,1024,RGB,JPEG
ea50a714-c74f-4916-9f1f-8ae117616089.jpg,test,data/images/ea50a714-c74f-4916-9f1f-8ae117616089.jpg,ok,,1024,1024,RGB,JPEG
811483f2-0a1b-498f-aa9c-5cd83101ae96.jpg,test,data/images/811483f2-0a1b-498f-aa9c-5cd83101ae96.jpg,ok,,896,1195,RGB,JPEG
60146e5b-be2e-41d2-962d-bb32f278b355.jpg,test,data/images/60146e5b-be2e-41d2-962d-bb32f278b355.jpg,ok,,1024,1024,RGB,JPEG
6c6b054f-7ce8-487e-a7c4-56640ee89bc3.jpg,test,data/images/6c6b054f-7ce8-487e-a7c4-56640ee89bc3.jpg,ok,,1024,558,RGB,JPEG
daa41fe9-1640-4ad3-8880-63f946aad5c9.jpg,test,data/images/daa41fe9-1640-4ad3-8880-63f946aad5c9.jpg,ok,,1024,1024,RGB,JPEG
8459c498-163e-479b-81e8-f75dcf1dca6b.jpg,test,data/images/8459c498-163e-479b-81e8-f75dcf1dca6b.jpg,ok,,1024,1024,RGB,JPEG
6c4b9c9e-0b17-459a-a65b-e37d56b0efe8.jpg,test,data/images/6c4b9c9e-0b17-459a-a65b-e37d56b0efe8.jpg,ok,,832,1248,RGB,JPEG
ed21f065-3200-4ce4-8874-2239c15d200e.jpg,test,data/images/ed21f065-3200-4ce4-8874-2239c15d200e.jpg,ok,,832,1248,RGB,JPEG
900f5c57-28b9-4c15-acd1-7cc83d20aa41.jpg,test,data/images/900f5c57-28b9-4c15-acd1-7cc83d20aa41.jpg,ok,,1024,1024,RGB,JPEG
93a8629b-c55d-44a6-9cdf-ddd625e19456.jpg,test,data/images/93a8629b-c55d-44a6-9cdf-ddd625e19456.jpg,ok,,1024,1024,RGB,JPEG
a5466415-243c-4c9a-897e-ad258fec95d8.jpg,test,data/images/a5466415-243c-4c9a-897e-ad258fec95d8.jpg,ok,,624,800,RGB,JPEG
8e719968-3927-4a29-aee2-6ce70077599a.jpg,test,data/images/8e719968-3927-4a29-aee2-6ce70077599a.jpg,ok,,1500,1500,RGB,JPEG
fa9718cb-69a6-4857-a100-97045be589fb.jpg,test,data/images/fa9718cb-69a6-4857-a100-97045be589fb.jpg,ok,,1195,896,RGB,JPEG
a64b417f-4a50-4217-b257-87f88265769c.jpg,test,data/images/a64b417f-4a50-4217-b257-87f88265769c.jpg,ok,,1024,1024,RGB,JPEG
b61e39d5-c7d9-4865-84ec-ff2a68949932.jpg,test,data/images/b61e39d5-c7d9-4865-84ec-ff2a68949932.jpg,ok,,896,1195,RGB,JPEG
4cc88b94-a7e2-4625-8e2e-f8be7b9c875d.jpg,test,data/images/4cc88b94-a7e2-4625-8e2e-f8be7b9c875d.jpg,ok,,1024,1024,RGB,JPEG
d86855ee-af76-4ac9-9df5-9f2fe941fd2a.jpg,test,data/images/d86855ee-af76-4ac9-9df5-9f2fe941fd2a.jpg,ok,,896,1195,RGB,JPEG
94b203a8-7028-4c0e-9070-cc9fe0f9483c.jpg,test,data/images/94b203a8-7028-4c0e-9070-cc9fe0f9483c.jpg,ok,,1024,716,RGB,JPEG
e9001359-a662-4ceb-a6cb-9cdfefe48bcb.jpg,test,data/images/e9001359-a662-4ceb-a6cb-9cdfefe48bcb.jpg,ok,,1024,1024,RGB,JPEG
1e89884a-dc76-42c6-9af9-7a4dd828f094.jpg,test,data/images/1e89884a-dc76-42c6-9af9-7a4dd828f094.jpg,ok,,1024,1280,RGB,JPEG
8923196f-2290-4f0d-8107-34395032a447.jpg,test,data/images/8923196f-2290-4f0d-8107-34395032a447.jpg,ok,,1024,1024,RGB,JPEG
ab1afba1-9b51-46a0-a21d-ade4ef90fa73.jpg,test,data/images/ab1afba1-9b51-46a0-a21d-ade4ef90fa73.jpg,ok,,1024,558,RGB,JPEG
f5c0bb08-fbe9-46c1-83d0-552616a39dc9.jpg,test,data/images/f5c0bb08-fbe9-46c1-83d0-552616a39dc9.jpg,ok,,400,381,RGB,JPEG
cc1cbb71-10e6-4384-b573-4036c670fbc4.jpg,test,data/images/cc1cbb71-10e6-4384-b573-4036c670fbc4.jpg,ok,,896,1195,RGB,JPEG
f004c6c3-3676-45f9-bf5d-49722853c9f1.jpg,test,data/images/f004c6c3-3676-45f9-bf5d-49722853c9f1.jpg,ok,,1024,1024,RGB,JPEG
f2eb7cb2-b721-43df-b0ed-b0a5483c2431.jpg,test,data/images/f2eb7cb2-b721-43df-b0ed-b0a5483c2431.jpg,ok,,1280,1024,RGB,JPEG
d2635f9a-d423-4f51-9381-662b2bee0b3b.jpg,test,data/images/d2635f9a-d423-4f51-9381-662b2bee0b3b.jpg,ok,,1024,1024,RGB,JPEG
1aa0df36-757f-44f8-9b68-fdc6c3398901.jpg,test,data/images/1aa0df36-757f-44f8-9b68-fdc6c3398901.jpg,ok,,1024,558,RGB,JPEG
214afa3e-fc27-4d65-8ad3-02c8a0b3f41d.jpg,test,data/images/214afa3e-fc27-4d65-8ad3-02c8a0b3f41d.jpg,ok,,1024,1024,RGB,JPEG
bf891510-c805-4a68-af49-7641cf752130.jpg,test,data/images/bf891510-c805-4a68-af49-7641cf752130.jpg,ok,,558,1024,RGB,JPEG
08ee52d2-b18d-45e5-a654-c61f04522eb7.jpg,test,data/images/08ee52d2-b18d-45e5-a654-c61f04522eb7.jpg,ok,,1024,1024,RGB,JPEG
fb64e8d7-b209-46b7-ae08-218e26870ace.jpg,test,data/images/fb64e8d7-b209-46b7-ae08-218e26870ace.jpg,ok,,1024,558,RGB,JPEG
abe94f2f-8d7b-4608-bf11-eaf45f806906.jpg,test,data/images/abe94f2f-8d7b-4608-bf11-eaf45f806906.jpg,ok,,1024,1024,RGB,JPEG
59adda07-0fe2-4a88-9b0a-b51df3a3376e.jpg,test,data/images/59adda07-0fe2-4a88-9b0a-b51df3a3376e.jpg,ok,,1024,1024,RGB,JPEG
05989794-c209-4db8-8e4d-c7dce758c371.jpg,test,data/images/05989794-c209-4db8-8e4d-c7dce758c371.jpg,ok,,1024,716,RGB,JPEG
c79697e6-c69a-4f6e-bdc3-6f53afc3fd7e.jpg,test,data/images/c79697e6-c69a-4f6e-bdc3-6f53afc3fd7e.jpg,ok,,1000,1334,RGB,JPEG
96caf768-44d1-4cde-8c7b-04997b77bf16.jpg,test,data/images/96caf768-44d1-4cde-8c7b-04997b77bf16.jpg,ok,,1024,1024,RGB,JPEG
37623e03-85bc-402a-8d83-5e516f715f04.jpg,test,data/images/37623e03-85bc-402a-8d83-5e516f715f04.jpg,ok,,638,850,RGB,JPEG
d722a8d3-503d-46fd-b566-bd17b2c177c9.jpg,test,data/images/d722a8d3-503d-46fd-b566-bd17b2c177c9.jpg,ok,,1024,1024,RGB,JPEG
eff79ccb-0873-4691-bdb9-0d6b3da503dc.jpg,test,data/images/eff79ccb-0873-4691-bdb9-0d6b3da503dc.jpg,ok,,1024,1024,RGB,JPEG
31cdd412-aacd-4ffa-8265-6e23a49ffc82.jpg,test,data/images/31cdd412-aacd-4ffa-8265-6e23a49ffc82.jpg,ok,,1195,896,RGB,JPEG
112bbd73-7aaa-407c-8c07-df8c6ae6017c.jpg,test,data/images/112bbd73-7aaa-407c-8c07-df8c6ae6017c.jpg,ok,,832,1248,RGB,JPEG
92456e67-b136-4d5c-ab4d-45a2cf15106b.jpg,test,data/images/92456e67-b136-4d5c-ab4d-45a2cf15106b.jpg,ok,,896,1195,RGB,JPEG
c4732c77-f461-47b5-b676-3f35086cebcf.jpg,test,data/images/c4732c77-f461-47b5-b676-3f35086cebcf.jpg,ok,,1024,1024,RGB,JPEG
78f02660-b8cf-4d34-a574-eba1ba7f7bf7.jpg,test,data/images/78f02660-b8cf-4d34-a574-eba1ba7f7bf7.jpg,ok,,1024,1024,RGB,JPEG
b03ed3df-e0da-461f-bda8-93a8ffba8b28.jpg,test,data/images/b03ed3df-e0da-461f-bda8-93a8ffba8b28.jpg,ok,,1024,1024,RGB,JPEG
32adcbb3-c2cc-42fc-9f85-e57e31d74c88.jpg,test,data/images/32adcbb3-c2cc-42fc-9f85-e57e31d74c88.jpg,ok,,1024,1024,RGB,JPEG
31545e1d-662d-4abe-845e-27d0d0d0d53e.jpg,test,data/images/31545e1d-662d-4abe-845e-27d0d0d0d53e.jpg,ok,,832,1248,RGB,JPEG
a8ed02c4-8c8d-4028-bcf1-ce39e691eccd.jpg,test,data/images/a8ed02c4-8c8d-4028-bcf1-ce39e691eccd.jpg,ok,,1024,1024,RGB,JPEG
30a6d46b-57c1-4b8f-b738-324943ede8e6.jpg,test,data/images/30a6d46b-57c1-4b8f-b738-324943ede8e6.jpg,ok,,1024,1024,RGB,JPEG
8c698659-8ecf-45d2-8de7-78a9eaf32e3f.jpg,test,data/images/8c698659-8ecf-45d2-8de7-78a9eaf32e3f.jpg,ok,,558,1024,RGB,JPEG
75147b4d-60a8-4e94-81af-28766ccc3a09.jpg,test,data/images/75147b4d-60a8-4e94-81af-28766ccc3a09.jpg,ok,,1248,832,RGB,JPEG
0e2eb655-f725-4569-b62b-b24a9ffb97a4.jpg,test,data/images/0e2eb655-f725-4569-b62b-b24a9ffb97a4.jpg,ok,,1024,1024,RGB,JPEG
6121b248-11f2-452e-91e5-9930fd6e1f69.jpg,test,data/images/6121b248-11f2-452e-91e5-9930fd6e1f69.jpg,ok,,558,1024,RGB,JPEG
eb91d524-29ac-4ee6-a673-14717f9f7ce4.jpg,test,data/images/eb91d524-29ac-4ee6-a673-14717f9f7ce4.jpg,ok,,1024,1024,RGB,JPEG
e62f3473-3ed3-435c-b5b5-3bec1892469a.jpg,test,data/images/e62f3473-3ed3-435c-b5b5-3bec1892469a.jpg,ok,,1024,716,RGB,JPEG
5d07cbdd-47fe-4896-849a-95ebff544daa.jpg,test,data/images/5d07cbdd-47fe-4896-849a-95ebff544daa.jpg,ok,,1195,896,RGB,JPEG
e8666f83-6ece-47ce-9ba5-c333140df27d.jpg,test,data/images/e8666f83-6ece-47ce-9ba5-c333140df27d.jpg,ok,,1024,716,RGB,JPEG
b63393ae-dd87-4096-9315-5033da6260fa.jpg,test,data/images/b63393ae-dd87-4096-9315-5033da6260fa.jpg,ok,,896,1195,RGB,JPEG
5464c36a-c561-4863-9879-100d408d1bc3.jpg,test,data/images/5464c36a-c561-4863-9879-100d408d1bc3.jpg,ok,,1024,1024,RGB,JPEG
a7a4369c-f2fd-4b5c-a78e-201090f18a14.jpg,test,data/images/a7a4369c-f2fd-4b5c-a78e-201090f18a14.jpg,ok,,1024,558,RGB,JPEG
0fbdd839-15f0-4495-8170-6b75e093b323.jpg,test,data/images/0fbdd839-15f0-4495-8170-6b75e093b323.jpg,ok,,1024,716,RGB,JPEG
bfcaeb43-585b-445f-bacf-4a79b358b8ee.jpg,test,data/images/bfcaeb43-585b-445f-bacf-4a79b358b8ee.jpg,ok,,1024,1024,RGB,JPEG
b4bcfd40-b1b7-4a16-8fbe-c84a563948a1.jpg,test,data/images/b4bcfd40-b1b7-4a16-8fbe-c84a563948a1.jpg,ok,,1248,832,RGB,JPEG
c767083c-2e3b-4e6f-89dd-152aa919e55d.jpg,test,data/images/c767083c-2e3b-4e6f-89dd-152aa919e55d.jpg,ok,,896,1195,RGB,JPEG
bcb388c2-32ad-49cb-b476-901a56a0b8dd.jpg,test,data/images/bcb388c2-32ad-49cb-b476-901a56a0b8dd.jpg,ok,,896,1195,RGB,JPEG
8626ecfb-ec18-45b1-8ca0-634bec98a6f2.jpg,test,data/images/8626ecfb-ec18-45b1-8ca0-634bec98a6f2.jpg,ok,,1024,1024,RGB,JPEG
3ee110db-39ca-4920-86a5-dd3658c1d509.jpg,test,data/images/3ee110db-39ca-4920-86a5-dd3658c1d509.jpg,ok,,1024,1024,RGB,JPEG
e79472b0-fec9-4849-9db5-88b4055b947f.jpg,test,data/images/e79472b0-fec9-4849-9db5-88b4055b947f.jpg,ok,,1024,1024,RGB,JPEG
de48edb6-075c-4680-aacd-e24cd090350a.jpg,test,data/images/de48edb6-075c-4680-aacd-e24cd090350a.jpg,ok,,1024,1024,RGB,JPEG
582ca572-71d4-44d7-83eb-cd58a155cb34.jpg,test,data/images/582ca572-71d4-44d7-83eb-cd58a155cb34.jpg,ok,,1195,896,RGB,JPEG
ca7639d3-48a7-47c8-ad0f-1955cc1072d9.jpg,test,data/images/ca7639d3-48a7-47c8-ad0f-1955cc1072d9.jpg,ok,,1879,2200,RGB,JPEG
27ef2d0d-2658-4a64-9bbb-604aa54034f6.jpg,test,data/images/27ef2d0d-2658-4a64-9bbb-604aa54034f6.jpg,ok,,1024,1024,RGB,JPEG
96e4eb72-ab6d-4f8f-b23f-47fe56146324.jpg,test,data/images/96e4eb72-ab6d-4f8f-b23f-47fe56146324.jpg,ok,,896,1195,RGB,JPEG
d7ce359f-6251-4dda-8350-dbf12908bbfb.jpg,test,data/images/d7ce359f-6251-4dda-8350-dbf12908bbfb.jpg,ok,,1024,1024,RGB,JPEG
5fe9f66e-dfd8-4c45-ab97-dad075e772c0.jpg,test,data/images/5fe9f66e-dfd8-4c45-ab97-dad075e772c0.jpg,ok,,896,1195,RGB,JPEG
423bf6b6-158a-4e8a-9430-28f271a377c4.jpg,test,data/images/423bf6b6-158a-4e8a-9430-28f271a377c4.jpg,ok,,896,1195,RGB,JPEG
d04f1084-dd12-460c-959d-6546381083e3.jpg,test,data/images/d04f1084-dd12-460c-959d-6546381083e3.jpg,ok,,1024,1024,RGB,JPEG
dbf17668-8925-4dfc-9456-67a20718a25d.jpg,test,data/images/dbf17668-8925-4dfc-9456-67a20718a25d.jpg,ok,,1024,716,RGB,JPEG
1de43ec4-b5a8-4b22-94af-014e42abb3f9.jpg,test,data/images/1de43ec4-b5a8-4b22-94af-014e42abb3f9.jpg,ok,,1024,1024,RGB,JPEG
ea7cb1ab-3c65-4991-bf33-ae82eceee65d.jpg,test,data/images/ea7cb1ab-3c65-4991-bf33-ae82eceee65d.jpg,ok,,1024,1024,RGB,JPEG
1625f650-a194-43f4-ab71-a142d9409882.jpg,test,data/images/1625f650-a194-43f4-ab71-a142d9409882.jpg,ok,,1024,1024,RGB,JPEG
de46b33a-f6d3-43e0-9bd1-1b932e9345ce.jpg,test,data/images/de46b33a-f6d3-43e0-9bd1-1b932e9345ce.jpg,ok,,1248,832,RGB,JPEG
b8c1dc23-4958-45cc-843b-c5becc6208cb.jpg,test,data/images/b8c1dc23-4958-45cc-843b-c5becc6208cb.jpg,ok,,1024,1024,RGB,JPEG
95d82091-1664-4e94-a360-859ca777d29f.jpg,test,data/images/95d82091-1664-4e94-a360-859ca777d29f.jpg,ok,,1024,1024,RGB,JPEG
dff7d7cc-9538-47fd-8fd5-cce8a72e5a0a.jpg,test,data/images/dff7d7cc-9538-47fd-8fd5-cce8a72e5a0a.jpg,ok,,1879,2200,RGB,JPEG
0cffa49d-5de3-40cf-8172-dfb1f6b28d38.jpg,test,data/images/0cffa49d-5de3-40cf-8172-dfb1f6b28d38.jpg,ok,,1024,1024,RGB,JPEG
663f0b11-436a-45d2-96f7-aea011cff247.jpg,test,data/images/663f0b11-436a-45d2-96f7-aea011cff247.jpg,ok,,1024,1024,RGB,JPEG
5c26f909-ba74-4ec1-aea2-fc1fc2084057.jpg,test,data/images/5c26f909-ba74-4ec1-aea2-fc1fc2084057.jpg,ok,,117,175,RGBA,PNG
48f6e972-4be4-40af-8e1c-1ff3bcd600e7.jpg,test,data/images/48f6e972-4be4-40af-8e1c-1ff3bcd600e7.jpg,ok,,1024,1024,RGB,JPEG
15d21991-06dd-45a7-a4af-786e9f938c30.jpg,test,data/images/15d21991-06dd-45a7-a4af-786e9f938c30.jpg,ok,,1024,1024,RGB,JPEG
dbef1681-a75a-48ee-bd06-ba96a72f0b94.jpg,test,data/images/dbef1681-a75a-48ee-bd06-ba96a72f0b94.jpg,ok,,1024,1024,RGB,JPEG
ab824c90-04f0-45cd-b0a4-91c4b565e367.jpg,test,data/images/ab824c90-04f0-45cd-b0a4-91c4b565e367.jpg,ok,,1024,1024,RGB,JPEG
b928d279-4775-4296-8c41-c4da670c7c96.jpg,test,data/images/b928d279-4775-4296-8c41-c4da670c7c96.jpg,ok,,1024,1024,RGB,JPEG
b665b7a4-098d-40dc-9f07-3500798282da.jpg,test,data/images/b665b7a4-098d-40dc-9f07-3500798282da.jpg,ok,,1195,896,RGB,JPEG
fc4f70e6-350b-491b-baa9-6163c9d99453.jpg,test,data/images/fc4f70e6-350b-491b-baa9-6163c9d99453.jpg,ok,,896,1195,RGB,JPEG
180f4410-0b8b-4dda-9b81-8612ec431124.jpg,test,data/images/180f4410-0b8b-4dda-9b81-8612ec431124.jpg,ok,,1024,1024,RGB,JPEG
fc1fa1cf-a4ed-4b5b-9c4d-0029de6d4f48.jpg,test,data/images/fc1fa1cf-a4ed-4b5b-9c4d-0029de6d4f48.jpg,ok,,1024,558,RGB,JPEG
bd1c3a7c-2f24-4711-9fd2-2fcc7fd738d0.jpg,test,data/images/bd1c3a7c-2f24-4711-9fd2-2fcc7fd738d0.jpg,ok,,1024,1024,RGB,JPEG
14771cf3-1ae1-485f-bff7-2a3792135134.jpg,test,data/images/14771cf3-1ae1-485f-bff7-2a3792135134.jpg,ok,,800,800,RGB,JPEG
25781727-6415-4722-9739-e921c8b2fbe8.jpg,test,data/images/25781727-6415-4722-9739-e921c8b2fbe8.jpg,ok,,1024,1024,RGB,JPEG
3e458038-c10c-4159-892c-18ebaa8168d2.jpg,test,data/images/3e458038-c10c-4159-892c-18ebaa8168d2.jpg,ok,,1500,1500,RGB,JPEG
9555e23a-abd7-4644-8b7b-d8e06014bd2b.jpg,test,data/images/9555e23a-abd7-4644-8b7b-d8e06014bd2b.jpg,ok,,215,270,RGBA,PNG
4fe91147-62d7-4a02-b658-25fd7fea1881.jpg,test,data/images/4fe91147-62d7-4a02-b658-25fd7fea1881.jpg,ok,,800,800,RGB,JPEG
a4cabb70-55b5-4ff1-93c5-5a9d04ba22f6.jpg,test,data/images/a4cabb70-55b5-4ff1-93c5-5a9d04ba22f6.jpg,ok,,1024,1024,RGB,JPEG
e303c85c-1fb1-42c7-a891-141076e2febd.jpg,test,data/images/e303c85c-1fb1-42c7-a891-141076e2febd.jpg,ok,,1024,716,RGB,JPEG
f41f5487-eef9-4e2e-9666-924259e2cc81.jpg,test,data/images/f41f5487-eef9-4e2e-9666-924259e2cc81.jpg,ok,,1024,1024,RGB,JPEG
0cd6e3a3-2547-45ef-8791-8825f4d388c7.jpg,test,data/images/0cd6e3a3-2547-45ef-8791-8825f4d388c7.jpg,ok,,1024,1024,RGB,JPEG
cc508ad0-1d88-4402-93d9-69620673a23e.jpg,test,data/images/cc508ad0-1d88-4402-93d9-69620673a23e.jpg,ok,,896,1195,RGB,JPEG
a025d0f1-2b58-4f31-887d-1cc6aeb606d6.jpg,test,data/images/a025d0f1-2b58-4f31-887d-1cc6aeb606d6.jpg,ok,,896,1195,RGB,JPEG
6f943e09-45e4-438c-96e6-a8ccfb6f3e92.jpg,test,data/images/6f943e09-45e4-438c-96e6-a8ccfb6f3e92.jpg,ok,,1024,1024,RGB,JPEG
3932ec76-6358-4ee3-9c70-16db0fb23dba.jpg,test,data/images/3932ec76-6358-4ee3-9c70-16db0fb23dba.jpg,ok,,1024,1024,RGB,JPEG
b65dff15-8802-4504-9bb7-0b47549c533d.jpg,test,data/images/b65dff15-8802-4504-9bb7-0b47549c533d.jpg,ok,,1024,1024,RGB,JPEG
8c73eee4-d316-4cf2-839f-db6e15f9630b.jpg,test,data/images/8c73eee4-d316-4cf2-839f-db6e15f9630b.jpg,ok,,1024,1024,RGB,JPEG
082ff687-3ebf-4a98-8944-ad4a075778ca.jpg,test,data/images/082ff687-3ebf-4a98-8944-ad4a075778ca.jpg,ok,,896,1195,RGB,JPEG
94b3c0fc-a106-46fa-8061-739a1b25c096.jpg,test,data/images/94b3c0fc-a106-46fa-8061-739a1b25c096.jpg,ok,,1863,1863,RGB,JPEG
cdb266d7-56c1-4fc2-acb7-5f84d36f4974.jpg,test,data/images/cdb266d7-56c1-4fc2-acb7-5f84d36f4974.jpg,ok,,1024,1024,RGB,JPEG
6393e351-b3a7-4f42-b55f-56746dc08124.jpg,test,data/images/6393e351-b3a7-4f42-b55f-56746dc08124.jpg,ok,,1024,1024,RGB,JPEG
ba3535e2-d182-431b-b5da-e49102a63651.jpg,test,data/images/ba3535e2-d182-431b-b5da-e49102a63651.jpg,ok,,1024,1024,RGB,JPEG
8b57ec8a-f4e3-4061-9fbf-3d6a43c2bba5.jpg,test,data/images/8b57ec8a-f4e3-4061-9fbf-3d6a43c2bba5.jpg,ok,,1024,1024,RGB,JPEG
ea4ed3dd-7d04-4c0f-acf7-6affb5bf5e8b.jpg,test,data/images/ea4ed3dd-7d04-4c0f-acf7-6affb5bf5e8b.jpg,ok,,558,1024,RGB,JPEG
ff10074d-14af-479d-b711-0da43d337306.jpg,test,data/images/ff10074d-14af-479d-b711-0da43d337306.jpg,ok,,832,1248,RGB,JPEG
08d98c80-ac8e-48db-a893-b4261f7dba96.jpg,test,data/images/08d98c80-ac8e-48db-a893-b4261f7dba96.jpg,ok,,1248,832,RGB,JPEG
51ca80d2-d761-4302-88d0-d82c7f5ea00d.jpg,test,data/images/51ca80d2-d761-4302-88d0-d82c7f5ea00d.jpg,ok,,1248,832,RGB,JPEG
fba984b3-b257-4e50-af74-e03fee1b992a.jpg,test,data/images/fba984b3-b257-4e50-af74-e03fee1b992a.jpg,ok,,832,1248,RGB,JPEG
cd9a07b6-e7bf-43a1-af9e-386368513645.jpg,test,data/images/cd9a07b6-e7bf-43a1-af9e-386368513645.jpg,ok,,1024,1024,RGB,JPEG
4463e66d-c757-4a9b-87ba-70976e99d072.jpg,test,data/images/4463e66d-c757-4a9b-87ba-70976e99d072.jpg,ok,,1024,1024,RGB,JPEG
ec50a049-010a-444a-9dbe-7400f344e023.jpg,test,data/images/ec50a049-010a-444a-9dbe-7400f344e023.jpg,ok,,1024,1024,RGB,JPEG
8c8e86ce-7de2-42dd-b445-38b7ae998922.jpg,test,data/images/8c8e86ce-7de2-42dd-b445-38b7ae998922.jpg,ok,,1024,1024,RGB,JPEG
cbcf4c09-3c98-4e3a-a9b3-00fecd66dd37.jpg,test,data/images/cbcf4c09-3c98-4e3a-a9b3-00fecd66dd37.jpg,ok,,1024,1024,RGB,JPEG
c8f9a5da-659e-4b9f-a2fc-8917b05c24b3.jpg,test,data/images/c8f9a5da-659e-4b9f-a2fc-8917b05c24b3.jpg,ok,,1195,896,RGB,JPEG
87960171-f6c8-466b-a9a5-d2fd2db12120.jpg,test,data/images/87960171-f6c8-466b-a9a5-d2fd2db12120.jpg,ok,,896,1195,RGB,JPEG
9ebfa4f0-3879-4546-a5e2-daf3abd72be8.jpg,test,data/images/9ebfa4f0-3879-4546-a5e2-daf3abd72be8.jpg,ok,,1024,1024,RGB,JPEG
c2169399-00bb-4bdd-a55a-b023a723cea7.jpg,test,data/images/c2169399-00bb-4bdd-a55a-b023a723cea7.jpg,ok,,1024,1024,RGB,JPEG
341e3881-8ada-4c33-87f5-795b90d74abf.jpg,test,data/images/341e3881-8ada-4c33-87f5-795b90d74abf.jpg,ok,,1024,1024,RGB,JPEG
a477f790-9b3d-44ae-a62c-a4478f2f34c4.jpg,test,data/images/a477f790-9b3d-44ae-a62c-a4478f2f34c4.jpg,ok,,1024,716,RGB,JPEG
dce80ae8-4dc4-4ac4-bfee-1bdde45d6eeb.jpg,test,data/images/dce80ae8-4dc4-4ac4-bfee-1bdde45d6eeb.jpg,ok,,1195,896,RGB,JPEG
fd029dea-318e-453b-9e88-9ddb096095eb.jpg,test,data/images/fd029dea-318e-453b-9e88-9ddb096095eb.jpg,ok,,1024,1024,RGB,JPEG
578ad600-0ab2-4ebe-86ff-bc2ba7820792.jpg,test,data/images/578ad600-0ab2-4ebe-86ff-bc2ba7820792.jpg,ok,,1024,1024,RGB,JPEG
1edcb347-c765-4c8e-b107-d2f23f19e513.jpg,test,data/images/1edcb347-c765-4c8e-b107-d2f23f19e513.jpg,ok,,1037,775,RGB,JPEG
77f772bc-3edb-4250-bb01-e8db59b6f4d1.jpg,test,data/images/77f772bc-3edb-4250-bb01-e8db59b6f4d1.jpg,ok,,1024,1024,RGB,JPEG
c329b6a1-915e-4233-8729-51fa6e62487f.jpg,test,data/images/c329b6a1-915e-4233-8729-51fa6e62487f.jpg,ok,,1248,832,RGB,JPEG
dce02080-b083-466f-b7df-bc6a4afd54d2.jpg,test,data/images/dce02080-b083-466f-b7df-bc6a4afd54d2.jpg,ok,,896,1195,RGB,JPEG
cf6ec9ee-4f14-4509-a582-bab9fd667be1.jpg,test,data/images/cf6ec9ee-4f14-4509-a582-bab9fd667be1.jpg,ok,,832,1248,RGB,JPEG
26abe121-5fb0-443e-af7f-0ea7703c8fc8.jpg,test,data/images/26abe121-5fb0-443e-af7f-0ea7703c8fc8.jpg,ok,,2560,1128,RGB,JPEG
a813ade9-a7ed-45c3-ac16-9c767ac651a3.jpg,test,data/images/a813ade9-a7ed-45c3-ac16-9c767ac651a3.jpg,ok,,1024,1024,RGB,JPEG
b2a3f739-1452-4962-9259-2ce2ddcf742e.jpg,test,data/images/b2a3f739-1452-4962-9259-2ce2ddcf742e.jpg,ok,,1024,1024,RGB,JPEG
0e5691ef-53bd-425c-b6c8-a028c7a03fb4.jpg,test,data/images/0e5691ef-53bd-425c-b6c8-a028c7a03fb4.jpg,ok,,896,1195,RGB,JPEG
2e2b0105-1d89-4a86-a13c-36a8a81f2bed.jpg,test,data/images/2e2b0105-1d89-4a86-a13c-36a8a81f2bed.jpg,ok,,1280,1024,RGB,JPEG
535e3377-6a97-46ae-bcf9-9128120bac4b.jpg,test,data/images/535e3377-6a97-46ae-bcf9-9128120bac4b.jpg,ok,,1280,1024,RGB,JPEG
eb51f76d-3925-4008-80f4-1e2988bd1ed8.jpg,test,data/images/eb51f76d-3925-4008-80f4-1e2988bd1ed8.jpg,ok,,1024,1024,RGB,JPEG
f5ee7219-e87d-4efb-a1a2-e916e926c7c4.jpg,test,data/images/f5ee7219-e87d-4efb-a1a2-e916e926c7c4.jpg,ok,,1024,558,RGB,JPEG
b121f09e-b2de-4ea9-bd36-068ab8e1cc1c.jpg,test,data/images/b121f09e-b2de-4ea9-bd36-068ab8e1cc1c.jpg,ok,,1024,1024,RGB,JPEG
594796cf-195f-416d-b9b8-ce6c9fa86bfb.jpg,test,data/images/594796cf-195f-416d-b9b8-ce6c9fa86bfb.jpg,ok,,1024,1024,RGB,JPEG
b48b776c-c889-45e6-9ab5-77c6c5af9db4.jpg,test,data/images/b48b776c-c889-45e6-9ab5-77c6c5af9db4.jpg,ok,,1195,896,RGB,JPEG
38324ef6-f08e-41b5-bc46-ecfeb7ee281d.jpg,test,data/images/38324ef6-f08e-41b5-bc46-ecfeb7ee281d.jpg,ok,,1024,558,RGB,JPEG
d8d59e95-4cdf-469f-bf96-4780a895517a.jpg,test,data/images/d8d59e95-4cdf-469f-bf96-4780a895517a.jpg,ok,,1024,1024,RGB,JPEG
a9cecc06-c764-4be8-b8a1-4d42fc5fb7f5.jpg,test,data/images/a9cecc06-c764-4be8-b8a1-4d42fc5fb7f5.jpg,ok,,719,1280,RGB,JPEG
3f232785-bb48-4cc3-88f8-93de2eaf632c.jpg,test,data/images/3f232785-bb48-4cc3-88f8-93de2eaf632c.jpg,ok,,1024,1024,RGB,JPEG
564aac55-96ce-4411-827c-b719637fe791.jpg,test,data/images/564aac55-96ce-4411-827c-b719637fe791.jpg,ok,,1024,1024,RGB,JPEG
ebde49c1-facb-4df1-9599-8ba71f7c289f.jpg,test,data/images/ebde49c1-facb-4df1-9599-8ba71f7c289f.jpg,ok,,1195,896,RGB,JPEG
bdf92060-33db-45ee-8a96-eb14bdc44237.jpg,test,data/images/bdf92060-33db-45ee-8a96-eb14bdc44237.jpg,ok,,1024,1024,RGB,JPEG
7d34122a-527f-4a8b-a9b4-28df3a419f3d.jpg,test,data/images/7d34122a-527f-4a8b-a9b4-28df3a419f3d.jpg,ok,,1248,832,RGB,JPEG
84c0b2a4-84ec-4c5b-9768-c906b10273b7.jpg,test,data/images/84c0b2a4-84ec-4c5b-9768-c906b10273b7.jpg,ok,,1024,1024,RGB,JPEG
87488fb4-9d74-4250-a85e-5d7b523dab47.jpg,test,data/images/87488fb4-9d74-4250-a85e-5d7b523dab47.jpg,ok,,1024,1024,RGB,JPEG
4815973a-ca45-4436-b662-1f436b38cc19.jpg,test,data/images/4815973a-ca45-4436-b662-1f436b38cc19.jpg,ok,,1024,1024,RGB,JPEG
9b2cc21e-937b-445d-bbab-121547a74830.jpg,test,data/images/9b2cc21e-937b-445d-bbab-121547a74830.jpg,ok,,1024,1024,RGB,JPEG
f91e677d-ff57-4f77-be7d-f0c33f10ba00.jpg,test,data/images/f91e677d-ff57-4f77-be7d-f0c33f10ba00.jpg,ok,,1024,716,RGB,JPEG
7b18bc47-ed9e-4a0f-9c8f-2bfa9cd790b8.jpg,test,data/images/7b18bc47-ed9e-4a0f-9c8f-2bfa9cd790b8.jpg,ok,,1024,1024,RGB,JPEG
daecbe6e-ba9c-48d8-9bcd-5009b794e5a6.jpg,test,data/images/daecbe6e-ba9c-48d8-9bcd-5009b794e5a6.jpg,ok,,1024,1024,RGB,JPEG
eee9c398-3e2e-46cd-b216-2e7adfc8faaf.jpg,test,data/images/eee9c398-3e2e-46cd-b216-2e7adfc8faaf.jpg,ok,,1024,1024,RGB,JPEG
2379337e-ae79-44c3-90d6-647902fc1070.jpg,test,data/images/2379337e-ae79-44c3-90d6-647902fc1070.jpg,ok,,1024,1024,RGB,JPEG
ca8cd050-dd6e-4913-b906-3fa93a0af48d.jpg,test,data/images/ca8cd050-dd6e-4913-b906-3fa93a0af48d.jpg,ok,,1024,1024,RGB,JPEG
ccd06624-52c6-46e8-b32e-1ab3ab38b259.jpg,test,data/images/ccd06624-52c6-46e8-b32e-1ab3ab38b259.jpg,ok,,1024,1024,RGB,JPEG
a3726ae0-86bd-4cdf-9d4a-9222f8c223d2.jpg,test,data/images/a3726ae0-86bd-4cdf-9d4a-9222f8c223d2.jpg,ok,,1024,1024,RGB,JPEG
2f2ebb30-a6ad-4114-b89c-41e3b1943750.jpg,test,data/images/2f2ebb30-a6ad-4114-b89c-41e3b1943750.jpg,ok,,1024,1024,RGB,JPEG
841ee388-4aca-4719-9d50-276f99ef69c1.jpg,test,data/images/841ee388-4aca-4719-9d50-276f99ef69c1.jpg,ok,,1248,832,RGB,JPEG
966d78d3-70db-4faf-9b31-d4828da36141.jpg,test,data/images/966d78d3-70db-4faf-9b31-d4828da36141.jpg,ok,,1195,896,RGB,JPEG
84c51afc-d833-4ba2-a669-6928cfd3d663.jpg,test,data/images/84c51afc-d833-4ba2-a669-6928cfd3d663.jpg,ok,,1024,1024,RGB,JPEG
1359fa76-661a-4069-8f3c-c75e1c7dac47.jpg,test,data/images/1359fa76-661a-4069-8f3c-c75e1c7dac47.jpg,ok,,1024,1024,RGB,JPEG
348d0eb1-2982-48c2-a1a8-e5c19ab4e451.jpg,test,data/images/348d0eb1-2982-48c2-a1a8-e5c19ab4e451.jpg,ok,,1248,832,RGB,JPEG
4f2983ac-d4a3-4168-926a-b4f90ea0ebcf.jpg,test,data/images/4f2983ac-d4a3-4168-926a-b4f90ea0ebcf.jpg,ok,,1024,1024,RGB,JPEG
790701b7-5fda-4f74-8409-711368080c3f.jpg,test,data/images/790701b7-5fda-4f74-8409-711368080c3f.jpg,ok,,1024,1024,RGB,JPEG
b906558a-a41c-4479-8302-3cf4fb7cff58.jpg,test,data/images/b906558a-a41c-4479-8302-3cf4fb7cff58.jpg,ok,,1024,1024,RGB,JPEG
f9227fd8-bfc1-4377-b5ae-4afbd4736919.jpg,test,data/images/f9227fd8-bfc1-4377-b5ae-4afbd4736919.jpg,ok,,1248,832,RGB,JPEG
e2bd9bde-672e-4254-b67a-bb83263c4875.jpg,test,data/images/e2bd9bde-672e-4254-b67a-bb83263c4875.jpg,ok,,896,1195,RGB,JPEG
e4cc427f-aae8-4636-9f97-368e9ba87a15.jpg,test,data/images/e4cc427f-aae8-4636-9f97-368e9ba87a15.jpg,ok,,1024,1024,RGB,JPEG
996dc0e1-cc8c-44d9-821b-30e3f5996783.jpg,test,data/images/996dc0e1-cc8c-44d9-821b-30e3f5996783.jpg,ok,,1024,1024,RGB,JPEG
1b0b7379-b3e4-435b-8243-7cb4636e589b.jpg,test,data/images/1b0b7379-b3e4-435b-8243-7cb4636e589b.jpg,ok,,832,1248,RGB,JPEG
061e4f94-6a25-435d-990f-0dd867f4022e.jpg,test,data/images/061e4f94-6a25-435d-990f-0dd867f4022e.jpg,ok,,1195,896,RGB,JPEG
6bdd690e-7f21-4f72-8cb9-563d7c27e55a.jpg,test,data/images/6bdd690e-7f21-4f72-8cb9-563d7c27e55a.jpg,ok,,1024,558,RGB,JPEG
c3cc986e-3e3e-4291-80d7-f6dc96fc48a7.jpg,test,data/images/c3cc986e-3e3e-4291-80d7-f6dc96fc48a7.jpg,ok,,1024,716,RGB,JPEG
c6a5bb92-5a71-48a1-b094-0d083bca8755.jpg,test,data/images/c6a5bb92-5a71-48a1-b094-0d083bca8755.jpg,ok,,1024,1024,RGB,JPEG
89acef1b-649a-4445-966a-75568bc7eb68.jpg,test,data/images/89acef1b-649a-4445-966a-75568bc7eb68.jpg,ok,,896,1195,RGB,JPEG
6a9aa6af-e369-4068-bc6d-43ef3aa40381.jpg,test,data/images/6a9aa6af-e369-4068-bc6d-43ef3aa40381.jpg,ok,,1024,558,RGB,JPEG
85542b77-aa0c-4741-9081-778f108a24bd.jpg,test,data/images/85542b77-aa0c-4741-9081-778f108a24bd.jpg,ok,,1024,558,RGB,JPEG
af8bfa32-e51b-4916-beab-f8728ad7bb25.jpg,test,data/images/af8bfa32-e51b-4916-beab-f8728ad7bb25.jpg,ok,,1024,1024,RGB,JPEG
8a84dba4-f14e-4959-b346-2524a9e5f264.jpg,test,data/images/8a84dba4-f14e-4959-b346-2524a9e5f264.jpg,ok,,1024,1024,RGB,JPEG
6b8a226d-3df4-4a41-b5e2-d97500290e80.jpg,test,data/images/6b8a226d-3df4-4a41-b5e2-d97500290e80.jpg,ok,,1024,1024,RGB,JPEG
6d9c042b-6fd9-4e33-a50c-96caaa371ff0.jpg,test,data/images/6d9c042b-6fd9-4e33-a50c-96caaa371ff0.jpg,ok,,1248,832,RGB,JPEG
6abeb36d-943b-4147-916d-9c65b717d388.jpg,test,data/images/6abeb36d-943b-4147-916d-9c65b717d388.jpg,ok,,1024,1024,RGB,JPEG
0e5dc08a-5e2f-4933-bc84-16dcd5436bb4.jpg,test,data/images/0e5dc08a-5e2f-4933-bc84-16dcd5436bb4.jpg,ok,,1024,1024,RGB,JPEG
9891327d-b376-440c-9aa1-6ca17393f949.jpg,test,data/images/9891327d-b376-440c-9aa1-6ca17393f949.jpg,ok,,1024,1024,RGB,JPEG
44a2e549-fb14-4b25-b40e-cbcfcfe2b106.jpg,test,data/images/44a2e549-fb14-4b25-b40e-cbcfcfe2b106.jpg,ok,,1024,716,RGB,JPEG
6911cfa0-2001-4433-800c-24383ec00f44.jpg,test,data/images/6911cfa0-2001-4433-800c-24383ec00f44.jpg,ok,,1024,1024,RGB,JPEG
6837aa6b-f13b-4d88-ae20-3a5f825ab150.jpg,test,data/images/6837aa6b-f13b-4d88-ae20-3a5f825ab150.jpg,ok,,832,1248,RGB,JPEG
5785757c-0016-4b95-b65d-dabc1c0e78cd.jpg,test,data/images/5785757c-0016-4b95-b65d-dabc1c0e78cd.jpg,ok,,1024,1024,RGB,JPEG
ff54265f-b984-4107-b56b-169d5c19f320.jpg,test,data/images/ff54265f-b984-4107-b56b-169d5c19f320.jpg,ok,,1195,896,RGB,JPEG
07b45fd3-b475-4bd8-ad41-e52ca40eba4e.jpg,test,data/images/07b45fd3-b475-4bd8-ad41-e52ca40eba4e.jpg,ok,,1024,558,RGB,JPEG
4e72a391-95dd-4cab-9ee7-bceff44f612f.jpg,test,data/images/4e72a391-95dd-4cab-9ee7-bceff44f612f.jpg,ok,,832,1248,RGB,JPEG
31a29a8f-1913-4610-bde8-035a37416af8.jpg,test,data/images/31a29a8f-1913-4610-bde8-035a37416af8.jpg,ok,,1024,1024,RGB,JPEG
72d2d16f-6c75-499b-b998-b419a2588700.jpg,test,data/images/72d2d16f-6c75-499b-b998-b419a2588700.jpg,ok,,1024,1024,RGB,JPEG
e2234c4f-4bcb-4975-960b-4f34d7a6e034.jpg,test,data/images/e2234c4f-4bcb-4975-960b-4f34d7a6e034.jpg,ok,,1024,1024,RGB,JPEG
28053a0a-3762-4a77-b8b8-cccc91cc1463.jpg,test,data/images/28053a0a-3762-4a77-b8b8-cccc91cc1463.jpg,ok,,1024,716,RGB,JPEG
1a2e5e00-edc1-4187-ae6b-194b996b21e6.jpg,test,data/images/1a2e5e00-edc1-4187-ae6b-194b996b21e6.jpg,ok,,1024,1024,RGB,JPEG
ae4d7f3f-4e36-4af9-ac7c-0469c92bf3f8.jpg,test,data/images/ae4d7f3f-4e36-4af9-ac7c-0469c92bf3f8.jpg,ok,,1024,1024,RGB,JPEG
bfd2c735-3e65-4ff5-beb7-41a8ba9dc916.jpg,test,data/images/bfd2c735-3e65-4ff5-beb7-41a8ba9dc916.jpg,ok,,1024,1024,RGB,JPEG
f7ebb5ed-466b-4e9a-b163-be0539a42aae.jpg,test,data/images/f7ebb5ed-466b-4e9a-b163-be0539a42aae.jpg,ok,,1024,1024,RGB,JPEG
06553922-a145-45b3-b8de-08ed050dab8d.jpg,test,data/images/06553922-a145-45b3-b8de-08ed050dab8d.jpg,ok,,1024,558,RGB,JPEG
dfe95786-ea83-4e0f-8c9b-0d40bf8e6fa0.jpg,test,data/images/dfe95786-ea83-4e0f-8c9b-0d40bf8e6fa0.jpg,ok,,400,362,RGB,JPEG
042eb27f-cb25-4b15-aaf0-cbd8fa4b431b.jpg,test,data/images/042eb27f-cb25-4b15-aaf0-cbd8fa4b431b.jpg,ok,,1195,896,RGB,JPEG
8e8b75c1-179c-4b71-af30-0a9d8413c3bd.jpg,test,data/images/8e8b75c1-179c-4b71-af30-0a9d8413c3bd.jpg,ok,,1248,832,RGB,JPEG
083d39e7-81bc-44e4-b9aa-11b1e84cf120.jpg,test,data/images/083d39e7-81bc-44e4-b9aa-11b1e84cf120.jpg,ok,,1024,716,RGB,JPEG
aaeb2eb6-d8fe-4402-afad-bf2dab6055a2.jpg,test,data/images/aaeb2eb6-d8fe-4402-afad-bf2dab6055a2.jpg,ok,,1024,1024,RGB,JPEG
08d9b5ba-5ae4-40dc-bddb-70dde28e32f0.jpg,test,data/images/08d9b5ba-5ae4-40dc-bddb-70dde28e32f0.jpg,ok,,1879,2200,RGB,JPEG
cc885121-b8fe-43a2-b133-e854be268c1a.jpg,test,data/images/cc885121-b8fe-43a2-b133-e854be268c1a.jpg,ok,,1024,1024,RGB,JPEG
8a37982b-b3fc-4ed9-a809-81334962cae2.jpg,test,data/images/8a37982b-b3fc-4ed9-a809-81334962cae2.jpg,ok,,1024,1024,RGB,JPEG
8519f995-681f-4780-87ea-91458656e3fc.jpg,test,data/images/8519f995-681f-4780-87ea-91458656e3fc.jpg,ok,,832,1248,RGB,JPEG
562c722a-ccd5-438e-8631-88faff6c8441.jpg,test,data/images/562c722a-ccd5-438e-8631-88faff6c8441.jpg,ok,,1024,1024,RGB,JPEG
3a8f90c9-646b-4f8c-9735-97982a64bccd.jpg,test,data/images/3a8f90c9-646b-4f8c-9735-97982a64bccd.jpg,ok,,1024,1024,RGB,JPEG
4ac12bf7-a69f-4c68-9023-7e008c9e1e08.jpg,test,data/images/4ac12bf7-a69f-4c68-9023-7e008c9e1e08.jpg,ok,,1024,1024,RGB,JPEG
ac7e05cb-bac0-4298-ade0-6e242f954cd5.jpg,test,data/images/ac7e05cb-bac0-4298-ade0-6e242f954cd5.jpg,ok,,1024,1024,RGB,JPEG
fae78c94-8119-4e76-b561-65e840c8b32a.jpg,test,data/images/fae78c94-8119-4e76-b561-65e840c8b32a.jpg,ok,,896,1195,RGB,JPEG
adad02f5-7614-4167-93e9-027222e8772a.jpg,test,data/images/adad02f5-7614-4167-93e9-027222e8772a.jpg,ok,,1248,832,RGB,JPEG
1c5d8da0-b096-4882-a2df-e4c2242357ee.jpg,test,data/images/1c5d8da0-b096-4882-a2df-e4c2242357ee.jpg,ok,,1024,1024,RGB,JPEG
64994cc5-b813-427f-8bdb-8d1dbc4d526b.jpg,test,data/images/64994cc5-b813-427f-8bdb-8d1dbc4d526b.jpg,ok,,2560,1868,RGB,JPEG
adad11f3-bf60-4807-b49b-a55b4ef3efa3.jpg,test,data/images/adad11f3-bf60-4807-b49b-a55b4ef3efa3.jpg,ok,,558,1024,RGB,JPEG
cacc10f5-2d35-4b3d-bf92-3c377cda52f3.jpg,test,data/images/cacc10f5-2d35-4b3d-bf92-3c377cda52f3.jpg,ok,,1024,1024,RGB,JPEG
793e46cb-2ea0-4460-85b5-68313f0d332b.jpg,test,data/images/793e46cb-2ea0-4460-85b5-68313f0d332b.jpg,ok,,65,65,RGBA,PNG
e6e77d4c-5e1b-4420-b747-1dd435d806f8.jpg,test,data/images/e6e77d4c-5e1b-4420-b747-1dd435d806f8.jpg,ok,,1024,1024,RGB,JPEG
cebc5a2e-9a28-4f5c-9b56-1606424dce14.jpg,test,data/images/cebc5a2e-9a28-4f5c-9b56-1606424dce14.jpg,ok,,1024,558,RGB,JPEG
7f8342a7-b679-4045-a9d3-e116edadac4e.jpg,test,data/images/7f8342a7-b679-4045-a9d3-e116edadac4e.jpg,ok,,896,1195,RGB,JPEG
1a4f5455-7b13-4f65-8ca8-fd7bbbcb25be.jpg,test,data/images/1a4f5455-7b13-4f65-8ca8-fd7bbbcb25be.jpg,ok,,1280,1024,RGB,JPEG
06d8cfd5-63d1-43ce-b461-98a2af6402d8.jpg,test,data/images/06d8cfd5-63d1-43ce-b461-98a2af6402d8.jpg,ok,,1024,1024,RGB,JPEG
b267291c-031a-44c7-a26f-1b11dc68984e.jpg,test,data/images/b267291c-031a-44c7-a26f-1b11dc68984e.jpg,ok,,1248,832,RGB,JPEG
9d2aff0f-d255-4ce8-9fed-8e3bdac4d923.jpg,test,data/images/9d2aff0f-d255-4ce8-9fed-8e3bdac4d923.jpg,ok,,1195,896,RGB,JPEG
729246aa-81f8-453e-b54f-150f4512c2ce.jpg,test,data/images/729246aa-81f8-453e-b54f-150f4512c2ce.jpg,ok,,1024,1024,RGB,JPEG
1ca55b3c-0d3c-4104-a656-5b479fe8fc3b.jpg,test,data/images/1ca55b3c-0d3c-4104-a656-5b479fe8fc3b.jpg,ok,,1195,896,RGB,JPEG
25b38393-a91a-4f83-a39e-48cfb9a54dbf.jpg,test,data/images/25b38393-a91a-4f83-a39e-48cfb9a54dbf.jpg,ok,,1024,1024,RGB,JPEG
404876b5-88b1-49fe-a1be-f5fe0786ed1c.jpg,test,data/images/404876b5-88b1-49fe-a1be-f5fe0786ed1c.jpg,ok,,896,1195,RGB,JPEG
69336587-7a31-4ba5-8da6-490059f13be6.jpg,test,data/images/69336587-7a31-4ba5-8da6-490059f13be6.jpg,ok,,1024,1024,RGB,JPEG
38457921-adc0-4862-ac47-b0cb8505c45b.jpg,test,data/images/38457921-adc0-4862-ac47-b0cb8505c45b.jpg,ok,,1024,1024,RGB,JPEG
c7f57491-101b-4bbb-a823-0f7b7516df40.jpg,test,data/images/c7f57491-101b-4bbb-a823-0f7b7516df40.jpg,ok,,896,1195,RGB,JPEG
77db6953-4de3-4763-9c40-ae430e84f213.jpg,test,data/images/77db6953-4de3-4763-9c40-ae430e84f213.jpg,ok,,1024,1024,RGB,JPEG
103d4709-7cc5-441a-ac99-bc0e3cbe5ba7.jpg,test,data/images/103d4709-7cc5-441a-ac99-bc0e3cbe5ba7.jpg,ok,,1024,716,RGB,JPEG
a89c61eb-1016-4dab-9224-f10cc37290cd.jpg,test,data/images/a89c61eb-1016-4dab-9224-f10cc37290cd.jpg,ok,,1024,1024,RGB,JPEG
f3844f88-161d-445e-98fc-a3c9cb90f8bd.jpg,test,data/images/f3844f88-161d-445e-98fc-a3c9cb90f8bd.jpg,ok,,1024,1024,RGB,JPEG
8991b267-b7f4-4639-a35d-12de2a9909af.jpg,test,data/images/8991b267-b7f4-4639-a35d-12de2a9909af.jpg,ok,,896,1195,RGB,JPEG
425008d5-bc0d-4f18-9737-6d4e317d714b.jpg,test,data/images/425008d5-bc0d-4f18-9737-6d4e317d714b.jpg,ok,,1024,1024,RGB,JPEG
c13bdf04-9c51-4c83-bebb-351c62a7afdf.jpg,test,data/images/c13bdf04-9c51-4c83-bebb-351c62a7afdf.jpg,ok,,1024,1024,RGB,JPEG
7aa55c54-32e1-4aa0-9bbe-4079b702fbbd.jpg,test,data/images/7aa55c54-32e1-4aa0-9bbe-4079b702fbbd.jpg,ok,,500,376,RGB,JPEG
12118f34-c96b-4a24-9c5a-4c17edb5501d.jpg,test,data/images/12118f34-c96b-4a24-9c5a-4c17edb5501d.jpg,ok,,1024,558,RGB,JPEG
698303d6-cb5e-4ceb-85a1-7de817d077ef.jpg,test,data/images/698303d6-cb5e-4ceb-85a1-7de817d077ef.jpg,ok,,1024,1024,RGB,JPEG
6638af63-e3a3-4613-bd24-e813b585ffcd.jpg,test,data/images/6638af63-e3a3-4613-bd24-e813b585ffcd.jpg,ok,,1024,1024,RGB,JPEG
5f2c3ea4-3bbf-4851-bfb1-a97779bcb0dd.jpg,test,data/images/5f2c3ea4-3bbf-4851-bfb1-a97779bcb0dd.jpg,ok,,1024,1024,RGB,JPEG
6919ffd6-a4c6-4ba7-bbc1-4356d0b41b64.jpg,test,data/images/6919ffd6-a4c6-4ba7-bbc1-4356d0b41b64.jpg,ok,,1024,1024,RGB,JPEG
fcb23338-f46f-4c6a-9e3a-693dc9d83ad0.jpg,test,data/images/fcb23338-f46f-4c6a-9e3a-693dc9d83ad0.jpg,ok,,1195,896,RGB,JPEG
e52825fd-2c93-48b2-ae94-0c99d28ae26b.jpg,test,data/images/e52825fd-2c93-48b2-ae94-0c99d28ae26b.jpg,ok,,558,1024,RGB,JPEG
7ea9ca02-d094-4197-9f2d-7863950eaa61.jpg,test,data/images/7ea9ca02-d094-4197-9f2d-7863950eaa61.jpg,ok,,1024,1024,RGB,JPEG
fba12f8e-30b4-40a2-b3da-4b811de3debd.jpg,test,data/images/fba12f8e-30b4-40a2-b3da-4b811de3debd.jpg,ok,,1024,558,RGB,JPEG
05842e4c-e325-4ca0-bb14-3ff4f5807e88.jpg,test,data/images/05842e4c-e325-4ca0-bb14-3ff4f5807e88.jpg,ok,,1024,1024,RGB,JPEG
e80639f8-69cc-4174-9994-ca3bdc6154d7.jpg,test,data/images/e80639f8-69cc-4174-9994-ca3bdc6154d7.jpg,ok,,896,1195,RGB,JPEG
6e3afc4b-51a5-47a2-8898-6af1e38b3011.jpg,test,data/images/6e3afc4b-51a5-47a2-8898-6af1e38b3011.jpg,ok,,1024,1024,RGB,JPEG
38415298-7cf7-4528-b726-c7d34aafbfed.jpg,test,data/images/38415298-7cf7-4528-b726-c7d34aafbfed.jpg,ok,,1024,558,RGB,JPEG
771d18d6-f9f4-477e-821d-b84086659335.jpg,test,data/images/771d18d6-f9f4-477e-821d-b84086659335.jpg,ok,,1195,896,RGB,JPEG
e113671b-cfaa-4a64-88e1-fc83418d991a.jpg,test,data/images/e113671b-cfaa-4a64-88e1-fc83418d991a.jpg,ok,,1024,1024,RGB,JPEG
d06bf55e-67c3-43b0-9009-92c89a18ae60.jpg,test,data/images/d06bf55e-67c3-43b0-9009-92c89a18ae60.jpg,ok,,1024,1024,RGB,JPEG
61cea7fd-21a0-4b06-8032-5e9392d133ae.jpg,test,data/images/61cea7fd-21a0-4b06-8032-5e9392d133ae.jpg,ok,,1024,1024,RGB,JPEG
38eea79d-0454-448f-96d8-f97a0df1419d.jpg,test,data/images/38eea79d-0454-448f-96d8-f97a0df1419d.jpg,ok,,1024,1024,RGB,JPEG
137052dd-bb05-4294-a6d0-ff7c8f92631d.jpg,test,data/images/137052dd-bb05-4294-a6d0-ff7c8f92631d.jpg,ok,,1024,1024,RGB,JPEG
b5d079e6-138c-4dc2-9613-63458dbb1ac4.jpg,test,data/images/b5d079e6-138c-4dc2-9613-63458dbb1ac4.jpg,ok,,400,300,RGB,JPEG
960a7c66-0482-4547-aef3-2f65382cc143.jpg,test,data/images/960a7c66-0482-4547-aef3-2f65382cc143.jpg,ok,,1024,1024,RGB,JPEG
2ffac22c-9c6b-4de3-8d5d-e23f1e5c7266.jpg,test,data/images/2ffac22c-9c6b-4de3-8d5d-e23f1e5c7266.jpg,ok,,1024,1024,RGB,JPEG
b2f9aa52-8778-4cb6-a0b2-d02a6f80a2f7.jpg,test,data/images/b2f9aa52-8778-4cb6-a0b2-d02a6f80a2f7.jpg,ok,,1024,1024,RGB,JPEG
7bf23683-dad9-406d-af4b-f70c980b2d01.jpg,test,data/images/7bf23683-dad9-406d-af4b-f70c980b2d01.jpg,ok,,896,1195,RGB,JPEG
a6523476-5768-4885-a0dd-34c46103c15e.jpg,test,data/images/a6523476-5768-4885-a0dd-34c46103c15e.jpg,ok,,1280,1024,RGB,JPEG
105d4c62-ce76-4346-8d58-f9abf96eb365.jpg,test,data/images/105d4c62-ce76-4346-8d58-f9abf96eb365.jpg,ok,,832,1248,RGB,JPEG
ba624686-0237-4659-945e-2406be63a671.jpg,test,data/images/ba624686-0237-4659-945e-2406be63a671.jpg,ok,,1920,1921,RGB,JPEG
d8f0faae-0cdc-4f06-be28-8d8375a0d267.jpg,test,data/images/d8f0faae-0cdc-4f06-be28-8d8375a0d267.jpg,ok,,1024,1024,RGB,JPEG
2921b15e-0350-4430-86ab-c1449698352f.jpg,test,data/images/2921b15e-0350-4430-86ab-c1449698352f.jpg,ok,,1024,558,RGB,JPEG
611ad30e-5be4-468a-989f-e9f20ef45fb5.jpg,test,data/images/611ad30e-5be4-468a-989f-e9f20ef45fb5.jpg,ok,,896,1195,RGB,JPEG
21edd562-618b-4ddf-8ff9-81efaa237114.jpg,test,data/images/21edd562-618b-4ddf-8ff9-81efaa237114.jpg,ok,,1024,1024,RGB,JPEG
832a8895-448b-42cb-a503-005d8bd4e6a2.jpg,test,data/images/832a8895-448b-42cb-a503-005d8bd4e6a2.jpg,ok,,300,400,RGB,JPEG
531dc908-a620-487b-8193-45f4ae838738.jpg,test,data/images/531dc908-a620-487b-8193-45f4ae838738.jpg,ok,,1024,1024,RGB,JPEG
d632c858-6485-4310-bbfc-a01e0cc7d0fe.jpg,test,data/images/d632c858-6485-4310-bbfc-a01e0cc7d0fe.jpg,ok,,1024,1024,RGB,JPEG
d14f9697-ebca-4386-a2c1-1feb94733ab3.jpg,test,data/images/d14f9697-ebca-4386-a2c1-1feb94733ab3.jpg,ok,,400,400,RGB,JPEG
47c58e60-9cfd-4026-92d1-f6436c9eeb22.jpg,test,data/images/47c58e60-9cfd-4026-92d1-f6436c9eeb22.jpg,ok,,1024,1024,RGB,JPEG
cfcd5781-ae0d-4dad-b211-366bc2346b74.jpg,test,data/images/cfcd5781-ae0d-4dad-b211-366bc2346b74.jpg,ok,,1024,558,RGB,JPEG
99a5f473-5f82-4d93-b717-6a4f4ef863d5.jpg,test,data/images/99a5f473-5f82-4d93-b717-6a4f4ef863d5.jpg,ok,,896,1195,RGB,JPEG
7152596e-1b84-4cd9-babb-2225384629be.jpg,test,data/images/7152596e-1b84-4cd9-babb-2225384629be.jpg,ok,,1024,1024,RGB,JPEG
6ce2969e-14a4-4ebf-bd1a-4417da4fb69a.jpg,test,data/images/6ce2969e-14a4-4ebf-bd1a-4417da4fb69a.jpg,ok,,1024,558,RGB,JPEG
5dd594cd-92fd-476d-b858-34ab961bb232.jpg,test,data/images/5dd594cd-92fd-476d-b858-34ab961bb232.jpg,ok,,1024,1024,RGB,JPEG
8dd8e351-b4db-4872-9b06-88d688ca50e8.jpg,test,data/images/8dd8e351-b4db-4872-9b06-88d688ca50e8.jpg,ok,,1024,1024,RGB,JPEG
22316291-b4d7-4572-9f98-4195ef2abad1.jpg,test,data/images/22316291-b4d7-4572-9f98-4195ef2abad1.jpg,ok,,1024,1024,RGB,JPEG
499aace5-fc3d-4359-9acf-5e88e19c5a84.jpg,test,data/images/499aace5-fc3d-4359-9acf-5e88e19c5a84.jpg,ok,,1024,1024,RGB,JPEG
d31b837a-afda-4f2c-af80-3eebd9b167c3.jpg,test,data/images/d31b837a-afda-4f2c-af80-3eebd9b167c3.jpg,ok,,160,160,RGBA,PNG
54588260-cfed-4093-9256-c198a8db8ecd.jpg,test,data/images/54588260-cfed-4093-9256-c198a8db8ecd.jpg,ok,,1024,1024,RGB,JPEG
dea22c39-4d5a-448e-83a8-69125a117aae.jpg,test,data/images/dea22c39-4d5a-448e-83a8-69125a117aae.jpg,ok,,896,1195,RGB,JPEG
e60c3207-30d2-42b5-8f43-097da0c3e3e0.jpg,test,data/images/e60c3207-30d2-42b5-8f43-097da0c3e3e0.jpg,ok,,1024,1024,RGB,JPEG
63ab5677-b8bc-423d-9e0f-b0360c8b911f.jpg,test,data/images/63ab5677-b8bc-423d-9e0f-b0360c8b911f.jpg,ok,,896,1195,RGB,JPEG
e291ea32-8361-41e7-b446-6236aa6c00dd.jpg,test,data/images/e291ea32-8361-41e7-b446-6236aa6c00dd.jpg,ok,,1024,1024,RGB,JPEG
bd51a8df-0558-41c2-b2e8-eb8e651cb451.jpg,test,data/images/bd51a8df-0558-41c2-b2e8-eb8e651cb451.jpg,ok,,1024,1024,RGB,JPEG
474606a5-4a6a-4a7c-b13f-8752536a47c7.jpg,test,data/images/474606a5-4a6a-4a7c-b13f-8752536a47c7.jpg,ok,,1248,832,RGB,JPEG
6abde6db-a98b-497d-af8b-e07ca32af749.jpg,test,data/images/6abde6db-a98b-497d-af8b-e07ca32af749.jpg,ok,,1024,1024,RGB,JPEG
a751e50b-54e0-4dad-a38b-cce78d134048.jpg,test,data/images/a751e50b-54e0-4dad-a38b-cce78d134048.jpg,ok,,1024,1024,RGB,JPEG
a3489398-4e40-41cf-8d01-23e292c97b0e.jpg,test,data/images/a3489398-4e40-41cf-8d01-23e292c97b0e.jpg,ok,,896,1195,RGB,JPEG
0fe1a31a-c13e-47dc-9b19-d1101c615239.jpg,test,data/images/0fe1a31a-c13e-47dc-9b19-d1101c615239.jpg,ok,,375,500,RGB,JPEG
7c6c22fe-63e8-491c-a34b-73888f7633e1.jpg,test,data/images/7c6c22fe-63e8-491c-a34b-73888f7633e1.jpg,ok,,1024,1024,RGB,JPEG
ac41e4ba-65e4-433e-88ba-375df0b56eb9.jpg,test,data/images/ac41e4ba-65e4-433e-88ba-375df0b56eb9.jpg,ok,,1024,716,RGB,JPEG
b9331a8e-14c3-41fb-ba19-54261a56c21f.jpg,test,data/images/b9331a8e-14c3-41fb-ba19-54261a56c21f.jpg,ok,,1248,832,RGB,JPEG
2e1fc90e-6921-40a3-89dd-168fec6ae1b1.jpg,test,data/images/2e1fc90e-6921-40a3-89dd-168fec6ae1b1.jpg,ok,,1879,2200,RGB,JPEG
b174e0ee-7440-4026-9838-a8143d88b8c5.jpg,test,data/images/b174e0ee-7440-4026-9838-a8143d88b8c5.jpg,ok,,1024,1024,RGB,JPEG
ff7abd1f-317f-4708-ac40-03edad14c3bc.jpg,test,data/images/ff7abd1f-317f-4708-ac40-03edad14c3bc.jpg,ok,,1024,1024,RGB,JPEG
c01cb01e-fce6-4f95-99b4-ec4d1134d550.jpg,test,data/images/c01cb01e-fce6-4f95-99b4-ec4d1134d550.jpg,ok,,1195,896,RGB,JPEG
866f153e-0117-4d77-83c5-1e700d20b096.jpg,test,data/images/866f153e-0117-4d77-83c5-1e700d20b096.jpg,ok,,896,1195,RGB,JPEG
8092c878-fa86-44c4-9214-a49d6036f1c4.jpg,test,data/images/8092c878-fa86-44c4-9214-a49d6036f1c4.jpg,ok,,1195,896,RGB,JPEG
5b342aa8-3a77-4427-885b-85ec857dea26.jpg,test,data/images/5b342aa8-3a77-4427-885b-85ec857dea26.jpg,ok,,1248,832,RGB,JPEG
2b842a6b-cc8d-4e4d-b7ac-4500ed6e290d.jpg,test,data/images/2b842a6b-cc8d-4e4d-b7ac-4500ed6e290d.jpg,ok,,1024,1024,RGB,JPEG
aef841a0-21c7-45cf-8e2c-114fc5e9b2ea.jpg,test,data/images/aef841a0-21c7-45cf-8e2c-114fc5e9b2ea.jpg,ok,,896,1195,RGB,JPEG
2d0382ca-039f-4f55-a551-36d22f716405.jpg,test,data/images/2d0382ca-039f-4f55-a551-36d22f716405.jpg,ok,,558,1024,RGB,JPEG
c8469a1b-d0a2-4445-bfc6-ffba6e99bf5f.jpg,test,data/images/c8469a1b-d0a2-4445-bfc6-ffba6e99bf5f.jpg,ok,,1879,2200,RGB,JPEG
334302a1-977c-4354-9d0b-361ddd31f858.jpg,test,data/images/334302a1-977c-4354-9d0b-361ddd31f858.jpg,ok,,1024,1024,RGB,JPEG
73c73b0c-a38b-4dc9-8316-cb4a53a77657.jpg,test,data/images/73c73b0c-a38b-4dc9-8316-cb4a53a77657.jpg,ok,,1024,1024,RGB,JPEG
fea5d463-f83e-4cac-91ac-8f6899411f9d.jpg,test,data/images/fea5d463-f83e-4cac-91ac-8f6899411f9d.jpg,ok,,1024,1024,RGB,JPEG
8941cc6a-92f0-483d-b634-be093db1d54e.jpg,test,data/images/8941cc6a-92f0-483d-b634-be093db1d54e.jpg,ok,,1195,896,RGB,JPEG
28c42d9e-4d1b-4d47-ae4e-3a473916b775.jpg,test,data/images/28c42d9e-4d1b-4d47-ae4e-3a473916b775.jpg,ok,,896,1195,RGB,JPEG
7631c376-292d-4ca3-8cca-b954fac17224.jpg,test,data/images/7631c376-292d-4ca3-8cca-b954fac17224.jpg,ok,,1024,1024,RGB,JPEG
f19024a1-fd25-4e45-808a-9f7fe140fbe1.jpg,test,data/images/f19024a1-fd25-4e45-808a-9f7fe140fbe1.jpg,ok,,558,1024,RGB,JPEG
1b0b8721-f4f7-4a78-b816-da6c05e2f870.jpg,test,data/images/1b0b8721-f4f7-4a78-b816-da6c05e2f870.jpg,ok,,1024,1024,RGB,JPEG
0db39398-0f62-43f8-bf9d-0bdbfdb8785a.jpg,test,data/images/0db39398-0f62-43f8-bf9d-0bdbfdb8785a.jpg,ok,,1119,1119,RGB,JPEG
1de23d68-db5d-4231-89a9-3c45cd3583ad.jpg,test,data/images/1de23d68-db5d-4231-89a9-3c45cd3583ad.jpg,ok,,1024,1024,RGB,JPEG
22744e94-fbda-4421-81d2-556198b5a1c3.jpg,test,data/images/22744e94-fbda-4421-81d2-556198b5a1c3.jpg,ok,,896,1195,RGB,JPEG
c1f7c770-96d9-4d5a-85b9-b5050160b169.jpg,test,data/images/c1f7c770-96d9-4d5a-85b9-b5050160b169.jpg,ok,,832,1248,RGB,JPEG
15dbfe0d-cf0a-419c-b406-9ac6e443bc85.jpg,test,data/images/15dbfe0d-cf0a-419c-b406-9ac6e443bc85.jpg,ok,,960,1024,RGB,JPEG
a667bc25-f28b-410e-ab50-040196cb1468.jpg,test,data/images/a667bc25-f28b-410e-ab50-040196cb1468.jpg,ok,,896,1195,RGB,JPEG
be574cdd-fd3c-422a-842f-df6a61ed5018.jpg,test,data/images/be574cdd-fd3c-422a-842f-df6a61ed5018.jpg,ok,,1248,832,RGB,JPEG
5220e338-3fd8-4056-acaa-bb521f4481d8.jpg,test,data/images/5220e338-3fd8-4056-acaa-bb521f4481d8.jpg,ok,,1024,1024,RGB,JPEG
a2866b71-adef-4554-a9ed-1a5f080b702d.jpg,test,data/images/a2866b71-adef-4554-a9ed-1a5f080b702d.jpg,ok,,1879,2200,RGB,JPEG
b3b58e0c-f4de-4e8b-ba40-d1423aa9f46d.jpg,test,data/images/b3b58e0c-f4de-4e8b-ba40-d1423aa9f46d.jpg,ok,,1024,1024,RGB,JPEG
ed0a0fc2-2fa6-4d27-9f1e-3d535024564f.jpg,test,data/images/ed0a0fc2-2fa6-4d27-9f1e-3d535024564f.jpg,ok,,1024,716,RGB,JPEG
066b8a7e-5d47-46fd-841f-bff4bda05a04.jpg,test,data/images/066b8a7e-5d47-46fd-841f-bff4bda05a04.jpg,ok,,1969,2560,RGB,JPEG
af3001bc-3b05-4533-aaca-52105bba037c.jpg,test,data/images/af3001bc-3b05-4533-aaca-52105bba037c.jpg,ok,,1280,1024,RGB,JPEG
3cbdcf1b-76a1-4c42-b040-f8b8b2ecbf68.jpg,test,data/images/3cbdcf1b-76a1-4c42-b040-f8b8b2ecbf68.jpg,ok,,1024,1024,RGB,JPEG
c38afc50-2fbf-43f9-ac0a-a560fdffe3d1.jpg,test,data/images/c38afc50-2fbf-43f9-ac0a-a560fdffe3d1.jpg,ok,,1024,1024,RGB,JPEG
e6436a0c-9c4f-4986-9a13-d50afc9791a6.jpg,test,data/images/e6436a0c-9c4f-4986-9a13-d50afc9791a6.jpg,ok,,1024,1024,RGB,JPEG
7dd4f46c-f795-4eeb-8ee7-7a5ccee5e3e4.jpg,test,data/images/7dd4f46c-f795-4eeb-8ee7-7a5ccee5e3e4.jpg,ok,,1024,558,RGB,JPEG
80033376-c9d1-455d-b36f-1c494d8287cd.jpg,test,data/images/80033376-c9d1-455d-b36f-1c494d8287cd.jpg,ok,,1024,1024,RGB,JPEG
5ecc75fc-131d-419a-a26b-4df4c34e604b.jpg,test,data/images/5ecc75fc-131d-419a-a26b-4df4c34e604b.jpg,ok,,400,300,RGB,JPEG
311aaf15-d330-4340-a942-36c61bd6782f.jpg,test,data/images/311aaf15-d330-4340-a942-36c61bd6782f.jpg,ok,,1024,1024,RGB,JPEG
2f3f9a3e-aa3c-4bd9-910a-c877bb5fa688.jpg,test,data/images/2f3f9a3e-aa3c-4bd9-910a-c877bb5fa688.jpg,ok,,896,1195,RGB,JPEG
462ae115-6832-4432-8f3b-506ed5d3adb1.jpg,test,data/images/462ae115-6832-4432-8f3b-506ed5d3adb1.jpg,ok,,1024,1024,RGB,JPEG
fa5d0183-2f86-4709-b79c-dc9d8b3a36d4.jpg,test,data/images/fa5d0183-2f86-4709-b79c-dc9d8b3a36d4.jpg,ok,,1195,896,RGB,JPEG
b0d26147-79e3-46e9-85e9-b7a790e834e6.jpg,test,data/images/b0d26147-79e3-46e9-85e9-b7a790e834e6.jpg,ok,,1248,832,RGB,JPEG
c7bcf93b-256b-4480-bf5c-ea34b511d1ea.jpg,test,data/images/c7bcf93b-256b-4480-bf5c-ea34b511d1ea.jpg,ok,,1024,1024,RGB,JPEG
4c3a79d5-c3d6-42e0-9e70-e39745fb6b55.jpg,test,data/images/4c3a79d5-c3d6-42e0-9e70-e39745fb6b55.jpg,ok,,1024,1024,RGB,JPEG
614661a5-94aa-4f44-a2e3-fdc819d773ff.jpg,test,data/images/614661a5-94aa-4f44-a2e3-fdc819d773ff.jpg,ok,,1000,1334,RGB,JPEG
bd537e91-b575-496d-bd09-5f14dc35ec89.jpg,test,data/images/bd537e91-b575-496d-bd09-5f14dc35ec89.jpg,ok,,832,1248,RGB,JPEG
1373b5c8-9671-4fe7-b59b-d2c120482c1b.jpg,test,data/images/1373b5c8-9671-4fe7-b59b-d2c120482c1b.jpg,ok,,1024,1024,RGB,JPEG
bd108317-05a3-40f3-85a6-8e09e0f744b7.jpg,test,data/images/bd108317-05a3-40f3-85a6-8e09e0f744b7.jpg,ok,,1024,1024,RGB,JPEG
f079943f-7f2c-4cf2-a311-e24a317631d8.jpg,test,data/images/f079943f-7f2c-4cf2-a311-e24a317631d8.jpg,ok,,896,1195,RGB,JPEG
714cd12f-9d15-44ff-9cd1-bcc7dfef3a02.jpg,test,data/images/714cd12f-9d15-44ff-9cd1-bcc7dfef3a02.jpg,ok,,1195,896,RGB,JPEG
ec42a99c-6148-42dc-8998-63bc376a9635.jpg,test,data/images/ec42a99c-6148-42dc-8998-63bc376a9635.jpg,ok,,1024,1024,RGB,JPEG
c4437855-6604-42c6-9955-a3cd7a61fb59.jpg,test,data/images/c4437855-6604-42c6-9955-a3cd7a61fb59.jpg,ok,,1248,832,RGB,JPEG
bdcc3513-b8c2-4dd5-a89e-6e7d426c859b.jpg,test,data/images/bdcc3513-b8c2-4dd5-a89e-6e7d426c859b.jpg,ok,,1248,832,RGB,JPEG
d1c3e835-ae76-421a-b04b-266a58d261c3.jpg,test,data/images/d1c3e835-ae76-421a-b04b-266a58d261c3.jpg,ok,,1024,1024,RGB,JPEG
b67afe43-c6dd-4027-b9b4-c1b71fd3659b.jpg,test,data/images/b67afe43-c6dd-4027-b9b4-c1b71fd3659b.jpg,ok,,1024,1024,RGB,JPEG
a975cfe0-f058-490c-a423-8c9049fcc2a4.jpg,test,data/images/a975cfe0-f058-490c-a423-8c9049fcc2a4.jpg,ok,,1024,716,RGB,JPEG
416cb440-81ee-4673-8131-285bd1c6dfeb.jpg,test,data/images/416cb440-81ee-4673-8131-285bd1c6dfeb.jpg,ok,,1024,558,RGB,JPEG
3cff1c22-9928-4482-9723-fd2119a0a970.jpg,test,data/images/3cff1c22-9928-4482-9723-fd2119a0a970.jpg,ok,,1024,1024,RGB,JPEG
b7a9f8b1-f1cb-4041-b7bd-a29de96a38ba.jpg,test,data/images/b7a9f8b1-f1cb-4041-b7bd-a29de96a38ba.jpg,ok,,1024,1024,RGB,JPEG
cb33e42c-6b45-4740-835d-9dfe3034d458.jpg,test,data/images/cb33e42c-6b45-4740-835d-9dfe3034d458.jpg,ok,,1024,1024,RGB,JPEG
74449cd4-403f-4d6d-965a-adf0e84fd7cf.jpg,test,data/images/74449cd4-403f-4d6d-965a-adf0e84fd7cf.jpg,ok,,1879,2200,RGB,JPEG
c7ac5b36-f052-475b-80f7-30f2a8ee7d36.jpg,test,data/images/c7ac5b36-f052-475b-80f7-30f2a8ee7d36.jpg,ok,,1248,832,RGB,JPEG
904f7b9a-98ae-4ea1-8c0e-05fa73dce432.jpg,test,data/images/904f7b9a-98ae-4ea1-8c0e-05fa73dce432.jpg,ok,,1024,1024,RGB,JPEG
88b572a7-13bd-44e6-b53a-ff576461e60a.jpg,test,data/images/88b572a7-13bd-44e6-b53a-ff576461e60a.jpg,ok,,1195,896,RGB,JPEG
89bd9da4-bf21-4177-bd50-dd7134b4e33d.jpg,test,data/images/89bd9da4-bf21-4177-bd50-dd7134b4e33d.jpg,ok,,1024,1024,RGB,JPEG
9037eab7-aa15-46af-a6ab-8c8681362927.jpg,test,data/images/9037eab7-aa15-46af-a6ab-8c8681362927.jpg,ok,,1024,1024,RGB,JPEG
9351a174-4980-422c-ae61-4eba9a11093e.jpg,test,data/images/9351a174-4980-422c-ae61-4eba9a11093e.jpg,ok,,800,800,RGB,JPEG
7d45272c-4f80-48bb-935b-eb19ba1b3aed.jpg,test,data/images/7d45272c-4f80-48bb-935b-eb19ba1b3aed.jpg,ok,,1024,1024,RGB,JPEG
0d3209d2-fcf5-48ab-9b59-d3855b21e2ee.jpg,test,data/images/0d3209d2-fcf5-48ab-9b59-d3855b21e2ee.jpg,ok,,1024,716,RGB,JPEG
a859331f-d19b-4dcf-888b-150a535fdd30.jpg,test,data/images/a859331f-d19b-4dcf-888b-150a535fdd30.jpg,ok,,1024,1024,RGB,JPEG
bf7d14b2-e4b0-4ecc-b3df-d08143a3fd5e.jpg,test,data/images/bf7d14b2-e4b0-4ecc-b3df-d08143a3fd5e.jpg,ok,,1024,716,RGB,JPEG
aaa750e7-7800-476d-833b-228d693b6894.jpg,test,data/images/aaa750e7-7800-476d-833b-228d693b6894.jpg,ok,,1248,832,RGB,JPEG
7a9c6b81-177f-44fa-89ba-3187abecfed4.jpg,test,data/images/7a9c6b81-177f-44fa-89ba-3187abecfed4.jpg,ok,,1024,1024,RGB,JPEG
0e1646ac-b995-484a-af00-b9e2d9bc04f2.jpg,test,data/images/0e1646ac-b995-484a-af00-b9e2d9bc04f2.jpg,ok,,1248,832,RGB,JPEG
a96825ed-92e0-47c3-9f58-9b885cf99f4f.jpg,test,data/images/a96825ed-92e0-47c3-9f58-9b885cf99f4f.jpg,ok,,800,800,RGB,JPEG
7bd75ca9-087d-4eb7-a978-b5ae70c6d1a5.jpg,test,data/images/7bd75ca9-087d-4eb7-a978-b5ae70c6d1a5.jpg,ok,,1024,1024,RGB,JPEG
6310d12f-e76c-40d1-a01c-371e4871411b.jpg,test,data/images/6310d12f-e76c-40d1-a01c-371e4871411b.jpg,ok,,1024,1024,RGB,JPEG
5710362e-05ac-4cf4-b308-ff8d862f833d.jpg,test,data/images/5710362e-05ac-4cf4-b308-ff8d862f833d.jpg,ok,,896,1195,RGB,JPEG
96b89314-210a-4df7-8875-1cefb07bf649.jpg,test,data/images/96b89314-210a-4df7-8875-1cefb07bf649.jpg,ok,,1024,716,RGB,JPEG
0c826a8c-010e-472c-8ca7-472ddc378af8.jpg,test,data/images/0c826a8c-010e-472c-8ca7-472ddc378af8.jpg,ok,,1024,1024,RGB,JPEG
566aa431-5a46-425d-9d83-b982f071a361.jpg,test,data/images/566aa431-5a46-425d-9d83-b982f071a361.jpg,ok,,1024,1024,RGB,JPEG
ba12a574-5efc-4e1b-9c7b-d2fcf0cf61c1.jpg,test,data/images/ba12a574-5efc-4e1b-9c7b-d2fcf0cf61c1.jpg,ok,,1024,1024,RGB,JPEG
f5d457c1-eb23-4b4b-9aa1-0e8ca9963146.jpg,test,data/images/f5d457c1-eb23-4b4b-9aa1-0e8ca9963146.jpg,ok,,1024,1024,RGB,JPEG
a893b516-4d0f-454d-a679-25d7422398c5.jpg,test,data/images/a893b516-4d0f-454d-a679-25d7422398c5.jpg,ok,,1024,1024,RGB,JPEG
c2eb4a91-e197-410c-9558-40fd1b175df2.jpg,test,data/images/c2eb4a91-e197-410c-9558-40fd1b175df2.jpg,ok,,1195,896,RGB,JPEG
9422922f-272d-43f8-9531-fa48687b5cc5.jpg,test,data/images/9422922f-272d-43f8-9531-fa48687b5cc5.jpg,ok,,896,1195,RGB,JPEG
3a3bea90-0de4-4537-8d0c-14ac1ee8771a.jpg,test,data/images/3a3bea90-0de4-4537-8d0c-14ac1ee8771a.jpg,ok,,1024,558,RGB,JPEG
d4ad4b2e-0b6b-4189-9540-a8a3d91fe2b0.jpg,test,data/images/d4ad4b2e-0b6b-4189-9540-a8a3d91fe2b0.jpg,ok,,1024,1024,RGB,JPEG
af286fc8-976c-4e2b-b689-a05cd635c2be.jpg,test,data/images/af286fc8-976c-4e2b-b689-a05cd635c2be.jpg,ok,,832,1248,RGB,JPEG
ad6bb66f-31f9-46e4-b496-f708c87f2a80.jpg,test,data/images/ad6bb66f-31f9-46e4-b496-f708c87f2a80.jpg,ok,,1024,1024,RGB,JPEG
14fc1e11-dedd-4800-9db6-0ba0be058365.jpg,test,data/images/14fc1e11-dedd-4800-9db6-0ba0be058365.jpg,ok,,1248,832,RGB,JPEG
a9e636f6-dfd7-4e91-b27d-44bc987e0e49.jpg,test,data/images/a9e636f6-dfd7-4e91-b27d-44bc987e0e49.jpg,ok,,1024,1024,RGB,JPEG
08a17d14-4efa-42a9-81dc-3f36afeb1bfd.jpg,test,data/images/08a17d14-4efa-42a9-81dc-3f36afeb1bfd.jpg,ok,,1024,716,RGB,JPEG
7b295922-8b80-4160-ad1c-a50c566c5523.jpg,test,data/images/7b295922-8b80-4160-ad1c-a50c566c5523.jpg,ok,,896,1195,RGB,JPEG
40fd5aba-d764-4fc0-a060-fc85658e57d0.jpg,test,data/images/40fd5aba-d764-4fc0-a060-fc85658e57d0.jpg,ok,,896,1195,RGB,JPEG
7825bf77-105a-45cf-a850-df2bb72aa8b9.jpg,test,data/images/7825bf77-105a-45cf-a850-df2bb72aa8b9.jpg,ok,,1024,1024,RGB,JPEG
26e4c398-0bff-44df-8760-19f193f0b59e.jpg,test,data/images/26e4c398-0bff-44df-8760-19f193f0b59e.jpg,ok,,1024,1024,RGB,JPEG
367d5077-19d6-4112-872a-59ca2cbe636e.jpg,test,data/images/367d5077-19d6-4112-872a-59ca2cbe636e.jpg,ok,,1024,558,RGB,JPEG
c8be9dda-2418-4cb2-863b-8b840caff451.jpg,test,data/images/c8be9dda-2418-4cb2-863b-8b840caff451.jpg,ok,,1024,1024,RGB,JPEG
e78ed402-fb06-4d60-b46a-168629ba58ba.jpg,test,data/images/e78ed402-fb06-4d60-b46a-168629ba58ba.jpg,ok,,1280,1024,RGB,JPEG
bb5b97de-760d-40ab-b5dd-71429e34bcb8.jpg,test,data/images/bb5b97de-760d-40ab-b5dd-71429e34bcb8.jpg,ok,,896,1195,RGB,JPEG
9843a10e-5d4e-485c-945a-855d5ed25875.jpg,test,data/images/9843a10e-5d4e-485c-945a-855d5ed25875.jpg,ok,,1024,1024,RGB,JPEG
299478d2-0c7b-460a-aaea-a570471001a8.jpg,test,data/images/299478d2-0c7b-460a-aaea-a570471001a8.jpg,ok,,400,400,RGB,JPEG
c86117b5-26df-4c05-bfef-5f76a5ee0f21.jpg,test,data/images/c86117b5-26df-4c05-bfef-5f76a5ee0f21.jpg,ok,,1248,832,RGB,JPEG
3b79986e-779a-4a26-8646-dd2eaca0b311.jpg,test,data/images/3b79986e-779a-4a26-8646-dd2eaca0b311.jpg,ok,,832,1248,RGB,JPEG
31833ee0-5f8f-4700-8180-505b7a2da9e5.jpg,test,data/images/31833ee0-5f8f-4700-8180-505b7a2da9e5.jpg,ok,,1024,1024,RGB,JPEG
b17fcdca-8ed1-404f-8ca7-8cb557603d63.jpg,test,data/images/b17fcdca-8ed1-404f-8ca7-8cb557603d63.jpg,ok,,500,375,RGB,JPEG
b8d18e82-7b0f-4f95-84ee-40543e449f13.jpg,test,data/images/b8d18e82-7b0f-4f95-84ee-40543e449f13.jpg,ok,,1024,1024,RGB,JPEG
aa1aa697-a52b-4ee3-a19b-f8dfd28ef9fc.jpg,test,data/images/aa1aa697-a52b-4ee3-a19b-f8dfd28ef9fc.jpg,ok,,896,1195,RGB,JPEG
203fbefa-6295-4229-926b-5c0d978f25c3.jpg,test,data/images/203fbefa-6295-4229-926b-5c0d978f25c3.jpg,ok,,1024,1024,RGB,JPEG
96eb1b82-70d1-48eb-824c-c4e99c921887.jpg,test,data/images/96eb1b82-70d1-48eb-824c-c4e99c921887.jpg,ok,,1024,1024,RGB,JPEG
b0b04a70-8254-4350-a267-5b6a6db16821.jpg,test,data/images/b0b04a70-8254-4350-a267-5b6a6db16821.jpg,ok,,896,1195,RGB,JPEG
d3bd1050-936a-4399-99df-a9e7a35c9ea4.jpg,test,data/images/d3bd1050-936a-4399-99df-a9e7a35c9ea4.jpg,ok,,1024,1024,RGB,JPEG
734aa14b-e1b8-4c1a-8430-c0c8310ef9e0.jpg,test,data/images/734aa14b-e1b8-4c1a-8430-c0c8310ef9e0.jpg,ok,,896,1195,RGB,JPEG
c3bb45a3-565f-4bc5-901e-c812914b5db7.jpg,test,data/images/c3bb45a3-565f-4bc5-901e-c812914b5db7.jpg,ok,,558,1024,RGB,JPEG
c0f4a7dc-8aa0-4fb7-9df4-a7f6d805c230.jpg,test,data/images/c0f4a7dc-8aa0-4fb7-9df4-a7f6d805c230.jpg,ok,,1024,1024,RGB,JPEG
faa35d8f-4b91-4b69-ba4c-a723385afb6b.jpg,test,data/images/faa35d8f-4b91-4b69-ba4c-a723385afb6b.jpg,ok,,1024,1024,RGB,JPEG
0ce986a3-2971-490c-bfe8-129394006df5.jpg,test,data/images/0ce986a3-2971-490c-bfe8-129394006df5.jpg,ok,,375,500,RGB,JPEG
4a695e4e-6529-4df4-80d5-a62fcbb3e907.jpg,test,data/images/4a695e4e-6529-4df4-80d5-a62fcbb3e907.jpg,ok,,1024,1024,RGB,JPEG
99fddfd4-c95b-45db-bf64-be40d2ecd70b.jpg,test,data/images/99fddfd4-c95b-45db-bf64-be40d2ecd70b.jpg,ok,,1024,716,RGB,JPEG
95fcaecf-1768-409c-8796-998f32cb4678.jpg,test,data/images/95fcaecf-1768-409c-8796-998f32cb4678.jpg,ok,,1195,896,RGB,JPEG
38afda5f-dd5c-4407-a162-34d87e4ab872.jpg,test,data/images/38afda5f-dd5c-4407-a162-34d87e4ab872.jpg,ok,,1248,832,RGB,JPEG
5b7b64f6-c584-4f9c-b3c5-7c25b619f89d.jpg,test,data/images/5b7b64f6-c584-4f9c-b3c5-7c25b619f89d.jpg,ok,,896,1195,RGB,JPEG
07f908d1-1e3f-41d3-acfc-e8288d96e940.jpg,test,data/images/07f908d1-1e3f-41d3-acfc-e8288d96e940.jpg,ok,,800,800,RGB,JPEG
74be7c4f-8db9-47a6-9a0a-f74a1b96acab.jpg,test,data/images/74be7c4f-8db9-47a6-9a0a-f74a1b96acab.jpg,ok,,586,2500,RGB,JPEG
c94b2db8-26e8-4e95-9cb7-c523d7038b66.jpg,test,data/images/c94b2db8-26e8-4e95-9cb7-c523d7038b66.jpg,ok,,1024,1024,RGB,JPEG
deb4f68c-2bc6-4190-ab03-62151f68e3c8.jpg,test,data/images/deb4f68c-2bc6-4190-ab03-62151f68e3c8.jpg,ok,,1024,1024,RGB,JPEG
62d36d45-b96e-4dbb-b6c2-b1a753cfdd10.jpg,test,data/images/62d36d45-b96e-4dbb-b6c2-b1a753cfdd10.jpg,ok,,1024,1024,RGB,JPEG
8e032385-0dd8-45d7-9441-bc824c515902.jpg,test,data/images/8e032385-0dd8-45d7-9441-bc824c515902.jpg,ok,,1024,716,RGB,JPEG
a2b71be2-07bb-425b-9289-fc31ef22cb42.jpg,test,data/images/a2b71be2-07bb-425b-9289-fc31ef22cb42.jpg,ok,,896,1195,RGB,JPEG
d16230ef-3bad-44f7-92be-c83c937ec879.jpg,test,data/images/d16230ef-3bad-44f7-92be-c83c937ec879.jpg,ok,,1248,832,RGB,JPEG
cd8cb40f-0809-47a8-9165-1d2a98049bf4.jpg,test,data/images/cd8cb40f-0809-47a8-9165-1d2a98049bf4.jpg,ok,,1024,1024,RGB,JPEG
5f0a6bdd-b49d-4bba-ade8-2a35d9e35e96.jpg,test,data/images/5f0a6bdd-b49d-4bba-ade8-2a35d9e35e96.jpg,ok,,1024,1024,RGB,JPEG
9b8a85fd-d29a-4ec3-824d-599cacebbf9a.jpg,test,data/images/9b8a85fd-d29a-4ec3-824d-599cacebbf9a.jpg,ok,,1195,896,RGB,JPEG
feb6565f-b49e-4458-8065-9c47922dfea4.jpg,test,data/images/feb6565f-b49e-4458-8065-9c47922dfea4.jpg,ok,,1024,1024,RGB,JPEG
0c611bb8-0761-4ca2-a983-c7ac791bbb24.jpg,test,data/images/0c611bb8-0761-4ca2-a983-c7ac791bbb24.jpg,ok,,1195,896,RGB,JPEG
0e59a36e-b0ba-47aa-8ac1-2c01c120d7db.jpg,test,data/images/0e59a36e-b0ba-47aa-8ac1-2c01c120d7db.jpg,ok,,1280,1024,RGB,JPEG
b8be74b6-0be9-4fb4-b0db-e25fddbad5c3.jpg,test,data/images/b8be74b6-0be9-4fb4-b0db-e25fddbad5c3.jpg,ok,,896,1195,RGB,JPEG
f6af768f-d9d5-49e3-9ec9-9df8a36d60f1.jpg,test,data/images/f6af768f-d9d5-49e3-9ec9-9df8a36d60f1.jpg,ok,,558,1024,RGB,JPEG
d0445a58-2ea3-4475-a515-52ee7a0facb2.jpg,test,data/images/d0445a58-2ea3-4475-a515-52ee7a0facb2.jpg,ok,,896,1195,RGB,JPEG
3a02997f-fdf7-4aaf-8416-ecc10b5c699b.jpg,test,data/images/3a02997f-fdf7-4aaf-8416-ecc10b5c699b.jpg,ok,,832,1248,RGB,JPEG
9f1ed68e-ed03-43a3-adde-5a1a31c2fcc1.jpg,test,data/images/9f1ed68e-ed03-43a3-adde-5a1a31c2fcc1.jpg,ok,,240,240,RGBA,PNG
1c9abe5c-0ea0-4f0a-8554-9763618f613a.jpg,test,data/images/1c9abe5c-0ea0-4f0a-8554-9763618f613a.jpg,ok,,1248,832,RGB,JPEG
76b3e4d0-acaa-4b10-80dd-66fa0213d9a5.jpg,test,data/images/76b3e4d0-acaa-4b10-80dd-66fa0213d9a5.jpg,ok,,1024,1024,RGB,JPEG
6a00fe66-34d6-4f8e-b302-87165128bf18.jpg,test,data/images/6a00fe66-34d6-4f8e-b302-87165128bf18.jpg,ok,,1024,558,RGB,JPEG
164efec0-6c52-4e3e-a64f-121d6b87c274.jpg,test,data/images/164efec0-6c52-4e3e-a64f-121d6b87c274.jpg,ok,,1195,896,RGB,JPEG
c3dfbc34-658e-44af-827c-f7d7d5c49b1f.jpg,test,data/images/c3dfbc34-658e-44af-827c-f7d7d5c49b1f.jpg,ok,,558,1024,RGB,JPEG
92847080-e7fa-407e-b203-3ed100088fca.jpg,test,data/images/92847080-e7fa-407e-b203-3ed100088fca.jpg,ok,,896,1195,RGB,JPEG
c32ff174-bcb4-4556-9114-4f4e9b9728c5.jpg,test,data/images/c32ff174-bcb4-4556-9114-4f4e9b9728c5.jpg,ok,,1024,1024,RGB,JPEG
f198f707-94e9-4d8e-b638-fc69b6fc7647.jpg,test,data/images/f198f707-94e9-4d8e-b638-fc69b6fc7647.jpg,ok,,1024,1024,RGB,JPEG
bc01a08e-cddf-47e8-a8e7-a12be7e32451.jpg,test,data/images/bc01a08e-cddf-47e8-a8e7-a12be7e32451.jpg,ok,,1248,832,RGB,JPEG
2b043d4b-af2d-4862-8dbd-472251a9f9a6.jpg,test,data/images/2b043d4b-af2d-4862-8dbd-472251a9f9a6.jpg,ok,,1024,1024,RGB,JPEG
4c5181d2-80b6-4f3d-9fb2-cc5945dc7ee3.jpg,test,data/images/4c5181d2-80b6-4f3d-9fb2-cc5945dc7ee3.jpg,ok,,1334,1000,RGB,JPEG
cea504e9-5eb5-48a5-b6a3-75e3c18b1ba9.jpg,test,data/images/cea504e9-5eb5-48a5-b6a3-75e3c18b1ba9.jpg,ok,,1024,716,RGB,JPEG
6171fbff-a437-4a72-80ac-bd29c7ae03f2.jpg,test,data/images/6171fbff-a437-4a72-80ac-bd29c7ae03f2.jpg,ok,,1024,558,RGB,JPEG
a222f704-7f92-4eb1-aed7-9bbad9c90829.jpg,test,data/images/a222f704-7f92-4eb1-aed7-9bbad9c90829.jpg,ok,,1024,558,RGB,JPEG
3674cec2-09d6-4adf-adf5-331ab66b5388.jpg,test,data/images/3674cec2-09d6-4adf-adf5-331ab66b5388.jpg,ok,,1024,1024,RGB,JPEG
928e88de-05a4-4a60-a604-445ffb7bdbfa.jpg,test,data/images/928e88de-05a4-4a60-a604-445ffb7bdbfa.jpg,ok,,1024,1024,RGB,JPEG
46da54be-dc5e-4fb2-b858-afa187b9cf48.jpg,test,data/images/46da54be-dc5e-4fb2-b858-afa187b9cf48.jpg,ok,,896,1195,RGB,JPEG
c092ae3c-e646-4e68-9853-5ecd2d31e12f.jpg,test,data/images/c092ae3c-e646-4e68-9853-5ecd2d31e12f.jpg,ok,,1024,1024,RGB,JPEG
936a6db8-9759-4c7a-9bfb-0518cd0da15a.jpg,test,data/images/936a6db8-9759-4c7a-9bfb-0518cd0da15a.jpg,ok,,1024,716,RGB,JPEG
af3ac208-d072-424f-b305-9feacadd8b17.jpg,test,data/images/af3ac208-d072-424f-b305-9feacadd8b17.jpg,ok,,896,1195,RGB,JPEG
e864a97d-aff3-4da8-83f4-343108775686.jpg,test,data/images/e864a97d-aff3-4da8-83f4-343108775686.jpg,ok,,1024,558,RGB,JPEG
c5b0df47-98d3-4592-a127-d2f01cbe61bb.jpg,test,data/images/c5b0df47-98d3-4592-a127-d2f01cbe61bb.jpg,ok,,1024,1024,RGB,JPEG
1f9be070-cb65-422f-9db9-6eb63812d63d.jpg,test,data/images/1f9be070-cb65-422f-9db9-6eb63812d63d.jpg,ok,,1024,1024,RGB,JPEG
ce24a76c-ce92-4793-9dd6-0b36e64a3266.jpg,test,data/images/ce24a76c-ce92-4793-9dd6-0b36e64a3266.jpg,ok,,1195,896,RGB,JPEG
2df6dccd-018a-40d6-901c-96f3c4978e65.jpg,test,data/images/2df6dccd-018a-40d6-901c-96f3c4978e65.jpg,ok,,832,1248,RGB,JPEG
27d1a0de-7c06-448e-94b6-47800fb50def.jpg,test,data/images/27d1a0de-7c06-448e-94b6-47800fb50def.jpg,ok,,1024,1024,RGB,JPEG
9a748e39-660c-4dc5-98cb-febb41a1be69.jpg,test,data/images/9a748e39-660c-4dc5-98cb-febb41a1be69.jpg,ok,,1248,832,RGB,JPEG
f6cf2112-c9b6-491f-937f-67e146cfd7cb.jpg,test,data/images/f6cf2112-c9b6-491f-937f-67e146cfd7cb.jpg,ok,,1024,1024,RGB,JPEG
26c5651a-8380-41e5-9825-1b9ec2bea48e.jpg,test,data/images/26c5651a-8380-41e5-9825-1b9ec2bea48e.jpg,ok,,1024,1024,RGB,JPEG
714390df-764f-42b2-b3a7-b4bff8d056d6.jpg,test,data/images/714390df-764f-42b2-b3a7-b4bff8d056d6.jpg,ok,,896,1195,RGB,JPEG
f7d38a3d-b620-4dac-83bc-3795d9022c35.jpg,test,data/images/f7d38a3d-b620-4dac-83bc-3795d9022c35.jpg,ok,,896,1195,RGB,JPEG
7282908a-554a-488d-b9bb-f9115507eebf.jpg,test,data/images/7282908a-554a-488d-b9bb-f9115507eebf.jpg,ok,,832,1248,RGB,JPEG
4a9b6a8c-6f28-458f-9a05-6b945c9a1894.jpg,test,data/images/4a9b6a8c-6f28-458f-9a05-6b945c9a1894.jpg,ok,,896,1195,RGB,JPEG
d2a3d72c-f2a2-4c9f-b94e-bc809c121c6f.jpg,test,data/images/d2a3d72c-f2a2-4c9f-b94e-bc809c121c6f.jpg,ok,,1024,1024,RGB,JPEG
7aa9284c-7cb7-446b-aaae-067560919d9c.jpg,test,data/images/7aa9284c-7cb7-446b-aaae-067560919d9c.jpg,ok,,1024,558,RGB,JPEG
1d71b0ed-0e46-4b8e-b466-ea008deabf84.jpg,test,data/images/1d71b0ed-0e46-4b8e-b466-ea008deabf84.jpg,ok,,1024,1024,RGB,JPEG
2203a833-3980-4873-91a1-2d9c732517b1.jpg,test,data/images/2203a833-3980-4873-91a1-2d9c732517b1.jpg,ok,,1280,1024,RGB,JPEG
caae1cfa-24a8-4cdf-bfe6-4e03dc0cb2cc.jpg,test,data/images/caae1cfa-24a8-4cdf-bfe6-4e03dc0cb2cc.jpg,ok,,1024,1024,RGB,JPEG
6b2f7c14-b2e4-4a2e-800c-39b2e0231a6e.jpg,test,data/images/6b2f7c14-b2e4-4a2e-800c-39b2e0231a6e.jpg,ok,,2544,2055,RGB,JPEG
0d384e6a-900c-4ab8-9254-90f83c0831e3.jpg,test,data/images/0d384e6a-900c-4ab8-9254-90f83c0831e3.jpg,ok,,1024,716,RGB,JPEG
0d64cdb9-8fea-432d-a816-a75dc5b26b87.jpg,test,data/images/0d64cdb9-8fea-432d-a816-a75dc5b26b87.jpg,ok,,1024,1024,RGB,JPEG
f9009008-3b3d-4ca2-9fc3-7984668227d0.jpg,test,data/images/f9009008-3b3d-4ca2-9fc3-7984668227d0.jpg,ok,,1024,716,RGB,JPEG
f8f35f16-9b23-4303-ad95-f05ecfe1fa92.jpg,test,data/images/f8f35f16-9b23-4303-ad95-f05ecfe1fa92.jpg,ok,,1024,1024,RGB,JPEG
7ea2886a-c34b-4047-8b6f-f394d0c1a9fd.jpg,test,data/images/7ea2886a-c34b-4047-8b6f-f394d0c1a9fd.jpg,ok,,896,1195,RGB,JPEG
7b38de99-82a5-4766-98cd-bbc15ada877f.jpg,test,data/images/7b38de99-82a5-4766-98cd-bbc15ada877f.jpg,ok,,558,1024,RGB,JPEG
5dbd902a-0dd6-4477-a38b-fc78f6b7bd88.jpg,test,data/images/5dbd902a-0dd6-4477-a38b-fc78f6b7bd88.jpg,ok,,1024,1024,RGB,JPEG
fa04289b-0e4a-4803-8985-f98b2a3561e4.jpg,test,data/images/fa04289b-0e4a-4803-8985-f98b2a3561e4.jpg,ok,,1024,558,RGB,JPEG
f136b772-cefc-41ba-8934-daa8f4436a63.jpg,test,data/images/f136b772-cefc-41ba-8934-daa8f4436a63.jpg,ok,,1024,1280,RGB,JPEG
5051c408-1148-42d3-8df5-a46e74f3f403.jpg,test,data/images/5051c408-1148-42d3-8df5-a46e74f3f403.jpg,ok,,1024,558,RGB,JPEG
22b94a26-2f95-4a07-8280-86216600d594.jpg,test,data/images/22b94a26-2f95-4a07-8280-86216600d594.jpg,ok,,1195,896,RGB,JPEG
f4ac56b8-c53c-46b4-a7d5-f2330a983c35.jpg,test,data/images/f4ac56b8-c53c-46b4-a7d5-f2330a983c35.jpg,ok,,832,1248,RGB,JPEG
8c3db5ce-13d5-4aad-a16f-423a8695f3a6.jpg,test,data/images/8c3db5ce-13d5-4aad-a16f-423a8695f3a6.jpg,ok,,1024,1024,RGB,JPEG
142863b5-b157-4deb-b265-eec8500ee816.jpg,test,data/images/142863b5-b157-4deb-b265-eec8500ee816.jpg,ok,,832,1248,RGB,JPEG
d767d2a5-8d1f-45aa-9bd7-a77f2206db7e.jpg,test,data/images/d767d2a5-8d1f-45aa-9bd7-a77f2206db7e.jpg,ok,,1024,1024,RGB,JPEG
29553343-ad32-4703-a9e4-e47f62aa7fed.jpg,test,data/images/29553343-ad32-4703-a9e4-e47f62aa7fed.jpg,ok,,1024,1024,RGB,JPEG
0e06ee1c-68a4-48df-af7a-2b1205288990.jpg,test,data/images/0e06ee1c-68a4-48df-af7a-2b1205288990.jpg,ok,,1024,558,RGB,JPEG
44dc9bd1-96f8-49f8-8d1d-52ee7d12d8a0.jpg,test,data/images/44dc9bd1-96f8-49f8-8d1d-52ee7d12d8a0.jpg,ok,,1024,1024,RGB,JPEG
ba2dbf5b-3e3a-411d-b3a1-21d4647103dc.jpg,test,data/images/ba2dbf5b-3e3a-411d-b3a1-21d4647103dc.jpg,ok,,1024,1024,RGB,JPEG
8a9e35d1-2203-4667-a709-28f82359f3d3.jpg,test,data/images/8a9e35d1-2203-4667-a709-28f82359f3d3.jpg,ok,,1024,716,RGB,JPEG
5634ac37-cf2d-4cfd-91dc-275b7c0ce2cb.jpg,test,data/images/5634ac37-cf2d-4cfd-91dc-275b7c0ce2cb.jpg,ok,,1195,896,RGB,JPEG
6fc45c1d-cc65-4ca2-9d3f-750c28edf3f9.jpg,test,data/images/6fc45c1d-cc65-4ca2-9d3f-750c28edf3f9.jpg,ok,,1024,1024,RGB,JPEG
e92f1955-22c1-435a-abc9-6da799114ab7.jpg,test,data/images/e92f1955-22c1-435a-abc9-6da799114ab7.jpg,ok,,896,1195,RGB,JPEG
dea1074d-d3c4-49f8-92fa-4ae09caf7ca1.jpg,test,data/images/dea1074d-d3c4-49f8-92fa-4ae09caf7ca1.jpg,ok,,896,1195,RGB,JPEG
b04dcde0-cc05-41db-a6ab-2d1dfb851081.jpg,test,data/images/b04dcde0-cc05-41db-a6ab-2d1dfb851081.jpg,ok,,1024,1024,RGB,JPEG
e1564d9c-f860-4e00-89e3-e518d5d13c27.jpg,test,data/images/e1564d9c-f860-4e00-89e3-e518d5d13c27.jpg,ok,,1024,716,RGB,JPEG
92684635-6ee7-4d33-a1d0-2f2f02263860.jpg,test,data/images/92684635-6ee7-4d33-a1d0-2f2f02263860.jpg,ok,,1280,1024,RGB,JPEG
d5c69320-2924-44a6-bc57-5fb7fc298646.jpg,test,data/images/d5c69320-2924-44a6-bc57-5fb7fc298646.jpg,ok,,832,1248,RGB,JPEG
7c534228-b280-4e33-ad9c-96e98a6c2eaa.jpg,test,data/images/7c534228-b280-4e33-ad9c-96e98a6c2eaa.jpg,ok,,1024,973,RGB,JPEG
43c2dde5-2eff-4d0d-b5dd-f28a7e0b15e1.jpg,test,data/images/43c2dde5-2eff-4d0d-b5dd-f28a7e0b15e1.jpg,ok,,1024,1024,RGB,JPEG
330b6ec9-7456-460b-8700-41c5de366500.jpg,test,data/images/330b6ec9-7456-460b-8700-41c5de366500.jpg,ok,,1024,558,RGB,JPEG
528456c9-e179-4c7e-bdae-1ecc095bd99e.jpg,test,data/images/528456c9-e179-4c7e-bdae-1ecc095bd99e.jpg,ok,,500,375,RGB,JPEG
26a2935a-0965-46d6-bbfa-d895049d29d1.jpg,test,data/images/26a2935a-0965-46d6-bbfa-d895049d29d1.jpg,ok,,1248,832,RGB,JPEG
b054cdd6-c3fa-431c-bd2e-202dcda6a327.jpg,test,data/images/b054cdd6-c3fa-431c-bd2e-202dcda6a327.jpg,ok,,1024,1024,RGB,JPEG
f61b48fc-4d5e-4621-a4f3-1fd0fee7e552.jpg,test,data/images/f61b48fc-4d5e-4621-a4f3-1fd0fee7e552.jpg,ok,,832,1248,RGB,JPEG
8ca41bcd-6c22-4a21-ab9c-28e1bf701026.jpg,test,data/images/8ca41bcd-6c22-4a21-ab9c-28e1bf701026.jpg,ok,,1024,1024,RGB,JPEG
8d9d016a-74ed-473e-a2fa-35b555087cdc.jpg,test,data/images/8d9d016a-74ed-473e-a2fa-35b555087cdc.jpg,ok,,1024,1024,RGB,JPEG
