image_id,ground_truth,label,image_path,file_exists,fold,oof_prob_ai,oof_pred_label,best_epoch,model_name
a5f86ae3-b2f3-4026-b5e4-bb918d902c9a.jpg,1,1,data/images/a5f86ae3-b2f3-4026-b5e4-bb918d902c9a.jpg,True,0,0.9774439,1,7,convnext_256
c954e18f-8ab3-4bff-91d7-a0d7ff000e51.jpg,0,0,data/images/c954e18f-8ab3-4bff-91d7-a0d7ff000e51.jpg,True,3,0.014858972,0,7,convnext_256
1c5fb5d5-75e0-431f-a03e-e50026f23fe3.jpg,0,0,data/images/1c5fb5d5-75e0-431f-a03e-e50026f23fe3.jpg,True,2,0.02361908,0,8,convnext_256
5755fdb9-e87b-4d1e-bc3e-3a415a4482b0.jpg,1,1,data/images/5755fdb9-e87b-4d1e-bc3e-3a415a4482b0.jpg,True,4,0.9757077,1,7,convnext_256
e7ea0752-f24a-4dac-926c-371fda631a0f.jpg,1,1,data/images/e7ea0752-f24a-4dac-926c-371fda631a0f.jpg,True,1,0.9781603,1,8,convnext_256
d2d2b5e1-3e66-41b1-96d1-93a16f7d657a.jpg,1,1,data/images/d2d2b5e1-3e66-41b1-96d1-93a16f7d657a.jpg,True,0,0.7382751,1,7,convnext_256
c83a1e71-ffe7-46a1-9ec5-b235357c3e39.jpg,0,0,data/images/c83a1e71-ffe7-46a1-9ec5-b235357c3e39.jpg,True,3,0.021547902,0,7,convnext_256
fd0dd104-7300-4da3-a46f-6980531ead33.jpg,1,1,data/images/fd0dd104-7300-4da3-a46f-6980531ead33.jpg,True,2,0.97498286,1,8,convnext_256
6a8eb48f-5a90-4606-9eae-08cfc637b39b.jpg,0,0,data/images/6a8eb48f-5a90-4606-9eae-08cfc637b39b.jpg,True,4,0.018395392,0,7,convnext_256
cdc7b8e5-1609-4f88-a20d-0dd321f8f489.jpg,0,0,data/images/cdc7b8e5-1609-4f88-a20d-0dd321f8f489.jpg,True,1,0.9621543,1,8,convnext_256
56b718b3-2f41-4331-a8d8-13fa11439752.jpg,0,0,data/images/56b718b3-2f41-4331-a8d8-13fa11439752.jpg,True,3,0.02612655,0,7,convnext_256
5c754abd-97cd-446e-a8a6-612f94657b37.jpg,1,1,data/images/5c754abd-97cd-446e-a8a6-612f94657b37.jpg,True,2,0.94863987,1,8,convnext_256
962a6f30-0f03-4ff8-b642-92cd37d8349c.jpg,0,0,data/images/962a6f30-0f03-4ff8-b642-92cd37d8349c.jpg,True,4,0.47230732,0,7,convnext_256
291ddd03-aed3-4689-aeab-f53c76fc76b9.jpg,0,0,data/images/291ddd03-aed3-4689-aeab-f53c76fc76b9.jpg,True,0,0.20440765,0,7,convnext_256
a68060d9-afb8-44be-b5dd-2bdb1183efb6.jpg,1,1,data/images/a68060d9-afb8-44be-b5dd-2bdb1183efb6.jpg,True,1,0.973658,1,8,convnext_256
3181a00e-2de2-477e-a8a1-6e9544798963.jpg,0,0,data/images/3181a00e-2de2-477e-a8a1-6e9544798963.jpg,True,1,0.029306637,0,8,convnext_256
826958f4-16f0-42e1-8adf-d25a0c8e900a.jpg,0,0,data/images/826958f4-16f0-42e1-8adf-d25a0c8e900a.jpg,True,3,0.03633791,0,7,convnext_256
c4f12410-102f-4311-98b4-0db3259e25dc.jpg,1,1,data/images/c4f12410-102f-4311-98b4-0db3259e25dc.jpg,True,4,0.97290456,1,7,convnext_256
1a4c2a7e-9dc9-4d95-8719-b78f384af12c.jpg,0,0,data/images/1a4c2a7e-9dc9-4d95-8719-b78f384af12c.jpg,True,0,0.04625215,0,7,convnext_256
f07473e3-9a1c-4d64-b8c2-c2ddb89f6848.jpg,0,0,data/images/f07473e3-9a1c-4d64-b8c2-c2ddb89f6848.jpg,True,2,0.02418658,0,8,convnext_256
8c38ad8d-ced4-4c93-ba65-9e1c40cecea3.jpg,1,1,data/images/8c38ad8d-ced4-4c93-ba65-9e1c40cecea3.jpg,True,0,0.33762887,0,7,convnext_256
d18a3646-048b-4a43-93ec-3590187584d5.jpg,1,1,data/images/d18a3646-048b-4a43-93ec-3590187584d5.jpg,True,2,0.9727437,1,8,convnext_256
f12d9916-e697-40bf-8336-08284672bc55.jpg,1,1,data/images/f12d9916-e697-40bf-8336-08284672bc55.jpg,True,4,0.9778782,1,7,convnext_256
8ebd946c-cc58-4711-8126-273f04ae8f18.jpg,1,1,data/images/8ebd946c-cc58-4711-8126-273f04ae8f18.jpg,True,1,0.9670543,1,8,convnext_256
422b1dd5-5112-459d-90d5-d935023a1d24.jpg,1,1,data/images/422b1dd5-5112-459d-90d5-d935023a1d24.jpg,True,3,0.9653625,1,7,convnext_256
ad7ee347-ec2f-4538-abfa-b624e6c82873.jpg,1,1,data/images/ad7ee347-ec2f-4538-abfa-b624e6c82873.jpg,True,3,0.95169175,1,7,convnext_256
cfdc352a-bc56-4377-967c-912a733b60c3.jpg,0,0,data/images/cfdc352a-bc56-4377-967c-912a733b60c3.jpg,True,1,0.05310349,0,8,convnext_256
703d2c3a-e388-4142-bab8-acea5df570fa.jpg,1,1,data/images/703d2c3a-e388-4142-bab8-acea5df570fa.jpg,True,0,0.9791822,1,7,convnext_256
2c2a4755-63e2-4bc0-b08d-ce68e34d02cf.jpg,1,1,data/images/2c2a4755-63e2-4bc0-b08d-ce68e34d02cf.jpg,True,4,0.9804495,1,7,convnext_256
f04237b1-eb33-469d-9123-32304c2f01e0.jpg,1,1,data/images/f04237b1-eb33-469d-9123-32304c2f01e0.jpg,True,2,0.97382224,1,8,convnext_256
edb98d28-4c16-42ed-b50b-1d1af1f2475f.jpg,0,0,data/images/edb98d28-4c16-42ed-b50b-1d1af1f2475f.jpg,True,4,0.9360098,1,7,convnext_256
451c68b0-1002-41a9-acb0-d64852d4556d.jpg,1,1,data/images/451c68b0-1002-41a9-acb0-d64852d4556d.jpg,True,1,0.9791268,1,8,convnext_256
ba68ae77-72fc-42d5-b650-6a9e83e3cab8.jpg,0,0,data/images/ba68ae77-72fc-42d5-b650-6a9e83e3cab8.jpg,True,3,0.22833894,0,7,convnext_256
30c838bf-5369-4fb7-87b2-c54f614c6fd4.jpg,1,1,data/images/30c838bf-5369-4fb7-87b2-c54f614c6fd4.jpg,True,0,0.983269,1,7,convnext_256
bbf1864c-98a2-4f21-9f29-c43383120638.jpg,0,0,data/images/bbf1864c-98a2-4f21-9f29-c43383120638.jpg,True,2,0.26046258,0,8,convnext_256
1df3d0b5-eeac-41d8-a1a3-e434b92c6f58.jpg,0,0,data/images/1df3d0b5-eeac-41d8-a1a3-e434b92c6f58.jpg,True,4,0.025153223,0,7,convnext_256
945f9ea7-13eb-4c4a-96c3-f955278e5def.jpg,1,1,data/images/945f9ea7-13eb-4c4a-96c3-f955278e5def.jpg,True,3,0.91693044,1,7,convnext_256
04680b17-eb0b-4633-8575-1fb449c78e7a.jpg,1,1,data/images/04680b17-eb0b-4633-8575-1fb449c78e7a.jpg,True,1,0.9777566,1,8,convnext_256
8eb3cdfd-d1d8-4c64-869b-e6b54b5a4f5e.jpg,1,1,data/images/8eb3cdfd-d1d8-4c64-869b-e6b54b5a4f5e.jpg,True,0,0.94482595,1,7,convnext_256
32359080-8693-4053-b1f5-0abaff86f308.jpg,0,0,data/images/32359080-8693-4053-b1f5-0abaff86f308.jpg,True,2,0.031336423,0,8,convnext_256
d320a4d6-946d-446d-a8af-b46892a563dd.jpg,1,1,data/images/d320a4d6-946d-446d-a8af-b46892a563dd.jpg,True,0,0.98003906,1,7,convnext_256
b95b619e-cff1-4fd9-8dd1-4a5a27f6242d.jpg,0,0,data/images/b95b619e-cff1-4fd9-8dd1-4a5a27f6242d.jpg,True,2,0.20450372,0,8,convnext_256
4dbedb5a-3f7c-4a8b-a3cd-60b1fdb51194.jpg,1,1,data/images/4dbedb5a-3f7c-4a8b-a3cd-60b1fdb51194.jpg,True,4,0.07863869,0,7,convnext_256
b430db3d-abb0-42d1-9db0-f0bc0376324c.jpg,1,1,data/images/b430db3d-abb0-42d1-9db0-f0bc0376324c.jpg,True,1,0.9773521,1,8,convnext_256
8e3ddd0a-e286-4b3d-863e-9a84edacf9d3.jpg,1,1,data/images/8e3ddd0a-e286-4b3d-863e-9a84edacf9d3.jpg,True,3,0.94473404,1,7,convnext_256
23f4a446-5233-4284-8e33-fefa16cde080.jpg,1,1,data/images/23f4a446-5233-4284-8e33-fefa16cde080.jpg,True,1,0.97113526,1,8,convnext_256
0aacbe5d-bce8-40bd-9886-41f23c3ed21e.jpg,0,0,data/images/0aacbe5d-bce8-40bd-9886-41f23c3ed21e.jpg,True,4,0.021860609,0,7,convnext_256
48c098b3-ad7d-4769-a383-508ad54ed823.jpg,0,0,data/images/48c098b3-ad7d-4769-a383-508ad54ed823.jpg,True,3,0.8598109,1,7,convnext_256
47788966-7dcb-4c20-8baa-6516f9a493bd.jpg,0,0,data/images/47788966-7dcb-4c20-8baa-6516f9a493bd.jpg,True,2,0.02392984,0,8,convnext_256
7c9d607e-192b-42bd-b34f-f13cd8d066ea.jpg,1,1,data/images/7c9d607e-192b-42bd-b34f-f13cd8d066ea.jpg,True,0,0.97885233,1,7,convnext_256
a98c8f3b-a1b7-46ba-baa7-91bf8094b793.jpg,1,1,data/images/a98c8f3b-a1b7-46ba-baa7-91bf8094b793.jpg,True,4,0.95479715,1,7,convnext_256
a4f522b8-bc30-4eba-b620-8402441ab72b.jpg,1,1,data/images/a4f522b8-bc30-4eba-b620-8402441ab72b.jpg,True,3,0.98118305,1,7,convnext_256
79fa83e6-e151-4e95-b9a2-788287e5d69b.jpg,0,0,data/images/79fa83e6-e151-4e95-b9a2-788287e5d69b.jpg,True,2,0.018958604,0,8,convnext_256
828b77bc-aefa-4254-8c8a-b3b7a4ae7a2d.jpg,0,0,data/images/828b77bc-aefa-4254-8c8a-b3b7a4ae7a2d.jpg,True,1,0.016351772,0,8,convnext_256
ef40129a-eb63-43ec-a159-4d37af527ccb.jpg,1,1,data/images/ef40129a-eb63-43ec-a159-4d37af527ccb.jpg,True,0,0.957293,1,7,convnext_256
851bd486-98a8-410b-be6e-149a6332af33.jpg,1,1,data/images/851bd486-98a8-410b-be6e-149a6332af33.jpg,True,4,0.35816064,0,7,convnext_256
68de9d0d-fc79-4ba1-bd98-834f3f44af49.jpg,0,0,data/images/68de9d0d-fc79-4ba1-bd98-834f3f44af49.jpg,True,1,0.9716086,1,8,convnext_256
4b8f45e1-fae1-42ff-8cf9-2f8f411c6917.jpg,0,0,data/images/4b8f45e1-fae1-42ff-8cf9-2f8f411c6917.jpg,True,2,0.14477073,0,8,convnext_256
1b08f3ab-70ad-4720-81fd-499508ab643e.jpg,1,1,data/images/1b08f3ab-70ad-4720-81fd-499508ab643e.jpg,True,3,0.9562832,1,7,convnext_256
b9a8f8aa-deb1-49d5-a5ff-bf3ac7828a4d.jpg,0,0,data/images/b9a8f8aa-deb1-49d5-a5ff-bf3ac7828a4d.jpg,True,0,0.23055814,0,7,convnext_256
50445a85-0789-4cbd-942a-c0eb942a19a1.jpg,0,0,data/images/50445a85-0789-4cbd-942a-c0eb942a19a1.jpg,True,4,0.0487923,0,7,convnext_256
e2981aa2-3669-4a1b-b0ad-6974f01afeaa.jpg,1,1,data/images/e2981aa2-3669-4a1b-b0ad-6974f01afeaa.jpg,True,3,0.966081,1,7,convnext_256
e994e528-f150-4803-b316-0193f4cf33bd.jpg,0,0,data/images/e994e528-f150-4803-b316-0193f4cf33bd.jpg,True,1,0.045947976,0,8,convnext_256
689b0df1-7b47-4af6-b25b-267feb6cccc2.jpg,1,1,data/images/689b0df1-7b47-4af6-b25b-267feb6cccc2.jpg,True,0,0.91082233,1,7,convnext_256
dad7544e-dd63-472e-86e5-294a5207784e.jpg,1,1,data/images/dad7544e-dd63-472e-86e5-294a5207784e.jpg,True,2,0.9856387,1,8,convnext_256
a386eb7b-5c30-4f7d-9943-8fb0bf2b6f3a.jpg,0,0,data/images/a386eb7b-5c30-4f7d-9943-8fb0bf2b6f3a.jpg,True,2,0.50603557,1,8,convnext_256
87eb3967-ebe4-4be2-807e-395ac9dbef90.jpg,1,1,data/images/87eb3967-ebe4-4be2-807e-395ac9dbef90.jpg,True,3,0.97607416,1,7,convnext_256
55124e35-a985-42f4-8f98-1310dd9106fc.jpg,1,1,data/images/55124e35-a985-42f4-8f98-1310dd9106fc.jpg,True,1,0.9693058,1,8,convnext_256
70472979-8ff9-403d-a607-e13db35a1bf4.jpg,1,1,data/images/70472979-8ff9-403d-a607-e13db35a1bf4.jpg,True,0,0.9781814,1,7,convnext_256
b162b85a-1272-4ce8-b46c-68602c39c4e8.jpg,0,0,data/images/b162b85a-1272-4ce8-b46c-68602c39c4e8.jpg,True,4,0.022012826,0,7,convnext_256
b320b150-d193-4f75-89af-873d2dbadb1a.jpg,1,1,data/images/b320b150-d193-4f75-89af-873d2dbadb1a.jpg,True,3,0.931264,1,7,convnext_256
0967c5f4-28ea-41d8-a7cc-067e5139cc61.jpg,0,0,data/images/0967c5f4-28ea-41d8-a7cc-067e5139cc61.jpg,True,0,0.02759579,0,7,convnext_256
d88ffaf6-defb-4327-ade8-728c1680a965.jpg,1,1,data/images/d88ffaf6-defb-4327-ade8-728c1680a965.jpg,True,2,0.92012376,1,8,convnext_256
cfbee7db-097b-4c17-9ef1-36190150819f.jpg,0,0,data/images/cfbee7db-097b-4c17-9ef1-36190150819f.jpg,True,4,0.9262077,1,7,convnext_256
c0760163-8728-472a-b560-0f0af37d67d1.jpg,0,0,data/images/c0760163-8728-472a-b560-0f0af37d67d1.jpg,True,1,0.01799214,0,8,convnext_256
5799d65e-62db-42ef-acfb-fdea69aa255e.jpg,0,0,data/images/5799d65e-62db-42ef-acfb-fdea69aa255e.jpg,True,2,0.08674076,0,8,convnext_256
fb98a8ed-9ec0-447a-85d0-f89733c2426c.jpg,1,1,data/images/fb98a8ed-9ec0-447a-85d0-f89733c2426c.jpg,True,1,0.97984135,1,8,convnext_256
725ff707-3a4a-4e76-85dd-9fd52177035e.jpg,1,1,data/images/725ff707-3a4a-4e76-85dd-9fd52177035e.jpg,True,0,0.01656004,0,7,convnext_256
d110627c-1d02-4464-a010-d947180a464a.jpg,0,0,data/images/d110627c-1d02-4464-a010-d947180a464a.jpg,True,4,0.06969531,0,7,convnext_256
5a13a923-fcca-449b-ba9c-dec6cfcf2be0.jpg,0,0,data/images/5a13a923-fcca-449b-ba9c-dec6cfcf2be0.jpg,True,3,0.009395657,0,7,convnext_256
fcc73331-ec40-4213-905d-ac944127992e.jpg,0,0,data/images/fcc73331-ec40-4213-905d-ac944127992e.jpg,True,2,0.4443836,0,8,convnext_256
599c551a-0c3d-44c5-b20f-5778e501d44c.jpg,1,1,data/images/599c551a-0c3d-44c5-b20f-5778e501d44c.jpg,True,3,0.753863,1,7,convnext_256
64b6d155-4e9a-4292-b623-9b08246eaa82.jpg,1,1,data/images/64b6d155-4e9a-4292-b623-9b08246eaa82.jpg,True,0,0.9788264,1,7,convnext_256
48e820fd-f4dc-4fd8-b66a-d512ca5d1fde.jpg,1,1,data/images/48e820fd-f4dc-4fd8-b66a-d512ca5d1fde.jpg,True,4,0.9699265,1,7,convnext_256
41f66047-05f5-45b0-bc5c-7cc5fdf48475.jpg,1,1,data/images/41f66047-05f5-45b0-bc5c-7cc5fdf48475.jpg,True,1,0.7793324,1,8,convnext_256
9d479678-66ca-4f13-8b4a-e267089498eb.jpg,1,1,data/images/9d479678-66ca-4f13-8b4a-e267089498eb.jpg,True,0,0.1160692,0,7,convnext_256
a194aca1-4935-41c2-9e36-efd4a1a0aa9d.jpg,1,1,data/images/a194aca1-4935-41c2-9e36-efd4a1a0aa9d.jpg,True,2,0.978104,1,8,convnext_256
26103acc-b7b6-46fd-beb0-427f3783a627.jpg,0,0,data/images/26103acc-b7b6-46fd-beb0-427f3783a627.jpg,True,3,0.16242468,0,7,convnext_256
eb4958d8-077f-4583-9b69-b2a33ee38ef1.jpg,1,1,data/images/eb4958d8-077f-4583-9b69-b2a33ee38ef1.jpg,True,4,0.9670368,1,7,convnext_256
38f2a643-499c-44bd-9039-8e6f2cedc235.jpg,0,0,data/images/38f2a643-499c-44bd-9039-8e6f2cedc235.jpg,True,1,0.52522296,1,8,convnext_256
6141f8cc-21d8-4d32-be4e-0c41128fc08b.jpg,1,1,data/images/6141f8cc-21d8-4d32-be4e-0c41128fc08b.jpg,True,1,0.97391766,1,8,convnext_256
3daca677-1cc2-43ad-b2cb-36fd7b4ccf1b.jpg,1,1,data/images/3daca677-1cc2-43ad-b2cb-36fd7b4ccf1b.jpg,True,0,0.9667496,1,7,convnext_256
4103491e-7959-46e6-a8de-78334167b06a.jpg,0,0,data/images/4103491e-7959-46e6-a8de-78334167b06a.jpg,True,2,0.029705815,0,8,convnext_256
86855c69-0098-4e54-b039-6c3ac614ad3e.jpg,0,0,data/images/86855c69-0098-4e54-b039-6c3ac614ad3e.jpg,True,3,0.019308241,0,7,convnext_256
f508bfc0-9cdb-4a8a-936a-20717c2ad311.jpg,0,0,data/images/f508bfc0-9cdb-4a8a-936a-20717c2ad311.jpg,True,4,0.21237421,0,7,convnext_256
31a304b8-49ad-4bf1-8434-81a5433631f2.jpg,0,0,data/images/31a304b8-49ad-4bf1-8434-81a5433631f2.jpg,True,0,0.028052418,0,7,convnext_256
67c06f73-3ac2-4d66-9d29-eef24839283d.jpg,1,1,data/images/67c06f73-3ac2-4d66-9d29-eef24839283d.jpg,True,1,0.96788555,1,8,convnext_256
93740930-ad87-4023-b453-ae897b255396.jpg,1,1,data/images/93740930-ad87-4023-b453-ae897b255396.jpg,True,3,0.78995353,1,7,convnext_256
8b96ccb7-06b0-4613-b764-2f43855900b7.jpg,0,0,data/images/8b96ccb7-06b0-4613-b764-2f43855900b7.jpg,True,4,0.528315,1,7,convnext_256
63c3f064-37bc-47ea-a5fe-14c046146099.jpg,1,1,data/images/63c3f064-37bc-47ea-a5fe-14c046146099.jpg,True,2,0.9844098,1,8,convnext_256
86bfe256-cc45-4ee7-8315-2bfd4c551f8a.jpg,0,0,data/images/86bfe256-cc45-4ee7-8315-2bfd4c551f8a.jpg,True,0,0.11069323,0,7,convnext_256
d06cab63-517e-471f-b4fb-5d56db2b0da4.jpg,0,0,data/images/d06cab63-517e-471f-b4fb-5d56db2b0da4.jpg,True,4,0.11619242,0,7,convnext_256
8e8ca7ab-b719-4efd-8c33-a09b5d4cffc6.jpg,0,0,data/images/8e8ca7ab-b719-4efd-8c33-a09b5d4cffc6.jpg,True,2,0.023345957,0,8,convnext_256
7a8ffe0c-ce95-4412-945f-a433103e79cd.jpg,0,0,data/images/7a8ffe0c-ce95-4412-945f-a433103e79cd.jpg,True,3,0.29938945,0,7,convnext_256
b8acff07-76d1-4300-bdab-d263766fe4c2.jpg,0,0,data/images/b8acff07-76d1-4300-bdab-d263766fe4c2.jpg,True,1,0.47458643,0,8,convnext_256
f22835b2-c056-4edc-ac3c-8659fb3bb855.jpg,0,0,data/images/f22835b2-c056-4edc-ac3c-8659fb3bb855.jpg,True,1,0.049189236,0,8,convnext_256
fa726b53-a7a9-436c-ade2-8fd72326ecc0.jpg,0,0,data/images/fa726b53-a7a9-436c-ade2-8fd72326ecc0.jpg,True,4,0.026511762,0,7,convnext_256
4caadc18-4bf7-4a8b-b580-71fb39be3df2.jpg,1,1,data/images/4caadc18-4bf7-4a8b-b580-71fb39be3df2.jpg,True,3,0.9839798,1,7,convnext_256
68205e62-d89b-4d03-acb0-66c808c9b0ec.jpg,0,0,data/images/68205e62-d89b-4d03-acb0-66c808c9b0ec.jpg,True,0,0.014201041,0,7,convnext_256
1bea7d77-1cfc-4827-88b2-ad96cb944f20.jpg,1,1,data/images/1bea7d77-1cfc-4827-88b2-ad96cb944f20.jpg,True,2,0.91697294,1,8,convnext_256
6fa802d9-826e-44f3-9f67-fc64cea48e23.jpg,1,1,data/images/6fa802d9-826e-44f3-9f67-fc64cea48e23.jpg,True,1,0.18366472,0,8,convnext_256
63e95b50-e03b-4ada-8f3e-94b409665fe3.jpg,0,0,data/images/63e95b50-e03b-4ada-8f3e-94b409665fe3.jpg,True,0,0.022202678,0,7,convnext_256
649ac143-8c7b-49f9-9a36-11ab1438247c.jpg,1,1,data/images/649ac143-8c7b-49f9-9a36-11ab1438247c.jpg,True,2,0.9794,1,8,convnext_256
0a19e1e9-2e45-43e3-9608-af7d8c7a170d.jpg,0,0,data/images/0a19e1e9-2e45-43e3-9608-af7d8c7a170d.jpg,True,4,0.073722124,0,7,convnext_256
4d60c986-bfbc-4e83-acfd-f73482932f71.jpg,0,0,data/images/4d60c986-bfbc-4e83-acfd-f73482932f71.jpg,True,3,0.12580878,0,7,convnext_256
f3b3f457-4bd0-47d7-a705-bc1f19991092.jpg,1,1,data/images/f3b3f457-4bd0-47d7-a705-bc1f19991092.jpg,True,2,0.98473144,1,8,convnext_256
2e5b170f-903e-48ea-9912-1d84e5fb1529.jpg,1,1,data/images/2e5b170f-903e-48ea-9912-1d84e5fb1529.jpg,True,1,0.9613148,1,8,convnext_256
6359b071-68ae-4da4-824b-ebc919b69986.jpg,1,1,data/images/6359b071-68ae-4da4-824b-ebc919b69986.jpg,True,4,0.013756973,0,7,convnext_256
ba683b46-5683-40fa-a674-74c7a2663859.jpg,1,1,data/images/ba683b46-5683-40fa-a674-74c7a2663859.jpg,True,3,0.6866399,1,7,convnext_256
7d84d462-9f23-4d88-9a3e-a883c58f0b4d.jpg,0,0,data/images/7d84d462-9f23-4d88-9a3e-a883c58f0b4d.jpg,True,0,0.26549903,0,7,convnext_256
8e84c51e-b115-4393-ae5f-030e3a9cb953.jpg,1,1,data/images/8e84c51e-b115-4393-ae5f-030e3a9cb953.jpg,True,1,0.97925615,1,8,convnext_256
5d8b1e0e-2892-4abf-8e1b-fbef4254f76a.jpg,0,0,data/images/5d8b1e0e-2892-4abf-8e1b-fbef4254f76a.jpg,True,2,0.9776714,1,8,convnext_256
b8eb87c8-957b-46c6-8405-470096cc149d.jpg,1,1,data/images/b8eb87c8-957b-46c6-8405-470096cc149d.jpg,True,3,0.95529264,1,7,convnext_256
1e24ceea-ee4d-4b0f-80c6-79e4389b697b.jpg,0,0,data/images/1e24ceea-ee4d-4b0f-80c6-79e4389b697b.jpg,True,0,0.87594783,1,7,convnext_256
74f1cabf-82eb-4a70-8ec4-45ee94b4c2e7.jpg,0,0,data/images/74f1cabf-82eb-4a70-8ec4-45ee94b4c2e7.jpg,True,4,0.047669347,0,7,convnext_256
e9957479-09e0-4cdd-ba0b-e62117658ee0.jpg,0,0,data/images/e9957479-09e0-4cdd-ba0b-e62117658ee0.jpg,True,0,0.041662842,0,7,convnext_256
68dd91bb-8873-4800-b0a7-6f7135c79cfa.jpg,0,0,data/images/68dd91bb-8873-4800-b0a7-6f7135c79cfa.jpg,True,2,0.037373204,0,8,convnext_256
0052c3ee-247e-49af-970f-144c2a498ea0.jpg,0,0,data/images/0052c3ee-247e-49af-970f-144c2a498ea0.jpg,True,4,0.022711053,0,7,convnext_256
78c4668c-c041-4fab-9504-ebac354f20b9.jpg,1,1,data/images/78c4668c-c041-4fab-9504-ebac354f20b9.jpg,True,1,0.97905123,1,8,convnext_256
69d4612b-729f-4c74-b391-44b141b315fd.jpg,1,1,data/images/69d4612b-729f-4c74-b391-44b141b315fd.jpg,True,3,0.95073795,1,7,convnext_256
fd7bdfca-4f2a-4a1a-ae72-5ccbd1e7629f.jpg,0,0,data/images/fd7bdfca-4f2a-4a1a-ae72-5ccbd1e7629f.jpg,True,0,0.020299355,0,7,convnext_256
de5d5834-1476-40d0-a06f-53a1d00d4eb5.jpg,0,0,data/images/de5d5834-1476-40d0-a06f-53a1d00d4eb5.jpg,True,4,0.014552159,0,7,convnext_256
6606297d-4905-49a7-974e-e52a48e91f98.jpg,0,0,data/images/6606297d-4905-49a7-974e-e52a48e91f98.jpg,True,1,0.9397319,1,8,convnext_256
26cffc8d-263f-4323-b921-d1278d7a8115.jpg,1,1,data/images/26cffc8d-263f-4323-b921-d1278d7a8115.jpg,True,2,0.9806779,1,8,convnext_256
f754cbfb-d3b2-4550-a2f5-afc5a2eaae53.jpg,1,1,data/images/f754cbfb-d3b2-4550-a2f5-afc5a2eaae53.jpg,True,3,0.9488382,1,7,convnext_256
da89271e-67b8-48e6-adb6-c6f9cba861b6.jpg,0,0,data/images/da89271e-67b8-48e6-adb6-c6f9cba861b6.jpg,True,3,0.6018183,1,7,convnext_256
15e50a53-2431-44a5-a58e-6bf529561694.jpg,0,0,data/images/15e50a53-2431-44a5-a58e-6bf529561694.jpg,True,4,0.020924637,0,7,convnext_256
f2e75637-68db-4de9-b11b-f6bec6819681.jpg,1,1,data/images/f2e75637-68db-4de9-b11b-f6bec6819681.jpg,True,1,0.95970964,1,8,convnext_256
78327f1a-2d56-4d6c-9ae5-ad200d499c2b.jpg,0,0,data/images/78327f1a-2d56-4d6c-9ae5-ad200d499c2b.jpg,True,2,0.019457476,0,8,convnext_256
167acb17-dac3-47e6-acde-3b9491d55d94.jpg,1,1,data/images/167acb17-dac3-47e6-acde-3b9491d55d94.jpg,True,0,0.98208183,1,7,convnext_256
52fb547b-6c4d-4727-9165-aacf38bbfb5b.jpg,0,0,data/images/52fb547b-6c4d-4727-9165-aacf38bbfb5b.jpg,True,1,0.4429537,0,8,convnext_256
2a8244b8-759d-4644-9e1a-644ee55360f1.jpg,0,0,data/images/2a8244b8-759d-4644-9e1a-644ee55360f1.jpg,True,4,0.11720981,0,7,convnext_256
9ac5cf49-3b7d-4f00-8e51-c0f925453834.jpg,0,0,data/images/9ac5cf49-3b7d-4f00-8e51-c0f925453834.jpg,True,2,0.9573665,1,8,convnext_256
ff94c012-28bb-437e-bd98-c14d28b9b675.jpg,1,1,data/images/ff94c012-28bb-437e-bd98-c14d28b9b675.jpg,True,0,0.97541577,1,7,convnext_256
accd6464-42b0-4089-b4b1-2a227bc1ec30.jpg,0,0,data/images/accd6464-42b0-4089-b4b1-2a227bc1ec30.jpg,True,3,0.063185915,0,7,convnext_256
a30ddf41-2135-4721-9e94-921f286bd5da.jpg,0,0,data/images/a30ddf41-2135-4721-9e94-921f286bd5da.jpg,True,3,0.024108384,0,7,convnext_256
d78faf7a-22a6-4ee7-96fb-c001c12fe53b.jpg,0,0,data/images/d78faf7a-22a6-4ee7-96fb-c001c12fe53b.jpg,True,2,0.028056508,0,8,convnext_256
2c5ec054-cfc7-4e4a-a570-590c9def5175.jpg,0,0,data/images/2c5ec054-cfc7-4e4a-a570-590c9def5175.jpg,True,4,0.97224665,1,7,convnext_256
55bcbc6c-ff28-4790-922c-619bcf533c0d.jpg,0,0,data/images/55bcbc6c-ff28-4790-922c-619bcf533c0d.jpg,True,1,0.05364218,0,8,convnext_256
b5b804f7-ba91-4934-b745-d531c7e74f94.jpg,0,0,data/images/b5b804f7-ba91-4934-b745-d531c7e74f94.jpg,True,0,0.03374422,0,7,convnext_256
071624e2-1eec-4837-ae59-f58d10989704.jpg,1,1,data/images/071624e2-1eec-4837-ae59-f58d10989704.jpg,True,3,0.6541702,1,7,convnext_256
efb7c581-51d1-4e49-970d-4eeafc2241c4.jpg,1,1,data/images/efb7c581-51d1-4e49-970d-4eeafc2241c4.jpg,True,4,0.090812035,0,7,convnext_256
0b34e898-45e1-40eb-9ae2-8416908ac4e9.jpg,0,0,data/images/0b34e898-45e1-40eb-9ae2-8416908ac4e9.jpg,True,2,0.02536765,0,8,convnext_256
69eaba72-5374-4429-bed9-64a7895ed70e.jpg,0,0,data/images/69eaba72-5374-4429-bed9-64a7895ed70e.jpg,True,1,0.02656553,0,8,convnext_256
b9c1dd95-4b30-4d18-b911-5c3dc9b8e40b.jpg,1,1,data/images/b9c1dd95-4b30-4d18-b911-5c3dc9b8e40b.jpg,True,0,0.026016897,0,7,convnext_256
064c63a8-4f05-4a2f-b1c2-269952a12e0e.jpg,0,0,data/images/064c63a8-4f05-4a2f-b1c2-269952a12e0e.jpg,True,3,0.14190584,0,7,convnext_256
b36f3dfa-7961-4f56-9c4a-1a9276a0028a.jpg,1,1,data/images/b36f3dfa-7961-4f56-9c4a-1a9276a0028a.jpg,True,4,0.9774968,1,7,convnext_256
0d0f117c-08f4-49c6-b6c9-44c5154c7675.jpg,0,0,data/images/0d0f117c-08f4-49c6-b6c9-44c5154c7675.jpg,True,1,0.06190113,0,8,convnext_256
27eea513-d8cc-45ae-be18-e0b09e8b357a.jpg,0,0,data/images/27eea513-d8cc-45ae-be18-e0b09e8b357a.jpg,True,2,0.97060454,1,8,convnext_256
8f257d37-4df9-407b-8b63-2e242124bf10.jpg,1,1,data/images/8f257d37-4df9-407b-8b63-2e242124bf10.jpg,True,0,0.97895426,1,7,convnext_256
4a31028f-8c21-46b5-82a9-ac12a379af46.jpg,1,1,data/images/4a31028f-8c21-46b5-82a9-ac12a379af46.jpg,True,3,0.97078294,1,7,convnext_256
1fd5038c-67dd-4919-b48e-c13620b9c689.jpg,1,1,data/images/1fd5038c-67dd-4919-b48e-c13620b9c689.jpg,True,1,0.5680903,1,8,convnext_256
f3065fdc-8e7c-47f5-879d-8629936f0f88.jpg,1,1,data/images/f3065fdc-8e7c-47f5-879d-8629936f0f88.jpg,True,4,0.96996295,1,7,convnext_256
a1519f06-a24e-49b2-bade-1ce35035f16d.jpg,0,0,data/images/a1519f06-a24e-49b2-bade-1ce35035f16d.jpg,True,0,0.039606787,0,7,convnext_256
c666786b-d9c8-4c31-b341-99985ca8b514.jpg,1,1,data/images/c666786b-d9c8-4c31-b341-99985ca8b514.jpg,True,2,0.11131862,0,8,convnext_256
07ea4643-71d1-4ff7-b38d-312909c21605.jpg,1,1,data/images/07ea4643-71d1-4ff7-b38d-312909c21605.jpg,True,1,0.9530442,1,8,convnext_256
3d825bd6-f2c0-43e2-96df-1f6cd096b3fb.jpg,0,0,data/images/3d825bd6-f2c0-43e2-96df-1f6cd096b3fb.jpg,True,2,0.029798837,0,8,convnext_256
6a56db2b-226d-4427-8d97-08e30434cb6e.jpg,1,1,data/images/6a56db2b-226d-4427-8d97-08e30434cb6e.jpg,True,3,0.7111692,1,7,convnext_256
a990e922-d954-4a3e-b627-1384275c0cff.jpg,0,0,data/images/a990e922-d954-4a3e-b627-1384275c0cff.jpg,True,0,0.023387767,0,7,convnext_256
b3d50dff-022b-402d-a283-8ef8e921008e.jpg,0,0,data/images/b3d50dff-022b-402d-a283-8ef8e921008e.jpg,True,4,0.072991356,0,7,convnext_256
d0fac19c-b4b1-4795-950f-df568bc79133.jpg,1,1,data/images/d0fac19c-b4b1-4795-950f-df568bc79133.jpg,True,4,0.97309285,1,7,convnext_256
a08eadf8-7a99-490e-a240-58654ffa63ce.jpg,0,0,data/images/a08eadf8-7a99-490e-a240-58654ffa63ce.jpg,True,1,0.06532936,0,8,convnext_256
3e80bb29-d3e3-46c0-bced-229dfcbccdaf.jpg,1,1,data/images/3e80bb29-d3e3-46c0-bced-229dfcbccdaf.jpg,True,2,0.9763182,1,8,convnext_256
14df37ff-0cc5-43c5-b070-5d608e422993.jpg,0,0,data/images/14df37ff-0cc5-43c5-b070-5d608e422993.jpg,True,3,0.028638167,0,7,convnext_256
5226d232-f6f7-4aad-baa9-830d0e7a4f38.jpg,0,0,data/images/5226d232-f6f7-4aad-baa9-830d0e7a4f38.jpg,True,0,0.01927139,0,7,convnext_256
e7e7e1e7-f1d6-47a8-9ce5-f54a08d59275.jpg,1,1,data/images/e7e7e1e7-f1d6-47a8-9ce5-f54a08d59275.jpg,True,2,0.9387535,1,8,convnext_256
60a82884-47a1-465c-ab62-e7d658584b64.jpg,1,1,data/images/60a82884-47a1-465c-ab62-e7d658584b64.jpg,True,3,0.97338945,1,7,convnext_256
2793a1f8-01d6-4fb5-a1b6-8186bc14d053.jpg,0,0,data/images/2793a1f8-01d6-4fb5-a1b6-8186bc14d053.jpg,True,1,0.90812576,1,8,convnext_256
efbfc0b6-cb81-409d-8e72-5b716afd4774.jpg,0,0,data/images/efbfc0b6-cb81-409d-8e72-5b716afd4774.jpg,True,4,0.57407063,1,7,convnext_256
b08ac83f-3b20-4bb3-93e1-dca24ac1f7ac.jpg,1,1,data/images/b08ac83f-3b20-4bb3-93e1-dca24ac1f7ac.jpg,True,0,0.97311944,1,7,convnext_256
3a232cce-bc80-467d-af40-28e0221cce24.jpg,1,1,data/images/3a232cce-bc80-467d-af40-28e0221cce24.jpg,True,2,0.98489064,1,8,convnext_256
dbfb330c-27fe-4fe6-a4a6-0969ab008a23.jpg,1,1,data/images/dbfb330c-27fe-4fe6-a4a6-0969ab008a23.jpg,True,0,0.02708873,0,7,convnext_256
af85d331-3809-4cf1-84b4-7be8e891f588.jpg,0,0,data/images/af85d331-3809-4cf1-84b4-7be8e891f588.jpg,True,3,0.023385538,0,7,convnext_256
f779fff4-752e-4e7d-959c-5b6bc51ba8a6.jpg,0,0,data/images/f779fff4-752e-4e7d-959c-5b6bc51ba8a6.jpg,True,1,0.98136556,1,8,convnext_256
a815d1bb-66bd-4f91-832a-7a6c0a8a3f96.jpg,1,1,data/images/a815d1bb-66bd-4f91-832a-7a6c0a8a3f96.jpg,True,4,0.9846295,1,7,convnext_256
6d0de2e7-aceb-4cc0-9236-6a5de464f202.jpg,1,1,data/images/6d0de2e7-aceb-4cc0-9236-6a5de464f202.jpg,True,1,0.98123115,1,8,convnext_256
de22cc8f-6328-4448-ac7c-99c7a516573e.jpg,1,1,data/images/de22cc8f-6328-4448-ac7c-99c7a516573e.jpg,True,2,0.981482,1,8,convnext_256
3e350cd4-eae5-409c-8fce-c8245ea59820.jpg,1,1,data/images/3e350cd4-eae5-409c-8fce-c8245ea59820.jpg,True,3,0.97757655,1,7,convnext_256
62c433a2-eca8-4079-8cbf-8c094a2f8ced.jpg,0,0,data/images/62c433a2-eca8-4079-8cbf-8c094a2f8ced.jpg,True,0,0.3675578,0,7,convnext_256
9d59552f-207d-4fe0-a586-56ae046c57b8.jpg,1,1,data/images/9d59552f-207d-4fe0-a586-56ae046c57b8.jpg,True,4,0.9671259,1,7,convnext_256
a93ff3bf-2e5b-4e6a-b0f0-57b735894a1a.jpg,0,0,data/images/a93ff3bf-2e5b-4e6a-b0f0-57b735894a1a.jpg,True,1,0.039812665,0,8,convnext_256
7a97f565-689c-467d-8fcf-93c036033b2a.jpg,1,1,data/images/7a97f565-689c-467d-8fcf-93c036033b2a.jpg,True,4,0.9529909,1,7,convnext_256
ee51efcd-fc62-48d7-8736-3bdb6dc88e08.jpg,1,1,data/images/ee51efcd-fc62-48d7-8736-3bdb6dc88e08.jpg,True,0,0.96771896,1,7,convnext_256
c7f5622a-0dd3-49f6-adf9-91787b13feca.jpg,1,1,data/images/c7f5622a-0dd3-49f6-adf9-91787b13feca.jpg,True,2,0.9280874,1,8,convnext_256
683428db-899e-4506-9193-b2ec6fa50597.jpg,1,1,data/images/683428db-899e-4506-9193-b2ec6fa50597.jpg,True,3,0.84441614,1,7,convnext_256
9cad7b94-c8a3-4f7f-819b-a43a8b8d8a89.jpg,0,0,data/images/9cad7b94-c8a3-4f7f-819b-a43a8b8d8a89.jpg,True,2,0.022367569,0,8,convnext_256
40febecd-eae9-4412-a660-a553481ece62.jpg,0,0,data/images/40febecd-eae9-4412-a660-a553481ece62.jpg,True,1,0.029331198,0,8,convnext_256
3916ca1d-41b9-4a9d-8af0-880426f4e24c.jpg,1,1,data/images/3916ca1d-41b9-4a9d-8af0-880426f4e24c.jpg,True,0,0.9885046,1,7,convnext_256
f6634c45-ebb5-49c7-9578-0435bee9262b.jpg,0,0,data/images/f6634c45-ebb5-49c7-9578-0435bee9262b.jpg,True,4,0.021825556,0,7,convnext_256
84197a4a-149e-4d1a-b0f3-52b8d386b31c.jpg,0,0,data/images/84197a4a-149e-4d1a-b0f3-52b8d386b31c.jpg,True,3,0.051100086,0,7,convnext_256
c5bb4f59-fbb2-4f28-a027-afa67ad38c59.jpg,0,0,data/images/c5bb4f59-fbb2-4f28-a027-afa67ad38c59.jpg,True,4,0.9744329,1,7,convnext_256
da352f28-ad4f-4a97-ae21-61bfd07c1821.jpg,0,0,data/images/da352f28-ad4f-4a97-ae21-61bfd07c1821.jpg,True,0,0.4397427,0,7,convnext_256
f8bdd648-8166-4720-961c-bcec383ec82b.jpg,0,0,data/images/f8bdd648-8166-4720-961c-bcec383ec82b.jpg,True,3,0.029758334,0,7,convnext_256
5392b2ac-f78c-4bd6-b70c-4bd9aa73de1c.jpg,1,1,data/images/5392b2ac-f78c-4bd6-b70c-4bd9aa73de1c.jpg,True,1,0.9890519,1,8,convnext_256
9b4232ee-2015-4f7a-a42f-c8aaf97568ab.jpg,1,1,data/images/9b4232ee-2015-4f7a-a42f-c8aaf97568ab.jpg,True,2,0.9430882,1,8,convnext_256
9573f6cd-e693-4845-8125-25cf8d3151ea.jpg,1,1,data/images/9573f6cd-e693-4845-8125-25cf8d3151ea.jpg,True,0,0.97961044,1,7,convnext_256
a5d575c1-6b7d-44b1-ae50-31d55eff1a3f.jpg,0,0,data/images/a5d575c1-6b7d-44b1-ae50-31d55eff1a3f.jpg,True,3,0.45083347,0,7,convnext_256
b83fdcc2-19d8-49cc-97af-e1036753ebfa.jpg,0,0,data/images/b83fdcc2-19d8-49cc-97af-e1036753ebfa.jpg,True,2,0.011940711,0,8,convnext_256
4621cf4e-6c8b-491a-ac1a-1b7551669797.jpg,1,1,data/images/4621cf4e-6c8b-491a-ac1a-1b7551669797.jpg,True,4,0.9633717,1,7,convnext_256
2fc6c2df-9f99-44d4-b323-0b819caa069a.jpg,1,1,data/images/2fc6c2df-9f99-44d4-b323-0b819caa069a.jpg,True,1,0.9784736,1,8,convnext_256
6f57eaf6-c36c-47de-8f3b-2949927a6655.jpg,0,0,data/images/6f57eaf6-c36c-47de-8f3b-2949927a6655.jpg,True,4,0.19994701,0,7,convnext_256
029bfe91-890f-453c-bfde-1519135246f0.jpg,1,1,data/images/029bfe91-890f-453c-bfde-1519135246f0.jpg,True,0,0.75371855,1,7,convnext_256
8fcd4448-b598-4d80-a41c-e40baa180a1f.jpg,1,1,data/images/8fcd4448-b598-4d80-a41c-e40baa180a1f.jpg,True,1,0.9747893,1,8,convnext_256
437b2404-753b-4a17-8997-d04a2c24606d.jpg,1,1,data/images/437b2404-753b-4a17-8997-d04a2c24606d.jpg,True,3,0.8979912,1,7,convnext_256
08b0d134-13b7-405f-8680-90b9dc91e726.jpg,1,1,data/images/08b0d134-13b7-405f-8680-90b9dc91e726.jpg,True,2,0.97078145,1,8,convnext_256
da43c99e-c541-4804-bf00-71037029303f.jpg,0,0,data/images/da43c99e-c541-4804-bf00-71037029303f.jpg,True,3,0.020069221,0,7,convnext_256
73a2faa1-bed6-40d4-b13f-fd8d0d01c3a4.jpg,0,0,data/images/73a2faa1-bed6-40d4-b13f-fd8d0d01c3a4.jpg,True,0,0.019803941,0,7,convnext_256
958a672c-a483-4344-aea7-7d013e7db750.jpg,0,0,data/images/958a672c-a483-4344-aea7-7d013e7db750.jpg,True,1,0.021661898,0,8,convnext_256
009ad604-af12-4c5d-b6a6-81da359c13a1.jpg,1,1,data/images/009ad604-af12-4c5d-b6a6-81da359c13a1.jpg,True,2,0.97834915,1,8,convnext_256
297512eb-d5ba-41e9-ab81-aa0e5fb7e6d8.jpg,0,0,data/images/297512eb-d5ba-41e9-ab81-aa0e5fb7e6d8.jpg,True,4,0.66295934,1,7,convnext_256
578d4001-b487-4e4c-b2c2-e58077716f5a.jpg,1,1,data/images/578d4001-b487-4e4c-b2c2-e58077716f5a.jpg,True,1,0.9788011,1,8,convnext_256
8c431643-d39c-4226-bf9f-f3c8c0188367.jpg,1,1,data/images/8c431643-d39c-4226-bf9f-f3c8c0188367.jpg,True,3,0.9776204,1,7,convnext_256
ddeb9d52-4657-4b91-8a80-28af6e609181.jpg,0,0,data/images/ddeb9d52-4657-4b91-8a80-28af6e609181.jpg,True,2,0.017893767,0,8,convnext_256
833ef125-6990-4d23-b227-46fae5cd7c51.jpg,0,0,data/images/833ef125-6990-4d23-b227-46fae5cd7c51.jpg,True,0,0.027298957,0,7,convnext_256
415b82ae-e607-430a-8032-5600017c296a.jpg,0,0,data/images/415b82ae-e607-430a-8032-5600017c296a.jpg,True,4,0.034664337,0,7,convnext_256
47dfe583-1f33-401b-b2a0-4ba44276cebb.jpg,1,1,data/images/47dfe583-1f33-401b-b2a0-4ba44276cebb.jpg,True,4,0.9701342,1,7,convnext_256
ccf76d7c-3d31-4a23-b492-e27cfd4797fd.jpg,0,0,data/images/ccf76d7c-3d31-4a23-b492-e27cfd4797fd.jpg,True,3,0.044962555,0,7,convnext_256
4aebc034-8c41-4233-aad7-050f66b2dc74.jpg,1,1,data/images/4aebc034-8c41-4233-aad7-050f66b2dc74.jpg,True,2,0.9677247,1,8,convnext_256
ae6fde08-3ad9-461d-8a01-62d5b74ccb19.jpg,1,1,data/images/ae6fde08-3ad9-461d-8a01-62d5b74ccb19.jpg,True,1,0.29619843,0,8,convnext_256
d00fa02b-99c7-4c20-befa-b1fa1f066df3.jpg,1,1,data/images/d00fa02b-99c7-4c20-befa-b1fa1f066df3.jpg,True,0,0.096033335,0,7,convnext_256
9837f622-09a4-42f8-955a-417b1d0ccce0.jpg,1,1,data/images/9837f622-09a4-42f8-955a-417b1d0ccce0.jpg,True,2,0.97856474,1,8,convnext_256
3c84ba01-c487-4b73-87d1-be0fdd84b0ce.jpg,0,0,data/images/3c84ba01-c487-4b73-87d1-be0fdd84b0ce.jpg,True,4,0.68799144,1,7,convnext_256
75f7fe36-50f6-46e4-b0d8-34b98995bbd2.jpg,0,0,data/images/75f7fe36-50f6-46e4-b0d8-34b98995bbd2.jpg,True,0,0.6550154,1,7,convnext_256
6661400c-4cd5-4256-b090-fd5fbbdb2465.jpg,0,0,data/images/6661400c-4cd5-4256-b090-fd5fbbdb2465.jpg,True,3,0.094363,0,7,convnext_256
637c183b-7b54-4a0f-92fc-a8a48a3156c9.jpg,1,1,data/images/637c183b-7b54-4a0f-92fc-a8a48a3156c9.jpg,True,1,0.9833882,1,8,convnext_256
b957b9e8-77c2-4a94-843b-a794b082e4b4.jpg,1,1,data/images/b957b9e8-77c2-4a94-843b-a794b082e4b4.jpg,True,3,0.14121655,0,7,convnext_256
3cd08b76-728c-4bd6-b148-330a054a6eac.jpg,1,1,data/images/3cd08b76-728c-4bd6-b148-330a054a6eac.jpg,True,2,0.9728212,1,8,convnext_256
ee8cd898-8c2f-4212-b8ce-3b9008060a8e.jpg,0,0,data/images/ee8cd898-8c2f-4212-b8ce-3b9008060a8e.jpg,True,4,0.9821759,1,7,convnext_256
7081c8c9-1bff-4f91-b442-1590d8dce20b.jpg,0,0,data/images/7081c8c9-1bff-4f91-b442-1590d8dce20b.jpg,True,1,0.023294792,0,8,convnext_256
f5031f9f-3903-4f7a-88c8-36170fbb29f7.jpg,0,0,data/images/f5031f9f-3903-4f7a-88c8-36170fbb29f7.jpg,True,0,0.9495376,1,7,convnext_256
04701562-875b-4bd9-9870-c1591801cd0b.jpg,0,0,data/images/04701562-875b-4bd9-9870-c1591801cd0b.jpg,True,2,0.019939704,0,8,convnext_256
baec4786-bab2-4d2c-b809-81cc64c41203.jpg,1,1,data/images/baec4786-bab2-4d2c-b809-81cc64c41203.jpg,True,4,0.98733264,1,7,convnext_256
4eb573dc-b203-4f9a-89e0-a6c0da0ff405.jpg,0,0,data/images/4eb573dc-b203-4f9a-89e0-a6c0da0ff405.jpg,True,1,0.017761733,0,8,convnext_256
1811e893-bd9a-45e5-8b10-9421313c200f.jpg,1,1,data/images/1811e893-bd9a-45e5-8b10-9421313c200f.jpg,True,3,0.96912855,1,7,convnext_256
99581dfd-1587-4c25-9708-4b01505b333b.jpg,0,0,data/images/99581dfd-1587-4c25-9708-4b01505b333b.jpg,True,0,0.013851136,0,7,convnext_256
097d5fb6-963d-44cc-88b7-cda150bae922.jpg,0,0,data/images/097d5fb6-963d-44cc-88b7-cda150bae922.jpg,True,2,0.08589184,0,8,convnext_256
b1740bce-a1b6-4299-ac5e-4fe3a681fcb5.jpg,0,0,data/images/b1740bce-a1b6-4299-ac5e-4fe3a681fcb5.jpg,True,1,0.013169546,0,8,convnext_256
c2921c9f-2c3a-4a29-8531-9f5ccccf40e9.jpg,1,1,data/images/c2921c9f-2c3a-4a29-8531-9f5ccccf40e9.jpg,True,3,0.85287327,1,7,convnext_256
0ada5e07-2400-4b0b-bcf2-935eac7dfe1d.jpg,0,0,data/images/0ada5e07-2400-4b0b-bcf2-935eac7dfe1d.jpg,True,4,0.020851856,0,7,convnext_256
755dcb11-b3fb-420d-bc14-eb96c8eb1ea4.jpg,1,1,data/images/755dcb11-b3fb-420d-bc14-eb96c8eb1ea4.jpg,True,0,0.9744761,1,7,convnext_256
e60c9a2a-7b81-4688-84c0-a1d04c592751.jpg,1,1,data/images/e60c9a2a-7b81-4688-84c0-a1d04c592751.jpg,True,1,0.95831525,1,8,convnext_256
12e7f55f-9f9c-4f96-8e3d-f9a68095bf0c.jpg,1,1,data/images/12e7f55f-9f9c-4f96-8e3d-f9a68095bf0c.jpg,True,3,0.9793118,1,7,convnext_256
8f80d81c-85ba-4b73-9150-6de97fa18b6a.jpg,1,1,data/images/8f80d81c-85ba-4b73-9150-6de97fa18b6a.jpg,True,0,0.97200584,1,7,convnext_256
cd1e32b2-b76e-40fc-995a-4b838992da7c.jpg,0,0,data/images/cd1e32b2-b76e-40fc-995a-4b838992da7c.jpg,True,2,0.04216591,0,8,convnext_256
951962ff-502c-45a0-8a07-559f544c2a7e.jpg,1,1,data/images/951962ff-502c-45a0-8a07-559f544c2a7e.jpg,True,4,0.9825598,1,7,convnext_256
fb78d0d7-a6fc-43ab-b44b-c51e91ac1f08.jpg,1,1,data/images/fb78d0d7-a6fc-43ab-b44b-c51e91ac1f08.jpg,True,3,0.96479034,1,7,convnext_256
9a0e58f0-80ed-4582-97c4-cc99dad81d00.jpg,1,1,data/images/9a0e58f0-80ed-4582-97c4-cc99dad81d00.jpg,True,0,0.9752568,1,7,convnext_256
c77dc4ac-7069-4f2b-9f04-1f89ff2324da.jpg,1,1,data/images/c77dc4ac-7069-4f2b-9f04-1f89ff2324da.jpg,True,2,0.9851199,1,8,convnext_256
70aaff91-fbd5-414d-b864-57471f716266.jpg,0,0,data/images/70aaff91-fbd5-414d-b864-57471f716266.jpg,True,1,0.065324895,0,8,convnext_256
874d2d77-630f-4135-8a72-2542f1c4666d.jpg,1,1,data/images/874d2d77-630f-4135-8a72-2542f1c4666d.jpg,True,4,0.984511,1,7,convnext_256
8afeb552-d5c7-4143-8926-882af55c0200.jpg,0,0,data/images/8afeb552-d5c7-4143-8926-882af55c0200.jpg,True,1,0.0854756,0,8,convnext_256
bed59144-ba98-423e-b35f-434fb91884e3.jpg,1,1,data/images/bed59144-ba98-423e-b35f-434fb91884e3.jpg,True,0,0.98578346,1,7,convnext_256
9b5e50f4-d106-4e21-8482-27ffdd2677a4.jpg,0,0,data/images/9b5e50f4-d106-4e21-8482-27ffdd2677a4.jpg,True,3,0.099537924,0,7,convnext_256
feb0c119-fdde-46ce-bd5f-9ca12e1d5476.jpg,0,0,data/images/feb0c119-fdde-46ce-bd5f-9ca12e1d5476.jpg,True,4,0.017017832,0,7,convnext_256
1e000f4b-f938-4707-ac8c-a5a72320aeb4.jpg,1,1,data/images/1e000f4b-f938-4707-ac8c-a5a72320aeb4.jpg,True,2,0.97877014,1,8,convnext_256
e1b097b0-0f42-4312-bad0-1ab9ed365c8c.jpg,1,1,data/images/e1b097b0-0f42-4312-bad0-1ab9ed365c8c.jpg,True,3,0.97125286,1,7,convnext_256
ca0e4397-91d3-4de0-b366-93c14fba0491.jpg,1,1,data/images/ca0e4397-91d3-4de0-b366-93c14fba0491.jpg,True,1,0.9778386,1,8,convnext_256
4cc5c821-ddd7-44aa-9fd5-21ce8b5b3d33.jpg,1,1,data/images/4cc5c821-ddd7-44aa-9fd5-21ce8b5b3d33.jpg,True,4,0.089558475,0,7,convnext_256
8c6d170b-61a5-4739-a3c1-e9f805e96296.jpg,1,1,data/images/8c6d170b-61a5-4739-a3c1-e9f805e96296.jpg,True,0,0.98117197,1,7,convnext_256
4c397d65-7e1e-4741-b861-b2b67048a09d.jpg,1,1,data/images/4c397d65-7e1e-4741-b861-b2b67048a09d.jpg,True,2,0.9795122,1,8,convnext_256
1a3b094f-12f8-41be-95f8-3801cb5f3529.jpg,0,0,data/images/1a3b094f-12f8-41be-95f8-3801cb5f3529.jpg,True,1,0.035138432,0,8,convnext_256
da81b56c-ff42-4d57-a24e-997d2d2210a4.jpg,1,1,data/images/da81b56c-ff42-4d57-a24e-997d2d2210a4.jpg,True,2,0.98039985,1,8,convnext_256
afe26010-6d6b-4583-93ac-c0e9a7f9c0be.jpg,0,0,data/images/afe26010-6d6b-4583-93ac-c0e9a7f9c0be.jpg,True,4,0.022007119,0,7,convnext_256
230a4bc8-0e16-4bf7-aea8-0314a7ea993a.jpg,0,0,data/images/230a4bc8-0e16-4bf7-aea8-0314a7ea993a.jpg,True,0,0.02432362,0,7,convnext_256
66bca820-403e-4454-9ef6-e58e5534a8e1.jpg,1,1,data/images/66bca820-403e-4454-9ef6-e58e5534a8e1.jpg,True,3,0.96367633,1,7,convnext_256
5d245c60-27af-473b-98ff-73bbc9eb329e.jpg,1,1,data/images/5d245c60-27af-473b-98ff-73bbc9eb329e.jpg,True,1,0.03408882,0,8,convnext_256
ac58b82d-fbbe-4d90-b392-fffe0e73abf4.jpg,1,1,data/images/ac58b82d-fbbe-4d90-b392-fffe0e73abf4.jpg,True,2,0.980732,1,8,convnext_256
f825f506-2d54-4fa0-9226-76176fe4fc97.jpg,0,0,data/images/f825f506-2d54-4fa0-9226-76176fe4fc97.jpg,True,0,0.015539678,0,7,convnext_256
f90e1bd0-b805-4d71-8844-f0d2b9065012.jpg,1,1,data/images/f90e1bd0-b805-4d71-8844-f0d2b9065012.jpg,True,3,0.9055356,1,7,convnext_256
06daeec5-c4be-4bdb-b527-ca7a4c61eff5.jpg,1,1,data/images/06daeec5-c4be-4bdb-b527-ca7a4c61eff5.jpg,True,4,0.98309773,1,7,convnext_256
d0edd232-dceb-4b11-9089-9a3c590dff66.jpg,1,1,data/images/d0edd232-dceb-4b11-9089-9a3c590dff66.jpg,True,0,0.95724285,1,7,convnext_256
0c65f54e-6920-4c95-9c47-d715ee212e88.jpg,0,0,data/images/0c65f54e-6920-4c95-9c47-d715ee212e88.jpg,True,1,0.022261964,0,8,convnext_256
53bd152e-1d46-4282-8902-bfbd399fc369.jpg,1,1,data/images/53bd152e-1d46-4282-8902-bfbd399fc369.jpg,True,4,0.037593003,0,7,convnext_256
4841834c-b1d4-4a56-9625-3b9213632ae3.jpg,1,1,data/images/4841834c-b1d4-4a56-9625-3b9213632ae3.jpg,True,2,0.9673552,1,8,convnext_256
10ee672f-28a4-48ba-a358-e79c83ed1041.jpg,0,0,data/images/10ee672f-28a4-48ba-a358-e79c83ed1041.jpg,True,3,0.8159373,1,7,convnext_256
b5f68d57-2d7f-4876-b5a5-f3610dbc770d.jpg,1,1,data/images/b5f68d57-2d7f-4876-b5a5-f3610dbc770d.jpg,True,4,0.9768181,1,7,convnext_256
d0ba15f9-10a5-4e03-89a3-7252a9a335dd.jpg,0,0,data/images/d0ba15f9-10a5-4e03-89a3-7252a9a335dd.jpg,True,2,0.08142616,0,8,convnext_256
2c56f82d-92cd-4533-bbe8-5983e415cfc1.jpg,1,1,data/images/2c56f82d-92cd-4533-bbe8-5983e415cfc1.jpg,True,0,0.8840492,1,7,convnext_256
20e9b688-352e-41b9-9551-9f095ec168b5.jpg,0,0,data/images/20e9b688-352e-41b9-9551-9f095ec168b5.jpg,True,3,0.039102636,0,7,convnext_256
e3b9f6a5-0138-4c17-9097-492140829e70.jpg,1,1,data/images/e3b9f6a5-0138-4c17-9097-492140829e70.jpg,True,1,0.9741833,1,8,convnext_256
e0297a63-3254-4546-8d4a-36da6807d081.jpg,1,1,data/images/e0297a63-3254-4546-8d4a-36da6807d081.jpg,True,2,0.97998446,1,8,convnext_256
096c3d81-db56-4a2a-8c43-06aa94ba96a5.jpg,1,1,data/images/096c3d81-db56-4a2a-8c43-06aa94ba96a5.jpg,True,3,0.9752176,1,7,convnext_256
b6e38cf6-0d9d-4aa9-85b5-4f155c9242af.jpg,0,0,data/images/b6e38cf6-0d9d-4aa9-85b5-4f155c9242af.jpg,True,4,0.022232959,0,7,convnext_256
efeab5a2-01dc-47d1-81f7-9b83287c298f.jpg,0,0,data/images/efeab5a2-01dc-47d1-81f7-9b83287c298f.jpg,True,0,0.016161349,0,7,convnext_256
f91d8ba1-2b32-40d5-b971-9a52ab9110f6.jpg,1,1,data/images/f91d8ba1-2b32-40d5-b971-9a52ab9110f6.jpg,True,1,0.9578549,1,8,convnext_256
c6204d99-bc58-475e-8e99-435297f4be67.jpg,1,1,data/images/c6204d99-bc58-475e-8e99-435297f4be67.jpg,True,1,0.97953343,1,8,convnext_256
30b47241-01fe-493d-a7a2-0a31e97ddab5.jpg,1,1,data/images/30b47241-01fe-493d-a7a2-0a31e97ddab5.jpg,True,4,0.96955353,1,7,convnext_256
038a4373-d0fc-40ef-8c09-bc486e9e4e15.jpg,0,0,data/images/038a4373-d0fc-40ef-8c09-bc486e9e4e15.jpg,True,3,0.017495045,0,7,convnext_256
fd94a238-a72c-4863-8c3f-2110ecaaee2a.jpg,0,0,data/images/fd94a238-a72c-4863-8c3f-2110ecaaee2a.jpg,True,0,0.021389589,0,7,convnext_256
c8d86cf9-8a0c-4a9c-84c6-73dc09ff8f88.jpg,1,1,data/images/c8d86cf9-8a0c-4a9c-84c6-73dc09ff8f88.jpg,True,2,0.95764047,1,8,convnext_256
d593a3de-67e4-4f0c-8a53-d811fc9db0d1.jpg,0,0,data/images/d593a3de-67e4-4f0c-8a53-d811fc9db0d1.jpg,True,1,0.9694393,1,8,convnext_256
92d4a379-ab90-40b2-8518-4a790b9ef0c0.jpg,0,0,data/images/92d4a379-ab90-40b2-8518-4a790b9ef0c0.jpg,True,3,0.033088222,0,7,convnext_256
8501dfc1-170e-453e-a59f-23c5d4b9c77a.jpg,0,0,data/images/8501dfc1-170e-453e-a59f-23c5d4b9c77a.jpg,True,4,0.017191058,0,7,convnext_256
1aceebe5-b7a2-49f8-b0ec-f1fae7f3f097.jpg,1,1,data/images/1aceebe5-b7a2-49f8-b0ec-f1fae7f3f097.jpg,True,0,0.9815848,1,7,convnext_256
fbc85b9e-001c-45bf-8aa3-2de3762c3284.jpg,1,1,data/images/fbc85b9e-001c-45bf-8aa3-2de3762c3284.jpg,True,2,0.9793245,1,8,convnext_256
7cf3703a-9295-47c2-8752-3a6e1dda135a.jpg,0,0,data/images/7cf3703a-9295-47c2-8752-3a6e1dda135a.jpg,True,0,0.027061881,0,7,convnext_256
66cef3a1-6ba4-4e23-adfc-656495736fcc.jpg,0,0,data/images/66cef3a1-6ba4-4e23-adfc-656495736fcc.jpg,True,2,0.018462256,0,8,convnext_256
6445c733-83cb-477b-9178-e0276dc3a596.jpg,1,1,data/images/6445c733-83cb-477b-9178-e0276dc3a596.jpg,True,1,0.96376735,1,8,convnext_256
08abebb6-035b-42e7-a463-69d1b48f99ef.jpg,1,1,data/images/08abebb6-035b-42e7-a463-69d1b48f99ef.jpg,True,3,0.94552785,1,7,convnext_256
eed9247c-8223-4b9a-a385-afd2420de08d.jpg,1,1,data/images/eed9247c-8223-4b9a-a385-afd2420de08d.jpg,True,4,0.9806567,1,7,convnext_256
35df6710-ebbc-4402-9477-2838e7be485b.jpg,1,1,data/images/35df6710-ebbc-4402-9477-2838e7be485b.jpg,True,3,0.9844105,1,7,convnext_256
1bbcf375-8b0f-4669-b8c7-b23ca53723b0.jpg,1,1,data/images/1bbcf375-8b0f-4669-b8c7-b23ca53723b0.jpg,True,1,0.9739705,1,8,convnext_256
2e2f9eef-8010-48ee-89e1-037519cb2f13.jpg,1,1,data/images/2e2f9eef-8010-48ee-89e1-037519cb2f13.jpg,True,0,0.9698517,1,7,convnext_256
896a9c45-8c9a-4013-91d9-25d6744a350a.jpg,1,1,data/images/896a9c45-8c9a-4013-91d9-25d6744a350a.jpg,True,4,0.021958208,0,7,convnext_256
1ba9b835-8e6d-470e-a1e2-f296e7335009.jpg,0,0,data/images/1ba9b835-8e6d-470e-a1e2-f296e7335009.jpg,True,2,0.014753692,0,8,convnext_256
c237921d-b528-4e8f-8da5-dbbe6ed4f827.jpg,0,0,data/images/c237921d-b528-4e8f-8da5-dbbe6ed4f827.jpg,True,4,0.017591193,0,7,convnext_256
8e40c4aa-0727-4bad-8a8b-dafabaa3e720.jpg,1,1,data/images/8e40c4aa-0727-4bad-8a8b-dafabaa3e720.jpg,True,1,0.9777483,1,8,convnext_256
fa81a8e3-ae84-4e06-b0db-61467025d352.jpg,1,1,data/images/fa81a8e3-ae84-4e06-b0db-61467025d352.jpg,True,3,0.983787,1,7,convnext_256
243c17e0-6167-4e01-a22e-e21a1e1725da.jpg,0,0,data/images/243c17e0-6167-4e01-a22e-e21a1e1725da.jpg,True,2,0.32752272,0,8,convnext_256
6b523d1e-211d-4328-b006-bbe5638e7fa0.jpg,0,0,data/images/6b523d1e-211d-4328-b006-bbe5638e7fa0.jpg,True,0,0.046595935,0,7,convnext_256
96e3e594-f0d4-4ddf-8b42-c0d7fad64198.jpg,0,0,data/images/96e3e594-f0d4-4ddf-8b42-c0d7fad64198.jpg,True,2,0.8500048,1,8,convnext_256
f9ae1eee-cf11-4f25-9afb-9645df3e92af.jpg,0,0,data/images/f9ae1eee-cf11-4f25-9afb-9645df3e92af.jpg,True,0,0.9783246,1,7,convnext_256
34ed333c-6ca3-4332-9717-5c6814d2e596.jpg,1,1,data/images/34ed333c-6ca3-4332-9717-5c6814d2e596.jpg,True,3,0.9612582,1,7,convnext_256
40651d16-d12d-4399-b091-1f16014d8f62.jpg,1,1,data/images/40651d16-d12d-4399-b091-1f16014d8f62.jpg,True,4,0.9694686,1,7,convnext_256
34753c3f-3b77-4f6b-9b18-94b150aeec0f.jpg,0,0,data/images/34753c3f-3b77-4f6b-9b18-94b150aeec0f.jpg,True,1,0.21859968,0,8,convnext_256
7b234d27-5564-40ca-8855-a5b6054906ec.jpg,0,0,data/images/7b234d27-5564-40ca-8855-a5b6054906ec.jpg,True,2,0.09915508,0,8,convnext_256
0bb1f24c-7abe-47ff-a99d-3bbc17996c34.jpg,0,0,data/images/0bb1f24c-7abe-47ff-a99d-3bbc17996c34.jpg,True,3,0.024634961,0,7,convnext_256
69bed401-6f1b-42c6-93b4-4bdaf487356d.jpg,1,1,data/images/69bed401-6f1b-42c6-93b4-4bdaf487356d.jpg,True,4,0.97797865,1,7,convnext_256
4e2fefd5-4bd9-4f27-9ca3-fa821c18e059.jpg,0,0,data/images/4e2fefd5-4bd9-4f27-9ca3-fa821c18e059.jpg,True,1,0.9846554,1,8,convnext_256
b38657d1-9617-4871-b6fc-ecf73161e6ff.jpg,1,1,data/images/b38657d1-9617-4871-b6fc-ecf73161e6ff.jpg,True,0,0.13076521,0,7,convnext_256
d83aea2b-d606-4368-8d3b-cf76f8ded5ad.jpg,0,0,data/images/d83aea2b-d606-4368-8d3b-cf76f8ded5ad.jpg,True,3,0.021278515,0,7,convnext_256
2b58fa60-750b-4333-b998-9e1ed19dcf02.jpg,0,0,data/images/2b58fa60-750b-4333-b998-9e1ed19dcf02.jpg,True,0,0.02923842,0,7,convnext_256
228bf655-fb0b-4016-9480-3712c28a6bd5.jpg,1,1,data/images/228bf655-fb0b-4016-9480-3712c28a6bd5.jpg,True,4,0.982872,1,7,convnext_256
f37ba9bc-d496-4049-82c0-1c8b156faae4.jpg,1,1,data/images/f37ba9bc-d496-4049-82c0-1c8b156faae4.jpg,True,1,0.5185311,1,8,convnext_256
898ff366-d34b-4663-b53f-472a04f61c22.jpg,1,1,data/images/898ff366-d34b-4663-b53f-472a04f61c22.jpg,True,2,0.97460663,1,8,convnext_256
ff0aebe9-3918-4378-ad9a-474ec0ca21b8.jpg,0,0,data/images/ff0aebe9-3918-4378-ad9a-474ec0ca21b8.jpg,True,1,0.7994422,1,8,convnext_256
08250e39-cf86-4c47-811e-daa8447c12a4.jpg,1,1,data/images/08250e39-cf86-4c47-811e-daa8447c12a4.jpg,True,3,0.9858527,1,7,convnext_256
31afc627-82b6-4cd3-8469-af9e1d0d3525.jpg,1,1,data/images/31afc627-82b6-4cd3-8469-af9e1d0d3525.jpg,True,2,0.5645418,1,8,convnext_256
7fae99ec-d934-47d0-9bc1-52f4cc868e28.jpg,1,1,data/images/7fae99ec-d934-47d0-9bc1-52f4cc868e28.jpg,True,4,0.97466385,1,7,convnext_256
2b823f2f-0cc5-4bb8-a0e4-ae611e693812.jpg,1,1,data/images/2b823f2f-0cc5-4bb8-a0e4-ae611e693812.jpg,True,0,0.98612183,1,7,convnext_256
70711c46-9cf5-4aab-851a-9304653cea4c.jpg,0,0,data/images/70711c46-9cf5-4aab-851a-9304653cea4c.jpg,True,0,0.016241325,0,7,convnext_256
b4fe48c6-8b2a-4782-84c0-85af96b4baf2.jpg,1,1,data/images/b4fe48c6-8b2a-4782-84c0-85af96b4baf2.jpg,True,1,0.986344,1,8,convnext_256
e223e1e2-7184-4479-88d2-a0e323c7513e.jpg,0,0,data/images/e223e1e2-7184-4479-88d2-a0e323c7513e.jpg,True,2,0.01268988,0,8,convnext_256
5d5753d0-3722-4d27-9c41-9bf92fccab9a.jpg,1,1,data/images/5d5753d0-3722-4d27-9c41-9bf92fccab9a.jpg,True,3,0.9682501,1,7,convnext_256
e51a4773-8cb3-4f62-b292-cdd8df76c916.jpg,1,1,data/images/e51a4773-8cb3-4f62-b292-cdd8df76c916.jpg,True,4,0.048582308,0,7,convnext_256
8f23c257-e180-4e7f-a3a7-69500af68789.jpg,0,0,data/images/8f23c257-e180-4e7f-a3a7-69500af68789.jpg,True,2,0.016865497,0,8,convnext_256
34c3f705-0495-4a9a-b1b7-c78a678bbefc.jpg,0,0,data/images/34c3f705-0495-4a9a-b1b7-c78a678bbefc.jpg,True,0,0.024750544,0,7,convnext_256
3e202a79-c2d8-436a-96e0-4a2d8e807336.jpg,0,0,data/images/3e202a79-c2d8-436a-96e0-4a2d8e807336.jpg,True,1,0.02737922,0,8,convnext_256
3f1f87a4-d434-4c02-8e38-c8fef5c8d161.jpg,1,1,data/images/3f1f87a4-d434-4c02-8e38-c8fef5c8d161.jpg,True,4,0.9855633,1,7,convnext_256
0a108293-305d-4e42-afe6-3f6a4821f9e4.jpg,1,1,data/images/0a108293-305d-4e42-afe6-3f6a4821f9e4.jpg,True,3,0.96660966,1,7,convnext_256
ac9b40f5-aab6-4560-ad6b-a904c8bea476.jpg,1,1,data/images/ac9b40f5-aab6-4560-ad6b-a904c8bea476.jpg,True,4,0.15883711,0,7,convnext_256
359b873f-0e19-461a-9f53-b845f6564ac6.jpg,1,1,data/images/359b873f-0e19-461a-9f53-b845f6564ac6.jpg,True,2,0.97505844,1,8,convnext_256
a5edf389-b2de-4c15-891d-c347858cde71.jpg,0,0,data/images/a5edf389-b2de-4c15-891d-c347858cde71.jpg,True,1,0.022555074,0,8,convnext_256
eef60200-126f-449b-9342-916729ad4d95.jpg,0,0,data/images/eef60200-126f-449b-9342-916729ad4d95.jpg,True,0,0.028344452,0,7,convnext_256
37e950db-68f4-438f-aa7c-8c28d7c7d330.jpg,0,0,data/images/37e950db-68f4-438f-aa7c-8c28d7c7d330.jpg,True,3,0.2783007,0,7,convnext_256
ab88e607-425e-47fc-9e1e-91f9f4069f22.jpg,1,1,data/images/ab88e607-425e-47fc-9e1e-91f9f4069f22.jpg,True,1,0.9508444,1,8,convnext_256
d7f98ec8-334a-42a9-b8a3-f87ec67d28f9.jpg,1,1,data/images/d7f98ec8-334a-42a9-b8a3-f87ec67d28f9.jpg,True,3,0.96040803,1,7,convnext_256
83091c6b-ae2b-4e65-a532-8d9cff2426c0.jpg,1,1,data/images/83091c6b-ae2b-4e65-a532-8d9cff2426c0.jpg,True,4,0.9758838,1,7,convnext_256
47915883-fb52-4df9-bd3e-86ab79f60757.jpg,0,0,data/images/47915883-fb52-4df9-bd3e-86ab79f60757.jpg,True,2,0.026364312,0,8,convnext_256
f2d8eef3-5d23-450e-8a60-a1667115dd9d.jpg,0,0,data/images/f2d8eef3-5d23-450e-8a60-a1667115dd9d.jpg,True,0,0.87699217,1,7,convnext_256
05cc39eb-11e7-42c5-980d-dfbdf0166612.jpg,1,1,data/images/05cc39eb-11e7-42c5-980d-dfbdf0166612.jpg,True,2,0.9553744,1,8,convnext_256
eef9570a-1a00-4231-950e-659112682ce6.jpg,0,0,data/images/eef9570a-1a00-4231-950e-659112682ce6.jpg,True,0,0.17613496,0,7,convnext_256
9162aad0-6852-4333-8642-0fc3ab540273.jpg,1,1,data/images/9162aad0-6852-4333-8642-0fc3ab540273.jpg,True,1,0.9789372,1,8,convnext_256
51340ff6-5e68-4d4e-af4e-a3049eb7ede0.jpg,1,1,data/images/51340ff6-5e68-4d4e-af4e-a3049eb7ede0.jpg,True,4,0.9918282,1,7,convnext_256
f4092b66-72b6-4fca-af2f-f4e17abaa7aa.jpg,0,0,data/images/f4092b66-72b6-4fca-af2f-f4e17abaa7aa.jpg,True,3,0.54386544,1,7,convnext_256
374a2174-0509-4bd1-a3eb-ee69d6466b26.jpg,1,1,data/images/374a2174-0509-4bd1-a3eb-ee69d6466b26.jpg,True,0,0.86459816,1,7,convnext_256
cecb3c89-1926-44e7-bbe0-ae3be70ba1ee.jpg,0,0,data/images/cecb3c89-1926-44e7-bbe0-ae3be70ba1ee.jpg,True,3,0.03402158,0,7,convnext_256
bd956009-3948-4a2b-a0bc-6544642e173e.jpg,1,1,data/images/bd956009-3948-4a2b-a0bc-6544642e173e.jpg,True,2,0.9779154,1,8,convnext_256
16af03e8-d720-4873-a9c3-198537938530.jpg,1,1,data/images/16af03e8-d720-4873-a9c3-198537938530.jpg,True,1,0.09704173,0,8,convnext_256
ee73a893-1c1e-457f-a69b-a523139df120.jpg,0,0,data/images/ee73a893-1c1e-457f-a69b-a523139df120.jpg,True,4,0.02598189,0,7,convnext_256
b4c0414e-6842-4105-9a30-b2eb615692a1.jpg,0,0,data/images/b4c0414e-6842-4105-9a30-b2eb615692a1.jpg,True,3,0.07412316,0,7,convnext_256
cc8bdb7d-d040-4635-bd93-e59799bd62d0.jpg,0,0,data/images/cc8bdb7d-d040-4635-bd93-e59799bd62d0.jpg,True,4,0.0326462,0,7,convnext_256
88b40ee6-11f0-4112-9b2f-12766be94c07.jpg,0,0,data/images/88b40ee6-11f0-4112-9b2f-12766be94c07.jpg,True,1,0.03571986,0,8,convnext_256
d1281edf-eafd-4333-8113-e2827b1670cd.jpg,0,0,data/images/d1281edf-eafd-4333-8113-e2827b1670cd.jpg,True,2,0.28549305,0,8,convnext_256
930e8552-7b7e-4e19-8df6-a4387b49d5f4.jpg,0,0,data/images/930e8552-7b7e-4e19-8df6-a4387b49d5f4.jpg,True,0,0.26647726,0,7,convnext_256
6dc51147-2834-4b36-8249-752ca6e833d1.jpg,1,1,data/images/6dc51147-2834-4b36-8249-752ca6e833d1.jpg,True,4,0.98236334,1,7,convnext_256
bc2362f4-bd4b-4eff-97cc-1c403f22992c.jpg,0,0,data/images/bc2362f4-bd4b-4eff-97cc-1c403f22992c.jpg,True,2,0.027327351,0,8,convnext_256
a74c65b7-ad8c-428f-859f-5b0eca316826.jpg,1,1,data/images/a74c65b7-ad8c-428f-859f-5b0eca316826.jpg,True,3,0.9807803,1,7,convnext_256
9dc557ea-bc9b-469e-af7c-85c1c56f36f1.jpg,0,0,data/images/9dc557ea-bc9b-469e-af7c-85c1c56f36f1.jpg,True,1,0.012820683,0,8,convnext_256
43128640-08bf-4ebd-ac61-c34a2d99b82b.jpg,1,1,data/images/43128640-08bf-4ebd-ac61-c34a2d99b82b.jpg,True,0,0.98957753,1,7,convnext_256
110eac19-4034-4164-b44d-36d259477365.jpg,1,1,data/images/110eac19-4034-4164-b44d-36d259477365.jpg,True,4,0.9747284,1,7,convnext_256
77e12b13-72a4-4112-a7d4-418c268c4918.jpg,0,0,data/images/77e12b13-72a4-4112-a7d4-418c268c4918.jpg,True,2,0.029074654,0,8,convnext_256
5e3e1311-a71e-4793-8aac-4b2b7834450e.jpg,0,0,data/images/5e3e1311-a71e-4793-8aac-4b2b7834450e.jpg,True,0,0.02788627,0,7,convnext_256
4be76de1-ccb1-45b1-be9a-5b98d1cd83c9.jpg,0,0,data/images/4be76de1-ccb1-45b1-be9a-5b98d1cd83c9.jpg,True,1,0.021531139,0,8,convnext_256
f94a4f5a-8eb9-40d7-8ec7-316796bac7d2.jpg,0,0,data/images/f94a4f5a-8eb9-40d7-8ec7-316796bac7d2.jpg,True,3,0.13258998,0,7,convnext_256
744686d9-2714-49bf-9e59-839b529f44e8.jpg,0,0,data/images/744686d9-2714-49bf-9e59-839b529f44e8.jpg,True,2,0.07563307,0,8,convnext_256
00f024f9-bd51-4d5d-aa23-c0033e7f8d15.jpg,0,0,data/images/00f024f9-bd51-4d5d-aa23-c0033e7f8d15.jpg,True,4,0.59884745,1,7,convnext_256
b82a4e0b-84e1-4869-9a01-6f914c05d773.jpg,1,1,data/images/b82a4e0b-84e1-4869-9a01-6f914c05d773.jpg,True,3,0.553263,1,7,convnext_256
93b458a1-4274-4e6f-bb13-1b6df17c712b.jpg,1,1,data/images/93b458a1-4274-4e6f-bb13-1b6df17c712b.jpg,True,0,0.9757573,1,7,convnext_256
aa339c66-e666-45c3-bd41-f33e203af372.jpg,0,0,data/images/aa339c66-e666-45c3-bd41-f33e203af372.jpg,True,1,0.029053368,0,8,convnext_256
6261fc95-d731-4268-b666-f47b7e17b918.jpg,0,0,data/images/6261fc95-d731-4268-b666-f47b7e17b918.jpg,True,3,0.025714086,0,7,convnext_256
9bf00f89-98ca-4b87-b40c-5a8631f57088.jpg,0,0,data/images/9bf00f89-98ca-4b87-b40c-5a8631f57088.jpg,True,1,0.036489796,0,8,convnext_256
0d78d2fb-d3df-4964-b51f-81fb3c985d25.jpg,0,0,data/images/0d78d2fb-d3df-4964-b51f-81fb3c985d25.jpg,True,0,0.03222257,0,7,convnext_256
035edac5-b850-4ef2-bb69-27606618783f.jpg,1,1,data/images/035edac5-b850-4ef2-bb69-27606618783f.jpg,True,4,0.97609335,1,7,convnext_256
2e8feb1d-3382-4b64-bd57-2c740739edef.jpg,0,0,data/images/2e8feb1d-3382-4b64-bd57-2c740739edef.jpg,True,2,0.011787786,0,8,convnext_256
81646616-7ff2-490a-b5a8-3221a07ab952.jpg,0,0,data/images/81646616-7ff2-490a-b5a8-3221a07ab952.jpg,True,0,0.04714501,0,7,convnext_256
2aac16e2-7072-43f6-a16d-6d9902bccf76.jpg,0,0,data/images/2aac16e2-7072-43f6-a16d-6d9902bccf76.jpg,True,3,0.957167,1,7,convnext_256
5e1e8522-e65d-46a6-b2b1-6acb39322ef3.jpg,1,1,data/images/5e1e8522-e65d-46a6-b2b1-6acb39322ef3.jpg,True,2,0.98430264,1,8,convnext_256
5f6d96b0-2aa7-4448-98cc-d0fa8ca2490e.jpg,0,0,data/images/5f6d96b0-2aa7-4448-98cc-d0fa8ca2490e.jpg,True,4,0.018651234,0,7,convnext_256
a25a3d58-c1d6-4b7b-bfce-eca4b7949e4d.jpg,0,0,data/images/a25a3d58-c1d6-4b7b-bfce-eca4b7949e4d.jpg,True,1,0.75387704,1,8,convnext_256
f8d66bd5-dc3b-476a-b85e-2c65290a3621.jpg,1,1,data/images/f8d66bd5-dc3b-476a-b85e-2c65290a3621.jpg,True,2,0.97839063,1,8,convnext_256
2206d878-ac24-42ff-a35f-661e8c60d05e.jpg,0,0,data/images/2206d878-ac24-42ff-a35f-661e8c60d05e.jpg,True,1,0.017538834,0,8,convnext_256
8542fe45-11c4-46f7-ace6-729445bd4721.jpg,0,0,data/images/8542fe45-11c4-46f7-ace6-729445bd4721.jpg,True,4,0.021995636,0,7,convnext_256
ac327e50-5d07-416b-938f-59bfc33e2319.jpg,0,0,data/images/ac327e50-5d07-416b-938f-59bfc33e2319.jpg,True,0,0.026317034,0,7,convnext_256
06ba13c1-cef7-4f1e-9855-0dac4a47b77b.jpg,0,0,data/images/06ba13c1-cef7-4f1e-9855-0dac4a47b77b.jpg,True,3,0.008656274,0,7,convnext_256
ca58888c-8cbc-4814-87ce-d16eb557f090.jpg,0,0,data/images/ca58888c-8cbc-4814-87ce-d16eb557f090.jpg,True,4,0.027560415,0,7,convnext_256
0f36199b-71fb-492f-8934-e98eca88035e.jpg,1,1,data/images/0f36199b-71fb-492f-8934-e98eca88035e.jpg,True,3,0.9781774,1,7,convnext_256
c5ed4004-61ad-4bd2-8efe-6a034d3854ea.jpg,1,1,data/images/c5ed4004-61ad-4bd2-8efe-6a034d3854ea.jpg,True,0,0.98320824,1,7,convnext_256
8a105d5c-05be-41f1-b74b-416af1d7bfe0.jpg,0,0,data/images/8a105d5c-05be-41f1-b74b-416af1d7bfe0.jpg,True,1,0.02536959,0,8,convnext_256
ade7d380-30a7-4735-b80d-3eca4779df09.jpg,0,0,data/images/ade7d380-30a7-4735-b80d-3eca4779df09.jpg,True,2,0.0551495,0,8,convnext_256
32732dea-4840-4486-be68-7706f75dc63d.jpg,0,0,data/images/32732dea-4840-4486-be68-7706f75dc63d.jpg,True,1,0.029443769,0,8,convnext_256
8002f5d5-9aa4-4ba3-9cef-386fab6dcd0d.jpg,1,1,data/images/8002f5d5-9aa4-4ba3-9cef-386fab6dcd0d.jpg,True,4,0.96939653,1,7,convnext_256
afbec110-fcfb-4deb-ae9d-64b516b60b34.jpg,1,1,data/images/afbec110-fcfb-4deb-ae9d-64b516b60b34.jpg,True,0,0.9781968,1,7,convnext_256
651b63c7-f7ff-4457-b229-5c6f6066ced1.jpg,1,1,data/images/651b63c7-f7ff-4457-b229-5c6f6066ced1.jpg,True,2,0.97818303,1,8,convnext_256
c2a8cb0d-fc14-496a-b354-a89c3bea7177.jpg,1,1,data/images/c2a8cb0d-fc14-496a-b354-a89c3bea7177.jpg,True,3,0.98686,1,7,convnext_256
d493106b-2755-4391-8fcd-5ddd054d78df.jpg,0,0,data/images/d493106b-2755-4391-8fcd-5ddd054d78df.jpg,True,3,0.96412414,1,7,convnext_256
0ccc4aaa-4b1a-4461-b46a-62f59cd37fe3.jpg,0,0,data/images/0ccc4aaa-4b1a-4461-b46a-62f59cd37fe3.jpg,True,0,0.018531086,0,7,convnext_256
e4c8c097-8de8-4f47-9888-d1cb61951d3a.jpg,0,0,data/images/e4c8c097-8de8-4f47-9888-d1cb61951d3a.jpg,True,2,0.025701817,0,8,convnext_256
89d6caeb-48a2-4fab-aef5-acd9b5566ba1.jpg,1,1,data/images/89d6caeb-48a2-4fab-aef5-acd9b5566ba1.jpg,True,1,0.97584605,1,8,convnext_256
173b808e-be74-4211-a1e5-a60780c3d58d.jpg,0,0,data/images/173b808e-be74-4211-a1e5-a60780c3d58d.jpg,True,4,0.01782837,0,7,convnext_256
09b42fc5-0526-46fb-9268-75429da8063a.jpg,1,1,data/images/09b42fc5-0526-46fb-9268-75429da8063a.jpg,True,3,0.9864222,1,7,convnext_256
c5692e43-7bfe-4a54-b2f2-205dedac070b.jpg,1,1,data/images/c5692e43-7bfe-4a54-b2f2-205dedac070b.jpg,True,0,0.97154534,1,7,convnext_256
cf6b84e6-3025-41da-b686-4e5f0c184682.jpg,1,1,data/images/cf6b84e6-3025-41da-b686-4e5f0c184682.jpg,True,1,0.95023847,1,8,convnext_256
652af332-1428-4d9b-a926-0289645ccf6d.jpg,0,0,data/images/652af332-1428-4d9b-a926-0289645ccf6d.jpg,True,2,0.018284488,0,8,convnext_256
b67dd212-16b8-4877-8c81-f47e1c5c7448.jpg,0,0,data/images/b67dd212-16b8-4877-8c81-f47e1c5c7448.jpg,True,4,0.020197608,0,7,convnext_256
3dbb7478-da3a-4f7b-aa1d-1fc848c538b5.jpg,0,0,data/images/3dbb7478-da3a-4f7b-aa1d-1fc848c538b5.jpg,True,0,0.02375079,0,7,convnext_256
2c3fff98-092d-4107-aeb7-af504544a47f.jpg,0,0,data/images/2c3fff98-092d-4107-aeb7-af504544a47f.jpg,True,3,0.2295835,0,7,convnext_256
d72654ba-3dbc-4b01-876f-9862dd7ef209.jpg,1,1,data/images/d72654ba-3dbc-4b01-876f-9862dd7ef209.jpg,True,1,0.9729594,1,8,convnext_256
4081af66-a2c4-4cab-a187-bd702cd5b4cb.jpg,1,1,data/images/4081af66-a2c4-4cab-a187-bd702cd5b4cb.jpg,True,4,0.9742265,1,7,convnext_256
64d122a6-968f-4e70-91cf-9c4089791eb9.jpg,0,0,data/images/64d122a6-968f-4e70-91cf-9c4089791eb9.jpg,True,2,0.33864114,0,8,convnext_256
0fcb27f5-b227-4d1a-a637-81f4ae34d9a6.jpg,0,0,data/images/0fcb27f5-b227-4d1a-a637-81f4ae34d9a6.jpg,True,2,0.024411168,0,8,convnext_256
35b13a34-0775-4657-bc48-bc314d1a5f9f.jpg,0,0,data/images/35b13a34-0775-4657-bc48-bc314d1a5f9f.jpg,True,3,0.34252936,0,7,convnext_256
3594335f-30cb-4f5b-b64f-232d0efa7eb7.jpg,1,1,data/images/3594335f-30cb-4f5b-b64f-232d0efa7eb7.jpg,True,4,0.19471736,0,7,convnext_256
a54c9df8-1335-4984-8a87-1448496b3ce6.jpg,0,0,data/images/a54c9df8-1335-4984-8a87-1448496b3ce6.jpg,True,0,0.94188416,1,7,convnext_256
90f4d699-90a7-45d0-b09a-a9bbb57a34fd.jpg,0,0,data/images/90f4d699-90a7-45d0-b09a-a9bbb57a34fd.jpg,True,1,0.02349326,0,8,convnext_256
b4917416-2a8a-4479-b776-30a0bae3d319.jpg,0,0,data/images/b4917416-2a8a-4479-b776-30a0bae3d319.jpg,True,3,0.025627568,0,7,convnext_256
ee86132e-3534-4385-981b-2fbd34c8b44c.jpg,1,1,data/images/ee86132e-3534-4385-981b-2fbd34c8b44c.jpg,True,4,0.96579427,1,7,convnext_256
b9a0c4c0-e228-48f6-8509-3593c652f00c.jpg,1,1,data/images/b9a0c4c0-e228-48f6-8509-3593c652f00c.jpg,True,1,0.9681759,1,8,convnext_256
8ff4f26d-bbd0-4344-b5c6-139a2c5a7c02.jpg,0,0,data/images/8ff4f26d-bbd0-4344-b5c6-139a2c5a7c02.jpg,True,2,0.019766774,0,8,convnext_256
2f5206ad-1905-44bc-b345-00543d868fc8.jpg,0,0,data/images/2f5206ad-1905-44bc-b345-00543d868fc8.jpg,True,0,0.02217064,0,7,convnext_256
e5e0f6ce-793e-4674-999e-f688fc29b8f2.jpg,1,1,data/images/e5e0f6ce-793e-4674-999e-f688fc29b8f2.jpg,True,4,0.97644037,1,7,convnext_256
bd3ee2a8-118d-4e16-ab27-64b8124e61d0.jpg,1,1,data/images/bd3ee2a8-118d-4e16-ab27-64b8124e61d0.jpg,True,3,0.9776465,1,7,convnext_256
b372f59f-7f5d-4f03-908e-2d8100dd5e07.jpg,1,1,data/images/b372f59f-7f5d-4f03-908e-2d8100dd5e07.jpg,True,0,0.9575561,1,7,convnext_256
4b653853-dc42-4bf4-8e5f-62fc5c096517.jpg,0,0,data/images/4b653853-dc42-4bf4-8e5f-62fc5c096517.jpg,True,1,0.038473025,0,8,convnext_256
5dfebc72-719e-40f9-8111-fa5bd6d08d1c.jpg,1,1,data/images/5dfebc72-719e-40f9-8111-fa5bd6d08d1c.jpg,True,2,0.9782839,1,8,convnext_256
66f665e3-6cff-4b13-852a-f1604cfad947.jpg,0,0,data/images/66f665e3-6cff-4b13-852a-f1604cfad947.jpg,True,0,0.023267964,0,7,convnext_256
90ee4700-b840-4a86-856e-862f1fc6e867.jpg,0,0,data/images/90ee4700-b840-4a86-856e-862f1fc6e867.jpg,True,4,0.3420404,0,7,convnext_256
26ff1506-1a86-4074-a4b8-8cfa2143d1bd.jpg,1,1,data/images/26ff1506-1a86-4074-a4b8-8cfa2143d1bd.jpg,True,1,0.9782894,1,8,convnext_256
5171095b-ac76-4a95-bbc5-2a0c38e0f75f.jpg,1,1,data/images/5171095b-ac76-4a95-bbc5-2a0c38e0f75f.jpg,True,2,0.97398496,1,8,convnext_256
6ced7068-3722-4e0e-876e-32d94ce1f2ef.jpg,0,0,data/images/6ced7068-3722-4e0e-876e-32d94ce1f2ef.jpg,True,3,0.029797126,0,7,convnext_256
167d67d7-3640-45de-911d-d937c9527d31.jpg,1,1,data/images/167d67d7-3640-45de-911d-d937c9527d31.jpg,True,3,0.97292227,1,7,convnext_256
87ca244d-efd4-41ee-a7f0-c82b0796ed15.jpg,0,0,data/images/87ca244d-efd4-41ee-a7f0-c82b0796ed15.jpg,True,4,0.05822597,0,7,convnext_256
ae395782-2ec3-405e-b0b7-52328ce98e4c.jpg,1,1,data/images/ae395782-2ec3-405e-b0b7-52328ce98e4c.jpg,True,0,0.012722649,0,7,convnext_256
85653f5e-f416-4bcb-87f5-597abe6167c6.jpg,0,0,data/images/85653f5e-f416-4bcb-87f5-597abe6167c6.jpg,True,1,0.017296456,0,8,convnext_256
c9c8dbdf-0c94-4015-a3ae-3a8d5f55fb20.jpg,0,0,data/images/c9c8dbdf-0c94-4015-a3ae-3a8d5f55fb20.jpg,True,2,0.93104094,1,8,convnext_256
6c3ea3b7-1e70-41c3-82e7-b09c3ffe5b76.jpg,0,0,data/images/6c3ea3b7-1e70-41c3-82e7-b09c3ffe5b76.jpg,True,4,0.03683033,0,7,convnext_256
a7c40783-1570-450e-b751-a06efddb10ad.jpg,0,0,data/images/a7c40783-1570-450e-b751-a06efddb10ad.jpg,True,1,0.029064028,0,8,convnext_256
084f192b-4405-478c-a414-485662bfd86a.jpg,1,1,data/images/084f192b-4405-478c-a414-485662bfd86a.jpg,True,0,0.9791348,1,7,convnext_256
9255b756-dc1e-4154-949b-07caa12164c7.jpg,1,1,data/images/9255b756-dc1e-4154-949b-07caa12164c7.jpg,True,2,0.979935,1,8,convnext_256
ee0bb327-f5c1-4e92-9641-1e0d4126890a.jpg,1,1,data/images/ee0bb327-f5c1-4e92-9641-1e0d4126890a.jpg,True,3,0.9219599,1,7,convnext_256
a31ecc03-3ef8-467e-84f4-f9c2f3954311.jpg,1,1,data/images/a31ecc03-3ef8-467e-84f4-f9c2f3954311.jpg,True,4,0.9717756,1,7,convnext_256
ae394945-bed7-44f4-9037-113260be65b3.jpg,1,1,data/images/ae394945-bed7-44f4-9037-113260be65b3.jpg,True,0,0.9625835,1,7,convnext_256
06a09fbc-94be-404a-8843-0fb20d24b98f.jpg,0,0,data/images/06a09fbc-94be-404a-8843-0fb20d24b98f.jpg,True,3,0.027538083,0,7,convnext_256
5410e667-3fae-4b1f-b985-2470939812f5.jpg,1,1,data/images/5410e667-3fae-4b1f-b985-2470939812f5.jpg,True,1,0.97797215,1,8,convnext_256
04dfca3a-0d98-449e-b5d7-f986608ba76e.jpg,1,1,data/images/04dfca3a-0d98-449e-b5d7-f986608ba76e.jpg,True,2,0.98297393,1,8,convnext_256
6fcea86f-990e-414b-a7f7-c617fadf03db.jpg,0,0,data/images/6fcea86f-990e-414b-a7f7-c617fadf03db.jpg,True,0,0.01563885,0,7,convnext_256
a93e3562-8761-41c0-987d-05ef2bbfa3b1.jpg,1,1,data/images/a93e3562-8761-41c0-987d-05ef2bbfa3b1.jpg,True,4,0.98081106,1,7,convnext_256
09370803-0887-4111-be36-90e4272b40d3.jpg,0,0,data/images/09370803-0887-4111-be36-90e4272b40d3.jpg,True,1,0.02628097,0,8,convnext_256
c4f81136-8814-4fae-b9c5-32d7ca7ace57.jpg,1,1,data/images/c4f81136-8814-4fae-b9c5-32d7ca7ace57.jpg,True,3,0.9736429,1,7,convnext_256
ddc6c28a-a7fb-45fc-ba8b-fe36295ca234.jpg,1,1,data/images/ddc6c28a-a7fb-45fc-ba8b-fe36295ca234.jpg,True,2,0.9688024,1,8,convnext_256
34371f09-6ee3-400c-a43e-913eeb87c252.jpg,1,1,data/images/34371f09-6ee3-400c-a43e-913eeb87c252.jpg,True,4,0.93066454,1,7,convnext_256
df8b659f-d9e1-40dd-94e1-0941ebc272f3.jpg,0,0,data/images/df8b659f-d9e1-40dd-94e1-0941ebc272f3.jpg,True,2,0.8930272,1,8,convnext_256
b1761b1a-f2e5-4980-8079-22920042f36e.jpg,0,0,data/images/b1761b1a-f2e5-4980-8079-22920042f36e.jpg,True,3,0.023271257,0,7,convnext_256
f8b9d039-4888-4102-ab68-38b4fb4b1d45.jpg,1,1,data/images/f8b9d039-4888-4102-ab68-38b4fb4b1d45.jpg,True,0,0.96717805,1,7,convnext_256
2fafaf41-fa37-40e5-919e-b4e536341d74.jpg,1,1,data/images/2fafaf41-fa37-40e5-919e-b4e536341d74.jpg,True,1,0.97480154,1,8,convnext_256
d9729724-5fee-4eb3-8e3f-7df1ae18528a.jpg,1,1,data/images/d9729724-5fee-4eb3-8e3f-7df1ae18528a.jpg,True,2,0.96066594,1,8,convnext_256
ae96cb2a-528f-4a5c-a00b-2621430aa9cf.jpg,1,1,data/images/ae96cb2a-528f-4a5c-a00b-2621430aa9cf.jpg,True,3,0.953054,1,7,convnext_256
4b26813a-daf5-440d-9f98-ae44d52e4c35.jpg,0,0,data/images/4b26813a-daf5-440d-9f98-ae44d52e4c35.jpg,True,0,0.031576745,0,7,convnext_256
5d9852bc-bada-40e8-8f67-39013421abab.jpg,1,1,data/images/5d9852bc-bada-40e8-8f67-39013421abab.jpg,True,4,0.97940195,1,7,convnext_256
fc611763-2371-433a-aa8f-182ccc0ada94.jpg,1,1,data/images/fc611763-2371-433a-aa8f-182ccc0ada94.jpg,True,1,0.97899204,1,8,convnext_256
9914a16b-4920-4bc8-a8dd-6df9cb9f5d1f.jpg,1,1,data/images/9914a16b-4920-4bc8-a8dd-6df9cb9f5d1f.jpg,True,4,0.18667218,0,7,convnext_256
d0e5ee4b-e7c4-4e6f-ae28-821e6c9a777d.jpg,0,0,data/images/d0e5ee4b-e7c4-4e6f-ae28-821e6c9a777d.jpg,True,2,0.02704297,0,8,convnext_256
6b1ceb40-64e0-4d99-9494-c60a7fd13e13.jpg,0,0,data/images/6b1ceb40-64e0-4d99-9494-c60a7fd13e13.jpg,True,3,0.121913955,0,7,convnext_256
952a4d84-3d0b-46aa-a368-18dce6879a51.jpg,1,1,data/images/952a4d84-3d0b-46aa-a368-18dce6879a51.jpg,True,0,0.9825701,1,7,convnext_256
2711c4f0-afc2-405a-bcaf-88e436ed5609.jpg,0,0,data/images/2711c4f0-afc2-405a-bcaf-88e436ed5609.jpg,True,1,0.9150911,1,8,convnext_256
63c53ffa-55c6-41e2-ac41-f8b03ae5d92e.jpg,0,0,data/images/63c53ffa-55c6-41e2-ac41-f8b03ae5d92e.jpg,True,4,0.018668214,0,7,convnext_256
b9ad1fde-366b-4260-8628-72ebe9c77130.jpg,0,0,data/images/b9ad1fde-366b-4260-8628-72ebe9c77130.jpg,True,1,0.023280146,0,8,convnext_256
346a60c0-3ad8-459d-b17d-db2f32260435.jpg,1,1,data/images/346a60c0-3ad8-459d-b17d-db2f32260435.jpg,True,2,0.9890392,1,8,convnext_256
da53147d-864f-4f98-9184-1d1b1ce4e95a.jpg,1,1,data/images/da53147d-864f-4f98-9184-1d1b1ce4e95a.jpg,True,3,0.9709348,1,7,convnext_256
96358e99-3fc4-40d9-854a-fd51c46cd9a7.jpg,0,0,data/images/96358e99-3fc4-40d9-854a-fd51c46cd9a7.jpg,True,0,0.043164466,0,7,convnext_256
8587224c-ecbc-4c83-b107-0d2f490f34eb.jpg,1,1,data/images/8587224c-ecbc-4c83-b107-0d2f490f34eb.jpg,True,2,0.94737226,1,8,convnext_256
17065028-68bf-492b-962c-d5473d699b26.jpg,1,1,data/images/17065028-68bf-492b-962c-d5473d699b26.jpg,True,0,0.98076147,1,7,convnext_256
5c061076-9662-4abf-93ee-76cbbc67ac66.jpg,1,1,data/images/5c061076-9662-4abf-93ee-76cbbc67ac66.jpg,True,3,0.97756076,1,7,convnext_256
d3ab15ff-200f-47a7-97b4-2fa243c64ccd.jpg,1,1,data/images/d3ab15ff-200f-47a7-97b4-2fa243c64ccd.jpg,True,4,0.12707037,0,7,convnext_256
4b657be9-d784-4267-9baa-82228aabbf05.jpg,0,0,data/images/4b657be9-d784-4267-9baa-82228aabbf05.jpg,True,1,0.019813385,0,8,convnext_256
d9b5c440-9dc4-4a94-9170-711b8c0e2af7.jpg,0,0,data/images/d9b5c440-9dc4-4a94-9170-711b8c0e2af7.jpg,True,1,0.017290015,0,8,convnext_256
7ba77aba-3de8-4820-b029-7d3bf2f2d602.jpg,1,1,data/images/7ba77aba-3de8-4820-b029-7d3bf2f2d602.jpg,True,0,0.95489824,1,7,convnext_256
62877dda-207b-4d0e-8b02-fdd16fac7cfc.jpg,1,1,data/images/62877dda-207b-4d0e-8b02-fdd16fac7cfc.jpg,True,4,0.98042506,1,7,convnext_256
d5de9d99-6fbc-4b34-a475-d002dc678a0a.jpg,1,1,data/images/d5de9d99-6fbc-4b34-a475-d002dc678a0a.jpg,True,3,0.9784678,1,7,convnext_256
836d31e1-fc27-4e21-9406-c4353b3bc461.jpg,1,1,data/images/836d31e1-fc27-4e21-9406-c4353b3bc461.jpg,True,2,0.0098556345,0,8,convnext_256
f19d0877-0947-493a-bc30-f5179db71539.jpg,1,1,data/images/f19d0877-0947-493a-bc30-f5179db71539.jpg,True,3,0.980071,1,7,convnext_256
8d52d84c-065a-4a29-99d3-cc903b1db5f0.jpg,0,0,data/images/8d52d84c-065a-4a29-99d3-cc903b1db5f0.jpg,True,1,0.49564907,0,8,convnext_256
4c2c5383-043d-4d96-b33a-1dec91761633.jpg,1,1,data/images/4c2c5383-043d-4d96-b33a-1dec91761633.jpg,True,0,0.15599036,0,7,convnext_256
17ed8904-8f17-49c9-b716-1a8bdd30e518.jpg,0,0,data/images/17ed8904-8f17-49c9-b716-1a8bdd30e518.jpg,True,2,0.025959142,0,8,convnext_256
fba50ac3-fdd6-42b4-8e24-7a6f21c11ff6.jpg,1,1,data/images/fba50ac3-fdd6-42b4-8e24-7a6f21c11ff6.jpg,True,4,0.98539495,1,7,convnext_256
0cae5a50-52aa-4dce-b677-9a74bc9fc35d.jpg,1,1,data/images/0cae5a50-52aa-4dce-b677-9a74bc9fc35d.jpg,True,1,0.9669592,1,8,convnext_256
94d64bfc-2c20-442d-ba86-818f2c37216c.jpg,1,1,data/images/94d64bfc-2c20-442d-ba86-818f2c37216c.jpg,True,3,0.98125595,1,7,convnext_256
6628aabd-ab31-4108-8ae3-3bc8cb1ec1f1.jpg,1,1,data/images/6628aabd-ab31-4108-8ae3-3bc8cb1ec1f1.jpg,True,2,0.98053014,1,8,convnext_256
6bd3357a-4fcd-4dac-a71a-1eae26993048.jpg,1,1,data/images/6bd3357a-4fcd-4dac-a71a-1eae26993048.jpg,True,4,0.9840419,1,7,convnext_256
e1837d54-2f9a-4599-8144-6af651999bf7.jpg,0,0,data/images/e1837d54-2f9a-4599-8144-6af651999bf7.jpg,True,0,0.016942492,0,7,convnext_256
f07b804e-be23-4f96-9b91-ce6827d00750.jpg,0,0,data/images/f07b804e-be23-4f96-9b91-ce6827d00750.jpg,True,3,0.015266948,0,7,convnext_256
a7091e90-34f1-4a29-b990-36da16396d51.jpg,0,0,data/images/a7091e90-34f1-4a29-b990-36da16396d51.jpg,True,4,0.02163205,0,7,convnext_256
366320e1-1a93-461d-845b-02b6c0c513ea.jpg,0,0,data/images/366320e1-1a93-461d-845b-02b6c0c513ea.jpg,True,2,0.073989734,0,8,convnext_256
6e0edbe9-3af0-4d09-826a-9e0b57499fa1.jpg,1,1,data/images/6e0edbe9-3af0-4d09-826a-9e0b57499fa1.jpg,True,1,0.10616528,0,8,convnext_256
16bdfdd4-2009-406d-94ab-d8c1b1917f20.jpg,0,0,data/images/16bdfdd4-2009-406d-94ab-d8c1b1917f20.jpg,True,0,0.13478196,0,7,convnext_256
047b1662-0e14-47d0-9d19-5d048bcd4c77.jpg,1,1,data/images/047b1662-0e14-47d0-9d19-5d048bcd4c77.jpg,True,4,0.9573769,1,7,convnext_256
0a41b788-175b-4459-b45a-79be03ba5498.jpg,1,1,data/images/0a41b788-175b-4459-b45a-79be03ba5498.jpg,True,2,0.9735972,1,8,convnext_256
772ab9b1-9b0a-4d74-97b1-fe28b7ea52af.jpg,1,1,data/images/772ab9b1-9b0a-4d74-97b1-fe28b7ea52af.jpg,True,3,0.97886425,1,7,convnext_256
e49b75cb-36aa-4ef9-9e17-ae39f1c3a54d.jpg,1,1,data/images/e49b75cb-36aa-4ef9-9e17-ae39f1c3a54d.jpg,True,0,0.9783734,1,7,convnext_256
f8de0ebd-a6c9-4b89-9742-9c8c05f7251a.jpg,1,1,data/images/f8de0ebd-a6c9-4b89-9742-9c8c05f7251a.jpg,True,1,0.98011726,1,8,convnext_256
27d10ddc-de47-4cf3-a220-2b69445fe804.jpg,0,0,data/images/27d10ddc-de47-4cf3-a220-2b69445fe804.jpg,True,4,0.46249393,0,7,convnext_256
99136946-5c15-4596-9b8c-6cdab19520b0.jpg,0,0,data/images/99136946-5c15-4596-9b8c-6cdab19520b0.jpg,True,2,0.024486557,0,8,convnext_256
195a4c9d-27a5-4812-b6b1-e255fd8972ab.jpg,1,1,data/images/195a4c9d-27a5-4812-b6b1-e255fd8972ab.jpg,True,0,0.08394138,0,7,convnext_256
a3627973-6fa2-4329-ba1b-719a8e91d506.jpg,0,0,data/images/a3627973-6fa2-4329-ba1b-719a8e91d506.jpg,True,3,0.18070006,0,7,convnext_256
d55a3aa4-c4ef-4440-9f13-435145c29e73.jpg,1,1,data/images/d55a3aa4-c4ef-4440-9f13-435145c29e73.jpg,True,1,0.9691525,1,8,convnext_256
2eed83a3-8309-441c-bba6-12c1b6986ee2.jpg,1,1,data/images/2eed83a3-8309-441c-bba6-12c1b6986ee2.jpg,True,4,0.97986114,1,7,convnext_256
47dcb63f-0a87-4810-807b-b66169af9bc9.jpg,1,1,data/images/47dcb63f-0a87-4810-807b-b66169af9bc9.jpg,True,2,0.9328944,1,8,convnext_256
5f228fcf-96df-4b03-83e6-5ee5414b5bfd.jpg,0,0,data/images/5f228fcf-96df-4b03-83e6-5ee5414b5bfd.jpg,True,3,0.026260154,0,7,convnext_256
67bc85d5-767c-485d-823f-959fe06740b6.jpg,1,1,data/images/67bc85d5-767c-485d-823f-959fe06740b6.jpg,True,1,0.9639049,1,8,convnext_256
15cf3b1b-f4e6-4828-bf39-9315a288ba2b.jpg,1,1,data/images/15cf3b1b-f4e6-4828-bf39-9315a288ba2b.jpg,True,0,0.89316106,1,7,convnext_256
9a71f886-8bc8-41b8-923e-9ca472b2df81.jpg,0,0,data/images/9a71f886-8bc8-41b8-923e-9ca472b2df81.jpg,True,2,0.042019516,0,8,convnext_256
7dce1d40-bad4-4acd-8211-f421108d7f30.jpg,1,1,data/images/7dce1d40-bad4-4acd-8211-f421108d7f30.jpg,True,4,0.9303562,1,7,convnext_256
cd0aa8e8-d2d4-46b7-89c5-9cf93481f87e.jpg,0,0,data/images/cd0aa8e8-d2d4-46b7-89c5-9cf93481f87e.jpg,True,1,0.19031815,0,8,convnext_256
fe2a7199-db89-490c-97f3-5396470e85ed.jpg,0,0,data/images/fe2a7199-db89-490c-97f3-5396470e85ed.jpg,True,3,0.013901621,0,7,convnext_256
fda280bb-21d2-4c57-a553-4482f02e192e.jpg,0,0,data/images/fda280bb-21d2-4c57-a553-4482f02e192e.jpg,True,0,0.030582773,0,7,convnext_256
81464619-8d58-40dd-a197-7c7e955b8311.jpg,0,0,data/images/81464619-8d58-40dd-a197-7c7e955b8311.jpg,True,0,0.026290072,0,7,convnext_256
9d24389e-8d76-4fb9-bab4-6a61ee51c2ce.jpg,1,1,data/images/9d24389e-8d76-4fb9-bab4-6a61ee51c2ce.jpg,True,1,0.9729633,1,8,convnext_256
8420b118-3800-463b-bda2-7cbe132585ff.jpg,0,0,data/images/8420b118-3800-463b-bda2-7cbe132585ff.jpg,True,3,0.017832162,0,7,convnext_256
28297be0-12c2-4592-a26a-034f47a0ffaf.jpg,0,0,data/images/28297be0-12c2-4592-a26a-034f47a0ffaf.jpg,True,2,0.017530184,0,8,convnext_256
c143c66c-73be-4c04-8f3d-7fb515dd000f.jpg,1,1,data/images/c143c66c-73be-4c04-8f3d-7fb515dd000f.jpg,True,4,0.96691394,1,7,convnext_256
d59a4e88-6654-402f-92f4-e47a63b17e75.jpg,0,0,data/images/d59a4e88-6654-402f-92f4-e47a63b17e75.jpg,True,3,0.25486282,0,7,convnext_256
9a3e78bf-a973-48cf-8136-c3d53b46ad62.jpg,1,1,data/images/9a3e78bf-a973-48cf-8136-c3d53b46ad62.jpg,True,1,0.9789564,1,8,convnext_256
5c8d0f5f-747d-44c3-bc6e-aaeadfaed524.jpg,0,0,data/images/5c8d0f5f-747d-44c3-bc6e-aaeadfaed524.jpg,True,0,0.017622111,0,7,convnext_256
53c3c662-6622-4aba-92b4-6c688919ee4f.jpg,1,1,data/images/53c3c662-6622-4aba-92b4-6c688919ee4f.jpg,True,4,0.94733447,1,7,convnext_256
606dbe5d-718b-40af-8a3a-0d8933f9f1ef.jpg,0,0,data/images/606dbe5d-718b-40af-8a3a-0d8933f9f1ef.jpg,True,2,0.011859634,0,8,convnext_256
2dbc8c0e-91f3-411e-b96d-23d22bd1ed2e.jpg,1,1,data/images/2dbc8c0e-91f3-411e-b96d-23d22bd1ed2e.jpg,True,4,0.97993153,1,7,convnext_256
d37c78a4-4650-4e18-be06-6d0099eb990f.jpg,0,0,data/images/d37c78a4-4650-4e18-be06-6d0099eb990f.jpg,True,1,0.01372627,0,8,convnext_256
f3a621ef-78ee-4a60-a603-eb1c42e1748d.jpg,0,0,data/images/f3a621ef-78ee-4a60-a603-eb1c42e1748d.jpg,True,3,0.026648523,0,7,convnext_256
afa80b5f-e11e-4d79-8ff6-28c7914e3180.jpg,1,1,data/images/afa80b5f-e11e-4d79-8ff6-28c7914e3180.jpg,True,0,0.86187804,1,7,convnext_256
4643e481-250b-40c2-8517-970939c6c8be.jpg,0,0,data/images/4643e481-250b-40c2-8517-970939c6c8be.jpg,True,2,0.019615993,0,8,convnext_256
e3ba79ef-1aa8-410b-8e19-ccd51839c835.jpg,1,1,data/images/e3ba79ef-1aa8-410b-8e19-ccd51839c835.jpg,True,4,0.9737476,1,7,convnext_256
5c187071-3ce8-4ac6-9c2e-44e4af3d0010.jpg,0,0,data/images/5c187071-3ce8-4ac6-9c2e-44e4af3d0010.jpg,True,1,0.07761134,0,8,convnext_256
de06c44d-608e-4eca-baa6-d451d6bbe869.jpg,1,1,data/images/de06c44d-608e-4eca-baa6-d451d6bbe869.jpg,True,2,0.9773911,1,8,convnext_256
e885965f-438e-4411-8d60-c812651566a7.jpg,1,1,data/images/e885965f-438e-4411-8d60-c812651566a7.jpg,True,3,0.9677865,1,7,convnext_256
4326ca5c-007e-4353-9ef1-2b656de7892a.jpg,0,0,data/images/4326ca5c-007e-4353-9ef1-2b656de7892a.jpg,True,0,0.015732171,0,7,convnext_256
da8b2ad2-1de9-448a-b0a4-1778400b2954.jpg,0,0,data/images/da8b2ad2-1de9-448a-b0a4-1778400b2954.jpg,True,2,0.009318897,0,8,convnext_256
2c452cbf-5128-4725-bf39-8cc5558ef9e0.jpg,1,1,data/images/2c452cbf-5128-4725-bf39-8cc5558ef9e0.jpg,True,1,0.029592786,0,8,convnext_256
55a6905f-c3ab-4e3d-9cd2-9774d0b007e4.jpg,1,1,data/images/55a6905f-c3ab-4e3d-9cd2-9774d0b007e4.jpg,True,0,0.951462,1,7,convnext_256
cf22292f-2a74-4ca2-99a4-1f5b2882ca2e.jpg,1,1,data/images/cf22292f-2a74-4ca2-99a4-1f5b2882ca2e.jpg,True,3,0.9733699,1,7,convnext_256
12e94576-c779-4d8b-ad26-703d42f52fd3.jpg,0,0,data/images/12e94576-c779-4d8b-ad26-703d42f52fd3.jpg,True,4,0.0285267,0,7,convnext_256
7079fa43-7bae-4431-923c-ed5e858d474f.jpg,0,0,data/images/7079fa43-7bae-4431-923c-ed5e858d474f.jpg,True,3,0.024299776,0,7,convnext_256
18052707-637a-45fe-a89f-7965ab42293f.jpg,1,1,data/images/18052707-637a-45fe-a89f-7965ab42293f.jpg,True,2,0.8637927,1,8,convnext_256
fba4c7a3-0180-4fc4-821d-f548ff75727c.jpg,0,0,data/images/fba4c7a3-0180-4fc4-821d-f548ff75727c.jpg,True,4,0.032677464,0,7,convnext_256
0d135ce0-5b16-4591-962d-39f04c81febc.jpg,0,0,data/images/0d135ce0-5b16-4591-962d-39f04c81febc.jpg,True,1,0.025588354,0,8,convnext_256
6059a6d5-d19f-40be-a48b-ecfdc1adc581.jpg,1,1,data/images/6059a6d5-d19f-40be-a48b-ecfdc1adc581.jpg,True,0,0.9724839,1,7,convnext_256
d9125698-469c-4f65-80ac-b01ae38e968c.jpg,0,0,data/images/d9125698-469c-4f65-80ac-b01ae38e968c.jpg,True,0,0.019996185,0,7,convnext_256
425713c3-df7a-4b7f-916e-9280f580f8ba.jpg,0,0,data/images/425713c3-df7a-4b7f-916e-9280f580f8ba.jpg,True,3,0.016443286,0,7,convnext_256
e086d046-f47a-45ee-aca5-f14b6c46d2fc.jpg,0,0,data/images/e086d046-f47a-45ee-aca5-f14b6c46d2fc.jpg,True,2,0.034549918,0,8,convnext_256
0920ed18-bb68-4654-89c9-2e12880e2878.jpg,1,1,data/images/0920ed18-bb68-4654-89c9-2e12880e2878.jpg,True,4,0.9743412,1,7,convnext_256
7ef36649-fd54-4efe-8db9-f331b2bfc634.jpg,0,0,data/images/7ef36649-fd54-4efe-8db9-f331b2bfc634.jpg,True,1,0.01930613,0,8,convnext_256
8223b921-8105-44b8-9585-9270ce336eec.jpg,1,1,data/images/8223b921-8105-44b8-9585-9270ce336eec.jpg,True,2,0.96790904,1,8,convnext_256
1ff417d5-2656-42cd-9a7e-3caa30efe4b2.jpg,1,1,data/images/1ff417d5-2656-42cd-9a7e-3caa30efe4b2.jpg,True,1,0.9405885,1,8,convnext_256
4774c674-e547-41f4-92b2-ebefacb99b25.jpg,1,1,data/images/4774c674-e547-41f4-92b2-ebefacb99b25.jpg,True,3,0.9790315,1,7,convnext_256
37079e07-ab90-4d0d-9282-6ca863c3efc9.jpg,1,1,data/images/37079e07-ab90-4d0d-9282-6ca863c3efc9.jpg,True,4,0.111079946,0,7,convnext_256
41ec3b52-3759-42a6-8917-c13739458ebd.jpg,1,1,data/images/41ec3b52-3759-42a6-8917-c13739458ebd.jpg,True,0,0.97864646,1,7,convnext_256
7c9eca78-79d8-46ec-804e-9b16aa967fd8.jpg,1,1,data/images/7c9eca78-79d8-46ec-804e-9b16aa967fd8.jpg,True,4,0.9811818,1,7,convnext_256
13b67936-78f6-4276-9f45-86c66d85bf6c.jpg,1,1,data/images/13b67936-78f6-4276-9f45-86c66d85bf6c.jpg,True,3,0.964181,1,7,convnext_256
332e1a7f-07c2-40d8-be79-61868122ab0f.jpg,0,0,data/images/332e1a7f-07c2-40d8-be79-61868122ab0f.jpg,True,2,0.8190177,1,8,convnext_256
fea4e505-3265-4279-a1b0-28e198ff1ac7.jpg,1,1,data/images/fea4e505-3265-4279-a1b0-28e198ff1ac7.jpg,True,0,0.89763546,1,7,convnext_256
28b262e5-74ed-4a11-a197-764cad6e6fe3.jpg,1,1,data/images/28b262e5-74ed-4a11-a197-764cad6e6fe3.jpg,True,1,0.9746255,1,8,convnext_256
7accfe0d-cc9d-4faf-8338-14d6a403cbe1.jpg,1,1,data/images/7accfe0d-cc9d-4faf-8338-14d6a403cbe1.jpg,True,4,0.948037,1,7,convnext_256
4344730b-852a-4b6f-b0fd-069a6e9a6b9a.jpg,0,0,data/images/4344730b-852a-4b6f-b0fd-069a6e9a6b9a.jpg,True,0,0.027907884,0,7,convnext_256
9892d493-3eb6-430d-b012-bf333417f1e5.jpg,1,1,data/images/9892d493-3eb6-430d-b012-bf333417f1e5.jpg,True,1,0.9768564,1,8,convnext_256
14a8948f-0edf-4ec0-aa5d-b6ef54fe25aa.jpg,1,1,data/images/14a8948f-0edf-4ec0-aa5d-b6ef54fe25aa.jpg,True,2,0.89894783,1,8,convnext_256
f94cdcdd-a281-414e-b303-05acd3f212cb.jpg,1,1,data/images/f94cdcdd-a281-414e-b303-05acd3f212cb.jpg,True,3,0.9819759,1,7,convnext_256
33432581-3151-4cf7-afed-59497988c3e0.jpg,0,0,data/images/33432581-3151-4cf7-afed-59497988c3e0.jpg,True,1,0.49345773,0,8,convnext_256
4f725192-ebd0-4fa1-91d9-0336f69500b6.jpg,0,0,data/images/4f725192-ebd0-4fa1-91d9-0336f69500b6.jpg,True,4,0.1424591,0,7,convnext_256
9286e8c6-f511-48c0-8880-dd64869f72de.jpg,1,1,data/images/9286e8c6-f511-48c0-8880-dd64869f72de.jpg,True,2,0.9729874,1,8,convnext_256
9be1bc51-d15d-4333-89ba-aa128f1373e2.jpg,1,1,data/images/9be1bc51-d15d-4333-89ba-aa128f1373e2.jpg,True,3,0.9862351,1,7,convnext_256
ae00b317-df0b-4a6b-b616-78a006857851.jpg,0,0,data/images/ae00b317-df0b-4a6b-b616-78a006857851.jpg,True,0,0.6529327,1,7,convnext_256
a332dde9-8a7a-446a-a04d-f614514cf7f3.jpg,1,1,data/images/a332dde9-8a7a-446a-a04d-f614514cf7f3.jpg,True,4,0.97357154,1,7,convnext_256
842e17f6-901b-45e8-8069-e5be5289549a.jpg,0,0,data/images/842e17f6-901b-45e8-8069-e5be5289549a.jpg,True,1,0.50515133,1,8,convnext_256
4449c4da-b87c-494e-a0cd-5e2a0a45c73f.jpg,1,1,data/images/4449c4da-b87c-494e-a0cd-5e2a0a45c73f.jpg,True,3,0.97803384,1,7,convnext_256
5b331362-9ff7-48f3-a9fb-baf323faea44.jpg,0,0,data/images/5b331362-9ff7-48f3-a9fb-baf323faea44.jpg,True,0,0.97971183,1,7,convnext_256
8cd1aa32-518d-4eec-93fc-5dcd81bc4837.jpg,0,0,data/images/8cd1aa32-518d-4eec-93fc-5dcd81bc4837.jpg,True,2,0.2755779,0,8,convnext_256
d1a8719b-6d32-4177-8b81-311e9658c85b.jpg,0,0,data/images/d1a8719b-6d32-4177-8b81-311e9658c85b.jpg,True,3,0.030323423,0,7,convnext_256
fb2691ac-30fe-4872-998a-ad00ec8b2ce8.jpg,0,0,data/images/fb2691ac-30fe-4872-998a-ad00ec8b2ce8.jpg,True,1,0.038017966,0,8,convnext_256
bef8c0d4-2686-46bf-9c05-1e4204445665.jpg,1,1,data/images/bef8c0d4-2686-46bf-9c05-1e4204445665.jpg,True,0,0.980191,1,7,convnext_256
8df964e7-fc2b-49e8-9c64-4673faececb6.jpg,0,0,data/images/8df964e7-fc2b-49e8-9c64-4673faececb6.jpg,True,4,0.030220129,0,7,convnext_256
4c3b7608-b88d-482f-8bee-5801a6d944ac.jpg,1,1,data/images/4c3b7608-b88d-482f-8bee-5801a6d944ac.jpg,True,2,0.16034056,0,8,convnext_256
787aeebe-43d2-474f-a583-7c69c79f7e9c.jpg,0,0,data/images/787aeebe-43d2-474f-a583-7c69c79f7e9c.jpg,True,3,0.5294916,1,7,convnext_256
9039edc5-6de1-4385-8ff1-db754c61f55f.jpg,0,0,data/images/9039edc5-6de1-4385-8ff1-db754c61f55f.jpg,True,1,0.018927189,0,8,convnext_256
a6246e08-3c2c-4ea3-870e-986199693d7e.jpg,1,1,data/images/a6246e08-3c2c-4ea3-870e-986199693d7e.jpg,True,4,0.98012674,1,7,convnext_256
13c5d8cd-ca26-4b07-8e0d-9308e4f46390.jpg,0,0,data/images/13c5d8cd-ca26-4b07-8e0d-9308e4f46390.jpg,True,0,0.41214815,0,7,convnext_256
f13e9c5f-1b91-4d8e-bfdb-f2ec5edfc67e.jpg,1,1,data/images/f13e9c5f-1b91-4d8e-bfdb-f2ec5edfc67e.jpg,True,2,0.96730965,1,8,convnext_256
8762b472-30e7-4121-ba78-a99ef748ca03.jpg,0,0,data/images/8762b472-30e7-4121-ba78-a99ef748ca03.jpg,True,1,0.02307955,0,8,convnext_256
731ca5ac-ca3b-49a0-b9d3-38f08aa52725.jpg,0,0,data/images/731ca5ac-ca3b-49a0-b9d3-38f08aa52725.jpg,True,3,0.021977074,0,7,convnext_256
83826406-4d8c-4ed3-b8c6-ad96d8839867.jpg,0,0,data/images/83826406-4d8c-4ed3-b8c6-ad96d8839867.jpg,True,4,0.014477213,0,7,convnext_256
1acd9b08-03a5-4703-9652-6856e44b7899.jpg,1,1,data/images/1acd9b08-03a5-4703-9652-6856e44b7899.jpg,True,2,0.9777328,1,8,convnext_256
a2d35530-bcdf-406c-9803-47000b0a8475.jpg,0,0,data/images/a2d35530-bcdf-406c-9803-47000b0a8475.jpg,True,0,0.017821683,0,7,convnext_256
57ee7961-f129-42a5-bf14-f2eb96cc37ff.jpg,1,1,data/images/57ee7961-f129-42a5-bf14-f2eb96cc37ff.jpg,True,0,0.9788629,1,7,convnext_256
26b58a90-87f4-4641-b443-1975ce1022d6.jpg,0,0,data/images/26b58a90-87f4-4641-b443-1975ce1022d6.jpg,True,2,0.031049153,0,8,convnext_256
eb89e800-45b3-4932-8e61-68fb7732271f.jpg,1,1,data/images/eb89e800-45b3-4932-8e61-68fb7732271f.jpg,True,1,0.9801856,1,8,convnext_256
df8f08e9-c1cf-4da6-a5c3-53be962e1abb.jpg,0,0,data/images/df8f08e9-c1cf-4da6-a5c3-53be962e1abb.jpg,True,4,0.026487686,0,7,convnext_256
3217adbe-633d-4b45-a7f9-92cc5cbf2ee3.jpg,1,1,data/images/3217adbe-633d-4b45-a7f9-92cc5cbf2ee3.jpg,True,3,0.9830247,1,7,convnext_256
84184b0c-7153-49df-8c92-c136bca11090.jpg,1,1,data/images/84184b0c-7153-49df-8c92-c136bca11090.jpg,True,2,0.78836787,1,8,convnext_256
9df3edaa-6710-4f01-95ac-84b94be7591c.jpg,1,1,data/images/9df3edaa-6710-4f01-95ac-84b94be7591c.jpg,True,4,0.027784249,0,7,convnext_256
e0de688c-b31d-4c30-a088-ae188bfe7ed6.jpg,1,1,data/images/e0de688c-b31d-4c30-a088-ae188bfe7ed6.jpg,True,3,0.87213385,1,7,convnext_256
f66ccf07-2d43-4cc5-b86a-9d3eb4f7a530.jpg,1,1,data/images/f66ccf07-2d43-4cc5-b86a-9d3eb4f7a530.jpg,True,0,0.9730252,1,7,convnext_256
e1424bc7-3c2d-4e31-b970-6c57452532f9.jpg,1,1,data/images/e1424bc7-3c2d-4e31-b970-6c57452532f9.jpg,True,1,0.9681254,1,8,convnext_256
0cd6c725-864c-419f-bd57-0d43ded395bc.jpg,1,1,data/images/0cd6c725-864c-419f-bd57-0d43ded395bc.jpg,True,2,0.9701798,1,8,convnext_256
d0a45624-4cc1-4500-bc3d-d90e80efd8f1.jpg,1,1,data/images/d0a45624-4cc1-4500-bc3d-d90e80efd8f1.jpg,True,4,0.9795313,1,7,convnext_256
1173362a-0cb3-42b7-aac8-f73767809c1b.jpg,1,1,data/images/1173362a-0cb3-42b7-aac8-f73767809c1b.jpg,True,1,0.9791341,1,8,convnext_256
d18f4ddd-927a-4596-99e3-1cac0974be99.jpg,0,0,data/images/d18f4ddd-927a-4596-99e3-1cac0974be99.jpg,True,3,0.49994767,0,7,convnext_256
5b27639e-7d40-4c18-91ca-ce17b9c765e8.jpg,1,1,data/images/5b27639e-7d40-4c18-91ca-ce17b9c765e8.jpg,True,0,0.9786511,1,7,convnext_256
7e3a088a-30e9-4f22-92bb-b04d126a0392.jpg,0,0,data/images/7e3a088a-30e9-4f22-92bb-b04d126a0392.jpg,True,1,0.018903336,0,8,convnext_256
1dfeef46-c989-43d8-9352-a4637448b1b3.jpg,0,0,data/images/1dfeef46-c989-43d8-9352-a4637448b1b3.jpg,True,4,0.023602493,0,7,convnext_256
3e41011b-168c-45a7-a937-d02b7a16ad4e.jpg,0,0,data/images/3e41011b-168c-45a7-a937-d02b7a16ad4e.jpg,True,3,0.018433237,0,7,convnext_256
31fed326-3bac-49e7-b030-badada2eaece.jpg,1,1,data/images/31fed326-3bac-49e7-b030-badada2eaece.jpg,True,0,0.9613584,1,7,convnext_256
d26ed7dd-2a2d-46f6-8376-d486c5215701.jpg,0,0,data/images/d26ed7dd-2a2d-46f6-8376-d486c5215701.jpg,True,2,0.025763707,0,8,convnext_256
f5749eb4-9686-4642-bc3c-3aef4546ff62.jpg,0,0,data/images/f5749eb4-9686-4642-bc3c-3aef4546ff62.jpg,True,4,0.04087087,0,7,convnext_256
cfe25b07-15b1-4450-a7fb-a94eed50b444.jpg,0,0,data/images/cfe25b07-15b1-4450-a7fb-a94eed50b444.jpg,True,1,0.026061136,0,8,convnext_256
2fb69ebc-be79-479e-b2ca-f674ad5e723f.jpg,0,0,data/images/2fb69ebc-be79-479e-b2ca-f674ad5e723f.jpg,True,2,0.025149727,0,8,convnext_256
1a4d0d00-d1c6-4990-9e00-86f7bc151081.jpg,0,0,data/images/1a4d0d00-d1c6-4990-9e00-86f7bc151081.jpg,True,0,0.015530527,0,7,convnext_256
b36010e7-4683-417b-a015-d2552ab8f2dc.jpg,1,1,data/images/b36010e7-4683-417b-a015-d2552ab8f2dc.jpg,True,3,0.97296834,1,7,convnext_256
33d8cb97-af9b-4919-9491-2f2edc11f214.jpg,0,0,data/images/33d8cb97-af9b-4919-9491-2f2edc11f214.jpg,True,0,0.07695745,0,7,convnext_256
dd3680be-ba22-4d0f-bee9-6d0393f8d5c0.jpg,1,1,data/images/dd3680be-ba22-4d0f-bee9-6d0393f8d5c0.jpg,True,1,0.9568944,1,8,convnext_256
b9d4c1e3-a620-4717-a499-8d4f5e1a0121.jpg,0,0,data/images/b9d4c1e3-a620-4717-a499-8d4f5e1a0121.jpg,True,2,0.023965247,0,8,convnext_256
4aeb5130-545e-4004-8a0a-7832ab385785.jpg,1,1,data/images/4aeb5130-545e-4004-8a0a-7832ab385785.jpg,True,4,0.98880017,1,7,convnext_256
86459279-1ddd-4b4f-a752-b84c11d1220f.jpg,0,0,data/images/86459279-1ddd-4b4f-a752-b84c11d1220f.jpg,True,3,0.022538789,0,7,convnext_256
08f0172d-01c2-4fca-b39a-9b71773833c4.jpg,1,1,data/images/08f0172d-01c2-4fca-b39a-9b71773833c4.jpg,True,0,0.9735502,1,7,convnext_256
e89b163b-9076-446e-be63-97a1128f8bf4.jpg,0,0,data/images/e89b163b-9076-446e-be63-97a1128f8bf4.jpg,True,1,0.266169,0,8,convnext_256
93294f76-f158-4d05-8f00-0bb78929a7dc.jpg,1,1,data/images/93294f76-f158-4d05-8f00-0bb78929a7dc.jpg,True,4,0.93008876,1,7,convnext_256
57b0a401-12aa-4d0f-ae9e-3fdb68aa09b8.jpg,0,0,data/images/57b0a401-12aa-4d0f-ae9e-3fdb68aa09b8.jpg,True,2,0.95527077,1,8,convnext_256
6fb4e065-5b07-4d85-af43-28fa785ffd18.jpg,0,0,data/images/6fb4e065-5b07-4d85-af43-28fa785ffd18.jpg,True,3,0.039635297,0,7,convnext_256
88fc69c9-97f2-4b3c-bcb7-af6a6590173c.jpg,0,0,data/images/88fc69c9-97f2-4b3c-bcb7-af6a6590173c.jpg,True,3,0.01330042,0,7,convnext_256
09d469b0-7f67-4b71-825a-5fb80634c22e.jpg,1,1,data/images/09d469b0-7f67-4b71-825a-5fb80634c22e.jpg,True,1,0.9814176,1,8,convnext_256
fd736ca4-2602-4c5c-a861-e22299912ad5.jpg,0,0,data/images/fd736ca4-2602-4c5c-a861-e22299912ad5.jpg,True,2,0.061915625,0,8,convnext_256
9214a8e3-56e5-4c65-95f7-599a06fdb79a.jpg,1,1,data/images/9214a8e3-56e5-4c65-95f7-599a06fdb79a.jpg,True,4,0.9699574,1,7,convnext_256
6d4d0c05-5f24-4dd5-83e6-fce866cdaa79.jpg,1,1,data/images/6d4d0c05-5f24-4dd5-83e6-fce866cdaa79.jpg,True,0,0.9827822,1,7,convnext_256
725bc202-45d8-4485-b5c1-7d81c9f84782.jpg,1,1,data/images/725bc202-45d8-4485-b5c1-7d81c9f84782.jpg,True,1,0.8748311,1,8,convnext_256
d013705b-f6be-4980-9d94-d1eceb0a5542.jpg,1,1,data/images/d013705b-f6be-4980-9d94-d1eceb0a5542.jpg,True,4,0.9875072,1,7,convnext_256
371e3f4f-c1df-49c9-803b-9e56dc83eda1.jpg,0,0,data/images/371e3f4f-c1df-49c9-803b-9e56dc83eda1.jpg,True,0,0.019146716,0,7,convnext_256
267dd357-a4c3-4319-a020-d01e1b6fcaf1.jpg,1,1,data/images/267dd357-a4c3-4319-a020-d01e1b6fcaf1.jpg,True,3,0.97721964,1,7,convnext_256
79be9602-0194-4ea1-b481-a044d3244592.jpg,1,1,data/images/79be9602-0194-4ea1-b481-a044d3244592.jpg,True,2,0.47280335,0,8,convnext_256
7441ae9e-3521-4291-b2c2-6440fc25a9b6.jpg,0,0,data/images/7441ae9e-3521-4291-b2c2-6440fc25a9b6.jpg,True,2,0.020910341,0,8,convnext_256
d4e623fc-508b-4d3c-ab84-c6ae60ad0ecd.jpg,1,1,data/images/d4e623fc-508b-4d3c-ab84-c6ae60ad0ecd.jpg,True,3,0.018247986,0,7,convnext_256
3c2f1ea6-a82f-45a0-9c0f-e906b9743e60.jpg,1,1,data/images/3c2f1ea6-a82f-45a0-9c0f-e906b9743e60.jpg,True,1,0.9739577,1,8,convnext_256
b0039ef5-3326-4253-b2be-4be501e76d06.jpg,1,1,data/images/b0039ef5-3326-4253-b2be-4be501e76d06.jpg,True,0,0.9813658,1,7,convnext_256
90aab833-1afc-4a8e-9ca9-e2c25842524c.jpg,1,1,data/images/90aab833-1afc-4a8e-9ca9-e2c25842524c.jpg,True,4,0.9766377,1,7,convnext_256
83a7248e-6128-4e1c-85b7-39084d218515.jpg,0,0,data/images/83a7248e-6128-4e1c-85b7-39084d218515.jpg,True,2,0.012254129,0,8,convnext_256
b7ef5f2e-2bc5-4eeb-a7f0-cf0ecaf99d3e.jpg,1,1,data/images/b7ef5f2e-2bc5-4eeb-a7f0-cf0ecaf99d3e.jpg,True,4,0.95617956,1,7,convnext_256
b73122a0-555a-4e21-97ce-58099a163a83.jpg,1,1,data/images/b73122a0-555a-4e21-97ce-58099a163a83.jpg,True,3,0.9521071,1,7,convnext_256
f504599d-b697-48eb-9929-cf905541f0fb.jpg,0,0,data/images/f504599d-b697-48eb-9929-cf905541f0fb.jpg,True,1,0.02447379,0,8,convnext_256
24ee0e59-186f-469d-8e52-0e8469b1ba85.jpg,1,1,data/images/24ee0e59-186f-469d-8e52-0e8469b1ba85.jpg,True,0,0.97672075,1,7,convnext_256
10c63c1b-67a8-40c4-ade6-b667ef38359c.jpg,0,0,data/images/10c63c1b-67a8-40c4-ade6-b667ef38359c.jpg,True,3,0.02083131,0,7,convnext_256
fef04b82-7e08-4fa2-9180-06c26d11ae1a.jpg,0,0,data/images/fef04b82-7e08-4fa2-9180-06c26d11ae1a.jpg,True,1,0.02052024,0,8,convnext_256
6a6351ce-587d-4ee0-9c45-cdfe26059958.jpg,1,1,data/images/6a6351ce-587d-4ee0-9c45-cdfe26059958.jpg,True,2,0.17917867,0,8,convnext_256
286434aa-ae13-40d2-9761-6560e406ce49.jpg,0,0,data/images/286434aa-ae13-40d2-9761-6560e406ce49.jpg,True,4,0.011745751,0,7,convnext_256
489fc6de-3a61-47b8-b7c9-636ea1282798.jpg,1,1,data/images/489fc6de-3a61-47b8-b7c9-636ea1282798.jpg,True,0,0.98825955,1,7,convnext_256
df4a4231-9211-4311-8364-f024de74630a.jpg,0,0,data/images/df4a4231-9211-4311-8364-f024de74630a.jpg,True,1,0.023744006,0,8,convnext_256
088ec88d-a51e-43da-850e-0ec6de60b135.jpg,0,0,data/images/088ec88d-a51e-43da-850e-0ec6de60b135.jpg,True,4,0.024397077,0,7,convnext_256
544d4a99-503b-4ab1-b26c-8880baf8926d.jpg,0,0,data/images/544d4a99-503b-4ab1-b26c-8880baf8926d.jpg,True,0,0.12527019,0,7,convnext_256
d9de4d5f-f7a0-41ed-b622-ee20b9a74cb5.jpg,1,1,data/images/d9de4d5f-f7a0-41ed-b622-ee20b9a74cb5.jpg,True,2,0.9756832,1,8,convnext_256
f7eb1c70-62dc-42eb-84f5-5359bdc2a1a6.jpg,1,1,data/images/f7eb1c70-62dc-42eb-84f5-5359bdc2a1a6.jpg,True,3,0.9716116,1,7,convnext_256
6c47d6a4-baf7-4b9e-9407-142d222389d9.jpg,0,0,data/images/6c47d6a4-baf7-4b9e-9407-142d222389d9.jpg,True,0,0.9626174,1,7,convnext_256
02c709e8-de29-4644-a297-fe015be3634b.jpg,1,1,data/images/02c709e8-de29-4644-a297-fe015be3634b.jpg,True,2,0.96240336,1,8,convnext_256
f80f4e39-9ad6-4925-a002-236add3a01f8.jpg,1,1,data/images/f80f4e39-9ad6-4925-a002-236add3a01f8.jpg,True,4,0.9728845,1,7,convnext_256
2dbea1ce-9cac-4d28-927e-1a20da6db34d.jpg,0,0,data/images/2dbea1ce-9cac-4d28-927e-1a20da6db34d.jpg,True,3,0.67568904,1,7,convnext_256
558dab7e-2336-42a0-b12c-45994f9dabce.jpg,0,0,data/images/558dab7e-2336-42a0-b12c-45994f9dabce.jpg,True,1,0.02018286,0,8,convnext_256
9710852a-fda2-4b7b-9204-f61c30a1fbc2.jpg,1,1,data/images/9710852a-fda2-4b7b-9204-f61c30a1fbc2.jpg,True,0,0.9861524,1,7,convnext_256
36b6d75b-c9a6-4d43-b61c-55033cfd6ac6.jpg,1,1,data/images/36b6d75b-c9a6-4d43-b61c-55033cfd6ac6.jpg,True,2,0.9831334,1,8,convnext_256
faf2c930-7f87-4a53-9a14-02bd7b0b0ad1.jpg,1,1,data/images/faf2c930-7f87-4a53-9a14-02bd7b0b0ad1.jpg,True,3,0.96469706,1,7,convnext_256
4c8612de-f131-4e11-85bf-e16478d75073.jpg,1,1,data/images/4c8612de-f131-4e11-85bf-e16478d75073.jpg,True,4,0.96358836,1,7,convnext_256
e429d2b9-a02a-46a5-8b5e-e3ea5300817a.jpg,0,0,data/images/e429d2b9-a02a-46a5-8b5e-e3ea5300817a.jpg,True,1,0.032473482,0,8,convnext_256
746d8ed6-792d-49a3-a1af-1914fffcde80.jpg,1,1,data/images/746d8ed6-792d-49a3-a1af-1914fffcde80.jpg,True,2,0.98210263,1,8,convnext_256
376325aa-0ecd-4951-9520-9e65715257bd.jpg,1,1,data/images/376325aa-0ecd-4951-9520-9e65715257bd.jpg,True,3,0.9789788,1,7,convnext_256
9cf8b972-7e2a-406d-9d24-906c63dc2ff6.jpg,1,1,data/images/9cf8b972-7e2a-406d-9d24-906c63dc2ff6.jpg,True,4,0.912415,1,7,convnext_256
a3fa897a-d674-4099-99a1-e5b9ff65c939.jpg,0,0,data/images/a3fa897a-d674-4099-99a1-e5b9ff65c939.jpg,True,0,0.064393304,0,7,convnext_256
97d162e2-6158-4493-8c75-5054ae24ebdd.jpg,1,1,data/images/97d162e2-6158-4493-8c75-5054ae24ebdd.jpg,True,1,0.6203617,1,8,convnext_256
43eb845e-f396-41fd-b4fe-358d2cb684a0.jpg,1,1,data/images/43eb845e-f396-41fd-b4fe-358d2cb684a0.jpg,True,1,0.9361076,1,8,convnext_256
5ee9210d-1cae-4e7c-b6b0-3683fc8bea45.jpg,1,1,data/images/5ee9210d-1cae-4e7c-b6b0-3683fc8bea45.jpg,True,4,0.7472489,1,7,convnext_256
e984dd73-8bb5-4d74-9e4b-d45cdacba7f7.jpg,0,0,data/images/e984dd73-8bb5-4d74-9e4b-d45cdacba7f7.jpg,True,3,0.035392333,0,7,convnext_256
7cde1922-095b-4485-810f-bb4ea8602317.jpg,0,0,data/images/7cde1922-095b-4485-810f-bb4ea8602317.jpg,True,0,0.84589016,1,7,convnext_256
5f50d233-ff7c-4f33-97e0-2476602a06b8.jpg,0,0,data/images/5f50d233-ff7c-4f33-97e0-2476602a06b8.jpg,True,2,0.44659692,0,8,convnext_256
7e75e21b-6f67-4b70-8b3b-6e16444ba006.jpg,1,1,data/images/7e75e21b-6f67-4b70-8b3b-6e16444ba006.jpg,True,4,0.74464643,1,7,convnext_256
52bba6b0-273a-4d26-a854-fa93a1355009.jpg,0,0,data/images/52bba6b0-273a-4d26-a854-fa93a1355009.jpg,True,3,0.034567088,0,7,convnext_256
8ea5d75a-b36c-4764-96cb-0bd321b5b97e.jpg,0,0,data/images/8ea5d75a-b36c-4764-96cb-0bd321b5b97e.jpg,True,1,0.03808567,0,8,convnext_256
9f242fed-b6f3-426e-a237-b237a5b66750.jpg,1,1,data/images/9f242fed-b6f3-426e-a237-b237a5b66750.jpg,True,0,0.9448267,1,7,convnext_256
b982e68b-dbfd-412b-ba5e-3b118235b9d7.jpg,0,0,data/images/b982e68b-dbfd-412b-ba5e-3b118235b9d7.jpg,True,2,0.034977254,0,8,convnext_256
6d7fb98b-dda7-4874-a5ff-a18921313468.jpg,0,0,data/images/6d7fb98b-dda7-4874-a5ff-a18921313468.jpg,True,2,0.024861226,0,8,convnext_256
d5a591de-2b71-4745-bac0-89d1111b7202.jpg,0,0,data/images/d5a591de-2b71-4745-bac0-89d1111b7202.jpg,True,1,0.024987262,0,8,convnext_256
a50f4362-a246-4153-a0c4-abcc35661e16.jpg,0,0,data/images/a50f4362-a246-4153-a0c4-abcc35661e16.jpg,True,4,0.13581973,0,7,convnext_256
ee054a69-1a89-412b-9f9d-d88606a7087d.jpg,0,0,data/images/ee054a69-1a89-412b-9f9d-d88606a7087d.jpg,True,0,0.6711907,1,7,convnext_256
0b8134c4-5d24-4841-97b9-7d46211b5765.jpg,1,1,data/images/0b8134c4-5d24-4841-97b9-7d46211b5765.jpg,True,3,0.9794501,1,7,convnext_256
0cee8230-e681-4212-bc17-48e697605186.jpg,0,0,data/images/0cee8230-e681-4212-bc17-48e697605186.jpg,True,1,0.0675948,0,8,convnext_256
1dbbfbcd-450d-4fae-818f-bf2395adf8df.jpg,1,1,data/images/1dbbfbcd-450d-4fae-818f-bf2395adf8df.jpg,True,4,0.95758367,1,7,convnext_256
89750c7c-809b-46c1-8228-dd9391362d91.jpg,1,1,data/images/89750c7c-809b-46c1-8228-dd9391362d91.jpg,True,3,0.98470205,1,7,convnext_256
5ad83850-5b9e-41f5-9079-fe2447936e12.jpg,1,1,data/images/5ad83850-5b9e-41f5-9079-fe2447936e12.jpg,True,2,0.98394245,1,8,convnext_256
91ab5358-4849-45eb-8a37-0b748ebd65e2.jpg,0,0,data/images/91ab5358-4849-45eb-8a37-0b748ebd65e2.jpg,True,0,0.022903237,0,7,convnext_256
94ab787d-1e5b-47e5-ac4a-94f1f8246067.jpg,1,1,data/images/94ab787d-1e5b-47e5-ac4a-94f1f8246067.jpg,True,4,0.97061545,1,7,convnext_256
a34d8264-9d9b-4252-826a-7058d00c8d15.jpg,1,1,data/images/a34d8264-9d9b-4252-826a-7058d00c8d15.jpg,True,1,0.97992754,1,8,convnext_256
a40438f3-b271-41d6-898e-1800ea56ee16.jpg,1,1,data/images/a40438f3-b271-41d6-898e-1800ea56ee16.jpg,True,3,0.98180836,1,7,convnext_256
0424385c-eec5-4200-9894-50d89b5c0bbd.jpg,0,0,data/images/0424385c-eec5-4200-9894-50d89b5c0bbd.jpg,True,2,0.96587443,1,8,convnext_256
b2c666b2-765b-404b-87d1-0dad269ddc22.jpg,1,1,data/images/b2c666b2-765b-404b-87d1-0dad269ddc22.jpg,True,0,0.9157537,1,7,convnext_256
8894d8b8-a309-46c0-a9ed-b8298a29a24b.jpg,0,0,data/images/8894d8b8-a309-46c0-a9ed-b8298a29a24b.jpg,True,4,0.049470145,0,7,convnext_256
356d665d-fd4d-43e7-afe7-fc497e0345d5.jpg,1,1,data/images/356d665d-fd4d-43e7-afe7-fc497e0345d5.jpg,True,2,0.98578274,1,8,convnext_256
d03f240e-ae53-4cc2-8de5-b7412773baed.jpg,0,0,data/images/d03f240e-ae53-4cc2-8de5-b7412773baed.jpg,True,0,0.60527694,1,7,convnext_256
0520335a-be31-4cf0-a2f6-e7e51433627d.jpg,0,0,data/images/0520335a-be31-4cf0-a2f6-e7e51433627d.jpg,True,1,0.17114891,0,8,convnext_256
bd2cdb17-9da7-4080-a9b7-b1217a5a6293.jpg,1,1,data/images/bd2cdb17-9da7-4080-a9b7-b1217a5a6293.jpg,True,3,0.5839655,1,7,convnext_256
650689cb-c383-4abe-9f17-4e9e0ae8a41f.jpg,1,1,data/images/650689cb-c383-4abe-9f17-4e9e0ae8a41f.jpg,True,0,0.91174626,1,7,convnext_256
d091185e-0077-4619-8901-e142c5d05e09.jpg,1,1,data/images/d091185e-0077-4619-8901-e142c5d05e09.jpg,True,4,0.982055,1,7,convnext_256
b67dbde6-c9d0-4fd2-bd28-10d14c61d9d8.jpg,0,0,data/images/b67dbde6-c9d0-4fd2-bd28-10d14c61d9d8.jpg,True,3,0.08458184,0,7,convnext_256
11587078-520c-474a-8fca-07ba386887eb.jpg,0,0,data/images/11587078-520c-474a-8fca-07ba386887eb.jpg,True,1,0.018720988,0,8,convnext_256
3971bb05-6488-413b-965b-134783def96b.jpg,0,0,data/images/3971bb05-6488-413b-965b-134783def96b.jpg,True,2,0.02528524,0,8,convnext_256
850fda4e-9b86-4be1-807a-87875cb2ca9f.jpg,1,1,data/images/850fda4e-9b86-4be1-807a-87875cb2ca9f.jpg,True,2,0.9718651,1,8,convnext_256
86045266-05a2-4453-b21d-bcd7fb54c4e9.jpg,0,0,data/images/86045266-05a2-4453-b21d-bcd7fb54c4e9.jpg,True,3,0.07256084,0,7,convnext_256
0a61ac0a-5dee-430b-9d1a-f076d7f1fb0d.jpg,1,1,data/images/0a61ac0a-5dee-430b-9d1a-f076d7f1fb0d.jpg,True,1,0.9793124,1,8,convnext_256
3ea5c5a3-f406-49ca-9756-5854778abaaf.jpg,1,1,data/images/3ea5c5a3-f406-49ca-9756-5854778abaaf.jpg,True,0,0.07186216,0,7,convnext_256
778ce9d5-7a45-4b5e-a0e0-9a660f76f9f5.jpg,0,0,data/images/778ce9d5-7a45-4b5e-a0e0-9a660f76f9f5.jpg,True,4,0.018924234,0,7,convnext_256
e05753c7-4e48-4ffd-9a73-42cafc973b01.jpg,1,1,data/images/e05753c7-4e48-4ffd-9a73-42cafc973b01.jpg,True,3,0.9794556,1,7,convnext_256
4ef7778d-4ee6-44fe-b917-6a8036b1208a.jpg,1,1,data/images/4ef7778d-4ee6-44fe-b917-6a8036b1208a.jpg,True,1,0.9730944,1,8,convnext_256
2e8db7ad-5e90-4546-8de3-77c8a4ed60f6.jpg,0,0,data/images/2e8db7ad-5e90-4546-8de3-77c8a4ed60f6.jpg,True,2,0.038156655,0,8,convnext_256
bc4f6351-d051-4f95-820a-528514067212.jpg,0,0,data/images/bc4f6351-d051-4f95-820a-528514067212.jpg,True,0,0.022971306,0,7,convnext_256
816b2d9f-2af3-4a0e-bc0a-d6a36bde6562.jpg,1,1,data/images/816b2d9f-2af3-4a0e-bc0a-d6a36bde6562.jpg,True,4,0.979891,1,7,convnext_256
0152b9c6-23b4-4997-be14-592680b47252.jpg,0,0,data/images/0152b9c6-23b4-4997-be14-592680b47252.jpg,True,4,0.278162,0,7,convnext_256
d49daa07-aa9e-4207-912f-f96ec1574dd7.jpg,1,1,data/images/d49daa07-aa9e-4207-912f-f96ec1574dd7.jpg,True,3,0.9758375,1,7,convnext_256
4ca6aaf1-2cc4-4479-a325-daac140dcd70.jpg,1,1,data/images/4ca6aaf1-2cc4-4479-a325-daac140dcd70.jpg,True,2,0.97902495,1,8,convnext_256
4f2f88f5-2a14-4613-a998-6f658a92cc14.jpg,0,0,data/images/4f2f88f5-2a14-4613-a998-6f658a92cc14.jpg,True,0,0.08482276,0,7,convnext_256
507599d6-9957-408d-9735-abaa66c4f53d.jpg,1,1,data/images/507599d6-9957-408d-9735-abaa66c4f53d.jpg,True,1,0.96728814,1,8,convnext_256
ac299666-da21-4bfc-8ec0-c2d5fc8bcba7.jpg,1,1,data/images/ac299666-da21-4bfc-8ec0-c2d5fc8bcba7.jpg,True,4,0.9816582,1,7,convnext_256
146cd1e7-c19c-415a-abee-114d31f09cf3.jpg,1,1,data/images/146cd1e7-c19c-415a-abee-114d31f09cf3.jpg,True,0,0.9374421,1,7,convnext_256
a953f899-0f21-4d4f-aae3-2e9d8ae0a325.jpg,0,0,data/images/a953f899-0f21-4d4f-aae3-2e9d8ae0a325.jpg,True,2,0.9425594,1,8,convnext_256
480e5f7a-f5a1-44ea-b466-ed0070db6a2e.jpg,0,0,data/images/480e5f7a-f5a1-44ea-b466-ed0070db6a2e.jpg,True,3,0.033197366,0,7,convnext_256
3a1bdf8c-aded-49ad-abe3-3415be39d23b.jpg,0,0,data/images/3a1bdf8c-aded-49ad-abe3-3415be39d23b.jpg,True,1,0.05984868,0,8,convnext_256
70a20fd2-2a0e-4a84-86f9-18c03a98bc13.jpg,0,0,data/images/70a20fd2-2a0e-4a84-86f9-18c03a98bc13.jpg,True,1,0.021360315,0,8,convnext_256
502e3ba0-d096-434e-9214-ef7dfb489d88.jpg,1,1,data/images/502e3ba0-d096-434e-9214-ef7dfb489d88.jpg,True,0,0.9731011,1,7,convnext_256
cbf9d59d-b999-462f-9f03-399967dd44d8.jpg,0,0,data/images/cbf9d59d-b999-462f-9f03-399967dd44d8.jpg,True,2,0.013040674,0,8,convnext_256
0c81f5da-b226-40fc-9964-6d0a4828ab58.jpg,0,0,data/images/0c81f5da-b226-40fc-9964-6d0a4828ab58.jpg,True,3,0.021404723,0,7,convnext_256
5b2fac8b-85c9-4663-b63c-d8d8e48515f3.jpg,1,1,data/images/5b2fac8b-85c9-4663-b63c-d8d8e48515f3.jpg,True,4,0.8209666,1,7,convnext_256
7f31e14c-a6f8-4e97-b5e9-1b97c7d2c0f2.jpg,0,0,data/images/7f31e14c-a6f8-4e97-b5e9-1b97c7d2c0f2.jpg,True,1,0.12706392,0,8,convnext_256
15ded8c7-5b58-4597-b60b-21000a048d33.jpg,0,0,data/images/15ded8c7-5b58-4597-b60b-21000a048d33.jpg,True,0,0.18676884,0,7,convnext_256
d13903f8-f3c9-4b3f-8d33-4a283cbe8e06.jpg,1,1,data/images/d13903f8-f3c9-4b3f-8d33-4a283cbe8e06.jpg,True,2,0.97307205,1,8,convnext_256
b6cc0053-5667-45f1-83ac-4e75edd06f92.jpg,0,0,data/images/b6cc0053-5667-45f1-83ac-4e75edd06f92.jpg,True,3,0.08029475,0,7,convnext_256
19ead207-b8a4-4325-a4e8-17f1c33c295d.jpg,1,1,data/images/19ead207-b8a4-4325-a4e8-17f1c33c295d.jpg,True,4,0.80167174,1,7,convnext_256
649c6611-8cf4-416d-a350-07d6349e58bb.jpg,0,0,data/images/649c6611-8cf4-416d-a350-07d6349e58bb.jpg,True,2,0.022024877,0,8,convnext_256
9fba90e2-e229-47d7-b503-eb051fcf4362.jpg,1,1,data/images/9fba90e2-e229-47d7-b503-eb051fcf4362.jpg,True,3,0.0714717,0,7,convnext_256
80f61a0b-89fa-4804-b123-09c74f51b2d8.jpg,0,0,data/images/80f61a0b-89fa-4804-b123-09c74f51b2d8.jpg,True,0,0.015097701,0,7,convnext_256
64c7df26-dbb4-430f-9198-f204e3c8a8b7.jpg,0,0,data/images/64c7df26-dbb4-430f-9198-f204e3c8a8b7.jpg,True,1,0.015154181,0,8,convnext_256
4d437983-4a02-442a-89c4-0199a2b09e13.jpg,0,0,data/images/4d437983-4a02-442a-89c4-0199a2b09e13.jpg,True,4,0.018809982,0,7,convnext_256
f2ed1dc3-89a8-4c07-9264-dcf6584e7d65.jpg,1,1,data/images/f2ed1dc3-89a8-4c07-9264-dcf6584e7d65.jpg,True,4,0.920879,1,7,convnext_256
7ea2c85b-aa22-48a7-a7ef-48b34531d08f.jpg,0,0,data/images/7ea2c85b-aa22-48a7-a7ef-48b34531d08f.jpg,True,0,0.9570718,1,7,convnext_256
428304aa-3038-40c6-a182-77fa7860aae0.jpg,1,1,data/images/428304aa-3038-40c6-a182-77fa7860aae0.jpg,True,2,0.979951,1,8,convnext_256
02a7eaed-9fee-45f1-bd07-ac1a3e0c389a.jpg,0,0,data/images/02a7eaed-9fee-45f1-bd07-ac1a3e0c389a.jpg,True,3,0.036521427,0,7,convnext_256
08edefe9-beaf-4435-83d5-dcbd1060b615.jpg,0,0,data/images/08edefe9-beaf-4435-83d5-dcbd1060b615.jpg,True,1,0.024938319,0,8,convnext_256
f10e1318-cc9c-46e5-b969-0a5e753de5f1.jpg,1,1,data/images/f10e1318-cc9c-46e5-b969-0a5e753de5f1.jpg,True,0,0.9715992,1,7,convnext_256
d5cbaa04-6fd6-4726-abaf-5fe13fa18273.jpg,1,1,data/images/d5cbaa04-6fd6-4726-abaf-5fe13fa18273.jpg,True,1,0.9810018,1,8,convnext_256
edbed3d9-3fad-49e5-a060-73f7bfb7a009.jpg,0,0,data/images/edbed3d9-3fad-49e5-a060-73f7bfb7a009.jpg,True,4,0.016344814,0,7,convnext_256
95da8800-7a68-4c14-ba34-bb6e4f3d3523.jpg,0,0,data/images/95da8800-7a68-4c14-ba34-bb6e4f3d3523.jpg,True,2,0.018126614,0,8,convnext_256
253f79cc-3d9b-4460-a63e-805a73fb1261.jpg,1,1,data/images/253f79cc-3d9b-4460-a63e-805a73fb1261.jpg,True,3,0.98825794,1,7,convnext_256
bf3e4dcb-10d9-48fb-b9f6-00e7ab40c620.jpg,1,1,data/images/bf3e4dcb-10d9-48fb-b9f6-00e7ab40c620.jpg,True,3,0.98314166,1,7,convnext_256
c0a0d745-3c88-46c5-a2a2-567373b7b567.jpg,0,0,data/images/c0a0d745-3c88-46c5-a2a2-567373b7b567.jpg,True,4,0.020204261,0,7,convnext_256
faca9c23-e617-4bb0-8805-fce8205e931f.jpg,1,1,data/images/faca9c23-e617-4bb0-8805-fce8205e931f.jpg,True,0,0.97291803,1,7,convnext_256
48d44436-6cf5-4d1a-94f7-5ab74f245891.jpg,1,1,data/images/48d44436-6cf5-4d1a-94f7-5ab74f245891.jpg,True,2,0.040133093,0,8,convnext_256
4186afaa-d88f-4766-976c-60be724c809b.jpg,0,0,data/images/4186afaa-d88f-4766-976c-60be724c809b.jpg,True,1,0.025288055,0,8,convnext_256
9229e490-ff4a-4e81-b314-b3bf384546a5.jpg,1,1,data/images/9229e490-ff4a-4e81-b314-b3bf384546a5.jpg,True,4,0.97892785,1,7,convnext_256
2c74b02c-2152-4f56-8db4-c4b5ee13c790.jpg,0,0,data/images/2c74b02c-2152-4f56-8db4-c4b5ee13c790.jpg,True,1,0.51930875,1,8,convnext_256
cd7d5527-c2e8-4a4e-bb94-f233dcfae428.jpg,1,1,data/images/cd7d5527-c2e8-4a4e-bb94-f233dcfae428.jpg,True,3,0.8981574,1,7,convnext_256
aa2f25fc-21ec-4328-8ee1-6e5ae094c192.jpg,1,1,data/images/aa2f25fc-21ec-4328-8ee1-6e5ae094c192.jpg,True,0,0.71104735,1,7,convnext_256
21b0160a-01c7-484d-9205-d89e7855b2ea.jpg,1,1,data/images/21b0160a-01c7-484d-9205-d89e7855b2ea.jpg,True,2,0.97349113,1,8,convnext_256
3e34751d-1e7f-4091-bfa0-01477e45c383.jpg,1,1,data/images/3e34751d-1e7f-4091-bfa0-01477e45c383.jpg,True,3,0.97801435,1,7,convnext_256
a481dd33-938f-420c-bcac-2df1717c486e.jpg,0,0,data/images/a481dd33-938f-420c-bcac-2df1717c486e.jpg,True,1,0.0270865,0,8,convnext_256
d4158513-75df-487f-b4d5-6173a3da9b88.jpg,0,0,data/images/d4158513-75df-487f-b4d5-6173a3da9b88.jpg,True,4,0.026719911,0,7,convnext_256
1f47cbe2-b04b-4ddd-81d1-5574be895042.jpg,1,1,data/images/1f47cbe2-b04b-4ddd-81d1-5574be895042.jpg,True,0,0.97720146,1,7,convnext_256
ae01ebbe-9a83-4fe2-996a-b08ac6af2077.jpg,0,0,data/images/ae01ebbe-9a83-4fe2-996a-b08ac6af2077.jpg,True,2,0.5413069,1,8,convnext_256
2a726fb3-55d9-4cdf-aa11-1322196e2d1b.jpg,0,0,data/images/2a726fb3-55d9-4cdf-aa11-1322196e2d1b.jpg,True,2,0.028360976,0,8,convnext_256
9727fdb6-ed49-43f6-aa93-e8453d21c488.jpg,0,0,data/images/9727fdb6-ed49-43f6-aa93-e8453d21c488.jpg,True,3,0.9750718,1,7,convnext_256
aad95f3a-9d0f-4f40-b620-f70a3719a4b7.jpg,1,1,data/images/aad95f3a-9d0f-4f40-b620-f70a3719a4b7.jpg,True,4,0.9774575,1,7,convnext_256
e92bb1f7-79b0-4733-87b7-edd8d5186e4c.jpg,1,1,data/images/e92bb1f7-79b0-4733-87b7-edd8d5186e4c.jpg,True,1,0.9752848,1,8,convnext_256
726c8964-c872-4039-a02f-456ad4dcb1da.jpg,0,0,data/images/726c8964-c872-4039-a02f-456ad4dcb1da.jpg,True,0,0.100980476,0,7,convnext_256
1a13942f-c0ba-4ace-88b2-36c864d09395.jpg,0,0,data/images/1a13942f-c0ba-4ace-88b2-36c864d09395.jpg,True,3,0.02299625,0,7,convnext_256
3a6b7d72-a379-4e5a-a133-fb7237696622.jpg,0,0,data/images/3a6b7d72-a379-4e5a-a133-fb7237696622.jpg,True,2,0.014722921,0,8,convnext_256
bcd65793-da49-462b-ae80-58b859a580fd.jpg,0,0,data/images/bcd65793-da49-462b-ae80-58b859a580fd.jpg,True,1,0.012024852,0,8,convnext_256
12adda08-f080-4c26-9fb4-afd5696981bd.jpg,1,1,data/images/12adda08-f080-4c26-9fb4-afd5696981bd.jpg,True,0,0.08869839,0,7,convnext_256
55524c09-7a09-48e1-9b3f-f2ca66c818e4.jpg,0,0,data/images/55524c09-7a09-48e1-9b3f-f2ca66c818e4.jpg,True,4,0.018904034,0,7,convnext_256
a396779e-13c4-4ae5-b192-420d8a6b1f36.jpg,1,1,data/images/a396779e-13c4-4ae5-b192-420d8a6b1f36.jpg,True,0,0.98343647,1,7,convnext_256
e2cd66b9-ee2c-4f76-b07c-53d4fe1ec590.jpg,1,1,data/images/e2cd66b9-ee2c-4f76-b07c-53d4fe1ec590.jpg,True,3,0.93784523,1,7,convnext_256
832216b3-fa58-4fb7-85a9-984183aea94f.jpg,1,1,data/images/832216b3-fa58-4fb7-85a9-984183aea94f.jpg,True,1,0.96117294,1,8,convnext_256
4484de57-4270-452c-8ca0-3f3e95773c0a.jpg,1,1,data/images/4484de57-4270-452c-8ca0-3f3e95773c0a.jpg,True,2,0.96969527,1,8,convnext_256
2bace5cc-5196-4d1f-988d-a952845932a3.jpg,0,0,data/images/2bace5cc-5196-4d1f-988d-a952845932a3.jpg,True,4,0.023991864,0,7,convnext_256
af1268b0-fd88-47f7-bddd-4b1fac2478a3.jpg,0,0,data/images/af1268b0-fd88-47f7-bddd-4b1fac2478a3.jpg,True,4,0.07407214,0,7,convnext_256
ea6a1873-8b27-474f-a9ab-a8a6008ffc89.jpg,1,1,data/images/ea6a1873-8b27-474f-a9ab-a8a6008ffc89.jpg,True,1,0.98012424,1,8,convnext_256
ea5947b5-fa64-48a5-8089-74dce600643c.jpg,0,0,data/images/ea5947b5-fa64-48a5-8089-74dce600643c.jpg,True,2,0.028178329,0,8,convnext_256
31dcc558-2341-40c9-b833-8dad03229ef8.jpg,0,0,data/images/31dcc558-2341-40c9-b833-8dad03229ef8.jpg,True,0,0.75766253,1,7,convnext_256
476affe5-3ccf-4173-86e2-7d3506341302.jpg,0,0,data/images/476affe5-3ccf-4173-86e2-7d3506341302.jpg,True,3,0.02730278,0,7,convnext_256
dcb67bf2-31e7-486f-95c9-0feb94fd76ac.jpg,1,1,data/images/dcb67bf2-31e7-486f-95c9-0feb94fd76ac.jpg,True,4,0.03705472,0,7,convnext_256
f9e135ca-aec1-4121-b1fe-b196ab887cec.jpg,1,1,data/images/f9e135ca-aec1-4121-b1fe-b196ab887cec.jpg,True,1,0.91211724,1,8,convnext_256
f6fd0fea-a1bb-4bc5-a475-f5afcb3adad9.jpg,0,0,data/images/f6fd0fea-a1bb-4bc5-a475-f5afcb3adad9.jpg,True,0,0.029232616,0,7,convnext_256
ac99764a-707d-490b-83d6-f1ff76216c8d.jpg,0,0,data/images/ac99764a-707d-490b-83d6-f1ff76216c8d.jpg,True,3,0.67735416,1,7,convnext_256
c6fb467b-258e-4aba-b056-a62bddf6abbc.jpg,0,0,data/images/c6fb467b-258e-4aba-b056-a62bddf6abbc.jpg,True,2,0.7886907,1,8,convnext_256
4bb89db2-e976-435d-81b0-9c613da8c3f1.jpg,1,1,data/images/4bb89db2-e976-435d-81b0-9c613da8c3f1.jpg,True,4,0.9076843,1,7,convnext_256
a788cea0-9229-45b1-ad59-0bb4d31c6b49.jpg,1,1,data/images/a788cea0-9229-45b1-ad59-0bb4d31c6b49.jpg,True,2,0.9640652,1,8,convnext_256
ca042d96-41ad-4c7f-b6c1-06930901027f.jpg,0,0,data/images/ca042d96-41ad-4c7f-b6c1-06930901027f.jpg,True,1,0.025410984,0,8,convnext_256
e910d5db-f5ff-4478-975a-35cc6d259e64.jpg,1,1,data/images/e910d5db-f5ff-4478-975a-35cc6d259e64.jpg,True,0,0.83092326,1,7,convnext_256
5af16bf9-fab7-4f49-86bc-74b826b937be.jpg,1,1,data/images/5af16bf9-fab7-4f49-86bc-74b826b937be.jpg,True,3,0.88046217,1,7,convnext_256
d7be8af1-f217-4cb8-b042-ae19933fce35.jpg,0,0,data/images/d7be8af1-f217-4cb8-b042-ae19933fce35.jpg,True,1,0.023361364,0,8,convnext_256
291bf9bc-2b93-410b-9798-724f4a3535ef.jpg,1,1,data/images/291bf9bc-2b93-410b-9798-724f4a3535ef.jpg,True,2,0.9791669,1,8,convnext_256
b6964725-6636-497e-a451-f7d70aed2585.jpg,0,0,data/images/b6964725-6636-497e-a451-f7d70aed2585.jpg,True,0,0.051938392,0,7,convnext_256
a8f5e474-c89e-45c7-935e-3417583d9594.jpg,1,1,data/images/a8f5e474-c89e-45c7-935e-3417583d9594.jpg,True,4,0.9787692,1,7,convnext_256
d9f46c23-0e81-4e3b-9d06-6fd237aca8b8.jpg,1,1,data/images/d9f46c23-0e81-4e3b-9d06-6fd237aca8b8.jpg,True,3,0.4955198,0,7,convnext_256
401b340d-6dfc-49e4-b421-d7203221be34.jpg,0,0,data/images/401b340d-6dfc-49e4-b421-d7203221be34.jpg,True,0,0.05410973,0,7,convnext_256
a23be806-1a34-4d7a-8ac3-6256afd4bbd9.jpg,1,1,data/images/a23be806-1a34-4d7a-8ac3-6256afd4bbd9.jpg,True,2,0.036617365,0,8,convnext_256
718aaa75-f374-4d78-8222-f751d6937b5f.jpg,1,1,data/images/718aaa75-f374-4d78-8222-f751d6937b5f.jpg,True,3,0.9856769,1,7,convnext_256
b5d5df57-4af8-45ae-948c-005fa273c785.jpg,0,0,data/images/b5d5df57-4af8-45ae-948c-005fa273c785.jpg,True,1,0.036227588,0,8,convnext_256
b73587af-a002-4c38-a50c-be20de093033.jpg,1,1,data/images/b73587af-a002-4c38-a50c-be20de093033.jpg,True,4,0.9755525,1,7,convnext_256
3436927c-cef4-4ef1-a5db-cf1cf7843f64.jpg,1,1,data/images/3436927c-cef4-4ef1-a5db-cf1cf7843f64.jpg,True,0,0.8970642,1,7,convnext_256
14fd1c84-e90e-4f5d-a06f-2e1c6acd07c0.jpg,1,1,data/images/14fd1c84-e90e-4f5d-a06f-2e1c6acd07c0.jpg,True,3,0.96744597,1,7,convnext_256
3ea2a7ea-920d-4f54-8294-0decd592cc71.jpg,0,0,data/images/3ea2a7ea-920d-4f54-8294-0decd592cc71.jpg,True,1,0.33973375,0,8,convnext_256
16d9b809-392a-4ce0-8bfe-54021de1f7bd.jpg,1,1,data/images/16d9b809-392a-4ce0-8bfe-54021de1f7bd.jpg,True,4,0.648705,1,7,convnext_256
98a6afb3-a22f-40e2-875d-b3f25880bdb0.jpg,0,0,data/images/98a6afb3-a22f-40e2-875d-b3f25880bdb0.jpg,True,2,0.048152465,0,8,convnext_256
68db8027-865d-43bf-a088-53efacde567b.jpg,1,1,data/images/68db8027-865d-43bf-a088-53efacde567b.jpg,True,4,0.97819257,1,7,convnext_256
eb254494-ea42-48fb-9a39-466e498c94ab.jpg,0,0,data/images/eb254494-ea42-48fb-9a39-466e498c94ab.jpg,True,2,0.015574214,0,8,convnext_256
aef1b4cd-17f5-4b63-8c6d-eec6a9c8cf28.jpg,0,0,data/images/aef1b4cd-17f5-4b63-8c6d-eec6a9c8cf28.jpg,True,0,0.03410506,0,7,convnext_256
47117d15-3e95-407e-aed6-725f94d7ab2c.jpg,0,0,data/images/47117d15-3e95-407e-aed6-725f94d7ab2c.jpg,True,3,0.23920369,0,7,convnext_256
cec5a038-4bf0-40b9-87de-f902077721bb.jpg,0,0,data/images/cec5a038-4bf0-40b9-87de-f902077721bb.jpg,True,1,0.15141815,0,8,convnext_256
db15fdc3-f51a-4bc0-85f1-5517d3859bd8.jpg,0,0,data/images/db15fdc3-f51a-4bc0-85f1-5517d3859bd8.jpg,True,4,0.25882357,0,7,convnext_256
682ccb4d-9c3d-4563-a283-739818000909.jpg,0,0,data/images/682ccb4d-9c3d-4563-a283-739818000909.jpg,True,2,0.05926639,0,8,convnext_256
d527b0ae-861f-4ff2-b059-9365e0c27dba.jpg,0,0,data/images/d527b0ae-861f-4ff2-b059-9365e0c27dba.jpg,True,0,0.015020222,0,7,convnext_256
32a7b31a-23a3-463f-957d-a2d6dd6a3822.jpg,0,0,data/images/32a7b31a-23a3-463f-957d-a2d6dd6a3822.jpg,True,3,0.09209289,0,7,convnext_256
bd97094e-30f4-4b0e-8eb0-6720904fe3fd.jpg,0,0,data/images/bd97094e-30f4-4b0e-8eb0-6720904fe3fd.jpg,True,1,0.04535865,0,8,convnext_256
01ba2fb3-729e-4f49-8f5d-f4ee92fd2f16.jpg,1,1,data/images/01ba2fb3-729e-4f49-8f5d-f4ee92fd2f16.jpg,True,4,0.9770131,1,7,convnext_256
f514428c-1a8f-4203-870e-94ccf67e2404.jpg,0,0,data/images/f514428c-1a8f-4203-870e-94ccf67e2404.jpg,True,0,0.017801948,0,7,convnext_256
9fc56d15-7a31-4797-861c-436a585407e5.jpg,0,0,data/images/9fc56d15-7a31-4797-861c-436a585407e5.jpg,True,1,0.021109901,0,8,convnext_256
380850ee-3c83-4194-81a7-e6d47ff4feca.jpg,1,1,data/images/380850ee-3c83-4194-81a7-e6d47ff4feca.jpg,True,2,0.9762245,1,8,convnext_256
2d9d131c-4a9f-473a-88aa-e20d81d60a56.jpg,1,1,data/images/2d9d131c-4a9f-473a-88aa-e20d81d60a56.jpg,True,3,0.97993237,1,7,convnext_256
5c701dea-6d1d-4b53-9acb-ff50f98b49e3.jpg,0,0,data/images/5c701dea-6d1d-4b53-9acb-ff50f98b49e3.jpg,True,1,0.033711117,0,8,convnext_256
bf67bc9d-d5a0-4649-8132-8a9fe52cd35f.jpg,0,0,data/images/bf67bc9d-d5a0-4649-8132-8a9fe52cd35f.jpg,True,2,0.020876557,0,8,convnext_256
19f32361-852b-4d14-ae60-5f490b1e07f5.jpg,0,0,data/images/19f32361-852b-4d14-ae60-5f490b1e07f5.jpg,True,0,0.038688816,0,7,convnext_256
757fcedd-2094-4b4e-8b33-6015d9184f72.jpg,0,0,data/images/757fcedd-2094-4b4e-8b33-6015d9184f72.jpg,True,4,0.16146787,0,7,convnext_256
c8c0161d-f121-4326-bf90-16023d9f9eb3.jpg,0,0,data/images/c8c0161d-f121-4326-bf90-16023d9f9eb3.jpg,True,3,0.025677722,0,7,convnext_256
f24fdef7-5bfe-438f-9675-5068236c3ff4.jpg,0,0,data/images/f24fdef7-5bfe-438f-9675-5068236c3ff4.jpg,True,2,0.016640661,0,8,convnext_256
4b66e156-47db-4ec8-afc2-778bd2e450ca.jpg,1,1,data/images/4b66e156-47db-4ec8-afc2-778bd2e450ca.jpg,True,4,0.98409826,1,7,convnext_256
f347e481-7b28-4b32-8b97-706cf6efd6dc.jpg,0,0,data/images/f347e481-7b28-4b32-8b97-706cf6efd6dc.jpg,True,0,0.019377707,0,7,convnext_256
02978c69-0c6c-44b3-b48b-ac8ea6efb63b.jpg,0,0,data/images/02978c69-0c6c-44b3-b48b-ac8ea6efb63b.jpg,True,3,0.021908265,0,7,convnext_256
52cb8ade-edfa-4ff4-b52d-fe6d5bd55913.jpg,0,0,data/images/52cb8ade-edfa-4ff4-b52d-fe6d5bd55913.jpg,True,1,0.029426185,0,8,convnext_256
19c5c01a-48d9-4e44-988e-1d3939c2d85a.jpg,0,0,data/images/19c5c01a-48d9-4e44-988e-1d3939c2d85a.jpg,True,4,0.018467285,0,7,convnext_256
d7bd42d0-73f9-48b0-a474-f25c7ea5530e.jpg,0,0,data/images/d7bd42d0-73f9-48b0-a474-f25c7ea5530e.jpg,True,1,0.95276403,1,8,convnext_256
3b0eac6d-d4c8-45ba-bf59-174d9fd9cb8e.jpg,1,1,data/images/3b0eac6d-d4c8-45ba-bf59-174d9fd9cb8e.jpg,True,2,0.9719697,1,8,convnext_256
588b52a2-4e92-4d1c-990a-b99d24f6abc3.jpg,1,1,data/images/588b52a2-4e92-4d1c-990a-b99d24f6abc3.jpg,True,0,0.97592556,1,7,convnext_256
e775fdcd-3275-4b6e-b069-0b755b6170c4.jpg,0,0,data/images/e775fdcd-3275-4b6e-b069-0b755b6170c4.jpg,True,3,0.031330556,0,7,convnext_256
b583ec63-4555-4b73-8323-3849b850ee1c.jpg,0,0,data/images/b583ec63-4555-4b73-8323-3849b850ee1c.jpg,True,3,0.06622934,0,7,convnext_256
8111b48e-da39-40bf-8cd8-f743ab823db5.jpg,0,0,data/images/8111b48e-da39-40bf-8cd8-f743ab823db5.jpg,True,2,0.015254903,0,8,convnext_256
ba04ac81-1344-4b1c-a5ab-1b4aa26a0102.jpg,1,1,data/images/ba04ac81-1344-4b1c-a5ab-1b4aa26a0102.jpg,True,0,0.9475499,1,7,convnext_256
8b6521a3-25a2-489a-bc47-a785cc2f45d7.jpg,0,0,data/images/8b6521a3-25a2-489a-bc47-a785cc2f45d7.jpg,True,4,0.03751777,0,7,convnext_256
f1fe3571-5dd0-45dd-861b-58058d2c191a.jpg,0,0,data/images/f1fe3571-5dd0-45dd-861b-58058d2c191a.jpg,True,1,0.38679934,0,8,convnext_256
95c8e092-2a25-45ab-8173-d3efef27bcdd.jpg,0,0,data/images/95c8e092-2a25-45ab-8173-d3efef27bcdd.jpg,True,1,0.24335727,0,8,convnext_256
d0f1d4e1-ad3f-4077-8e70-e5ed75e3ab26.jpg,1,1,data/images/d0f1d4e1-ad3f-4077-8e70-e5ed75e3ab26.jpg,True,0,0.027515402,0,7,convnext_256
f4dfc550-ccd9-4f42-93f7-48c301f363ef.jpg,0,0,data/images/f4dfc550-ccd9-4f42-93f7-48c301f363ef.jpg,True,2,0.028211955,0,8,convnext_256
b148fd7f-3306-457a-82ac-316d4b28110a.jpg,0,0,data/images/b148fd7f-3306-457a-82ac-316d4b28110a.jpg,True,4,0.02192001,0,7,convnext_256
c83c0c07-1eae-4959-9edf-43a636a4fe2e.jpg,0,0,data/images/c83c0c07-1eae-4959-9edf-43a636a4fe2e.jpg,True,3,0.12662132,0,7,convnext_256
b9485bcc-2cda-41dc-93cb-f32637f6dc55.jpg,0,0,data/images/b9485bcc-2cda-41dc-93cb-f32637f6dc55.jpg,True,4,0.016158763,0,7,convnext_256
14e4ed21-12a5-4446-b0c3-f1befd0f7c75.jpg,1,1,data/images/14e4ed21-12a5-4446-b0c3-f1befd0f7c75.jpg,True,2,0.9793016,1,8,convnext_256
81456966-75e8-49ea-85dc-0b94cf91b52d.jpg,0,0,data/images/81456966-75e8-49ea-85dc-0b94cf91b52d.jpg,True,3,0.02683722,0,7,convnext_256
682e7ff1-536b-486a-b32b-6e2267484e31.jpg,1,1,data/images/682e7ff1-536b-486a-b32b-6e2267484e31.jpg,True,1,0.846799,1,8,convnext_256
3b8b2d52-0114-4651-bab9-1f88d8960810.jpg,0,0,data/images/3b8b2d52-0114-4651-bab9-1f88d8960810.jpg,True,0,0.026761135,0,7,convnext_256
bf11d886-13bb-4443-945d-82ee4d0358eb.jpg,1,1,data/images/bf11d886-13bb-4443-945d-82ee4d0358eb.jpg,True,2,0.8254738,1,8,convnext_256
6cdc7e67-d2fb-41d5-9674-177e7846c560.jpg,0,0,data/images/6cdc7e67-d2fb-41d5-9674-177e7846c560.jpg,True,3,0.058613345,0,7,convnext_256
1a246b39-68c4-4928-bb08-c0b04366b2da.jpg,0,0,data/images/1a246b39-68c4-4928-bb08-c0b04366b2da.jpg,True,1,0.21850832,0,8,convnext_256
064a04b5-a0ad-450b-9856-418e81ecb924.jpg,0,0,data/images/064a04b5-a0ad-450b-9856-418e81ecb924.jpg,True,4,0.030258533,0,7,convnext_256
c8948cbf-2c75-40bf-930b-0f40467dd5b2.jpg,0,0,data/images/c8948cbf-2c75-40bf-930b-0f40467dd5b2.jpg,True,0,0.046952605,0,7,convnext_256
11b341cf-a467-4795-a92b-3f0123c67247.jpg,0,0,data/images/11b341cf-a467-4795-a92b-3f0123c67247.jpg,True,0,0.029867219,0,7,convnext_256
d0f96fff-b8e1-4a69-a734-07c99045a380.jpg,0,0,data/images/d0f96fff-b8e1-4a69-a734-07c99045a380.jpg,True,4,0.24815337,0,7,convnext_256
1363088c-0124-40cc-91c7-329a2dca50fb.jpg,0,0,data/images/1363088c-0124-40cc-91c7-329a2dca50fb.jpg,True,1,0.07239585,0,8,convnext_256
bb0a5f23-76a3-4abb-ae48-dbe234d6116d.jpg,0,0,data/images/bb0a5f23-76a3-4abb-ae48-dbe234d6116d.jpg,True,2,0.056226075,0,8,convnext_256
8872dc29-2fba-4356-85d7-42a8e8449ce8.jpg,0,0,data/images/8872dc29-2fba-4356-85d7-42a8e8449ce8.jpg,True,3,0.46193877,0,7,convnext_256
1756262b-2aca-43b5-a193-ed537d816a58.jpg,0,0,data/images/1756262b-2aca-43b5-a193-ed537d816a58.jpg,True,3,0.025815053,0,7,convnext_256
e5641331-f856-477e-937c-5b29194ccd19.jpg,1,1,data/images/e5641331-f856-477e-937c-5b29194ccd19.jpg,True,4,0.9863755,1,7,convnext_256
4f4dc8e5-ccaf-4bb7-a463-98d46e6cba6a.jpg,1,1,data/images/4f4dc8e5-ccaf-4bb7-a463-98d46e6cba6a.jpg,True,1,0.9793961,1,8,convnext_256
bab25a22-f2ba-4725-ba11-dedc38b878b1.jpg,0,0,data/images/bab25a22-f2ba-4725-ba11-dedc38b878b1.jpg,True,0,0.01175362,0,7,convnext_256
8bbaa020-12db-4c61-be87-e068c8d39205.jpg,0,0,data/images/8bbaa020-12db-4c61-be87-e068c8d39205.jpg,True,2,0.023201248,0,8,convnext_256
3f222421-31a1-4183-911f-3a6eb220f2fe.jpg,1,1,data/images/3f222421-31a1-4183-911f-3a6eb220f2fe.jpg,True,2,0.9776848,1,8,convnext_256
5a0b05da-3a22-4de1-9a2a-99cdffb203ed.jpg,0,0,data/images/5a0b05da-3a22-4de1-9a2a-99cdffb203ed.jpg,True,3,0.14382455,0,7,convnext_256
41b2e572-9ec4-4800-844a-ba026b7da5f6.jpg,1,1,data/images/41b2e572-9ec4-4800-844a-ba026b7da5f6.jpg,True,1,0.9728348,1,8,convnext_256
51facbd4-4c82-4ca9-995a-7233bfc6a2a6.jpg,1,1,data/images/51facbd4-4c82-4ca9-995a-7233bfc6a2a6.jpg,True,0,0.9780708,1,7,convnext_256
24d0769b-01aa-40c5-ad4c-44a792ab5b8d.jpg,0,0,data/images/24d0769b-01aa-40c5-ad4c-44a792ab5b8d.jpg,True,4,0.87751645,1,7,convnext_256
a606f6ee-de8e-4937-82cf-8d2b9dffe9de.jpg,0,0,data/images/a606f6ee-de8e-4937-82cf-8d2b9dffe9de.jpg,True,1,0.01795885,0,8,convnext_256
c77078c2-10ab-449d-8c9d-fd80c32822b9.jpg,1,1,data/images/c77078c2-10ab-449d-8c9d-fd80c32822b9.jpg,True,2,0.96437985,1,8,convnext_256
089aadf6-4a19-4dd0-bc26-b4f6f758ea89.jpg,0,0,data/images/089aadf6-4a19-4dd0-bc26-b4f6f758ea89.jpg,True,3,0.023561053,0,7,convnext_256
8de738c9-c0c0-4f36-984d-f05f053b95f2.jpg,1,1,data/images/8de738c9-c0c0-4f36-984d-f05f053b95f2.jpg,True,0,0.9867026,1,7,convnext_256
3f2b5242-117e-4cb8-a6e7-e24eded5d961.jpg,1,1,data/images/3f2b5242-117e-4cb8-a6e7-e24eded5d961.jpg,True,4,0.93681586,1,7,convnext_256
af87aeb2-61e2-4b31-aca4-9399429c3a5c.jpg,0,0,data/images/af87aeb2-61e2-4b31-aca4-9399429c3a5c.jpg,True,3,0.019685864,0,7,convnext_256
936732db-377c-4901-9cf4-38083b195d3d.jpg,1,1,data/images/936732db-377c-4901-9cf4-38083b195d3d.jpg,True,2,0.9715271,1,8,convnext_256
3e5673d0-2e01-49b7-945a-401b46239fe9.jpg,1,1,data/images/3e5673d0-2e01-49b7-945a-401b46239fe9.jpg,True,0,0.9724878,1,7,convnext_256
68c88590-9963-4345-bd3e-0690cc6e94cc.jpg,1,1,data/images/68c88590-9963-4345-bd3e-0690cc6e94cc.jpg,True,4,0.976482,1,7,convnext_256
0f63acf5-1013-46af-abde-e37b9949f182.jpg,1,1,data/images/0f63acf5-1013-46af-abde-e37b9949f182.jpg,True,1,0.31407568,0,8,convnext_256
2c0051d3-11a4-4f92-829c-ee7e410fd4f4.jpg,1,1,data/images/2c0051d3-11a4-4f92-829c-ee7e410fd4f4.jpg,True,2,0.98169327,1,8,convnext_256
9ffd1194-4001-4f79-a0ab-dc9db61aceac.jpg,0,0,data/images/9ffd1194-4001-4f79-a0ab-dc9db61aceac.jpg,True,3,0.015865592,0,7,convnext_256
8daa896e-4203-491d-bdd1-c3d31be58af6.jpg,1,1,data/images/8daa896e-4203-491d-bdd1-c3d31be58af6.jpg,True,0,0.97580284,1,7,convnext_256
e7a0b470-5e28-4ebd-85f5-9bd3569e7af6.jpg,1,1,data/images/e7a0b470-5e28-4ebd-85f5-9bd3569e7af6.jpg,True,4,0.039149277,0,7,convnext_256
0909390f-6a61-4d3c-8ecf-86a76422481a.jpg,1,1,data/images/0909390f-6a61-4d3c-8ecf-86a76422481a.jpg,True,1,0.9573684,1,8,convnext_256
af4d58c2-be71-4bba-a7cf-2b5055acbe22.jpg,1,1,data/images/af4d58c2-be71-4bba-a7cf-2b5055acbe22.jpg,True,3,0.96903044,1,7,convnext_256
bac3ede2-33e7-4528-bd5b-2b4d19be571d.jpg,1,1,data/images/bac3ede2-33e7-4528-bd5b-2b4d19be571d.jpg,True,0,0.95431584,1,7,convnext_256
4cc81b7c-f9ed-4e5f-bd56-8dd96f4eb0e6.jpg,0,0,data/images/4cc81b7c-f9ed-4e5f-bd56-8dd96f4eb0e6.jpg,True,1,0.033430044,0,8,convnext_256
1e735559-9f32-4141-b5b6-973efc846a06.jpg,0,0,data/images/1e735559-9f32-4141-b5b6-973efc846a06.jpg,True,4,0.07064752,0,7,convnext_256
5c94d8c8-7adb-4af6-a705-aebf9e9ffc70.jpg,1,1,data/images/5c94d8c8-7adb-4af6-a705-aebf9e9ffc70.jpg,True,2,0.61397445,1,8,convnext_256
d3a03fa4-7106-4295-8b4a-163cf058a542.jpg,0,0,data/images/d3a03fa4-7106-4295-8b4a-163cf058a542.jpg,True,3,0.027173353,0,7,convnext_256
0c6ade63-71f1-4e25-83e2-e9732a934859.jpg,0,0,data/images/0c6ade63-71f1-4e25-83e2-e9732a934859.jpg,True,4,0.8821571,1,7,convnext_256
d7e60d40-37d2-4d6e-9b01-5ff7604b82ec.jpg,1,1,data/images/d7e60d40-37d2-4d6e-9b01-5ff7604b82ec.jpg,True,2,0.9686396,1,8,convnext_256
67ea4872-3e59-4894-9b71-84b4ee5af4c3.jpg,1,1,data/images/67ea4872-3e59-4894-9b71-84b4ee5af4c3.jpg,True,1,0.960234,1,8,convnext_256
2b493ddc-b685-4022-9d9f-a9a53e69285a.jpg,0,0,data/images/2b493ddc-b685-4022-9d9f-a9a53e69285a.jpg,True,0,0.57521313,1,7,convnext_256
6749c270-a889-48e0-8e1d-1990300c40cb.jpg,0,0,data/images/6749c270-a889-48e0-8e1d-1990300c40cb.jpg,True,1,0.03404148,0,8,convnext_256
aa04e7ca-71e3-414a-8d63-f8659777c08c.jpg,0,0,data/images/aa04e7ca-71e3-414a-8d63-f8659777c08c.jpg,True,0,0.46535408,0,7,convnext_256
dbda4068-f61f-49e1-8a2a-ee8ad4721d5d.jpg,1,1,data/images/dbda4068-f61f-49e1-8a2a-ee8ad4721d5d.jpg,True,3,0.9754286,1,7,convnext_256
7dbdc177-248f-43f4-90a9-0819f5db6fbe.jpg,0,0,data/images/7dbdc177-248f-43f4-90a9-0819f5db6fbe.jpg,True,4,0.009514794,0,7,convnext_256
3662f11c-6030-4a6c-bcb6-75b3f30b8396.jpg,0,0,data/images/3662f11c-6030-4a6c-bcb6-75b3f30b8396.jpg,True,2,0.01875802,0,8,convnext_256
4cfa03e3-49a9-45c6-801c-7d17db14deec.jpg,1,1,data/images/4cfa03e3-49a9-45c6-801c-7d17db14deec.jpg,True,3,0.97052896,1,7,convnext_256
c10705f8-e094-4fb0-af51-e4ed466638e5.jpg,0,0,data/images/c10705f8-e094-4fb0-af51-e4ed466638e5.jpg,True,1,0.02136301,0,8,convnext_256
2a8ce89d-9297-4ede-8aec-fbe46b8392e2.jpg,1,1,data/images/2a8ce89d-9297-4ede-8aec-fbe46b8392e2.jpg,True,0,0.020391557,0,7,convnext_256
b0158b86-7661-4603-9330-3ccde83e3a4b.jpg,1,1,data/images/b0158b86-7661-4603-9330-3ccde83e3a4b.jpg,True,4,0.979672,1,7,convnext_256
fb923e5c-c354-4caf-b536-008a163a6b9d.jpg,1,1,data/images/fb923e5c-c354-4caf-b536-008a163a6b9d.jpg,True,2,0.980569,1,8,convnext_256
4fb42ed0-b4a7-4a65-b03b-d04e2ea4a874.jpg,0,0,data/images/4fb42ed0-b4a7-4a65-b03b-d04e2ea4a874.jpg,True,3,0.014523502,0,7,convnext_256
ac1105a5-8b87-4009-aa62-3d72e7c09785.jpg,1,1,data/images/ac1105a5-8b87-4009-aa62-3d72e7c09785.jpg,True,0,0.9843746,1,7,convnext_256
3415988a-3949-4205-a2ad-ab8ccddb64f7.jpg,0,0,data/images/3415988a-3949-4205-a2ad-ab8ccddb64f7.jpg,True,1,0.021777276,0,8,convnext_256
4b738357-2ffc-41e2-8a6a-05247c7df9f7.jpg,1,1,data/images/4b738357-2ffc-41e2-8a6a-05247c7df9f7.jpg,True,4,0.9750933,1,7,convnext_256
82108e78-a9bf-44e7-ad2c-7be7bb7b9b63.jpg,0,0,data/images/82108e78-a9bf-44e7-ad2c-7be7bb7b9b63.jpg,True,2,0.9611276,1,8,convnext_256
de1ec666-9dbe-436b-b185-ada116c94d99.jpg,0,0,data/images/de1ec666-9dbe-436b-b185-ada116c94d99.jpg,True,2,0.7520736,1,8,convnext_256
55c21f05-a781-4807-af53-4e7584a9043f.jpg,0,0,data/images/55c21f05-a781-4807-af53-4e7584a9043f.jpg,True,3,0.022398455,0,7,convnext_256
8dedb2ff-75bd-494d-a4dc-d7ee91424073.jpg,0,0,data/images/8dedb2ff-75bd-494d-a4dc-d7ee91424073.jpg,True,1,0.019905979,0,8,convnext_256
74fc1c44-ac61-4420-8233-697c348acc15.jpg,0,0,data/images/74fc1c44-ac61-4420-8233-697c348acc15.jpg,True,4,0.018433789,0,7,convnext_256
dfbd8a6a-5109-4ebd-9f70-7d0fa455e760.jpg,0,0,data/images/dfbd8a6a-5109-4ebd-9f70-7d0fa455e760.jpg,True,0,0.01937207,0,7,convnext_256
ff462762-ecfe-4c44-a00b-e5ab22774da0.jpg,1,1,data/images/ff462762-ecfe-4c44-a00b-e5ab22774da0.jpg,True,3,0.96444947,1,7,convnext_256
81169321-7d03-4e05-a7c5-f367b81faf78.jpg,0,0,data/images/81169321-7d03-4e05-a7c5-f367b81faf78.jpg,True,1,0.03185615,0,8,convnext_256
550d51ea-3203-4b6e-b65c-9af691716028.jpg,0,0,data/images/550d51ea-3203-4b6e-b65c-9af691716028.jpg,True,4,0.026680028,0,7,convnext_256
1c942bf7-4d03-4553-88bd-47a984fe8d86.jpg,0,0,data/images/1c942bf7-4d03-4553-88bd-47a984fe8d86.jpg,True,0,0.098529235,0,7,convnext_256
a7325f5f-f2bb-4f0f-97cb-1dcf7882685b.jpg,1,1,data/images/a7325f5f-f2bb-4f0f-97cb-1dcf7882685b.jpg,True,2,0.9306028,1,8,convnext_256
cdedad34-3746-40a0-916e-ce496f0923c9.jpg,0,0,data/images/cdedad34-3746-40a0-916e-ce496f0923c9.jpg,True,1,0.25694707,0,8,convnext_256
3f9804de-8aa5-48f7-8cf3-569277b78338.jpg,0,0,data/images/3f9804de-8aa5-48f7-8cf3-569277b78338.jpg,True,4,0.016456442,0,7,convnext_256
b55cc3a3-fd0c-4185-966f-d6926ee9ca21.jpg,1,1,data/images/b55cc3a3-fd0c-4185-966f-d6926ee9ca21.jpg,True,3,0.9757522,1,7,convnext_256
03e03a35-b6c7-43a9-a689-a809371efdd6.jpg,0,0,data/images/03e03a35-b6c7-43a9-a689-a809371efdd6.jpg,True,0,0.78758425,1,7,convnext_256
7c126dc6-d878-40ee-8fb6-15a0a180da1f.jpg,0,0,data/images/7c126dc6-d878-40ee-8fb6-15a0a180da1f.jpg,True,2,0.027526595,0,8,convnext_256
66b79298-9308-4889-9212-bf1803e22b7f.jpg,1,1,data/images/66b79298-9308-4889-9212-bf1803e22b7f.jpg,True,3,0.9632633,1,7,convnext_256
862b61b2-40f6-40c5-b601-b1bc0242a599.jpg,1,1,data/images/862b61b2-40f6-40c5-b601-b1bc0242a599.jpg,True,4,0.988252,1,7,convnext_256
80b9af83-c02f-48c8-8351-fe7601f557a8.jpg,0,0,data/images/80b9af83-c02f-48c8-8351-fe7601f557a8.jpg,True,0,0.025248727,0,7,convnext_256
eb3c32a2-6731-4131-b086-687e54ddd62e.jpg,1,1,data/images/eb3c32a2-6731-4131-b086-687e54ddd62e.jpg,True,1,0.97657835,1,8,convnext_256
de7be727-fa03-4d76-8c3f-dde2b9367fe9.jpg,0,0,data/images/de7be727-fa03-4d76-8c3f-dde2b9367fe9.jpg,True,2,0.026051285,0,8,convnext_256
5d2fdc8d-7b5a-43c0-96e0-fa4493c780ce.jpg,1,1,data/images/5d2fdc8d-7b5a-43c0-96e0-fa4493c780ce.jpg,True,0,0.97650653,1,7,convnext_256
6625e051-df19-4be6-877f-2b7fe5ce2801.jpg,1,1,data/images/6625e051-df19-4be6-877f-2b7fe5ce2801.jpg,True,4,0.9778252,1,7,convnext_256
e70b70b6-0132-4b3a-8172-da29954d744f.jpg,0,0,data/images/e70b70b6-0132-4b3a-8172-da29954d744f.jpg,True,3,0.42754525,0,7,convnext_256
53986d8a-817a-4eb7-8456-4eb00bb45631.jpg,0,0,data/images/53986d8a-817a-4eb7-8456-4eb00bb45631.jpg,True,1,0.17315869,0,8,convnext_256
7fc31626-cc62-4a24-be92-8cdbecf0a16d.jpg,0,0,data/images/7fc31626-cc62-4a24-be92-8cdbecf0a16d.jpg,True,2,0.027224427,0,8,convnext_256
d74efc1d-27df-4e02-8abe-a0325814980e.jpg,1,1,data/images/d74efc1d-27df-4e02-8abe-a0325814980e.jpg,True,3,0.9637081,1,7,convnext_256
85acf84f-2f6f-4d0f-bc6c-1dd6be2e285a.jpg,1,1,data/images/85acf84f-2f6f-4d0f-bc6c-1dd6be2e285a.jpg,True,2,0.9769909,1,8,convnext_256
0a85e05c-3a7b-499a-b458-a88d6251d58e.jpg,0,0,data/images/0a85e05c-3a7b-499a-b458-a88d6251d58e.jpg,True,4,0.02419581,0,7,convnext_256
78182fe6-6283-42cc-9f9b-a1d4f4c3bc72.jpg,1,1,data/images/78182fe6-6283-42cc-9f9b-a1d4f4c3bc72.jpg,True,1,0.9752153,1,8,convnext_256
f45855a4-d44b-4453-a2b1-c983ce6f7063.jpg,1,1,data/images/f45855a4-d44b-4453-a2b1-c983ce6f7063.jpg,True,0,0.98160136,1,7,convnext_256
a563fa53-002f-4881-a9b0-c6e090a220db.jpg,0,0,data/images/a563fa53-002f-4881-a9b0-c6e090a220db.jpg,True,3,0.034611687,0,7,convnext_256
77b19054-91d1-418a-9fb3-8fa9a0261eea.jpg,1,1,data/images/77b19054-91d1-418a-9fb3-8fa9a0261eea.jpg,True,4,0.9383328,1,7,convnext_256
8ba191c6-b93f-46cf-a976-95e71e37a2c3.jpg,0,0,data/images/8ba191c6-b93f-46cf-a976-95e71e37a2c3.jpg,True,1,0.028760448,0,8,convnext_256
ad66c2ec-e2a5-4e5b-ab54-efe5ee458758.jpg,1,1,data/images/ad66c2ec-e2a5-4e5b-ab54-efe5ee458758.jpg,True,2,0.9175105,1,8,convnext_256
58992752-037c-4a5b-8419-268853a8f35d.jpg,0,0,data/images/58992752-037c-4a5b-8419-268853a8f35d.jpg,True,0,0.321824,0,7,convnext_256
d1868874-81e6-444d-91ce-58feea67f4de.jpg,0,0,data/images/d1868874-81e6-444d-91ce-58feea67f4de.jpg,True,3,0.014902261,0,7,convnext_256
c1e38c0c-904d-490f-bc5c-74fe05abf0d2.jpg,0,0,data/images/c1e38c0c-904d-490f-bc5c-74fe05abf0d2.jpg,True,0,0.06857636,0,7,convnext_256
80056b71-36b1-4bfb-8a35-2ad6c334e9bc.jpg,0,0,data/images/80056b71-36b1-4bfb-8a35-2ad6c334e9bc.jpg,True,2,0.01825327,0,8,convnext_256
192eeccd-4aad-4460-a3c3-218c951f105f.jpg,0,0,data/images/192eeccd-4aad-4460-a3c3-218c951f105f.jpg,True,4,0.025810426,0,7,convnext_256
2d7329c4-feeb-4c2c-8941-a472eee7a3be.jpg,0,0,data/images/2d7329c4-feeb-4c2c-8941-a472eee7a3be.jpg,True,1,0.18741123,0,8,convnext_256
596e07ef-cc0b-458f-9476-b32f953bc9d3.jpg,1,1,data/images/596e07ef-cc0b-458f-9476-b32f953bc9d3.jpg,True,4,0.9551501,1,7,convnext_256
608b5132-d5c6-4c32-891b-287c6e64c2dc.jpg,0,0,data/images/608b5132-d5c6-4c32-891b-287c6e64c2dc.jpg,True,2,0.040430784,0,8,convnext_256
3f7319cb-f8f6-436a-9d32-3f43bc0a9b67.jpg,1,1,data/images/3f7319cb-f8f6-436a-9d32-3f43bc0a9b67.jpg,True,3,0.9814695,1,7,convnext_256
82312c9a-abdb-414c-8a4b-d1506cf84738.jpg,1,1,data/images/82312c9a-abdb-414c-8a4b-d1506cf84738.jpg,True,1,0.97003233,1,8,convnext_256
ae12e7b9-05eb-4102-acde-63203e122556.jpg,0,0,data/images/ae12e7b9-05eb-4102-acde-63203e122556.jpg,True,0,0.5126153,1,7,convnext_256
5bcb7188-e530-42a5-8f56-ba8b6e7d1afe.jpg,0,0,data/images/5bcb7188-e530-42a5-8f56-ba8b6e7d1afe.jpg,True,4,0.024147086,0,7,convnext_256
601b827e-bfce-4c7d-a690-31963e96c198.jpg,1,1,data/images/601b827e-bfce-4c7d-a690-31963e96c198.jpg,True,2,0.088801235,0,8,convnext_256
899f1933-273b-4d87-bcb0-88cebe887135.jpg,0,0,data/images/899f1933-273b-4d87-bcb0-88cebe887135.jpg,True,3,0.047146436,0,7,convnext_256
6e3f1b60-a5a7-438a-8fba-30e47aac8450.jpg,1,1,data/images/6e3f1b60-a5a7-438a-8fba-30e47aac8450.jpg,True,1,0.9788222,1,8,convnext_256
2faed0c3-aaa6-4c0c-a99c-8f1811c956ad.jpg,1,1,data/images/2faed0c3-aaa6-4c0c-a99c-8f1811c956ad.jpg,True,0,0.9840131,1,7,convnext_256
9e969b50-5b16-4f7b-a08e-06c14ce48f32.jpg,0,0,data/images/9e969b50-5b16-4f7b-a08e-06c14ce48f32.jpg,True,2,0.022093242,0,8,convnext_256
60dd76df-6f51-4adb-851f-6616b889e07f.jpg,0,0,data/images/60dd76df-6f51-4adb-851f-6616b889e07f.jpg,True,1,0.019914048,0,8,convnext_256
9c3dd9ab-13a4-4583-a461-8780096547f5.jpg,1,1,data/images/9c3dd9ab-13a4-4583-a461-8780096547f5.jpg,True,0,0.98692167,1,7,convnext_256
fe397aa1-34b0-4a4e-8b16-ce73342eb3f8.jpg,1,1,data/images/fe397aa1-34b0-4a4e-8b16-ce73342eb3f8.jpg,True,4,0.9507723,1,7,convnext_256
123090fa-fb48-4e74-bc53-9a60677ecb49.jpg,1,1,data/images/123090fa-fb48-4e74-bc53-9a60677ecb49.jpg,True,3,0.061752625,0,7,convnext_256
b1becce0-14b2-48be-9992-597d400fb580.jpg,1,1,data/images/b1becce0-14b2-48be-9992-597d400fb580.jpg,True,4,0.9804467,1,7,convnext_256
64dffe48-78ea-44cc-8738-4e738218dc5b.jpg,1,1,data/images/64dffe48-78ea-44cc-8738-4e738218dc5b.jpg,True,2,0.97298753,1,8,convnext_256
e12e2deb-c4e6-4c70-88ed-435474a72b7f.jpg,1,1,data/images/e12e2deb-c4e6-4c70-88ed-435474a72b7f.jpg,True,1,0.84451973,1,8,convnext_256
0201731d-f838-4f6f-a69f-878b12dd9c86.jpg,0,0,data/images/0201731d-f838-4f6f-a69f-878b12dd9c86.jpg,True,0,0.38399866,0,7,convnext_256
ce3a2e6e-ca30-4cca-a445-2719e4a1c8b0.jpg,1,1,data/images/ce3a2e6e-ca30-4cca-a445-2719e4a1c8b0.jpg,True,3,0.9809785,1,7,convnext_256
32f894b6-3689-4a1b-9703-adb8b90681ab.jpg,0,0,data/images/32f894b6-3689-4a1b-9703-adb8b90681ab.jpg,True,2,0.032988805,0,8,convnext_256
20af51f3-cef5-407c-9756-17bd0f9fa00b.jpg,1,1,data/images/20af51f3-cef5-407c-9756-17bd0f9fa00b.jpg,True,4,0.75636214,1,7,convnext_256
96a082f5-b9f2-4a06-8ae8-677808b592ea.jpg,0,0,data/images/96a082f5-b9f2-4a06-8ae8-677808b592ea.jpg,True,1,0.02930577,0,8,convnext_256
7f1eaea1-fe4d-4e8d-9a11-fde1d30533c6.jpg,1,1,data/images/7f1eaea1-fe4d-4e8d-9a11-fde1d30533c6.jpg,True,0,0.9590725,1,7,convnext_256
a0c5838d-b68a-4cbb-9a26-718e41b8e848.jpg,1,1,data/images/a0c5838d-b68a-4cbb-9a26-718e41b8e848.jpg,True,3,0.9889208,1,7,convnext_256
1a9feaca-5459-40d9-9c0f-b1626a8d19ef.jpg,0,0,data/images/1a9feaca-5459-40d9-9c0f-b1626a8d19ef.jpg,True,2,0.018981438,0,8,convnext_256
999065a7-0198-466a-a34d-8792044f201f.jpg,1,1,data/images/999065a7-0198-466a-a34d-8792044f201f.jpg,True,1,0.107340254,0,8,convnext_256
5591329d-c14f-4133-a494-8bc19b758ad2.jpg,0,0,data/images/5591329d-c14f-4133-a494-8bc19b758ad2.jpg,True,0,0.018241625,0,7,convnext_256
d804df34-81e8-4c27-a809-f8234baf94ad.jpg,0,0,data/images/d804df34-81e8-4c27-a809-f8234baf94ad.jpg,True,4,0.01925198,0,7,convnext_256
0c7332c2-c61f-4703-ab98-d0e4044d9b07.jpg,0,0,data/images/0c7332c2-c61f-4703-ab98-d0e4044d9b07.jpg,True,3,0.02257979,0,7,convnext_256
e458253d-1133-40c2-abbf-64afd5d1aaf0.jpg,0,0,data/images/e458253d-1133-40c2-abbf-64afd5d1aaf0.jpg,True,3,0.030332388,0,7,convnext_256
b38101a1-9036-4d29-9ef7-ec5510f122cf.jpg,1,1,data/images/b38101a1-9036-4d29-9ef7-ec5510f122cf.jpg,True,2,0.9735363,1,8,convnext_256
de3b55e0-933b-4f36-b7ed-522cdeb50960.jpg,0,0,data/images/de3b55e0-933b-4f36-b7ed-522cdeb50960.jpg,True,0,0.95086896,1,7,convnext_256
7f5af45b-db8f-499f-b320-913b7209a401.jpg,1,1,data/images/7f5af45b-db8f-499f-b320-913b7209a401.jpg,True,4,0.9746917,1,7,convnext_256
ad61dfb8-f86b-43e3-94fa-309366004791.jpg,0,0,data/images/ad61dfb8-f86b-43e3-94fa-309366004791.jpg,True,1,0.012568322,0,8,convnext_256
d1d9975a-ab42-465e-aee5-3a432a2c374a.jpg,1,1,data/images/d1d9975a-ab42-465e-aee5-3a432a2c374a.jpg,True,2,0.9875793,1,8,convnext_256
59634f1a-90ae-46c5-89d2-64679051832a.jpg,0,0,data/images/59634f1a-90ae-46c5-89d2-64679051832a.jpg,True,4,0.02429238,0,7,convnext_256
84791b37-fe9d-4b7a-ac9a-e908914cdc89.jpg,1,1,data/images/84791b37-fe9d-4b7a-ac9a-e908914cdc89.jpg,True,1,0.97941816,1,8,convnext_256
0d04d10e-7445-4fcd-87bb-12dba3531a39.jpg,1,1,data/images/0d04d10e-7445-4fcd-87bb-12dba3531a39.jpg,True,3,0.98185927,1,7,convnext_256
4630a99a-041b-4e52-adb0-a6efdf286705.jpg,0,0,data/images/4630a99a-041b-4e52-adb0-a6efdf286705.jpg,True,0,0.03294957,0,7,convnext_256
36b53c66-2e63-43f7-adde-8ecde887aeb8.jpg,0,0,data/images/36b53c66-2e63-43f7-adde-8ecde887aeb8.jpg,True,2,0.010189625,0,8,convnext_256
16570736-4482-457c-8e50-9429a0e1f03c.jpg,1,1,data/images/16570736-4482-457c-8e50-9429a0e1f03c.jpg,True,1,0.9715066,1,8,convnext_256
1d656a52-a34d-46aa-a29d-dc93d6663765.jpg,0,0,data/images/1d656a52-a34d-46aa-a29d-dc93d6663765.jpg,True,0,0.025254313,0,7,convnext_256
07e7420b-4512-475b-af29-6d25282f11e8.jpg,1,1,data/images/07e7420b-4512-475b-af29-6d25282f11e8.jpg,True,4,0.98995996,1,7,convnext_256
ef05c726-7e7d-43a1-af1b-3eede841b5e5.jpg,1,1,data/images/ef05c726-7e7d-43a1-af1b-3eede841b5e5.jpg,True,3,0.98185205,1,7,convnext_256
ee292b83-02c1-4a58-b4f3-4f567d1eb0b0.jpg,1,1,data/images/ee292b83-02c1-4a58-b4f3-4f567d1eb0b0.jpg,True,2,0.9673195,1,8,convnext_256
7582e17c-1937-4624-8770-cc50441d0d26.jpg,0,0,data/images/7582e17c-1937-4624-8770-cc50441d0d26.jpg,True,3,0.28276238,0,7,convnext_256
be1f7893-6ce5-4408-9c86-878aabee9189.jpg,0,0,data/images/be1f7893-6ce5-4408-9c86-878aabee9189.jpg,True,0,0.10295804,0,7,convnext_256
30aa2b99-e057-4958-a5d6-f8c9cf8d2d86.jpg,1,1,data/images/30aa2b99-e057-4958-a5d6-f8c9cf8d2d86.jpg,True,4,0.9730306,1,7,convnext_256
4ef54c3e-f3cd-4c4b-999a-63b11b3c01ed.jpg,0,0,data/images/4ef54c3e-f3cd-4c4b-999a-63b11b3c01ed.jpg,True,1,0.029628428,0,8,convnext_256
3769adfc-d710-41ca-b731-034f539425a2.jpg,1,1,data/images/3769adfc-d710-41ca-b731-034f539425a2.jpg,True,1,0.97132844,1,8,convnext_256
b1aaea4b-1406-433c-80e1-2741870e1378.jpg,0,0,data/images/b1aaea4b-1406-433c-80e1-2741870e1378.jpg,True,3,0.033014268,0,7,convnext_256
87e57aac-afb5-451b-848b-caf30b2374d3.jpg,0,0,data/images/87e57aac-afb5-451b-848b-caf30b2374d3.jpg,True,4,0.04949463,0,7,convnext_256
0f04f138-2e2e-4fe1-8b07-b34f488ddc59.jpg,1,1,data/images/0f04f138-2e2e-4fe1-8b07-b34f488ddc59.jpg,True,2,0.97798616,1,8,convnext_256
88259b17-9a41-4f3b-ac69-2bfd6813f194.jpg,1,1,data/images/88259b17-9a41-4f3b-ac69-2bfd6813f194.jpg,True,0,0.7211109,1,7,convnext_256
d270163a-16a5-4449-8620-1180673a119e.jpg,0,0,data/images/d270163a-16a5-4449-8620-1180673a119e.jpg,True,0,0.015190312,0,7,convnext_256
dc37c88f-1358-49e3-94b6-5c488aeb0052.jpg,0,0,data/images/dc37c88f-1358-49e3-94b6-5c488aeb0052.jpg,True,4,0.020759873,0,7,convnext_256
e73e983e-65fd-49be-a6a9-5e1bb3a73cf7.jpg,1,1,data/images/e73e983e-65fd-49be-a6a9-5e1bb3a73cf7.jpg,True,1,0.93816257,1,8,convnext_256
5ef4e09d-6687-4333-8a4f-6c228538c65f.jpg,1,1,data/images/5ef4e09d-6687-4333-8a4f-6c228538c65f.jpg,True,3,0.7201753,1,7,convnext_256
9f930d0b-83bc-43c8-8be8-6ffd29efb722.jpg,1,1,data/images/9f930d0b-83bc-43c8-8be8-6ffd29efb722.jpg,True,2,0.95481527,1,8,convnext_256
47d4ee03-dc34-4efa-812a-1ce229d560ff.jpg,0,0,data/images/47d4ee03-dc34-4efa-812a-1ce229d560ff.jpg,True,0,0.015866732,0,7,convnext_256
4a82a7d2-98dd-4323-8ae4-7c0f91fbe889.jpg,1,1,data/images/4a82a7d2-98dd-4323-8ae4-7c0f91fbe889.jpg,True,4,0.8995051,1,7,convnext_256
5a4c9e35-188f-472b-a427-317b9c7923f7.jpg,1,1,data/images/5a4c9e35-188f-472b-a427-317b9c7923f7.jpg,True,1,0.97539175,1,8,convnext_256
d98c9323-531a-4ca3-abb7-77e78e0d1a54.jpg,0,0,data/images/d98c9323-531a-4ca3-abb7-77e78e0d1a54.jpg,True,3,0.9682893,1,7,convnext_256
1a114300-1654-4d90-ae94-6af6e505e700.jpg,0,0,data/images/1a114300-1654-4d90-ae94-6af6e505e700.jpg,True,2,0.01937912,0,8,convnext_256
5ba955df-5822-419e-9d8f-f2d58db95416.jpg,0,0,data/images/5ba955df-5822-419e-9d8f-f2d58db95416.jpg,True,0,0.042681653,0,7,convnext_256
86203df6-28a1-4597-9986-b79860f35678.jpg,1,1,data/images/86203df6-28a1-4597-9986-b79860f35678.jpg,True,1,0.9636435,1,8,convnext_256
fd0c70b8-058b-40de-8aaa-f6577970b1d6.jpg,0,0,data/images/fd0c70b8-058b-40de-8aaa-f6577970b1d6.jpg,True,3,0.03143904,0,7,convnext_256
f7b2ca4a-6784-4733-a828-31ad5944beeb.jpg,0,0,data/images/f7b2ca4a-6784-4733-a828-31ad5944beeb.jpg,True,4,0.012696992,0,7,convnext_256
0d8ef5f8-f1bd-4542-8934-65ed078a7b46.jpg,1,1,data/images/0d8ef5f8-f1bd-4542-8934-65ed078a7b46.jpg,True,2,0.9774005,1,8,convnext_256
b3d741fd-8883-4ad6-8690-a23e7971c00e.jpg,1,1,data/images/b3d741fd-8883-4ad6-8690-a23e7971c00e.jpg,True,0,0.96966875,1,7,convnext_256
dc934272-7ab9-4cde-8f26-cc30fa252c63.jpg,0,0,data/images/dc934272-7ab9-4cde-8f26-cc30fa252c63.jpg,True,3,0.042327374,0,7,convnext_256
b9714b30-02e6-4b6f-b8e9-abf5ded6cdac.jpg,1,1,data/images/b9714b30-02e6-4b6f-b8e9-abf5ded6cdac.jpg,True,1,0.74636114,1,8,convnext_256
ead07220-5b60-4002-ab4f-35c449e7e655.jpg,0,0,data/images/ead07220-5b60-4002-ab4f-35c449e7e655.jpg,True,2,0.02565051,0,8,convnext_256
9306c7b0-ed5b-4825-b4b0-d966719afb4d.jpg,0,0,data/images/9306c7b0-ed5b-4825-b4b0-d966719afb4d.jpg,True,4,0.04817135,0,7,convnext_256
733ae187-399f-43ad-a335-45f729449dcc.jpg,0,0,data/images/733ae187-399f-43ad-a335-45f729449dcc.jpg,True,4,0.012876434,0,7,convnext_256
7a7b64f0-3b2f-44df-af52-2b4896765ee1.jpg,1,1,data/images/7a7b64f0-3b2f-44df-af52-2b4896765ee1.jpg,True,3,0.28225353,0,7,convnext_256
af60bb48-0ea0-4d54-a932-7e9bcc970d7f.jpg,1,1,data/images/af60bb48-0ea0-4d54-a932-7e9bcc970d7f.jpg,True,0,0.97496,1,7,convnext_256
110eb143-19a3-4071-acb2-970d8a68b452.jpg,0,0,data/images/110eb143-19a3-4071-acb2-970d8a68b452.jpg,True,2,0.33523,0,8,convnext_256
7805f0c3-e62e-4b71-902a-3232f605a7ec.jpg,0,0,data/images/7805f0c3-e62e-4b71-902a-3232f605a7ec.jpg,True,1,0.017210294,0,8,convnext_256
de53cf5e-a1f6-4a7d-b37a-9519f0ad0284.jpg,1,1,data/images/de53cf5e-a1f6-4a7d-b37a-9519f0ad0284.jpg,True,4,0.968745,1,7,convnext_256
900a9884-0f7f-402e-bf12-5bfc3ef5fe2a.jpg,1,1,data/images/900a9884-0f7f-402e-bf12-5bfc3ef5fe2a.jpg,True,2,0.9740239,1,8,convnext_256
f002f63b-23d4-471b-b502-3b09bcf740b4.jpg,0,0,data/images/f002f63b-23d4-471b-b502-3b09bcf740b4.jpg,True,1,0.13135028,0,8,convnext_256
e3456d82-45cb-41ba-bc7a-956c11b590d0.jpg,0,0,data/images/e3456d82-45cb-41ba-bc7a-956c11b590d0.jpg,True,0,0.040415093,0,7,convnext_256
469f264f-6939-49f4-9d5a-a398e45d470b.jpg,1,1,data/images/469f264f-6939-49f4-9d5a-a398e45d470b.jpg,True,3,0.98635733,1,7,convnext_256
0b4fb02a-6a21-4dd2-aecf-acc67fb1baab.jpg,0,0,data/images/0b4fb02a-6a21-4dd2-aecf-acc67fb1baab.jpg,True,0,0.03050448,0,7,convnext_256
2795a70e-71b5-4e56-a2e3-b99e00b5612d.jpg,1,1,data/images/2795a70e-71b5-4e56-a2e3-b99e00b5612d.jpg,True,2,0.96809644,1,8,convnext_256
64b8eaed-bf23-4cc4-a815-193c66820ea6.jpg,0,0,data/images/64b8eaed-bf23-4cc4-a815-193c66820ea6.jpg,True,4,0.02707459,0,7,convnext_256
765b898d-c49f-41ba-8332-5279f82a406e.jpg,0,0,data/images/765b898d-c49f-41ba-8332-5279f82a406e.jpg,True,1,0.06455348,0,8,convnext_256
574a50bf-a0e5-4fe3-9397-4f80c85dd7e0.jpg,0,0,data/images/574a50bf-a0e5-4fe3-9397-4f80c85dd7e0.jpg,True,3,0.48188767,0,7,convnext_256
5f13942a-a1e6-445b-a1ac-e68c2c28eb42.jpg,1,1,data/images/5f13942a-a1e6-445b-a1ac-e68c2c28eb42.jpg,True,0,0.97732645,1,7,convnext_256
fdbe4b25-9402-4756-9508-f541d918697c.jpg,0,0,data/images/fdbe4b25-9402-4756-9508-f541d918697c.jpg,True,4,0.08851155,0,7,convnext_256
5a8a7321-b26f-4d5b-ae62-cc0f5e53c43a.jpg,1,1,data/images/5a8a7321-b26f-4d5b-ae62-cc0f5e53c43a.jpg,True,2,0.9300957,1,8,convnext_256
2dfeee0b-b97d-4486-942d-527d3f2fdb7e.jpg,1,1,data/images/2dfeee0b-b97d-4486-942d-527d3f2fdb7e.jpg,True,3,0.61353236,1,7,convnext_256
0463578e-fdec-45f6-a119-61401e3999ef.jpg,0,0,data/images/0463578e-fdec-45f6-a119-61401e3999ef.jpg,True,1,0.022953449,0,8,convnext_256
79d2bf8e-ed49-4b5a-9377-a70753f4eb94.jpg,0,0,data/images/79d2bf8e-ed49-4b5a-9377-a70753f4eb94.jpg,True,0,0.12013144,0,7,convnext_256
f6d3d1cc-e3b6-461d-958c-2717eb02e947.jpg,1,1,data/images/f6d3d1cc-e3b6-461d-958c-2717eb02e947.jpg,True,3,0.08058961,0,7,convnext_256
4a85768a-62ac-4f56-ba66-20a0f910d42f.jpg,0,0,data/images/4a85768a-62ac-4f56-ba66-20a0f910d42f.jpg,True,1,0.025218168,0,8,convnext_256
0833fcba-297b-4cc6-b6ad-0c536004a3fc.jpg,0,0,data/images/0833fcba-297b-4cc6-b6ad-0c536004a3fc.jpg,True,4,0.021838395,0,7,convnext_256
dc4f23fb-e895-49b5-87cb-8742d92c7c2c.jpg,1,1,data/images/dc4f23fb-e895-49b5-87cb-8742d92c7c2c.jpg,True,2,0.98580813,1,8,convnext_256
9ac440c9-1e4f-4b4d-a515-3a1149d5a293.jpg,0,0,data/images/9ac440c9-1e4f-4b4d-a515-3a1149d5a293.jpg,True,3,0.0151458,0,7,convnext_256
63b55a82-6556-4b14-9e87-f8568e304e66.jpg,1,1,data/images/63b55a82-6556-4b14-9e87-f8568e304e66.jpg,True,0,0.96333396,1,7,convnext_256
ba942355-882d-4e9e-b29e-4e1826d1ebd1.jpg,1,1,data/images/ba942355-882d-4e9e-b29e-4e1826d1ebd1.jpg,True,4,0.9878455,1,7,convnext_256
4cce918e-8220-4171-bfd7-9f07158da829.jpg,0,0,data/images/4cce918e-8220-4171-bfd7-9f07158da829.jpg,True,2,0.07145831,0,8,convnext_256
16002d17-63a6-42f3-b7c6-68e27f781138.jpg,1,1,data/images/16002d17-63a6-42f3-b7c6-68e27f781138.jpg,True,1,0.97287184,1,8,convnext_256
19b97717-f3f4-45e9-834b-2ebcf1b0d9dd.jpg,1,1,data/images/19b97717-f3f4-45e9-834b-2ebcf1b0d9dd.jpg,True,2,0.9868442,1,8,convnext_256
10f18af6-9ff9-4804-a61b-09905a8d99c4.jpg,1,1,data/images/10f18af6-9ff9-4804-a61b-09905a8d99c4.jpg,True,3,0.108392246,0,7,convnext_256
8a5ccd45-0965-4a18-adb2-1d30a07e2841.jpg,0,0,data/images/8a5ccd45-0965-4a18-adb2-1d30a07e2841.jpg,True,4,0.022029134,0,7,convnext_256
3620eb5c-e92d-447f-91a6-36a85aba53b3.jpg,1,1,data/images/3620eb5c-e92d-447f-91a6-36a85aba53b3.jpg,True,1,0.9822776,1,8,convnext_256
230c2946-c86a-4178-8512-5628e3d5043e.jpg,0,0,data/images/230c2946-c86a-4178-8512-5628e3d5043e.jpg,True,0,0.02467536,0,7,convnext_256
1609da1d-545d-42d2-b603-85407729bd05.jpg,1,1,data/images/1609da1d-545d-42d2-b603-85407729bd05.jpg,True,2,0.9725629,1,8,convnext_256
78a86797-5a3c-4dff-903e-615661f4a5e9.jpg,1,1,data/images/78a86797-5a3c-4dff-903e-615661f4a5e9.jpg,True,1,0.98263204,1,8,convnext_256
bb08eef1-aad8-4a81-a564-64620a50a060.jpg,1,1,data/images/bb08eef1-aad8-4a81-a564-64620a50a060.jpg,True,3,0.9804952,1,7,convnext_256
45f89a38-f889-4a8d-a65a-0c01da4c37db.jpg,1,1,data/images/45f89a38-f889-4a8d-a65a-0c01da4c37db.jpg,True,0,0.97656006,1,7,convnext_256
d73fb06c-3955-48d3-9f1a-403338c7d80b.jpg,1,1,data/images/d73fb06c-3955-48d3-9f1a-403338c7d80b.jpg,True,4,0.23021854,0,7,convnext_256
80dbbce3-d770-4e4a-894d-5b8c6f9fd5fb.jpg,0,0,data/images/80dbbce3-d770-4e4a-894d-5b8c6f9fd5fb.jpg,True,3,0.91146064,1,7,convnext_256
396f4836-2747-4840-b956-03fb781b3439.jpg,0,0,data/images/396f4836-2747-4840-b956-03fb781b3439.jpg,True,2,0.059250746,0,8,convnext_256
95f95c7e-4c06-414c-bb6f-b38a91859d3e.jpg,0,0,data/images/95f95c7e-4c06-414c-bb6f-b38a91859d3e.jpg,True,4,0.062283985,0,7,convnext_256
4a363343-ffae-4d34-ac19-3d398975ad0f.jpg,1,1,data/images/4a363343-ffae-4d34-ac19-3d398975ad0f.jpg,True,1,0.9706624,1,8,convnext_256
e6c65cee-70c5-4ff2-a1b1-3601a3e2048b.jpg,0,0,data/images/e6c65cee-70c5-4ff2-a1b1-3601a3e2048b.jpg,True,0,0.94610214,1,7,convnext_256
e989701c-007a-4b09-b101-6a418850b0f0.jpg,1,1,data/images/e989701c-007a-4b09-b101-6a418850b0f0.jpg,True,3,0.98488253,1,7,convnext_256
5de6d662-602f-49cb-88dd-b6be62dcb0f2.jpg,0,0,data/images/5de6d662-602f-49cb-88dd-b6be62dcb0f2.jpg,True,2,0.017304441,0,8,convnext_256
5ba318b6-43c8-42be-9ce5-7b9de800f89a.jpg,1,1,data/images/5ba318b6-43c8-42be-9ce5-7b9de800f89a.jpg,True,4,0.7952451,1,7,convnext_256
5d86767e-f5d0-483e-bd45-ecce4a9c93a8.jpg,0,0,data/images/5d86767e-f5d0-483e-bd45-ecce4a9c93a8.jpg,True,1,0.06296175,0,8,convnext_256
0c36dcf2-9308-48e2-8f6a-160dc3499f36.jpg,1,1,data/images/0c36dcf2-9308-48e2-8f6a-160dc3499f36.jpg,True,0,0.37175325,0,7,convnext_256
be0903b7-4982-4b59-8268-6ebe7b83ea0e.jpg,0,0,data/images/be0903b7-4982-4b59-8268-6ebe7b83ea0e.jpg,True,4,0.019992663,0,7,convnext_256
9bd4e0a5-85ae-4f8b-afa2-cfd731d4bc2e.jpg,1,1,data/images/9bd4e0a5-85ae-4f8b-afa2-cfd731d4bc2e.jpg,True,0,0.9822771,1,7,convnext_256
9e119787-9831-480b-9888-6e93c33161d8.jpg,0,0,data/images/9e119787-9831-480b-9888-6e93c33161d8.jpg,True,1,0.11578021,0,8,convnext_256
dd5a2684-f9b0-4b88-91b1-8e8588e970f1.jpg,1,1,data/images/dd5a2684-f9b0-4b88-91b1-8e8588e970f1.jpg,True,2,0.9226584,1,8,convnext_256
369fee9d-31f7-4b2d-a421-4ea05caf05a9.jpg,0,0,data/images/369fee9d-31f7-4b2d-a421-4ea05caf05a9.jpg,True,3,0.026704125,0,7,convnext_256
0a54a103-d613-403f-a49c-f6e361abfffd.jpg,0,0,data/images/0a54a103-d613-403f-a49c-f6e361abfffd.jpg,True,1,0.03998921,0,8,convnext_256
bddbaec9-1f5d-4516-8df5-bf03e2366242.jpg,1,1,data/images/bddbaec9-1f5d-4516-8df5-bf03e2366242.jpg,True,2,0.9789924,1,8,convnext_256
baac543b-7519-40b4-9869-3f8145247d30.jpg,1,1,data/images/baac543b-7519-40b4-9869-3f8145247d30.jpg,True,3,0.47857744,0,7,convnext_256
88fafa53-455a-4fdf-9109-b471d049cc3b.jpg,0,0,data/images/88fafa53-455a-4fdf-9109-b471d049cc3b.jpg,True,0,0.038933765,0,7,convnext_256
5296ba21-7819-4c5a-938d-845a5ed8028d.jpg,1,1,data/images/5296ba21-7819-4c5a-938d-845a5ed8028d.jpg,True,4,0.9360143,1,7,convnext_256
29182626-658d-4a74-ab46-50fe48a9a386.jpg,1,1,data/images/29182626-658d-4a74-ab46-50fe48a9a386.jpg,True,4,0.9449027,1,7,convnext_256
d9ec04e5-c89a-4653-a697-38254307cac1.jpg,0,0,data/images/d9ec04e5-c89a-4653-a697-38254307cac1.jpg,True,1,0.02515631,0,8,convnext_256
5434f639-5e5b-4b9f-9c6d-0ed134767121.jpg,0,0,data/images/5434f639-5e5b-4b9f-9c6d-0ed134767121.jpg,True,2,0.023601724,0,8,convnext_256
a8c78017-c281-4f44-9ca7-d7f8b5a483b8.jpg,0,0,data/images/a8c78017-c281-4f44-9ca7-d7f8b5a483b8.jpg,True,3,0.047180183,0,7,convnext_256
bb8ae99a-36b5-420e-91a6-4e39cc2e8099.jpg,0,0,data/images/bb8ae99a-36b5-420e-91a6-4e39cc2e8099.jpg,True,0,0.9792667,1,7,convnext_256
abc209ab-a621-4983-bcd9-e43321c9177d.jpg,0,0,data/images/abc209ab-a621-4983-bcd9-e43321c9177d.jpg,True,3,0.06458616,0,7,convnext_256
5fb823e3-70b5-49fe-947b-7701b9cb8440.jpg,0,0,data/images/5fb823e3-70b5-49fe-947b-7701b9cb8440.jpg,True,4,0.34525985,0,7,convnext_256
01708295-5d84-4b53-8070-03dd22ed3838.jpg,0,0,data/images/01708295-5d84-4b53-8070-03dd22ed3838.jpg,True,0,0.96812916,1,7,convnext_256
3d766dfd-9dd9-4704-b1b4-224ecda067a1.jpg,0,0,data/images/3d766dfd-9dd9-4704-b1b4-224ecda067a1.jpg,True,2,0.9517097,1,8,convnext_256
8ac4bfb4-deca-48ca-aed7-4905152851cd.jpg,0,0,data/images/8ac4bfb4-deca-48ca-aed7-4905152851cd.jpg,True,1,0.012496518,0,8,convnext_256
c3fb1e1e-30e3-43c6-89d7-e27318ed6363.jpg,0,0,data/images/c3fb1e1e-30e3-43c6-89d7-e27318ed6363.jpg,True,2,0.01420591,0,8,convnext_256
9bf5c2fa-9436-4f50-8c51-68b9525fbce0.jpg,1,1,data/images/9bf5c2fa-9436-4f50-8c51-68b9525fbce0.jpg,True,4,0.96184266,1,7,convnext_256
489c7a77-65d4-4bd8-bd08-08b72c374d43.jpg,1,1,data/images/489c7a77-65d4-4bd8-bd08-08b72c374d43.jpg,True,1,0.97854143,1,8,convnext_256
032a87c2-dbd7-402b-b218-27787a063333.jpg,1,1,data/images/032a87c2-dbd7-402b-b218-27787a063333.jpg,True,0,0.9548645,1,7,convnext_256
6b2b1f56-60bb-44b3-8b77-27f0e4e01600.jpg,0,0,data/images/6b2b1f56-60bb-44b3-8b77-27f0e4e01600.jpg,True,3,0.035371985,0,7,convnext_256
be01bd9b-adee-44f9-b48b-346e09442e03.jpg,0,0,data/images/be01bd9b-adee-44f9-b48b-346e09442e03.jpg,True,2,0.017523682,0,8,convnext_256
6d6f5e9f-d82e-4a2f-b755-e57ea46896c6.jpg,1,1,data/images/6d6f5e9f-d82e-4a2f-b755-e57ea46896c6.jpg,True,4,0.97407293,1,7,convnext_256
6ad4974b-b5d7-4b9f-9fa8-086d0756affd.jpg,0,0,data/images/6ad4974b-b5d7-4b9f-9fa8-086d0756affd.jpg,True,1,0.8813195,1,8,convnext_256
24d47930-8ab1-4425-ba77-c436c0188d01.jpg,0,0,data/images/24d47930-8ab1-4425-ba77-c436c0188d01.jpg,True,3,0.10209981,0,7,convnext_256
ee0ddd00-9342-493e-af29-43520bcdeb7c.jpg,0,0,data/images/ee0ddd00-9342-493e-af29-43520bcdeb7c.jpg,True,0,0.023631439,0,7,convnext_256
98a5aa01-3bd4-42e6-ba36-3da8f6a45840.jpg,1,1,data/images/98a5aa01-3bd4-42e6-ba36-3da8f6a45840.jpg,True,2,0.9660917,1,8,convnext_256
a122d2bf-63e7-4f4b-8e93-4b41e2940bce.jpg,0,0,data/images/a122d2bf-63e7-4f4b-8e93-4b41e2940bce.jpg,True,1,0.034180205,0,8,convnext_256
2108d651-83d4-4763-bb0a-344ebe96f871.jpg,1,1,data/images/2108d651-83d4-4763-bb0a-344ebe96f871.jpg,True,4,0.97447646,1,7,convnext_256
84452947-b60a-4b22-8abf-0de9afa55b52.jpg,0,0,data/images/84452947-b60a-4b22-8abf-0de9afa55b52.jpg,True,0,0.17142318,0,7,convnext_256
187e6598-3630-4dde-8e5b-4fca8de749cb.jpg,1,1,data/images/187e6598-3630-4dde-8e5b-4fca8de749cb.jpg,True,3,0.979818,1,7,convnext_256
f9ea0b09-b9ba-425c-b6ab-2e9bc145b9eb.jpg,1,1,data/images/f9ea0b09-b9ba-425c-b6ab-2e9bc145b9eb.jpg,True,4,0.9741771,1,7,convnext_256
1e3a60fb-fe88-4eab-993f-65e312f285e8.jpg,0,0,data/images/1e3a60fb-fe88-4eab-993f-65e312f285e8.jpg,True,1,0.02434277,0,8,convnext_256
cf61b4f6-3392-4199-ad38-e752a4091abf.jpg,0,0,data/images/cf61b4f6-3392-4199-ad38-e752a4091abf.jpg,True,2,0.5392237,1,8,convnext_256
fd71ea46-c3e5-43ab-a8a8-a8c3ac66a566.jpg,1,1,data/images/fd71ea46-c3e5-43ab-a8a8-a8c3ac66a566.jpg,True,3,0.9758641,1,7,convnext_256
a5c6a16b-79d2-400e-b66d-c2283074272a.jpg,0,0,data/images/a5c6a16b-79d2-400e-b66d-c2283074272a.jpg,True,0,0.09000323,0,7,convnext_256
c76fa7dc-da71-4291-8809-4fa7423d27cd.jpg,0,0,data/images/c76fa7dc-da71-4291-8809-4fa7423d27cd.jpg,True,0,0.56635785,1,7,convnext_256
7c3cf0a7-50b8-4e2a-ab78-3bef791d234e.jpg,0,0,data/images/7c3cf0a7-50b8-4e2a-ab78-3bef791d234e.jpg,True,1,0.022093903,0,8,convnext_256
aa479f14-b7a2-49c0-8a53-7e13d0bcf00e.jpg,1,1,data/images/aa479f14-b7a2-49c0-8a53-7e13d0bcf00e.jpg,True,4,0.9656241,1,7,convnext_256
2be6d5cc-16a3-4935-8c59-809f157d3152.jpg,0,0,data/images/2be6d5cc-16a3-4935-8c59-809f157d3152.jpg,True,3,0.95946956,1,7,convnext_256
13684705-3e6d-4314-8909-f81a81f4d155.jpg,0,0,data/images/13684705-3e6d-4314-8909-f81a81f4d155.jpg,True,2,0.11982578,0,8,convnext_256
fe18be6d-0d99-4f6d-99fa-b4026dd6f98e.jpg,1,1,data/images/fe18be6d-0d99-4f6d-99fa-b4026dd6f98e.jpg,True,2,0.9604649,1,8,convnext_256
aa1a2eb5-d11e-48eb-b960-d4c4fbaf9ce5.jpg,1,1,data/images/aa1a2eb5-d11e-48eb-b960-d4c4fbaf9ce5.jpg,True,0,0.9836754,1,7,convnext_256
fb0d20f8-24f9-4a75-951c-5f6c5d2b64ae.jpg,1,1,data/images/fb0d20f8-24f9-4a75-951c-5f6c5d2b64ae.jpg,True,4,0.9801635,1,7,convnext_256
09b4ccbe-a88a-4ae4-945f-e2b5d5ef8971.jpg,0,0,data/images/09b4ccbe-a88a-4ae4-945f-e2b5d5ef8971.jpg,True,3,0.018719198,0,7,convnext_256
e0eea8b5-04f9-4b07-b443-7a7629c38679.jpg,0,0,data/images/e0eea8b5-04f9-4b07-b443-7a7629c38679.jpg,True,1,0.28666884,0,8,convnext_256
41496774-b1f3-48f3-aa66-9c7f7eb16d04.jpg,0,0,data/images/41496774-b1f3-48f3-aa66-9c7f7eb16d04.jpg,True,4,0.22186287,0,7,convnext_256
a46ae6e3-a6b3-46ec-8477-9ab4fe9a1990.jpg,0,0,data/images/a46ae6e3-a6b3-46ec-8477-9ab4fe9a1990.jpg,True,2,0.5368448,1,8,convnext_256
cba89533-a527-417a-9178-937637ae4ff4.jpg,1,1,data/images/cba89533-a527-417a-9178-937637ae4ff4.jpg,True,3,0.98880285,1,7,convnext_256
489ae32e-fe9a-4f45-9b15-4ee67252c93e.jpg,1,1,data/images/489ae32e-fe9a-4f45-9b15-4ee67252c93e.jpg,True,0,0.8946998,1,7,convnext_256
2b28c612-d327-4829-afbb-2b7defc699e4.jpg,1,1,data/images/2b28c612-d327-4829-afbb-2b7defc699e4.jpg,True,1,0.98457575,1,8,convnext_256
bfa352d2-3d4d-4e2b-be89-840b2ff4497c.jpg,1,1,data/images/bfa352d2-3d4d-4e2b-be89-840b2ff4497c.jpg,True,1,0.9721591,1,8,convnext_256
887ea533-f56e-43f6-8bbb-dda3e68056c3.jpg,0,0,data/images/887ea533-f56e-43f6-8bbb-dda3e68056c3.jpg,True,3,0.020774744,0,7,convnext_256
8b7cdf4d-101c-446a-a1f4-c1cf4f64ceee.jpg,1,1,data/images/8b7cdf4d-101c-446a-a1f4-c1cf4f64ceee.jpg,True,0,0.9841472,1,7,convnext_256
dd5f9746-444e-4448-aef7-75c06c745879.jpg,0,0,data/images/dd5f9746-444e-4448-aef7-75c06c745879.jpg,True,2,0.08586924,0,8,convnext_256
3c581650-15a7-44f1-b76d-7e7bd1295768.jpg,0,0,data/images/3c581650-15a7-44f1-b76d-7e7bd1295768.jpg,True,4,0.019061407,0,7,convnext_256
f47a211e-7aaa-40b6-b8d2-9b742964b08a.jpg,0,0,data/images/f47a211e-7aaa-40b6-b8d2-9b742964b08a.jpg,True,3,0.96581304,1,7,convnext_256
734f313b-8883-47ee-8b2f-2b3d2633e09c.jpg,1,1,data/images/734f313b-8883-47ee-8b2f-2b3d2633e09c.jpg,True,0,0.968871,1,7,convnext_256
fc83062a-dd4d-4490-a496-9ce1dd71c020.jpg,0,0,data/images/fc83062a-dd4d-4490-a496-9ce1dd71c020.jpg,True,1,0.95394945,1,8,convnext_256
8d54001c-7061-4c6e-9fea-49feb8607790.jpg,0,0,data/images/8d54001c-7061-4c6e-9fea-49feb8607790.jpg,True,2,0.0222479,0,8,convnext_256
00bc8a95-bc51-4353-a424-908f772f6393.jpg,0,0,data/images/00bc8a95-bc51-4353-a424-908f772f6393.jpg,True,4,0.020473288,0,7,convnext_256
4f4e74f2-e332-4d93-b859-c8ef68ff6703.jpg,1,1,data/images/4f4e74f2-e332-4d93-b859-c8ef68ff6703.jpg,True,2,0.96914333,1,8,convnext_256
241bd748-7c3c-4d8e-abe1-2e8a1ae53478.jpg,0,0,data/images/241bd748-7c3c-4d8e-abe1-2e8a1ae53478.jpg,True,1,0.07014638,0,8,convnext_256
5a9b75de-dd73-460e-8a94-d1aa335e3a9a.jpg,1,1,data/images/5a9b75de-dd73-460e-8a94-d1aa335e3a9a.jpg,True,4,0.9830686,1,7,convnext_256
61455f74-16e4-4346-8bc2-d864dab328c0.jpg,0,0,data/images/61455f74-16e4-4346-8bc2-d864dab328c0.jpg,True,0,0.012153375,0,7,convnext_256
2820c95a-f7ad-4e6c-917e-6b532e44fa3d.jpg,1,1,data/images/2820c95a-f7ad-4e6c-917e-6b532e44fa3d.jpg,True,3,0.82121235,1,7,convnext_256
d75d7dec-5be3-4319-8fa7-fdaf73b3d649.jpg,0,0,data/images/d75d7dec-5be3-4319-8fa7-fdaf73b3d649.jpg,True,2,0.9775,1,8,convnext_256
6798a6a5-06e5-4b0c-ae87-3e4820c33fc3.jpg,0,0,data/images/6798a6a5-06e5-4b0c-ae87-3e4820c33fc3.jpg,True,3,0.02083677,0,7,convnext_256
a132a413-e7a6-45ab-8ccc-b866d6eae77d.jpg,1,1,data/images/a132a413-e7a6-45ab-8ccc-b866d6eae77d.jpg,True,1,0.5025592,1,8,convnext_256
02cfc65e-acab-4d9f-ab54-b55215535acf.jpg,1,1,data/images/02cfc65e-acab-4d9f-ab54-b55215535acf.jpg,True,4,0.8484672,1,7,convnext_256
ef76d1cc-ae97-4e18-bd07-eb3fcdfea604.jpg,1,1,data/images/ef76d1cc-ae97-4e18-bd07-eb3fcdfea604.jpg,True,0,0.9753052,1,7,convnext_256
ae42e1b1-4c0a-4a09-8624-b5ff03ae5c9e.jpg,1,1,data/images/ae42e1b1-4c0a-4a09-8624-b5ff03ae5c9e.jpg,True,4,0.97528344,1,7,convnext_256
2dc98811-8a29-414d-8285-168782e1e871.jpg,0,0,data/images/2dc98811-8a29-414d-8285-168782e1e871.jpg,True,3,0.018014321,0,7,convnext_256
6b1f5a58-aba8-46df-8a77-9a6fa3261b71.jpg,0,0,data/images/6b1f5a58-aba8-46df-8a77-9a6fa3261b71.jpg,True,1,0.46755454,0,8,convnext_256
3da61004-656b-458f-a71c-318f131e4c75.jpg,1,1,data/images/3da61004-656b-458f-a71c-318f131e4c75.jpg,True,2,0.9716519,1,8,convnext_256
2d335549-7e1f-45fd-bc1c-3202dd0b5fe6.jpg,1,1,data/images/2d335549-7e1f-45fd-bc1c-3202dd0b5fe6.jpg,True,0,0.9915193,1,7,convnext_256
72a4cf82-cfcf-470e-9cf9-793cd87de1ba.jpg,1,1,data/images/72a4cf82-cfcf-470e-9cf9-793cd87de1ba.jpg,True,1,0.97672427,1,8,convnext_256
4ca6ce39-1b46-4cdb-9ce2-3e3f31cf75ee.jpg,1,1,data/images/4ca6ce39-1b46-4cdb-9ce2-3e3f31cf75ee.jpg,True,3,0.9541181,1,7,convnext_256
3df32ed1-5382-4f29-b8c3-e866e9677d1f.jpg,1,1,data/images/3df32ed1-5382-4f29-b8c3-e866e9677d1f.jpg,True,4,0.971863,1,7,convnext_256
b2887e31-fdbb-42e6-b3a1-272e2b9c12be.jpg,1,1,data/images/b2887e31-fdbb-42e6-b3a1-272e2b9c12be.jpg,True,0,0.96784896,1,7,convnext_256
eecabb83-0874-4d11-a31c-685098b9d918.jpg,0,0,data/images/eecabb83-0874-4d11-a31c-685098b9d918.jpg,True,2,0.5731533,1,8,convnext_256
9f23acb3-b172-4f4a-86aa-59d1d6819147.jpg,1,1,data/images/9f23acb3-b172-4f4a-86aa-59d1d6819147.jpg,True,1,0.977357,1,8,convnext_256
384a8da7-36fe-4eb1-887f-142d0d30a0cf.jpg,1,1,data/images/384a8da7-36fe-4eb1-887f-142d0d30a0cf.jpg,True,4,0.95467174,1,7,convnext_256
6c686832-8f93-4094-9caf-05b4b8cd0810.jpg,0,0,data/images/6c686832-8f93-4094-9caf-05b4b8cd0810.jpg,True,2,0.61367774,1,8,convnext_256
c12fef3d-fe83-4418-95e8-7b12d758e70d.jpg,0,0,data/images/c12fef3d-fe83-4418-95e8-7b12d758e70d.jpg,True,3,0.08149524,0,7,convnext_256
6e6ed7a1-8c39-4b0f-be5e-709c9747a922.jpg,1,1,data/images/6e6ed7a1-8c39-4b0f-be5e-709c9747a922.jpg,True,0,0.08097573,0,7,convnext_256
76fd6286-28d0-4023-a7f7-0e3d0eec4be9.jpg,0,0,data/images/76fd6286-28d0-4023-a7f7-0e3d0eec4be9.jpg,True,3,0.030954253,0,7,convnext_256
6cb25ecd-e376-48da-9128-31a465a15ad4.jpg,0,0,data/images/6cb25ecd-e376-48da-9128-31a465a15ad4.jpg,True,2,0.53152776,1,8,convnext_256
789ff59d-1b9d-4c23-8b63-b338fe131d78.jpg,1,1,data/images/789ff59d-1b9d-4c23-8b63-b338fe131d78.jpg,True,1,0.9730252,1,8,convnext_256
e3e49b79-00a0-4852-9c8a-601dff07aa86.jpg,0,0,data/images/e3e49b79-00a0-4852-9c8a-601dff07aa86.jpg,True,4,0.014728587,0,7,convnext_256
54d46328-af94-47c7-80de-0c51e97770c5.jpg,1,1,data/images/54d46328-af94-47c7-80de-0c51e97770c5.jpg,True,0,0.97699475,1,7,convnext_256
513f1e3a-192c-423a-af20-9f896e7c2fb5.jpg,0,0,data/images/513f1e3a-192c-423a-af20-9f896e7c2fb5.jpg,True,0,0.041985843,0,7,convnext_256
238933e0-0882-4ed2-8705-3a4d8a1d02b5.jpg,1,1,data/images/238933e0-0882-4ed2-8705-3a4d8a1d02b5.jpg,True,2,0.8992255,1,8,convnext_256
5bd76c9f-57ea-48ef-8b72-2621e011bbe0.jpg,0,0,data/images/5bd76c9f-57ea-48ef-8b72-2621e011bbe0.jpg,True,1,0.02237287,0,8,convnext_256
a3b64ab9-61db-4800-babd-1e5a271913ed.jpg,1,1,data/images/a3b64ab9-61db-4800-babd-1e5a271913ed.jpg,True,3,0.9754269,1,7,convnext_256
ee61acdf-2aad-4f72-9a96-f3fa50920c1f.jpg,1,1,data/images/ee61acdf-2aad-4f72-9a96-f3fa50920c1f.jpg,True,4,0.983727,1,7,convnext_256
c2b22956-ef57-4140-9c3c-66c40763dec9.jpg,0,0,data/images/c2b22956-ef57-4140-9c3c-66c40763dec9.jpg,True,3,0.015980637,0,7,convnext_256
11d3878a-c67e-4942-b325-fbbf5a219f2d.jpg,1,1,data/images/11d3878a-c67e-4942-b325-fbbf5a219f2d.jpg,True,2,0.987479,1,8,convnext_256
61ef197c-209b-4582-af55-941ca0064374.jpg,0,0,data/images/61ef197c-209b-4582-af55-941ca0064374.jpg,True,0,0.93665224,1,7,convnext_256
98cb6f89-bc7d-49e9-9969-0aa043f976a3.jpg,0,0,data/images/98cb6f89-bc7d-49e9-9969-0aa043f976a3.jpg,True,4,0.08065218,0,7,convnext_256
bfc09a8e-d4dd-49a9-b9cd-03afb2866d08.jpg,1,1,data/images/bfc09a8e-d4dd-49a9-b9cd-03afb2866d08.jpg,True,1,0.9618363,1,8,convnext_256
99a6094e-a8b5-4d1b-8255-88ed9ee270ea.jpg,1,1,data/images/99a6094e-a8b5-4d1b-8255-88ed9ee270ea.jpg,True,2,0.21645695,0,8,convnext_256
ee1134b9-1c9f-4fc6-bbea-4778c73e8791.jpg,0,0,data/images/ee1134b9-1c9f-4fc6-bbea-4778c73e8791.jpg,True,3,0.09184349,0,7,convnext_256
8f6304fa-0fd9-42e7-b8d3-bd0ffad01ac0.jpg,1,1,data/images/8f6304fa-0fd9-42e7-b8d3-bd0ffad01ac0.jpg,True,4,0.9868847,1,7,convnext_256
263e7cb7-f38b-48ab-90fd-47a208777a06.jpg,1,1,data/images/263e7cb7-f38b-48ab-90fd-47a208777a06.jpg,True,0,0.97545165,1,7,convnext_256
f684d59b-815f-4dd7-94d1-967623c3c23e.jpg,0,0,data/images/f684d59b-815f-4dd7-94d1-967623c3c23e.jpg,True,1,0.11323875,0,8,convnext_256
aeb8a9c9-626f-4dbd-a12f-5eaca751372f.jpg,0,0,data/images/aeb8a9c9-626f-4dbd-a12f-5eaca751372f.jpg,True,4,0.027400756,0,7,convnext_256
ab5e57ab-25d4-4fc7-a1e7-c707b90ce610.jpg,0,0,data/images/ab5e57ab-25d4-4fc7-a1e7-c707b90ce610.jpg,True,3,0.016537877,0,7,convnext_256
ba8e2a8a-57bd-459d-809f-9ad298c87276.jpg,0,0,data/images/ba8e2a8a-57bd-459d-809f-9ad298c87276.jpg,True,0,0.018594217,0,7,convnext_256
e8dbe49a-49f0-4928-8b30-3f8d793b96fe.jpg,0,0,data/images/e8dbe49a-49f0-4928-8b30-3f8d793b96fe.jpg,True,1,0.10529307,0,8,convnext_256
3bd41693-49df-4483-b784-8f52ff9ac1c2.jpg,0,0,data/images/3bd41693-49df-4483-b784-8f52ff9ac1c2.jpg,True,2,0.020599173,0,8,convnext_256
5a034686-f475-405f-bef1-cd7e401913b0.jpg,1,1,data/images/5a034686-f475-405f-bef1-cd7e401913b0.jpg,True,0,0.9793778,1,7,convnext_256
82c72152-77fd-45de-83b9-8caf4936ef6f.jpg,1,1,data/images/82c72152-77fd-45de-83b9-8caf4936ef6f.jpg,True,3,0.96105677,1,7,convnext_256
1b2c2cce-5818-4cfb-8907-10c39d8ac0d4.jpg,0,0,data/images/1b2c2cce-5818-4cfb-8907-10c39d8ac0d4.jpg,True,4,0.22096509,0,7,convnext_256
c27c6c60-22d8-4ea0-a558-90ff54e8feed.jpg,1,1,data/images/c27c6c60-22d8-4ea0-a558-90ff54e8feed.jpg,True,1,0.9181634,1,8,convnext_256
01bc49c1-c1cc-4eb9-9b3a-5153c9953fbb.jpg,1,1,data/images/01bc49c1-c1cc-4eb9-9b3a-5153c9953fbb.jpg,True,2,0.9761914,1,8,convnext_256
a8c8e3d6-3ac5-4337-870f-6c9be27e63e5.jpg,0,0,data/images/a8c8e3d6-3ac5-4337-870f-6c9be27e63e5.jpg,True,1,0.20660457,0,8,convnext_256
8acd79cc-a567-497b-a7d6-15c07f1770b4.jpg,1,1,data/images/8acd79cc-a567-497b-a7d6-15c07f1770b4.jpg,True,3,0.97719896,1,7,convnext_256
b12b4666-ddd0-41f6-90af-951ce3564e20.jpg,0,0,data/images/b12b4666-ddd0-41f6-90af-951ce3564e20.jpg,True,0,0.018677255,0,7,convnext_256
5f44ee55-ca09-47e0-9bd4-f18a210fb2ab.jpg,1,1,data/images/5f44ee55-ca09-47e0-9bd4-f18a210fb2ab.jpg,True,2,0.97337604,1,8,convnext_256
4f0e5a17-341b-45fc-9025-2837f1832ea3.jpg,0,0,data/images/4f0e5a17-341b-45fc-9025-2837f1832ea3.jpg,True,4,0.4050372,0,7,convnext_256
91eb7e7b-d3f5-42d1-a910-3577bc7978f3.jpg,0,0,data/images/91eb7e7b-d3f5-42d1-a910-3577bc7978f3.jpg,True,4,0.041127197,0,7,convnext_256
5eff189b-c4fe-4139-82a1-bcdcbe19c35e.jpg,1,1,data/images/5eff189b-c4fe-4139-82a1-bcdcbe19c35e.jpg,True,0,0.9789823,1,7,convnext_256
426cc3df-34a1-41f9-8eda-d584ccc92921.jpg,0,0,data/images/426cc3df-34a1-41f9-8eda-d584ccc92921.jpg,True,3,0.022569139,0,7,convnext_256
b75975f0-2702-4088-a230-0378b28fd79b.jpg,1,1,data/images/b75975f0-2702-4088-a230-0378b28fd79b.jpg,True,1,0.9810647,1,8,convnext_256
acc38d72-b217-4b15-bfa3-578f97571d77.jpg,1,1,data/images/acc38d72-b217-4b15-bfa3-578f97571d77.jpg,True,2,0.9620566,1,8,convnext_256
de9b1ed1-c801-483c-b787-0416fe633534.jpg,0,0,data/images/de9b1ed1-c801-483c-b787-0416fe633534.jpg,True,4,0.06765894,0,7,convnext_256
25129d1a-eaea-4943-8ae4-db77b44a2d7f.jpg,0,0,data/images/25129d1a-eaea-4943-8ae4-db77b44a2d7f.jpg,True,3,0.030689219,0,7,convnext_256
59659b70-e204-4699-ba6e-e1d10a9d0607.jpg,0,0,data/images/59659b70-e204-4699-ba6e-e1d10a9d0607.jpg,True,0,0.07533997,0,7,convnext_256
c32f0f60-0519-4cc0-9acb-ab9cd76e13e0.jpg,1,1,data/images/c32f0f60-0519-4cc0-9acb-ab9cd76e13e0.jpg,True,2,0.96480167,1,8,convnext_256
5c647d62-6121-48b4-952f-41c1c528f814.jpg,0,0,data/images/5c647d62-6121-48b4-952f-41c1c528f814.jpg,True,1,0.022125138,0,8,convnext_256
701f9823-adac-43da-afca-03eab2d5bf47.jpg,1,1,data/images/701f9823-adac-43da-afca-03eab2d5bf47.jpg,True,4,0.9737067,1,7,convnext_256
5fd67aa8-eb5c-4732-99ec-c835ba08bbf4.jpg,0,0,data/images/5fd67aa8-eb5c-4732-99ec-c835ba08bbf4.jpg,True,3,0.779756,1,7,convnext_256
819a9c68-ec21-4f2c-b2d6-7353876a8e42.jpg,0,0,data/images/819a9c68-ec21-4f2c-b2d6-7353876a8e42.jpg,True,0,0.025211668,0,7,convnext_256
8e418626-6fbc-4fc1-9344-4e1e5cfbe62b.jpg,0,0,data/images/8e418626-6fbc-4fc1-9344-4e1e5cfbe62b.jpg,True,2,0.09630195,0,8,convnext_256
0b428239-4b91-4a03-b5f1-978b3a8a0ab1.jpg,0,0,data/images/0b428239-4b91-4a03-b5f1-978b3a8a0ab1.jpg,True,1,0.04117984,0,8,convnext_256
4b8734f9-a864-433b-a022-cbe3fd74f876.jpg,1,1,data/images/4b8734f9-a864-433b-a022-cbe3fd74f876.jpg,True,0,0.9750318,1,7,convnext_256
8e6c3dfb-5fcb-4b4e-99fb-f79172b6c1be.jpg,1,1,data/images/8e6c3dfb-5fcb-4b4e-99fb-f79172b6c1be.jpg,True,1,0.92048377,1,8,convnext_256
0b6db2ce-b30a-49f4-b12b-667c4067d394.jpg,0,0,data/images/0b6db2ce-b30a-49f4-b12b-667c4067d394.jpg,True,2,0.017048474,0,8,convnext_256
c0f426a3-4d1e-4024-8a90-41f9bdf3f985.jpg,0,0,data/images/c0f426a3-4d1e-4024-8a90-41f9bdf3f985.jpg,True,3,0.018736837,0,7,convnext_256
95e8a026-0118-4aad-8ab0-8ef1a34aed86.jpg,0,0,data/images/95e8a026-0118-4aad-8ab0-8ef1a34aed86.jpg,True,4,0.02196262,0,7,convnext_256
69fb0486-211f-4ce4-8eb9-f222ccd186bc.jpg,1,1,data/images/69fb0486-211f-4ce4-8eb9-f222ccd186bc.jpg,True,0,0.9399049,1,7,convnext_256
25ed6cd9-96fc-4216-9421-831742a8cfd2.jpg,1,1,data/images/25ed6cd9-96fc-4216-9421-831742a8cfd2.jpg,True,1,0.97701377,1,8,convnext_256
64bbc790-9b05-4a27-8c6e-3bfcb831d01a.jpg,1,1,data/images/64bbc790-9b05-4a27-8c6e-3bfcb831d01a.jpg,True,3,0.9783311,1,7,convnext_256
0d177d0e-4820-47fc-8363-9c752eb46ffe.jpg,0,0,data/images/0d177d0e-4820-47fc-8363-9c752eb46ffe.jpg,True,4,0.023969242,0,7,convnext_256
9866b466-49f8-4cc8-bad9-083d0a33be5a.jpg,1,1,data/images/9866b466-49f8-4cc8-bad9-083d0a33be5a.jpg,True,2,0.9754685,1,8,convnext_256
f1906723-3a4d-4f28-b0fd-18ffe5ca9614.jpg,0,0,data/images/f1906723-3a4d-4f28-b0fd-18ffe5ca9614.jpg,True,0,0.030032812,0,7,convnext_256
4029e8d0-8b9f-4e6d-ac7d-4d7252b1322f.jpg,1,1,data/images/4029e8d0-8b9f-4e6d-ac7d-4d7252b1322f.jpg,True,4,0.96708226,1,7,convnext_256
d2ceb7e5-4c16-461a-afcb-0722d00789e2.jpg,1,1,data/images/d2ceb7e5-4c16-461a-afcb-0722d00789e2.jpg,True,3,0.9441268,1,7,convnext_256
e21885b3-7894-40de-b27e-08ad9e676752.jpg,0,0,data/images/e21885b3-7894-40de-b27e-08ad9e676752.jpg,True,2,0.013794003,0,8,convnext_256
b688d2c7-871d-4117-827d-c6b64d1fdd8e.jpg,1,1,data/images/b688d2c7-871d-4117-827d-c6b64d1fdd8e.jpg,True,1,0.9785205,1,8,convnext_256
b3313b2f-9b1e-4f75-82f5-7b3c40f1e68f.jpg,1,1,data/images/b3313b2f-9b1e-4f75-82f5-7b3c40f1e68f.jpg,True,2,0.9773515,1,8,convnext_256
695cb266-028f-48e8-875c-3945937f56c1.jpg,0,0,data/images/695cb266-028f-48e8-875c-3945937f56c1.jpg,True,3,0.052587885,0,7,convnext_256
f4eb5936-0576-417a-bc0a-0a83f46f40d0.jpg,0,0,data/images/f4eb5936-0576-417a-bc0a-0a83f46f40d0.jpg,True,4,0.020678632,0,7,convnext_256
bd25cd10-bcff-4f17-a348-16a3bb497405.jpg,1,1,data/images/bd25cd10-bcff-4f17-a348-16a3bb497405.jpg,True,1,0.9829685,1,8,convnext_256
c6223eec-30ef-48eb-938e-c2419c3511e4.jpg,0,0,data/images/c6223eec-30ef-48eb-938e-c2419c3511e4.jpg,True,0,0.024002062,0,7,convnext_256
90ee6e38-36b2-4961-8151-befc2add526f.jpg,0,0,data/images/90ee6e38-36b2-4961-8151-befc2add526f.jpg,True,3,0.02395256,0,7,convnext_256
aacc52fa-9e2c-44ec-ae15-d0de7acac4e6.jpg,0,0,data/images/aacc52fa-9e2c-44ec-ae15-d0de7acac4e6.jpg,True,4,0.013602213,0,7,convnext_256
4832f5f7-fc27-49f4-93a7-e582b33abd24.jpg,0,0,data/images/4832f5f7-fc27-49f4-93a7-e582b33abd24.jpg,True,0,0.019348754,0,7,convnext_256
710e467e-e025-40c4-b6e0-898ffb13195d.jpg,1,1,data/images/710e467e-e025-40c4-b6e0-898ffb13195d.jpg,True,2,0.98115826,1,8,convnext_256
f2ec8a9d-beae-45ec-8256-592b63b0c629.jpg,0,0,data/images/f2ec8a9d-beae-45ec-8256-592b63b0c629.jpg,True,1,0.010427901,0,8,convnext_256
664935ab-2e3d-4be2-932b-b51116659b87.jpg,1,1,data/images/664935ab-2e3d-4be2-932b-b51116659b87.jpg,True,3,0.94498074,1,7,convnext_256
95cd4c1f-836f-46ff-ab11-d98dc0850506.jpg,1,1,data/images/95cd4c1f-836f-46ff-ab11-d98dc0850506.jpg,True,0,0.3474109,0,7,convnext_256
26de4515-0011-432d-9c79-a0ab9f755b64.jpg,1,1,data/images/26de4515-0011-432d-9c79-a0ab9f755b64.jpg,True,1,0.9738158,1,8,convnext_256
33e2929f-7490-4795-a439-fe3abe672aa0.jpg,0,0,data/images/33e2929f-7490-4795-a439-fe3abe672aa0.jpg,True,2,0.020460306,0,8,convnext_256
e47705a1-f27b-4007-bad5-3ebb4808aa09.jpg,0,0,data/images/e47705a1-f27b-4007-bad5-3ebb4808aa09.jpg,True,4,0.020053849,0,7,convnext_256
e4f79840-aa7d-449d-ba6c-0839dd24d22a.jpg,0,0,data/images/e4f79840-aa7d-449d-ba6c-0839dd24d22a.jpg,True,0,0.04403572,0,7,convnext_256
c228a5dc-c5fa-47be-9c80-7af07c5c561e.jpg,0,0,data/images/c228a5dc-c5fa-47be-9c80-7af07c5c561e.jpg,True,4,0.036366906,0,7,convnext_256
d2c02996-5cdc-4459-b7b5-83658cdab950.jpg,1,1,data/images/d2c02996-5cdc-4459-b7b5-83658cdab950.jpg,True,3,0.98808646,1,7,convnext_256
93da35e9-6df6-4c40-aa77-b40fdc58c5f0.jpg,0,0,data/images/93da35e9-6df6-4c40-aa77-b40fdc58c5f0.jpg,True,1,0.029405136,0,8,convnext_256
2be9f9f1-9e13-4a9a-9f02-70b2a1e4c962.jpg,0,0,data/images/2be9f9f1-9e13-4a9a-9f02-70b2a1e4c962.jpg,True,2,0.01790437,0,8,convnext_256
00a7efcc-c313-4a5c-ad7c-c377f0084e6e.jpg,0,0,data/images/00a7efcc-c313-4a5c-ad7c-c377f0084e6e.jpg,True,1,0.88898045,1,8,convnext_256
68f91634-c67c-4ad0-8b41-5ff49d0cba79.jpg,0,0,data/images/68f91634-c67c-4ad0-8b41-5ff49d0cba79.jpg,True,4,0.025985898,0,7,convnext_256
1962fb5f-b0d0-4dba-866b-4ba4f6f8c871.jpg,1,1,data/images/1962fb5f-b0d0-4dba-866b-4ba4f6f8c871.jpg,True,0,0.97718745,1,7,convnext_256
e7c55c4a-574c-4c26-a371-b583b6f20315.jpg,1,1,data/images/e7c55c4a-574c-4c26-a371-b583b6f20315.jpg,True,3,0.98026615,1,7,convnext_256
aead6837-8a01-41bf-8727-02a9dd4b0955.jpg,0,0,data/images/aead6837-8a01-41bf-8727-02a9dd4b0955.jpg,True,2,0.02338126,0,8,convnext_256
f65d9c4e-ee85-4454-84a7-40c721897e0c.jpg,0,0,data/images/f65d9c4e-ee85-4454-84a7-40c721897e0c.jpg,True,0,0.02224571,0,7,convnext_256
7d279a65-67aa-4e9a-9d27-94fd29cc990f.jpg,0,0,data/images/7d279a65-67aa-4e9a-9d27-94fd29cc990f.jpg,True,2,0.10243016,0,8,convnext_256
8453769b-b44c-4f40-8f22-596f05322cfd.jpg,1,1,data/images/8453769b-b44c-4f40-8f22-596f05322cfd.jpg,True,1,0.0149762435,0,8,convnext_256
df9fd94c-a146-486f-93ca-5e7ca0e9f1d6.jpg,1,1,data/images/df9fd94c-a146-486f-93ca-5e7ca0e9f1d6.jpg,True,3,0.98156124,1,7,convnext_256
4a7b5b55-c245-4926-b79a-a37a2e3f8548.jpg,1,1,data/images/4a7b5b55-c245-4926-b79a-a37a2e3f8548.jpg,True,4,0.9638996,1,7,convnext_256
c9e45420-6654-42dd-b958-193c98d4f806.jpg,0,0,data/images/c9e45420-6654-42dd-b958-193c98d4f806.jpg,True,0,0.045798518,0,7,convnext_256
baa9f385-69e6-4f54-842c-03a5aa252d04.jpg,1,1,data/images/baa9f385-69e6-4f54-842c-03a5aa252d04.jpg,True,2,0.08376874,0,8,convnext_256
4138e04b-1b79-466d-900f-41d4915a1122.jpg,0,0,data/images/4138e04b-1b79-466d-900f-41d4915a1122.jpg,True,3,0.018695174,0,7,convnext_256
8a5c8a4d-b424-4849-adea-7d7091d287bb.jpg,0,0,data/images/8a5c8a4d-b424-4849-adea-7d7091d287bb.jpg,True,4,0.029228138,0,7,convnext_256
b09b26ac-2e4b-460a-b6e1-fed138dc6c67.jpg,1,1,data/images/b09b26ac-2e4b-460a-b6e1-fed138dc6c67.jpg,True,1,0.75758314,1,8,convnext_256
2dfd1867-9db7-4848-afc6-91a518ab411b.jpg,1,1,data/images/2dfd1867-9db7-4848-afc6-91a518ab411b.jpg,True,1,0.034014683,0,8,convnext_256
434eb513-ccfd-4949-a7bb-90aa8d1c75ae.jpg,0,0,data/images/434eb513-ccfd-4949-a7bb-90aa8d1c75ae.jpg,True,2,0.9850248,1,8,convnext_256
12e9bbde-516d-421a-a184-1c189af169df.jpg,1,1,data/images/12e9bbde-516d-421a-a184-1c189af169df.jpg,True,0,0.967997,1,7,convnext_256
6836d0be-67b6-438e-a33e-ce187b1fac47.jpg,0,0,data/images/6836d0be-67b6-438e-a33e-ce187b1fac47.jpg,True,3,0.016443875,0,7,convnext_256
3f213ec5-feda-4174-b7a4-49a18668f05a.jpg,0,0,data/images/3f213ec5-feda-4174-b7a4-49a18668f05a.jpg,True,4,0.3085653,0,7,convnext_256
b2029d59-d14c-4d28-8945-d120d47421ee.jpg,1,1,data/images/b2029d59-d14c-4d28-8945-d120d47421ee.jpg,True,3,0.9441538,1,7,convnext_256
b7c0eb3e-4bfc-48e3-a816-bca9f74a7f66.jpg,1,1,data/images/b7c0eb3e-4bfc-48e3-a816-bca9f74a7f66.jpg,True,0,0.98785174,1,7,convnext_256
eba4876e-b28c-44a9-85a4-a5c813736c2c.jpg,0,0,data/images/eba4876e-b28c-44a9-85a4-a5c813736c2c.jpg,True,1,0.02898354,0,8,convnext_256
d65b9839-4085-4fbf-9727-20d89c61bafd.jpg,1,1,data/images/d65b9839-4085-4fbf-9727-20d89c61bafd.jpg,True,4,0.86348957,1,7,convnext_256
ce123cc5-6948-451d-9b4b-f6e5c1cfd5ef.jpg,1,1,data/images/ce123cc5-6948-451d-9b4b-f6e5c1cfd5ef.jpg,True,2,0.98443824,1,8,convnext_256
66301083-da3c-4ad0-87c8-df98bbfe5675.jpg,1,1,data/images/66301083-da3c-4ad0-87c8-df98bbfe5675.jpg,True,1,0.9735909,1,8,convnext_256
f876a513-db5b-4abe-9c71-8e9c00497fc4.jpg,0,0,data/images/f876a513-db5b-4abe-9c71-8e9c00497fc4.jpg,True,3,0.46845394,0,7,convnext_256
80e37a73-10c3-4cc4-8e48-e19f5e9d038e.jpg,0,0,data/images/80e37a73-10c3-4cc4-8e48-e19f5e9d038e.jpg,True,0,0.97368854,1,7,convnext_256
bf61e861-be47-4c37-bc77-3cb92dfd37c3.jpg,1,1,data/images/bf61e861-be47-4c37-bc77-3cb92dfd37c3.jpg,True,4,0.9740181,1,7,convnext_256
d23a6633-f9e6-4317-ab5f-4c26ac1ea6e4.jpg,0,0,data/images/d23a6633-f9e6-4317-ab5f-4c26ac1ea6e4.jpg,True,2,0.0434424,0,8,convnext_256
575f9880-c01d-4382-b613-4c5f86508eb4.jpg,0,0,data/images/575f9880-c01d-4382-b613-4c5f86508eb4.jpg,True,2,0.019269247,0,8,convnext_256
556eb41f-6171-4b18-8671-db5690bed58e.jpg,0,0,data/images/556eb41f-6171-4b18-8671-db5690bed58e.jpg,True,3,0.027107669,0,7,convnext_256
bead5cc1-6d8f-4820-9252-c7026353f012.jpg,1,1,data/images/bead5cc1-6d8f-4820-9252-c7026353f012.jpg,True,0,0.9735951,1,7,convnext_256
6e0f1aec-f14a-4c92-a45a-15197fd2cac0.jpg,1,1,data/images/6e0f1aec-f14a-4c92-a45a-15197fd2cac0.jpg,True,4,0.9767829,1,7,convnext_256
5e95f6ed-3d67-4db5-927c-f4510792cc3e.jpg,0,0,data/images/5e95f6ed-3d67-4db5-927c-f4510792cc3e.jpg,True,1,0.55815053,1,8,convnext_256
57723ada-9c3b-4c04-b636-6fb79db16d36.jpg,0,0,data/images/57723ada-9c3b-4c04-b636-6fb79db16d36.jpg,True,3,0.08741515,0,7,convnext_256
6534e81f-b300-42c9-b620-4bb2335e379b.jpg,1,1,data/images/6534e81f-b300-42c9-b620-4bb2335e379b.jpg,True,4,0.980441,1,7,convnext_256
21a6f66e-8818-4437-b1ca-ae2845d4bdef.jpg,1,1,data/images/21a6f66e-8818-4437-b1ca-ae2845d4bdef.jpg,True,2,0.9745499,1,8,convnext_256
5a1137c5-5315-4365-9421-793454f41093.jpg,1,1,data/images/5a1137c5-5315-4365-9421-793454f41093.jpg,True,1,0.9711165,1,8,convnext_256
b6cad44e-3e9d-45f0-b3d1-7f332db56f49.jpg,1,1,data/images/b6cad44e-3e9d-45f0-b3d1-7f332db56f49.jpg,True,0,0.97505504,1,7,convnext_256
834f8d00-dc64-472b-b96e-1e90fb6461ef.jpg,0,0,data/images/834f8d00-dc64-472b-b96e-1e90fb6461ef.jpg,True,4,0.18315862,0,7,convnext_256
70cfec12-72cd-4fea-9e22-558b284a6d4a.jpg,1,1,data/images/70cfec12-72cd-4fea-9e22-558b284a6d4a.jpg,True,2,0.9881982,1,8,convnext_256
1111882f-b933-49ba-b17f-37e971935c5e.jpg,0,0,data/images/1111882f-b933-49ba-b17f-37e971935c5e.jpg,True,1,0.22484834,0,8,convnext_256
c1d13db6-56b6-4801-9f38-ce768ad9becb.jpg,1,1,data/images/c1d13db6-56b6-4801-9f38-ce768ad9becb.jpg,True,0,0.97439045,1,7,convnext_256
94e5b22a-c065-49df-9f9a-531b50d035dd.jpg,1,1,data/images/94e5b22a-c065-49df-9f9a-531b50d035dd.jpg,True,3,0.9704724,1,7,convnext_256
1b3c9366-7461-4276-b57d-ac3b2ea71589.jpg,0,0,data/images/1b3c9366-7461-4276-b57d-ac3b2ea71589.jpg,True,4,0.2151846,0,7,convnext_256
44d27360-8403-4147-a295-2e32f6eeef4b.jpg,0,0,data/images/44d27360-8403-4147-a295-2e32f6eeef4b.jpg,True,3,0.06725368,0,7,convnext_256
53f17047-33d9-43e8-bc76-102cf0749e36.jpg,0,0,data/images/53f17047-33d9-43e8-bc76-102cf0749e36.jpg,True,2,0.022096548,0,8,convnext_256
4dd456c0-ad97-4552-87c4-8edc9c3a103d.jpg,1,1,data/images/4dd456c0-ad97-4552-87c4-8edc9c3a103d.jpg,True,1,0.9704478,1,8,convnext_256
584e64f4-ed48-4be4-9a32-072123956589.jpg,1,1,data/images/584e64f4-ed48-4be4-9a32-072123956589.jpg,True,0,0.9738159,1,7,convnext_256
bef38b37-9f4f-4f01-802d-b15e90adcb43.jpg,1,1,data/images/bef38b37-9f4f-4f01-802d-b15e90adcb43.jpg,True,2,0.97876614,1,8,convnext_256
d72b8360-dd04-4781-994b-1f3d0ab52eba.jpg,1,1,data/images/d72b8360-dd04-4781-994b-1f3d0ab52eba.jpg,True,0,0.97981524,1,7,convnext_256
313e11c5-8007-47fc-8dc6-105ec394a9c1.jpg,1,1,data/images/313e11c5-8007-47fc-8dc6-105ec394a9c1.jpg,True,3,0.6054868,1,7,convnext_256
bf664bad-0db7-4876-93e4-ca053d656622.jpg,0,0,data/images/bf664bad-0db7-4876-93e4-ca053d656622.jpg,True,1,0.037199087,0,8,convnext_256
63b7946d-e1f9-4420-b982-de2e626e79d4.jpg,1,1,data/images/63b7946d-e1f9-4420-b982-de2e626e79d4.jpg,True,4,0.9851776,1,7,convnext_256
dbceaabd-f7b4-4623-8ce9-575d317671e8.jpg,0,0,data/images/dbceaabd-f7b4-4623-8ce9-575d317671e8.jpg,True,4,0.007606554,0,7,convnext_256
e70ae34b-db09-4910-a10b-68e735a94780.jpg,0,0,data/images/e70ae34b-db09-4910-a10b-68e735a94780.jpg,True,0,0.019284336,0,7,convnext_256
1434bd6c-1057-4f8e-9f78-0dd5893d694a.jpg,0,0,data/images/1434bd6c-1057-4f8e-9f78-0dd5893d694a.jpg,True,3,0.025858745,0,7,convnext_256
8620d33f-2610-4f2c-a8fe-2e7d3e7e0d8b.jpg,1,1,data/images/8620d33f-2610-4f2c-a8fe-2e7d3e7e0d8b.jpg,True,1,0.03643569,0,8,convnext_256
745dbb23-ff50-4c57-9abc-e219be01645f.jpg,0,0,data/images/745dbb23-ff50-4c57-9abc-e219be01645f.jpg,True,2,0.018201526,0,8,convnext_256
0aa4df51-c5ee-46cc-926c-ba688f5f9bef.jpg,1,1,data/images/0aa4df51-c5ee-46cc-926c-ba688f5f9bef.jpg,True,1,0.97690976,1,8,convnext_256
a77a7fc3-8cdd-46c1-b94c-d3c3265afdc4.jpg,1,1,data/images/a77a7fc3-8cdd-46c1-b94c-d3c3265afdc4.jpg,True,4,0.98247623,1,7,convnext_256
15fc59d7-2f78-4303-905c-68ae9f8e6778.jpg,1,1,data/images/15fc59d7-2f78-4303-905c-68ae9f8e6778.jpg,True,2,0.98281914,1,8,convnext_256
31156def-531b-420a-959c-7cb02d86b40e.jpg,1,1,data/images/31156def-531b-420a-959c-7cb02d86b40e.jpg,True,0,0.9812589,1,7,convnext_256
57d520c0-1957-4217-8878-4268a52407f9.jpg,0,0,data/images/57d520c0-1957-4217-8878-4268a52407f9.jpg,True,3,0.01917478,0,7,convnext_256
c97c88a4-3a2e-460f-8650-d176bf5aafbe.jpg,1,1,data/images/c97c88a4-3a2e-460f-8650-d176bf5aafbe.jpg,True,4,0.66355604,1,7,convnext_256
f1f29cef-e37c-4b64-a12c-6edbb6e8b149.jpg,1,1,data/images/f1f29cef-e37c-4b64-a12c-6edbb6e8b149.jpg,True,2,0.9791037,1,8,convnext_256
f6603700-41ad-4514-9f9a-b1a50aa61781.jpg,1,1,data/images/f6603700-41ad-4514-9f9a-b1a50aa61781.jpg,True,1,0.9755849,1,8,convnext_256
2615c433-70e5-4c55-9512-61e81f51aac6.jpg,1,1,data/images/2615c433-70e5-4c55-9512-61e81f51aac6.jpg,True,0,0.9813448,1,7,convnext_256
5f4ee6ae-1dcd-4085-b684-b6aaa6697bc3.jpg,1,1,data/images/5f4ee6ae-1dcd-4085-b684-b6aaa6697bc3.jpg,True,3,0.13350508,0,7,convnext_256
415136a4-5b44-4396-88ce-8886fa30be11.jpg,1,1,data/images/415136a4-5b44-4396-88ce-8886fa30be11.jpg,True,1,0.018043187,0,8,convnext_256
d4d2d02e-d0e3-4727-b11c-d773200f0773.jpg,1,1,data/images/d4d2d02e-d0e3-4727-b11c-d773200f0773.jpg,True,2,0.9425468,1,8,convnext_256
b6db4f22-1deb-456a-a0bc-c91fd37c2090.jpg,0,0,data/images/b6db4f22-1deb-456a-a0bc-c91fd37c2090.jpg,True,0,0.04253262,0,7,convnext_256
eef1f25d-6354-4adc-8c34-1ce73d66780e.jpg,0,0,data/images/eef1f25d-6354-4adc-8c34-1ce73d66780e.jpg,True,4,0.014638916,0,7,convnext_256
da660877-d2b4-4071-8c03-222c6d08ef6f.jpg,1,1,data/images/da660877-d2b4-4071-8c03-222c6d08ef6f.jpg,True,3,0.021603007,0,7,convnext_256
b3843702-b849-4bdf-8893-2d8b93d3c0c1.jpg,0,0,data/images/b3843702-b849-4bdf-8893-2d8b93d3c0c1.jpg,True,1,0.92887306,1,8,convnext_256
4e044a22-e41e-49c8-afed-e75c61acf9fa.jpg,1,1,data/images/4e044a22-e41e-49c8-afed-e75c61acf9fa.jpg,True,3,0.95687705,1,7,convnext_256
5ab86fec-2157-4e02-b16f-bf94665fba89.jpg,1,1,data/images/5ab86fec-2157-4e02-b16f-bf94665fba89.jpg,True,0,0.9303308,1,7,convnext_256
82d5b3db-fe68-4ec3-816f-c61e9734d139.jpg,1,1,data/images/82d5b3db-fe68-4ec3-816f-c61e9734d139.jpg,True,2,0.95796746,1,8,convnext_256
21bb9bd9-f061-4fe3-af87-f5ee3e60549b.jpg,0,0,data/images/21bb9bd9-f061-4fe3-af87-f5ee3e60549b.jpg,True,4,0.009517432,0,7,convnext_256
11673c36-29f6-4a32-a96b-3e17c75224e3.jpg,1,1,data/images/11673c36-29f6-4a32-a96b-3e17c75224e3.jpg,True,3,0.9723684,1,7,convnext_256
196dab34-dd6f-4a34-9c3c-00a74abee6c2.jpg,0,0,data/images/196dab34-dd6f-4a34-9c3c-00a74abee6c2.jpg,True,2,0.023674008,0,8,convnext_256
0b2ee655-2662-4ba9-b27b-c8a60ac1bfde.jpg,0,0,data/images/0b2ee655-2662-4ba9-b27b-c8a60ac1bfde.jpg,True,0,0.017577164,0,7,convnext_256
d341089c-d92f-4814-839d-315f005d7f8d.jpg,0,0,data/images/d341089c-d92f-4814-839d-315f005d7f8d.jpg,True,1,0.52345,1,8,convnext_256
95e37fac-38ff-4772-bfb5-129246d947f6.jpg,0,0,data/images/95e37fac-38ff-4772-bfb5-129246d947f6.jpg,True,4,0.0325101,0,7,convnext_256
66bcf21e-42e6-4aad-9614-90750828db50.jpg,1,1,data/images/66bcf21e-42e6-4aad-9614-90750828db50.jpg,True,2,0.5605209,1,8,convnext_256
e9b862fe-f816-4b23-a186-2c1e056b7121.jpg,1,1,data/images/e9b862fe-f816-4b23-a186-2c1e056b7121.jpg,True,0,0.40991402,0,7,convnext_256
a7c0b56b-2031-49f7-9baf-63a987a92141.jpg,1,1,data/images/a7c0b56b-2031-49f7-9baf-63a987a92141.jpg,True,3,0.9748834,1,7,convnext_256
bf7bf575-e502-4a53-810c-53dab23bf231.jpg,0,0,data/images/bf7bf575-e502-4a53-810c-53dab23bf231.jpg,True,1,0.7408726,1,8,convnext_256
24e2f03e-628f-459f-8ce1-d7355b433e5c.jpg,1,1,data/images/24e2f03e-628f-459f-8ce1-d7355b433e5c.jpg,True,4,0.96953994,1,7,convnext_256
79d59180-861b-4ef9-95c1-9ddef4e55a24.jpg,0,0,data/images/79d59180-861b-4ef9-95c1-9ddef4e55a24.jpg,True,3,0.020039406,0,7,convnext_256
8faf917c-306d-4fef-ba05-4cdba5dd783d.jpg,1,1,data/images/8faf917c-306d-4fef-ba05-4cdba5dd783d.jpg,True,2,0.9728976,1,8,convnext_256
ae4cbd0c-fdf4-44a7-9e91-e560ae84fff5.jpg,1,1,data/images/ae4cbd0c-fdf4-44a7-9e91-e560ae84fff5.jpg,True,4,0.72842336,1,7,convnext_256
81e7771b-fa69-4255-9c9e-82ac0b9380af.jpg,1,1,data/images/81e7771b-fa69-4255-9c9e-82ac0b9380af.jpg,True,1,0.9612487,1,8,convnext_256
5d62144e-77c1-4f26-af3f-c8f7fa42617c.jpg,1,1,data/images/5d62144e-77c1-4f26-af3f-c8f7fa42617c.jpg,True,0,0.70411116,1,7,convnext_256
9717dbd7-f69e-42b4-b6f6-ef8ae772ed4c.jpg,0,0,data/images/9717dbd7-f69e-42b4-b6f6-ef8ae772ed4c.jpg,True,3,0.30865467,0,7,convnext_256
7df69595-a2e2-41c7-8f77-6581682a96e0.jpg,0,0,data/images/7df69595-a2e2-41c7-8f77-6581682a96e0.jpg,True,2,0.33045933,0,8,convnext_256
2f44b745-08ff-47e1-b6d8-18e762f3bbf7.jpg,1,1,data/images/2f44b745-08ff-47e1-b6d8-18e762f3bbf7.jpg,True,4,0.058888495,0,7,convnext_256
4e5cfe9a-263f-43e9-91cd-5c8f6cf9f292.jpg,1,1,data/images/4e5cfe9a-263f-43e9-91cd-5c8f6cf9f292.jpg,True,1,0.9825084,1,8,convnext_256
467c5224-2744-4c66-8b43-1cf55e542f75.jpg,1,1,data/images/467c5224-2744-4c66-8b43-1cf55e542f75.jpg,True,0,0.9688599,1,7,convnext_256
353de9d9-c5bc-4428-ad21-6cceb292ff68.jpg,0,0,data/images/353de9d9-c5bc-4428-ad21-6cceb292ff68.jpg,True,2,0.014317039,0,8,convnext_256
966da691-95a8-474a-8aca-03dcd0ca529d.jpg,0,0,data/images/966da691-95a8-474a-8aca-03dcd0ca529d.jpg,True,4,0.026386622,0,7,convnext_256
4ef8eaa1-59b2-4cf8-9a55-6a17f5cd5a25.jpg,1,1,data/images/4ef8eaa1-59b2-4cf8-9a55-6a17f5cd5a25.jpg,True,1,0.98129934,1,8,convnext_256
c132851c-17a2-4c96-8e49-810a1dfd2bd5.jpg,1,1,data/images/c132851c-17a2-4c96-8e49-810a1dfd2bd5.jpg,True,3,0.36086354,0,7,convnext_256
b4e72aef-73cb-46ff-9bde-f613bda9e7bd.jpg,1,1,data/images/b4e72aef-73cb-46ff-9bde-f613bda9e7bd.jpg,True,0,0.9788846,1,7,convnext_256
dab0a223-82c5-4bf6-b64c-17523e37e757.jpg,1,1,data/images/dab0a223-82c5-4bf6-b64c-17523e37e757.jpg,True,0,0.06942657,0,7,convnext_256
69ef374d-dcf1-47e7-ac69-5c7697345b3f.jpg,0,0,data/images/69ef374d-dcf1-47e7-ac69-5c7697345b3f.jpg,True,3,0.012052859,0,7,convnext_256
8b35f720-4738-4c45-a5de-436f6a96a2f3.jpg,1,1,data/images/8b35f720-4738-4c45-a5de-436f6a96a2f3.jpg,True,1,0.97591364,1,8,convnext_256
4563f84c-bab2-4a1a-9535-b031b98e9511.jpg,0,0,data/images/4563f84c-bab2-4a1a-9535-b031b98e9511.jpg,True,4,0.9767571,1,7,convnext_256
6cc2b518-4d34-46ac-8dd6-2e67f98d4044.jpg,0,0,data/images/6cc2b518-4d34-46ac-8dd6-2e67f98d4044.jpg,True,2,0.036758922,0,8,convnext_256
24ca02a2-bbb8-4b79-9cd7-f30f81f1bf1f.jpg,1,1,data/images/24ca02a2-bbb8-4b79-9cd7-f30f81f1bf1f.jpg,True,0,0.9828324,1,7,convnext_256
a1739286-43be-451a-9218-6f1364442ae8.jpg,0,0,data/images/a1739286-43be-451a-9218-6f1364442ae8.jpg,True,3,0.8095538,1,7,convnext_256
33fafce9-e51c-4f87-bf81-9dc377890a9c.jpg,0,0,data/images/33fafce9-e51c-4f87-bf81-9dc377890a9c.jpg,True,1,0.8991313,1,8,convnext_256
6a5d3404-c8c0-46a0-9b28-d4318b6c006c.jpg,0,0,data/images/6a5d3404-c8c0-46a0-9b28-d4318b6c006c.jpg,True,4,0.021724159,0,7,convnext_256
2ac6ba54-6cc2-46f7-9b40-12b66d37db8a.jpg,0,0,data/images/2ac6ba54-6cc2-46f7-9b40-12b66d37db8a.jpg,True,2,0.0129552875,0,8,convnext_256
fd9bb393-0758-42bc-a4ed-73f685c1a0c1.jpg,0,0,data/images/fd9bb393-0758-42bc-a4ed-73f685c1a0c1.jpg,True,3,0.04100116,0,7,convnext_256
c9e30ca8-870e-4f85-81ee-6649f06925c7.jpg,1,1,data/images/c9e30ca8-870e-4f85-81ee-6649f06925c7.jpg,True,1,0.97723514,1,8,convnext_256
21848bb4-96e0-4050-999f-2a270db295f9.jpg,1,1,data/images/21848bb4-96e0-4050-999f-2a270db295f9.jpg,True,4,0.49423695,0,7,convnext_256
4ca100c6-603f-41ea-acea-f7a37a647214.jpg,0,0,data/images/4ca100c6-603f-41ea-acea-f7a37a647214.jpg,True,2,0.7403215,1,8,convnext_256
84c1ce4b-0ecb-44cd-b415-aa47effc1105.jpg,1,1,data/images/84c1ce4b-0ecb-44cd-b415-aa47effc1105.jpg,True,0,0.35913518,0,7,convnext_256
fef10581-c913-42a0-ac1c-ee43501e535c.jpg,0,0,data/images/fef10581-c913-42a0-ac1c-ee43501e535c.jpg,True,4,0.04425652,0,7,convnext_256
62f2dea8-1d0c-4a93-98c2-207c63305189.jpg,0,0,data/images/62f2dea8-1d0c-4a93-98c2-207c63305189.jpg,True,2,0.017003488,0,8,convnext_256
3a150fae-bf75-4fe3-9209-d892da3d2a88.jpg,0,0,data/images/3a150fae-bf75-4fe3-9209-d892da3d2a88.jpg,True,0,0.035452727,0,7,convnext_256
6a023d6c-7d08-43db-bee2-b86a34ce8e86.jpg,0,0,data/images/6a023d6c-7d08-43db-bee2-b86a34ce8e86.jpg,True,3,0.8492537,1,7,convnext_256
da560d7c-6296-4fdd-9c18-325c848342c3.jpg,0,0,data/images/da560d7c-6296-4fdd-9c18-325c848342c3.jpg,True,1,0.026712505,0,8,convnext_256
5c532685-c32c-4c03-8c29-6f7945ccfcab.jpg,1,1,data/images/5c532685-c32c-4c03-8c29-6f7945ccfcab.jpg,True,2,0.6537642,1,8,convnext_256
e598a45d-18f9-4e1b-813a-4064507d8135.jpg,0,0,data/images/e598a45d-18f9-4e1b-813a-4064507d8135.jpg,True,0,0.18337224,0,7,convnext_256
de222a72-901a-4da1-927e-024d8dc8724a.jpg,0,0,data/images/de222a72-901a-4da1-927e-024d8dc8724a.jpg,True,3,0.037384823,0,7,convnext_256
c26df6e0-5492-4629-9f93-5f4f7dfb458f.jpg,0,0,data/images/c26df6e0-5492-4629-9f93-5f4f7dfb458f.jpg,True,1,0.5907986,1,8,convnext_256
ea2d7756-4304-43cc-8b02-f0c337dd5d9b.jpg,0,0,data/images/ea2d7756-4304-43cc-8b02-f0c337dd5d9b.jpg,True,4,0.019215366,0,7,convnext_256
74bb41ed-5276-4e7b-8720-df85b709e486.jpg,0,0,data/images/74bb41ed-5276-4e7b-8720-df85b709e486.jpg,True,3,0.13237214,0,7,convnext_256
f46009a5-c7ac-40cc-aca7-3ffa6ad6fd4b.jpg,0,0,data/images/f46009a5-c7ac-40cc-aca7-3ffa6ad6fd4b.jpg,True,1,0.054551866,0,8,convnext_256
b3a1181c-de15-4691-8833-1e8d24a9cfbe.jpg,1,1,data/images/b3a1181c-de15-4691-8833-1e8d24a9cfbe.jpg,True,4,0.122180045,0,7,convnext_256
d309ebe5-7cad-4f98-82d1-7e523bd30b26.jpg,1,1,data/images/d309ebe5-7cad-4f98-82d1-7e523bd30b26.jpg,True,2,0.98583394,1,8,convnext_256
d8611313-aed5-4d5a-ad45-01444fcada6a.jpg,0,0,data/images/d8611313-aed5-4d5a-ad45-01444fcada6a.jpg,True,0,0.028979009,0,7,convnext_256
bc557e74-cbdc-432a-bd36-0bccff8e9504.jpg,1,1,data/images/bc557e74-cbdc-432a-bd36-0bccff8e9504.jpg,True,2,0.96675915,1,8,convnext_256
3b7de541-edc3-4e14-a087-6406145d808c.jpg,1,1,data/images/3b7de541-edc3-4e14-a087-6406145d808c.jpg,True,1,0.97428936,1,8,convnext_256
c1fc5c3d-daf7-45b6-a826-d14fb947f25a.jpg,0,0,data/images/c1fc5c3d-daf7-45b6-a826-d14fb947f25a.jpg,True,3,0.01990392,0,7,convnext_256
9ff48d5c-9f4c-447a-9ee2-295b0091a259.jpg,0,0,data/images/9ff48d5c-9f4c-447a-9ee2-295b0091a259.jpg,True,4,0.03665149,0,7,convnext_256
ecac9990-f190-40ec-8d09-f08b7ad8dd2e.jpg,0,0,data/images/ecac9990-f190-40ec-8d09-f08b7ad8dd2e.jpg,True,0,0.02703808,0,7,convnext_256
3174a70c-ecd8-414f-b44a-5bd1755efb6a.jpg,1,1,data/images/3174a70c-ecd8-414f-b44a-5bd1755efb6a.jpg,True,0,0.97840786,1,7,convnext_256
c9374471-0bd0-4be8-bc07-871293b2b4c0.jpg,1,1,data/images/c9374471-0bd0-4be8-bc07-871293b2b4c0.jpg,True,3,0.9745311,1,7,convnext_256
8206349b-5f2c-4efa-b027-e8df6328fff8.jpg,0,0,data/images/8206349b-5f2c-4efa-b027-e8df6328fff8.jpg,True,4,0.9103972,1,7,convnext_256
6ca21c4c-adf4-48f1-8a55-e43c8abfa9f2.jpg,0,0,data/images/6ca21c4c-adf4-48f1-8a55-e43c8abfa9f2.jpg,True,2,0.8466725,1,8,convnext_256
aed18814-7213-45a1-9f87-185d7f72992a.jpg,1,1,data/images/aed18814-7213-45a1-9f87-185d7f72992a.jpg,True,1,0.9759738,1,8,convnext_256
69e8fe11-eab5-45d6-bc17-6749e595de1e.jpg,1,1,data/images/69e8fe11-eab5-45d6-bc17-6749e595de1e.jpg,True,2,0.9730285,1,8,convnext_256
e5a521b1-62ea-4f1d-bf35-209a06f9c29f.jpg,0,0,data/images/e5a521b1-62ea-4f1d-bf35-209a06f9c29f.jpg,True,0,0.014816,0,7,convnext_256
b890750a-3f36-4f11-81a0-4c1e53894640.jpg,0,0,data/images/b890750a-3f36-4f11-81a0-4c1e53894640.jpg,True,3,0.034267183,0,7,convnext_256
e9d6fdf5-3488-4d33-bc47-5d2ded48cd1f.jpg,0,0,data/images/e9d6fdf5-3488-4d33-bc47-5d2ded48cd1f.jpg,True,4,0.021239348,0,7,convnext_256
87f9c4c7-82fd-4383-acd1-0976983b485e.jpg,1,1,data/images/87f9c4c7-82fd-4383-acd1-0976983b485e.jpg,True,1,0.50870305,1,8,convnext_256
67a20db7-8476-48c4-935c-cea6ffcd30dd.jpg,0,0,data/images/67a20db7-8476-48c4-935c-cea6ffcd30dd.jpg,True,4,0.131639,0,7,convnext_256
1d463b60-6907-4c4a-893d-08f14662a249.jpg,0,0,data/images/1d463b60-6907-4c4a-893d-08f14662a249.jpg,True,3,0.18702574,0,7,convnext_256
333e5185-0605-494f-aed9-5ace6eedd1e4.jpg,0,0,data/images/333e5185-0605-494f-aed9-5ace6eedd1e4.jpg,True,1,0.05798998,0,8,convnext_256
10a7e7e7-0db9-4d2e-a759-5edcc8ce7058.jpg,1,1,data/images/10a7e7e7-0db9-4d2e-a759-5edcc8ce7058.jpg,True,2,0.1993744,0,8,convnext_256
8bb6b6d1-6a73-4e7d-a5b2-7995148db89c.jpg,1,1,data/images/8bb6b6d1-6a73-4e7d-a5b2-7995148db89c.jpg,True,0,0.97307307,1,7,convnext_256
0b05de9a-a1d4-466a-b062-e8b49de8386a.jpg,0,0,data/images/0b05de9a-a1d4-466a-b062-e8b49de8386a.jpg,True,2,0.031776004,0,8,convnext_256
7324dafd-bd48-4a32-afc3-96342e0b2513.jpg,1,1,data/images/7324dafd-bd48-4a32-afc3-96342e0b2513.jpg,True,0,0.9761637,1,7,convnext_256
05c5e32e-1c31-49d8-b53d-663fd1df1453.jpg,0,0,data/images/05c5e32e-1c31-49d8-b53d-663fd1df1453.jpg,True,3,0.014691288,0,7,convnext_256
3e31dbd8-6b78-4452-b172-51298e0dcce9.jpg,1,1,data/images/3e31dbd8-6b78-4452-b172-51298e0dcce9.jpg,True,1,0.9744299,1,8,convnext_256
4342225f-3acd-4567-8a10-9f703c321993.jpg,0,0,data/images/4342225f-3acd-4567-8a10-9f703c321993.jpg,True,4,0.061020274,0,7,convnext_256
ec0f2b5e-3b1d-4e8b-8552-73f6473a92e9.jpg,1,1,data/images/ec0f2b5e-3b1d-4e8b-8552-73f6473a92e9.jpg,True,1,0.9758388,1,8,convnext_256
ff879877-35bb-4c6c-ad5f-f353b6a9a1a6.jpg,0,0,data/images/ff879877-35bb-4c6c-ad5f-f353b6a9a1a6.jpg,True,4,0.39528003,0,7,convnext_256
633cd3bb-79e3-408c-878a-82658d7c05a3.jpg,1,1,data/images/633cd3bb-79e3-408c-878a-82658d7c05a3.jpg,True,0,0.9689529,1,7,convnext_256
52abf193-0af6-40ee-95b3-8618ae1617a2.jpg,1,1,data/images/52abf193-0af6-40ee-95b3-8618ae1617a2.jpg,True,2,0.9433182,1,8,convnext_256
7f1f1464-098d-4005-8e80-a2c294777b53.jpg,1,1,data/images/7f1f1464-098d-4005-8e80-a2c294777b53.jpg,True,3,0.97509426,1,7,convnext_256
3e935c77-c765-49ef-9add-d3a343479d56.jpg,1,1,data/images/3e935c77-c765-49ef-9add-d3a343479d56.jpg,True,1,0.95539826,1,8,convnext_256
b9973429-d1a7-4718-bda0-419d29a1b963.jpg,0,0,data/images/b9973429-d1a7-4718-bda0-419d29a1b963.jpg,True,4,0.08397029,0,7,convnext_256
a65788b8-c60b-4b46-8e3f-da06b3ddd469.jpg,0,0,data/images/a65788b8-c60b-4b46-8e3f-da06b3ddd469.jpg,True,0,0.02428595,0,7,convnext_256
1fd71c91-d994-470a-a95f-b712768caef2.jpg,0,0,data/images/1fd71c91-d994-470a-a95f-b712768caef2.jpg,True,2,0.018399008,0,8,convnext_256
b85ad051-9c14-4d59-8e6a-7fb7489919d4.jpg,0,0,data/images/b85ad051-9c14-4d59-8e6a-7fb7489919d4.jpg,True,3,0.9655865,1,7,convnext_256
80afe9e0-b79f-4c95-a368-48442184de3f.jpg,0,0,data/images/80afe9e0-b79f-4c95-a368-48442184de3f.jpg,True,0,0.035417784,0,7,convnext_256
0d8cf01b-05d7-4594-96f8-56fc1618783b.jpg,0,0,data/images/0d8cf01b-05d7-4594-96f8-56fc1618783b.jpg,True,1,0.024168987,0,8,convnext_256
75114ebc-510c-40ac-a2d1-acf39e22775a.jpg,0,0,data/images/75114ebc-510c-40ac-a2d1-acf39e22775a.jpg,True,3,0.49978253,0,7,convnext_256
929e5d24-012b-4a8b-a24e-221cd69a2711.jpg,1,1,data/images/929e5d24-012b-4a8b-a24e-221cd69a2711.jpg,True,4,0.98402184,1,7,convnext_256
08cbeb78-1641-4f48-a766-99646618a116.jpg,0,0,data/images/08cbeb78-1641-4f48-a766-99646618a116.jpg,True,2,0.021119023,0,8,convnext_256
f919f0bc-11ff-4d33-ab5d-cdf7c510d3ee.jpg,0,0,data/images/f919f0bc-11ff-4d33-ab5d-cdf7c510d3ee.jpg,True,2,0.024870252,0,8,convnext_256
e492a299-535e-426a-a98a-1bc8327941bf.jpg,1,1,data/images/e492a299-535e-426a-a98a-1bc8327941bf.jpg,True,0,0.9739742,1,7,convnext_256
0dd47108-de87-45d5-a8c7-66ecea552c5b.jpg,0,0,data/images/0dd47108-de87-45d5-a8c7-66ecea552c5b.jpg,True,4,0.059197508,0,7,convnext_256
da2e13fa-55b9-42c4-b126-2f63a8a7d86e.jpg,0,0,data/images/da2e13fa-55b9-42c4-b126-2f63a8a7d86e.jpg,True,3,0.51445204,1,7,convnext_256
37e5dd7f-d4c4-44f0-9866-4d829d8c47a3.jpg,0,0,data/images/37e5dd7f-d4c4-44f0-9866-4d829d8c47a3.jpg,True,1,0.12476736,0,8,convnext_256
c87437a3-4ad2-41f2-b0d0-703cb52a6210.jpg,0,0,data/images/c87437a3-4ad2-41f2-b0d0-703cb52a6210.jpg,True,2,0.5351811,1,8,convnext_256
b2f03c9f-0c77-485f-9a8a-d75bd2172953.jpg,1,1,data/images/b2f03c9f-0c77-485f-9a8a-d75bd2172953.jpg,True,4,0.98080975,1,7,convnext_256
e4942ebd-0055-494f-9dd5-b701302f5dad.jpg,1,1,data/images/e4942ebd-0055-494f-9dd5-b701302f5dad.jpg,True,3,0.98551244,1,7,convnext_256
15197e80-e5d8-4ce7-816e-3795776bb6e6.jpg,0,0,data/images/15197e80-e5d8-4ce7-816e-3795776bb6e6.jpg,True,0,0.73305815,1,7,convnext_256
791f1d00-b1b0-436a-a48f-f7f3ba482da1.jpg,1,1,data/images/791f1d00-b1b0-436a-a48f-f7f3ba482da1.jpg,True,1,0.9775932,1,8,convnext_256
096dca85-f4f9-4ff5-b1eb-2075a141dcfa.jpg,0,0,data/images/096dca85-f4f9-4ff5-b1eb-2075a141dcfa.jpg,True,1,0.02351622,0,8,convnext_256
fd282406-a66c-4093-964e-bfd0d187b6d0.jpg,1,1,data/images/fd282406-a66c-4093-964e-bfd0d187b6d0.jpg,True,4,0.9712068,1,7,convnext_256
630a03e0-52e2-4036-9cd1-1357296fa879.jpg,1,1,data/images/630a03e0-52e2-4036-9cd1-1357296fa879.jpg,True,3,0.5971594,1,7,convnext_256
cbe73a9b-5e70-479a-bafb-d67feae5ebe1.jpg,0,0,data/images/cbe73a9b-5e70-479a-bafb-d67feae5ebe1.jpg,True,2,0.017322453,0,8,convnext_256
b426ffd3-14bc-44f5-8a52-1bb1d0d062ab.jpg,0,0,data/images/b426ffd3-14bc-44f5-8a52-1bb1d0d062ab.jpg,True,0,0.06226299,0,7,convnext_256
83be6ec1-d8c3-423c-acdf-04408236c6e0.jpg,1,1,data/images/83be6ec1-d8c3-423c-acdf-04408236c6e0.jpg,True,3,0.9629564,1,7,convnext_256
86a8f18b-af1f-4411-82bf-25604569692a.jpg,0,0,data/images/86a8f18b-af1f-4411-82bf-25604569692a.jpg,True,4,0.63172203,1,7,convnext_256
d0992e22-9d6e-4805-928a-3b5a94749dab.jpg,1,1,data/images/d0992e22-9d6e-4805-928a-3b5a94749dab.jpg,True,0,0.97361135,1,7,convnext_256
0283835b-ae98-4ab1-8c12-f7e9309421ce.jpg,0,0,data/images/0283835b-ae98-4ab1-8c12-f7e9309421ce.jpg,True,1,0.082656115,0,8,convnext_256
efa09aae-803c-4036-984c-6ec6b1d1a996.jpg,1,1,data/images/efa09aae-803c-4036-984c-6ec6b1d1a996.jpg,True,2,0.97990716,1,8,convnext_256
ccbb421e-50d2-4ba6-b844-6ea4b2c59ffb.jpg,1,1,data/images/ccbb421e-50d2-4ba6-b844-6ea4b2c59ffb.jpg,True,2,0.97439486,1,8,convnext_256
8bba1abd-9efd-4d12-9ae2-be94f263d5d2.jpg,1,1,data/images/8bba1abd-9efd-4d12-9ae2-be94f263d5d2.jpg,True,1,0.15751307,0,8,convnext_256
acdba1c0-737e-4c52-aa5f-edbcbceaefcb.jpg,1,1,data/images/acdba1c0-737e-4c52-aa5f-edbcbceaefcb.jpg,True,3,0.95573235,1,7,convnext_256
d1109885-a98c-45a6-b7bc-d50a09dbe460.jpg,1,1,data/images/d1109885-a98c-45a6-b7bc-d50a09dbe460.jpg,True,4,0.016740857,0,7,convnext_256
25d92f6c-bfa9-4ee0-8a47-70cb02b356e4.jpg,0,0,data/images/25d92f6c-bfa9-4ee0-8a47-70cb02b356e4.jpg,True,0,0.01740186,0,7,convnext_256
023e0b38-1464-49c8-9dfd-c679dea7c3ef.jpg,1,1,data/images/023e0b38-1464-49c8-9dfd-c679dea7c3ef.jpg,True,0,0.7198922,1,7,convnext_256
2606bc78-3a99-4df9-b8e7-88121b50013e.jpg,1,1,data/images/2606bc78-3a99-4df9-b8e7-88121b50013e.jpg,True,1,0.96440625,1,8,convnext_256
5fd45ad2-7278-4bbc-b7f0-cceacbe73e33.jpg,0,0,data/images/5fd45ad2-7278-4bbc-b7f0-cceacbe73e33.jpg,True,4,0.029585898,0,7,convnext_256
bf7eaa3c-af59-4f79-a9d7-22ba65ae4215.jpg,0,0,data/images/bf7eaa3c-af59-4f79-a9d7-22ba65ae4215.jpg,True,3,0.022046136,0,7,convnext_256
d946ab6a-00aa-4d20-92ee-c79a204fd676.jpg,0,0,data/images/d946ab6a-00aa-4d20-92ee-c79a204fd676.jpg,True,2,0.049138602,0,8,convnext_256
5d7e2ae0-00ef-498a-b35b-7305394b1074.jpg,0,0,data/images/5d7e2ae0-00ef-498a-b35b-7305394b1074.jpg,True,0,0.024742894,0,7,convnext_256
5da2a1ab-5a94-4f4a-9995-7964d7bfea8d.jpg,1,1,data/images/5da2a1ab-5a94-4f4a-9995-7964d7bfea8d.jpg,True,3,0.97663635,1,7,convnext_256
29213c80-6050-4144-bd53-879e99c59432.jpg,0,0,data/images/29213c80-6050-4144-bd53-879e99c59432.jpg,True,4,0.03758465,0,7,convnext_256
9cf1c363-93b1-4821-9251-3468e6b446dd.jpg,1,1,data/images/9cf1c363-93b1-4821-9251-3468e6b446dd.jpg,True,2,0.98013663,1,8,convnext_256
7540583c-7df5-41ff-a8c7-a2a6096a9e8f.jpg,1,1,data/images/7540583c-7df5-41ff-a8c7-a2a6096a9e8f.jpg,True,1,0.9789023,1,8,convnext_256
4e453bf3-e429-487c-a592-fdecc31a3964.jpg,1,1,data/images/4e453bf3-e429-487c-a592-fdecc31a3964.jpg,True,4,0.9844595,1,7,convnext_256
04d7b661-de0c-47a2-9bdf-e38cbc7eac49.jpg,1,1,data/images/04d7b661-de0c-47a2-9bdf-e38cbc7eac49.jpg,True,0,0.97466034,1,7,convnext_256
eb53ace9-88cf-4adf-b744-8d8100e8c922.jpg,0,0,data/images/eb53ace9-88cf-4adf-b744-8d8100e8c922.jpg,True,1,0.03717262,0,8,convnext_256
cb34f3fb-7ed9-4348-b497-faa8306b2d7a.jpg,0,0,data/images/cb34f3fb-7ed9-4348-b497-faa8306b2d7a.jpg,True,2,0.089048855,0,8,convnext_256
c91f9212-5574-4826-8bcc-54a47d8ef545.jpg,0,0,data/images/c91f9212-5574-4826-8bcc-54a47d8ef545.jpg,True,3,0.015127232,0,7,convnext_256
473fb42a-74fa-4095-bc4c-259881379234.jpg,1,1,data/images/473fb42a-74fa-4095-bc4c-259881379234.jpg,True,1,0.9739663,1,8,convnext_256
5f367edb-89ab-401c-8cd7-4bcb92c76554.jpg,1,1,data/images/5f367edb-89ab-401c-8cd7-4bcb92c76554.jpg,True,4,0.9822321,1,7,convnext_256
479468c2-bb3f-4304-8471-23de78f4f620.jpg,1,1,data/images/479468c2-bb3f-4304-8471-23de78f4f620.jpg,True,2,0.89903134,1,8,convnext_256
979b1159-7ecb-4a32-918b-58e6fe78b06b.jpg,0,0,data/images/979b1159-7ecb-4a32-918b-58e6fe78b06b.jpg,True,0,0.024778945,0,7,convnext_256
16e70a1f-e70e-44ad-ac43-e290e4c8b15e.jpg,1,1,data/images/16e70a1f-e70e-44ad-ac43-e290e4c8b15e.jpg,True,3,0.96988726,1,7,convnext_256
4abeaf80-180c-4dcd-b453-70065d4e8efc.jpg,0,0,data/images/4abeaf80-180c-4dcd-b453-70065d4e8efc.jpg,True,3,0.015627231,0,7,convnext_256
4503d3f9-af05-4b9c-bd5a-2091e4304158.jpg,1,1,data/images/4503d3f9-af05-4b9c-bd5a-2091e4304158.jpg,True,0,0.95602775,1,7,convnext_256
e1bc6f99-9d56-42c2-8cd6-bbda2297c5f1.jpg,0,0,data/images/e1bc6f99-9d56-42c2-8cd6-bbda2297c5f1.jpg,True,2,0.055167634,0,8,convnext_256
81fc91fd-9c46-4c1f-80f6-843233b2cfe7.jpg,0,0,data/images/81fc91fd-9c46-4c1f-80f6-843233b2cfe7.jpg,True,1,0.03380267,0,8,convnext_256
401115df-6046-4be6-ac8b-1a3f62fe81c2.jpg,0,0,data/images/401115df-6046-4be6-ac8b-1a3f62fe81c2.jpg,True,4,0.4073271,0,7,convnext_256
f20cc86b-5921-4f1e-b3f9-d857b93cbe00.jpg,0,0,data/images/f20cc86b-5921-4f1e-b3f9-d857b93cbe00.jpg,True,3,0.055131238,0,7,convnext_256
f41e7e85-5bd0-4e7a-a758-24f34a09733d.jpg,0,0,data/images/f41e7e85-5bd0-4e7a-a758-24f34a09733d.jpg,True,2,0.41602343,0,8,convnext_256
0f4561b8-a11b-477a-8a69-b34efe63399d.jpg,1,1,data/images/0f4561b8-a11b-477a-8a69-b34efe63399d.jpg,True,4,0.7917764,1,7,convnext_256
2a87ba4a-85d6-4413-b515-8084d3b2c2bd.jpg,0,0,data/images/2a87ba4a-85d6-4413-b515-8084d3b2c2bd.jpg,True,0,0.54954684,1,7,convnext_256
0e698014-08cf-47f9-845d-75b0a64f2548.jpg,0,0,data/images/0e698014-08cf-47f9-845d-75b0a64f2548.jpg,True,1,0.018958699,0,8,convnext_256
c0f2ac3c-7792-42ec-924c-555d8bbfc6ac.jpg,0,0,data/images/c0f2ac3c-7792-42ec-924c-555d8bbfc6ac.jpg,True,1,0.02239668,0,8,convnext_256
6323f3cf-620d-4401-adca-ae4a2f5239a4.jpg,1,1,data/images/6323f3cf-620d-4401-adca-ae4a2f5239a4.jpg,True,4,0.9783206,1,7,convnext_256
ac0df6a6-e429-4e77-9e4d-1c420ad34373.jpg,0,0,data/images/ac0df6a6-e429-4e77-9e4d-1c420ad34373.jpg,True,3,0.0268857,0,7,convnext_256
72333c9a-2ed6-413f-b9c6-502673eeee24.jpg,0,0,data/images/72333c9a-2ed6-413f-b9c6-502673eeee24.jpg,True,2,0.025334325,0,8,convnext_256
6f5c5815-a114-469d-a4c6-424cd32da41b.jpg,0,0,data/images/6f5c5815-a114-469d-a4c6-424cd32da41b.jpg,True,0,0.25223073,0,7,convnext_256
1f9cd6c7-fdcf-4729-b3fc-6432777307d3.jpg,1,1,data/images/1f9cd6c7-fdcf-4729-b3fc-6432777307d3.jpg,True,4,0.9849119,1,7,convnext_256
829faa92-8eee-40ee-9d9c-e865177f545d.jpg,0,0,data/images/829faa92-8eee-40ee-9d9c-e865177f545d.jpg,True,2,0.92615354,1,8,convnext_256
315bf50c-ff54-46f2-9d55-cab0392673c2.jpg,1,1,data/images/315bf50c-ff54-46f2-9d55-cab0392673c2.jpg,True,1,0.9837,1,8,convnext_256
1d6b2650-a80e-4150-8031-9b06ff80472b.jpg,0,0,data/images/1d6b2650-a80e-4150-8031-9b06ff80472b.jpg,True,0,0.709702,1,7,convnext_256
d33b71af-38ef-4f7f-9929-7cf74ffd723d.jpg,1,1,data/images/d33b71af-38ef-4f7f-9929-7cf74ffd723d.jpg,True,3,0.98523027,1,7,convnext_256
88d4d6ed-b0bb-48cd-9133-2c6d6079c9e1.jpg,0,0,data/images/88d4d6ed-b0bb-48cd-9133-2c6d6079c9e1.jpg,True,3,0.015500621,0,7,convnext_256
a5a804a0-e6e1-4085-b01e-63ead0731b34.jpg,1,1,data/images/a5a804a0-e6e1-4085-b01e-63ead0731b34.jpg,True,2,0.039574593,0,8,convnext_256
74efad39-1471-4ee5-9633-b1302c4eef88.jpg,1,1,data/images/74efad39-1471-4ee5-9633-b1302c4eef88.jpg,True,1,0.9866535,1,8,convnext_256
f36bfe6c-1fdf-4f0f-9090-b8fa6237ff38.jpg,0,0,data/images/f36bfe6c-1fdf-4f0f-9090-b8fa6237ff38.jpg,True,0,0.017642852,0,7,convnext_256
3f778db1-afc0-4d64-a610-b1e430306a00.jpg,0,0,data/images/3f778db1-afc0-4d64-a610-b1e430306a00.jpg,True,4,0.034450777,0,7,convnext_256
95139ba4-3f1b-4ee8-8dd1-d0826c0a4995.jpg,1,1,data/images/95139ba4-3f1b-4ee8-8dd1-d0826c0a4995.jpg,True,3,0.97619003,1,7,convnext_256
c04fa28c-f354-499d-8f50-cb0dced85804.jpg,0,0,data/images/c04fa28c-f354-499d-8f50-cb0dced85804.jpg,True,2,0.011283722,0,8,convnext_256
4cfb6b84-27a7-4ba2-bee5-09ddc204adac.jpg,1,1,data/images/4cfb6b84-27a7-4ba2-bee5-09ddc204adac.jpg,True,0,0.9731609,1,7,convnext_256
433a5d86-876f-4afe-916e-b0b2131492fe.jpg,0,0,data/images/433a5d86-876f-4afe-916e-b0b2131492fe.jpg,True,4,0.022872405,0,7,convnext_256
cd732f93-9f27-4163-858d-8549f8d2a949.jpg,0,0,data/images/cd732f93-9f27-4163-858d-8549f8d2a949.jpg,True,1,0.029216422,0,8,convnext_256
c4418133-e4fa-473b-b720-14b213f75a93.jpg,1,1,data/images/c4418133-e4fa-473b-b720-14b213f75a93.jpg,True,1,0.9744495,1,8,convnext_256
50a98e4b-864a-4aad-b3f7-33d07a44f3ab.jpg,1,1,data/images/50a98e4b-864a-4aad-b3f7-33d07a44f3ab.jpg,True,4,0.024164913,0,7,convnext_256
cba64857-5c82-450a-b295-9034d90e7058.jpg,0,0,data/images/cba64857-5c82-450a-b295-9034d90e7058.jpg,True,3,0.3860068,0,7,convnext_256
fd6b84de-0fdd-48eb-9c95-b2ce1cea03ce.jpg,0,0,data/images/fd6b84de-0fdd-48eb-9c95-b2ce1cea03ce.jpg,True,0,0.015452305,0,7,convnext_256
8e058622-164e-4a79-ae06-170b7c89a920.jpg,1,1,data/images/8e058622-164e-4a79-ae06-170b7c89a920.jpg,True,2,0.9808349,1,8,convnext_256
b31a565e-a3dd-40a9-8299-58efdb538d7f.jpg,0,0,data/images/b31a565e-a3dd-40a9-8299-58efdb538d7f.jpg,True,1,0.01916136,0,8,convnext_256
af4f04df-93eb-42a4-bb3f-b55773d16154.jpg,0,0,data/images/af4f04df-93eb-42a4-bb3f-b55773d16154.jpg,True,3,0.81286883,1,7,convnext_256
f64a0bb2-d5f6-4766-b4f2-e42a97c190d9.jpg,1,1,data/images/f64a0bb2-d5f6-4766-b4f2-e42a97c190d9.jpg,True,4,0.8587015,1,7,convnext_256
03ac27fb-3d1a-4ee1-aae9-e06276002b6b.jpg,0,0,data/images/03ac27fb-3d1a-4ee1-aae9-e06276002b6b.jpg,True,0,0.016475677,0,7,convnext_256
af5d4a88-9e3e-4163-b71f-3d8f63fa8e6c.jpg,1,1,data/images/af5d4a88-9e3e-4163-b71f-3d8f63fa8e6c.jpg,True,2,0.967727,1,8,convnext_256
c286c85b-73fb-442f-ae31-0193a4623ff8.jpg,0,0,data/images/c286c85b-73fb-442f-ae31-0193a4623ff8.jpg,True,4,0.56033707,1,7,convnext_256
d2598a24-6c3e-4242-b811-494d533be21b.jpg,1,1,data/images/d2598a24-6c3e-4242-b811-494d533be21b.jpg,True,0,0.9778903,1,7,convnext_256
36a38a62-c77f-40fe-8250-5661aa040e95.jpg,1,1,data/images/36a38a62-c77f-40fe-8250-5661aa040e95.jpg,True,3,0.31809187,0,7,convnext_256
e4567dd2-8816-4ad4-bbfb-356cd340dbab.jpg,1,1,data/images/e4567dd2-8816-4ad4-bbfb-356cd340dbab.jpg,True,1,0.9785421,1,8,convnext_256
65f42ec5-8e02-471f-86c8-eababc607950.jpg,0,0,data/images/65f42ec5-8e02-471f-86c8-eababc607950.jpg,True,2,0.019889753,0,8,convnext_256
ccc00935-a3a0-497d-b531-e5cfb4d2490f.jpg,0,0,data/images/ccc00935-a3a0-497d-b531-e5cfb4d2490f.jpg,True,1,0.027208302,0,8,convnext_256
e5380cbf-f8a4-43cc-96a8-279cf16d7a6c.jpg,0,0,data/images/e5380cbf-f8a4-43cc-96a8-279cf16d7a6c.jpg,True,2,0.024467144,0,8,convnext_256
1665cfb0-c066-4764-9535-7aa179179192.jpg,1,1,data/images/1665cfb0-c066-4764-9535-7aa179179192.jpg,True,0,0.9866984,1,7,convnext_256
beee9b71-78f4-4299-8975-74fa132234e9.jpg,1,1,data/images/beee9b71-78f4-4299-8975-74fa132234e9.jpg,True,4,0.24166073,0,7,convnext_256
8c4fcea9-5805-48a6-9715-42b90c5e15da.jpg,0,0,data/images/8c4fcea9-5805-48a6-9715-42b90c5e15da.jpg,True,3,0.13903351,0,7,convnext_256
3bb2998a-a82a-483b-ab59-f162692fb9fa.jpg,1,1,data/images/3bb2998a-a82a-483b-ab59-f162692fb9fa.jpg,True,0,0.8886487,1,7,convnext_256
982b4c42-50fa-4fe6-a5f7-eecacc4a9e8d.jpg,1,1,data/images/982b4c42-50fa-4fe6-a5f7-eecacc4a9e8d.jpg,True,2,0.9811988,1,8,convnext_256
7a65cfbd-ea44-4882-a3de-120f7e4a887e.jpg,1,1,data/images/7a65cfbd-ea44-4882-a3de-120f7e4a887e.jpg,True,4,0.9854742,1,7,convnext_256
638060c6-1d28-433f-932e-10dd1a06dbfe.jpg,1,1,data/images/638060c6-1d28-433f-932e-10dd1a06dbfe.jpg,True,3,0.9777974,1,7,convnext_256
9a2362fe-2c3a-4dbf-b57d-d753cde317d4.jpg,1,1,data/images/9a2362fe-2c3a-4dbf-b57d-d753cde317d4.jpg,True,1,0.94203544,1,8,convnext_256
1c9e9ebb-e975-48ee-9ccf-a0ba2ca66385.jpg,0,0,data/images/1c9e9ebb-e975-48ee-9ccf-a0ba2ca66385.jpg,True,2,0.022546407,0,8,convnext_256
072c85ff-c13b-46de-9309-bb927626a7c8.jpg,0,0,data/images/072c85ff-c13b-46de-9309-bb927626a7c8.jpg,True,0,0.7661522,1,7,convnext_256
2f903026-72da-4bcd-98dd-7853f6454687.jpg,0,0,data/images/2f903026-72da-4bcd-98dd-7853f6454687.jpg,True,1,0.019769676,0,8,convnext_256
67fc5bde-2e5f-4690-9de7-d15c9fcce78a.jpg,0,0,data/images/67fc5bde-2e5f-4690-9de7-d15c9fcce78a.jpg,True,4,0.01709139,0,7,convnext_256
b6965111-02cb-485d-9011-e652d2a09468.jpg,0,0,data/images/b6965111-02cb-485d-9011-e652d2a09468.jpg,True,3,0.0540781,0,7,convnext_256
d7565a3f-f4b3-4fc8-9dd2-eeb2c58e6e3d.jpg,0,0,data/images/d7565a3f-f4b3-4fc8-9dd2-eeb2c58e6e3d.jpg,True,1,0.030182078,0,8,convnext_256
4219f559-7a3c-4297-9bfe-e40ff658df67.jpg,1,1,data/images/4219f559-7a3c-4297-9bfe-e40ff658df67.jpg,True,4,0.9549525,1,7,convnext_256
be316280-7530-424b-8da2-73f82ff2e2f4.jpg,0,0,data/images/be316280-7530-424b-8da2-73f82ff2e2f4.jpg,True,0,0.028877653,0,7,convnext_256
fde1fd68-a161-42e3-8089-aa3d38e6d3fb.jpg,0,0,data/images/fde1fd68-a161-42e3-8089-aa3d38e6d3fb.jpg,True,2,0.022490842,0,8,convnext_256
cc9957c6-348c-4699-998a-457c2a6c7bf8.jpg,0,0,data/images/cc9957c6-348c-4699-998a-457c2a6c7bf8.jpg,True,3,0.863826,1,7,convnext_256
bd57ced2-fb5d-4f8e-9215-b547c0d98683.jpg,0,0,data/images/bd57ced2-fb5d-4f8e-9215-b547c0d98683.jpg,True,0,0.09081904,0,7,convnext_256
38c7d449-e941-43c1-81d5-bff9b89cf0c5.jpg,1,1,data/images/38c7d449-e941-43c1-81d5-bff9b89cf0c5.jpg,True,3,0.9788104,1,7,convnext_256
91cc1fb2-5bcc-44e3-a6b0-b23b75591f38.jpg,1,1,data/images/91cc1fb2-5bcc-44e3-a6b0-b23b75591f38.jpg,True,1,0.9652923,1,8,convnext_256
60aad28f-3292-4b1d-ac9e-dc21ec9ede29.jpg,0,0,data/images/60aad28f-3292-4b1d-ac9e-dc21ec9ede29.jpg,True,2,0.03428842,0,8,convnext_256
54d573e1-9c96-49d8-91f1-b4441aeb5141.jpg,1,1,data/images/54d573e1-9c96-49d8-91f1-b4441aeb5141.jpg,True,4,0.9727002,1,7,convnext_256
61d2c8dc-d164-414e-88f5-fc5d296c46be.jpg,1,1,data/images/61d2c8dc-d164-414e-88f5-fc5d296c46be.jpg,True,2,0.8677318,1,8,convnext_256
5fe6b882-3b16-450a-8081-ced6dd4f4e32.jpg,0,0,data/images/5fe6b882-3b16-450a-8081-ced6dd4f4e32.jpg,True,3,0.026015336,0,7,convnext_256
a3f926a8-e866-4ff0-a72d-fa40facda527.jpg,0,0,data/images/a3f926a8-e866-4ff0-a72d-fa40facda527.jpg,True,0,0.021066677,0,7,convnext_256
22f02237-fd9f-4ace-9c7a-eff8093ee4eb.jpg,0,0,data/images/22f02237-fd9f-4ace-9c7a-eff8093ee4eb.jpg,True,1,0.5220438,1,8,convnext_256
b47aff1e-923a-46fa-8f92-fb847b1886f5.jpg,1,1,data/images/b47aff1e-923a-46fa-8f92-fb847b1886f5.jpg,True,4,0.9265345,1,7,convnext_256
ba659bfd-9841-470d-8524-9e00a5520134.jpg,0,0,data/images/ba659bfd-9841-470d-8524-9e00a5520134.jpg,True,2,0.022941431,0,8,convnext_256
2ebcb7f2-8532-4379-97a1-9f4a01111dda.jpg,1,1,data/images/2ebcb7f2-8532-4379-97a1-9f4a01111dda.jpg,True,0,0.9797298,1,7,convnext_256
9130caad-73ef-4d61-a643-db08d4a3cd58.jpg,1,1,data/images/9130caad-73ef-4d61-a643-db08d4a3cd58.jpg,True,1,0.97590977,1,8,convnext_256
9ec3f9fb-be74-41a2-a98a-d34c82628404.jpg,1,1,data/images/9ec3f9fb-be74-41a2-a98a-d34c82628404.jpg,True,3,0.9735194,1,7,convnext_256
217d3e02-f8af-4eb3-9193-fe48db037427.jpg,1,1,data/images/217d3e02-f8af-4eb3-9193-fe48db037427.jpg,True,4,0.33017483,0,7,convnext_256
ac874ecb-6aa5-47a0-8b7d-eaa7f979aac0.jpg,0,0,data/images/ac874ecb-6aa5-47a0-8b7d-eaa7f979aac0.jpg,True,4,0.06948728,0,7,convnext_256
1eb993ae-c06d-4edd-804f-6b4ba3b0eb6d.jpg,0,0,data/images/1eb993ae-c06d-4edd-804f-6b4ba3b0eb6d.jpg,True,3,0.34323713,0,7,convnext_256
54daeafb-2091-497d-9636-79d7fc825c50.jpg,0,0,data/images/54daeafb-2091-497d-9636-79d7fc825c50.jpg,True,0,0.37102565,0,7,convnext_256
71a9ee7f-6a0d-4249-b277-903d062f9d9b.jpg,0,0,data/images/71a9ee7f-6a0d-4249-b277-903d062f9d9b.jpg,True,1,0.012428531,0,8,convnext_256
e38e5314-05f1-4229-ae84-5b1b13d03c84.jpg,1,1,data/images/e38e5314-05f1-4229-ae84-5b1b13d03c84.jpg,True,2,0.96922106,1,8,convnext_256
14aec09a-873b-4f89-8735-02e008566f69.jpg,1,1,data/images/14aec09a-873b-4f89-8735-02e008566f69.jpg,True,0,0.9659028,1,7,convnext_256
a9c74abf-d68d-43a8-bbfc-3c6180a63039.jpg,0,0,data/images/a9c74abf-d68d-43a8-bbfc-3c6180a63039.jpg,True,4,0.022382341,0,7,convnext_256
f68687a2-6576-43dc-b7b6-c8857a996641.jpg,0,0,data/images/f68687a2-6576-43dc-b7b6-c8857a996641.jpg,True,3,0.03110947,0,7,convnext_256
05c24e08-d283-4467-b0eb-bed48bacc11c.jpg,0,0,data/images/05c24e08-d283-4467-b0eb-bed48bacc11c.jpg,True,2,0.016119074,0,8,convnext_256
80b705c0-d239-439e-91d1-bca734173a54.jpg,0,0,data/images/80b705c0-d239-439e-91d1-bca734173a54.jpg,True,1,0.0719309,0,8,convnext_256
73011c46-0bda-4da9-a32f-46ab7501ba9b.jpg,0,0,data/images/73011c46-0bda-4da9-a32f-46ab7501ba9b.jpg,True,3,0.9700515,1,7,convnext_256
f8b73226-3afc-4d49-96d2-f0d308e82a78.jpg,0,0,data/images/f8b73226-3afc-4d49-96d2-f0d308e82a78.jpg,True,0,0.6624504,1,7,convnext_256
3b138184-a67f-41f8-91af-a010752df370.jpg,0,0,data/images/3b138184-a67f-41f8-91af-a010752df370.jpg,True,4,0.026845515,0,7,convnext_256
df931743-8cc8-4bf8-a546-ac022d78629a.jpg,1,1,data/images/df931743-8cc8-4bf8-a546-ac022d78629a.jpg,True,1,0.79769975,1,8,convnext_256
50b932b6-e512-4186-887f-a035235774a1.jpg,0,0,data/images/50b932b6-e512-4186-887f-a035235774a1.jpg,True,2,0.080961935,0,8,convnext_256
a51ea7e0-cce5-4a74-a485-b6098a4a62f2.jpg,1,1,data/images/a51ea7e0-cce5-4a74-a485-b6098a4a62f2.jpg,True,2,0.9652555,1,8,convnext_256
1022d1a0-5760-4ef8-b575-d4a65afe18cf.jpg,0,0,data/images/1022d1a0-5760-4ef8-b575-d4a65afe18cf.jpg,True,0,0.023736507,0,7,convnext_256
2e8d9295-6651-4c8b-8604-8602511e9e4f.jpg,1,1,data/images/2e8d9295-6651-4c8b-8604-8602511e9e4f.jpg,True,1,0.97620106,1,8,convnext_256
bc30baf4-b1d2-446d-879a-b8f6de4ce7c4.jpg,1,1,data/images/bc30baf4-b1d2-446d-879a-b8f6de4ce7c4.jpg,True,4,0.8919948,1,7,convnext_256
f5ae0520-043f-4306-ad65-140654fbc5af.jpg,0,0,data/images/f5ae0520-043f-4306-ad65-140654fbc5af.jpg,True,3,0.018428424,0,7,convnext_256
56a8833b-e1b0-4e89-9ddd-09e77217e230.jpg,1,1,data/images/56a8833b-e1b0-4e89-9ddd-09e77217e230.jpg,True,3,0.98313856,1,7,convnext_256
459c5136-d005-405e-a246-b156ddee2da3.jpg,1,1,data/images/459c5136-d005-405e-a246-b156ddee2da3.jpg,True,0,0.97778016,1,7,convnext_256
9308aea9-4569-40da-ae6b-2cba2b3c8e34.jpg,0,0,data/images/9308aea9-4569-40da-ae6b-2cba2b3c8e34.jpg,True,4,0.020709924,0,7,convnext_256
83c38e8d-06df-46b2-8d89-08ad4cb53ded.jpg,1,1,data/images/83c38e8d-06df-46b2-8d89-08ad4cb53ded.jpg,True,1,0.9761548,1,8,convnext_256
98a4b801-a936-428b-a0b0-a6472a0f40bb.jpg,0,0,data/images/98a4b801-a936-428b-a0b0-a6472a0f40bb.jpg,True,2,0.027628042,0,8,convnext_256
d518662a-e502-4933-bbd2-153034eb9850.jpg,1,1,data/images/d518662a-e502-4933-bbd2-153034eb9850.jpg,True,4,0.98062676,1,7,convnext_256
d3faf01a-7af0-49c4-98a6-c04228a662a0.jpg,0,0,data/images/d3faf01a-7af0-49c4-98a6-c04228a662a0.jpg,True,1,0.96286654,1,8,convnext_256
25286fcb-b5f2-448b-b0d2-050e22aae66b.jpg,0,0,data/images/25286fcb-b5f2-448b-b0d2-050e22aae66b.jpg,True,3,0.01873355,0,7,convnext_256
1be9b481-ce3b-494f-824d-af68b092b9e3.jpg,1,1,data/images/1be9b481-ce3b-494f-824d-af68b092b9e3.jpg,True,0,0.9653644,1,7,convnext_256
c091808a-f417-49ee-b7d5-e40e92db0fca.jpg,1,1,data/images/c091808a-f417-49ee-b7d5-e40e92db0fca.jpg,True,2,0.04800609,0,8,convnext_256
6037570b-ce57-4d32-b641-6164b2434da3.jpg,0,0,data/images/6037570b-ce57-4d32-b641-6164b2434da3.jpg,True,2,0.024740443,0,8,convnext_256
965e4feb-1a7a-497a-a614-825e355bdbd1.jpg,0,0,data/images/965e4feb-1a7a-497a-a614-825e355bdbd1.jpg,True,3,0.025615498,0,7,convnext_256
5734afc8-ce87-4d3b-89c3-5275fd1f3af0.jpg,1,1,data/images/5734afc8-ce87-4d3b-89c3-5275fd1f3af0.jpg,True,4,0.98311573,1,7,convnext_256
f08059ca-8b37-46c6-a83d-0027d20222ba.jpg,0,0,data/images/f08059ca-8b37-46c6-a83d-0027d20222ba.jpg,True,1,0.022310125,0,8,convnext_256
0c0e3256-35d7-4e6b-87ea-28c12961372e.jpg,1,1,data/images/0c0e3256-35d7-4e6b-87ea-28c12961372e.jpg,True,0,0.96521354,1,7,convnext_256
68be98b1-e99d-4117-91dd-a1d7eed6c4d7.jpg,1,1,data/images/68be98b1-e99d-4117-91dd-a1d7eed6c4d7.jpg,True,2,0.94362855,1,8,convnext_256
0b67e17d-3fce-488d-a1dc-b88e8b694d46.jpg,1,1,data/images/0b67e17d-3fce-488d-a1dc-b88e8b694d46.jpg,True,0,0.9783236,1,7,convnext_256
6bae4761-65e0-4bab-83f7-684ba53d5ee1.jpg,1,1,data/images/6bae4761-65e0-4bab-83f7-684ba53d5ee1.jpg,True,1,0.97200507,1,8,convnext_256
637b37ce-0115-4bea-acd2-67351000b66d.jpg,1,1,data/images/637b37ce-0115-4bea-acd2-67351000b66d.jpg,True,3,0.9647777,1,7,convnext_256
b1ba3497-5181-41b9-a950-56530faa4187.jpg,1,1,data/images/b1ba3497-5181-41b9-a950-56530faa4187.jpg,True,4,0.9833001,1,7,convnext_256
fcdca082-b9aa-4ca5-ba3a-23c707e4f6dc.jpg,0,0,data/images/fcdca082-b9aa-4ca5-ba3a-23c707e4f6dc.jpg,True,4,0.052208886,0,7,convnext_256
da4edc4c-0cff-46e0-afb1-0af57de522ae.jpg,0,0,data/images/da4edc4c-0cff-46e0-afb1-0af57de522ae.jpg,True,1,0.017782688,0,8,convnext_256
a2d316ac-62a4-46fb-84be-9e4851cf33fe.jpg,1,1,data/images/a2d316ac-62a4-46fb-84be-9e4851cf33fe.jpg,True,2,0.85977465,1,8,convnext_256
80f2747f-2c5e-43f4-bb1b-9c58a7412435.jpg,0,0,data/images/80f2747f-2c5e-43f4-bb1b-9c58a7412435.jpg,True,3,0.014271386,0,7,convnext_256
2c5ea2da-5bc2-46f5-94de-586060726a10.jpg,1,1,data/images/2c5ea2da-5bc2-46f5-94de-586060726a10.jpg,True,0,0.9780293,1,7,convnext_256
293daa42-d4fe-420d-adfc-6f70f9086425.jpg,0,0,data/images/293daa42-d4fe-420d-adfc-6f70f9086425.jpg,True,3,0.024454638,0,7,convnext_256
e2e79245-b5bd-4610-860a-bddacce7071f.jpg,1,1,data/images/e2e79245-b5bd-4610-860a-bddacce7071f.jpg,True,1,0.9729416,1,8,convnext_256
d6ffc87b-d02a-44fc-aae0-cd63bb0f5cb5.jpg,0,0,data/images/d6ffc87b-d02a-44fc-aae0-cd63bb0f5cb5.jpg,True,0,0.028915716,0,7,convnext_256
0d820953-888c-489a-a7b6-9726cb4da8c8.jpg,0,0,data/images/0d820953-888c-489a-a7b6-9726cb4da8c8.jpg,True,4,0.009655757,0,7,convnext_256
d6bde8ac-9128-4f57-a7b0-4778e1d350e7.jpg,1,1,data/images/d6bde8ac-9128-4f57-a7b0-4778e1d350e7.jpg,True,2,0.97468215,1,8,convnext_256
80245555-2ad0-4c03-bd3d-73a7821752ee.jpg,1,1,data/images/80245555-2ad0-4c03-bd3d-73a7821752ee.jpg,True,3,0.9682073,1,7,convnext_256
0ca0d43d-e3b9-447f-bb3a-133f37cd0bc1.jpg,0,0,data/images/0ca0d43d-e3b9-447f-bb3a-133f37cd0bc1.jpg,True,1,0.014683235,0,8,convnext_256
7715674e-ca44-47fd-92d6-049e49d08916.jpg,1,1,data/images/7715674e-ca44-47fd-92d6-049e49d08916.jpg,True,0,0.9846177,1,7,convnext_256
9165b95f-0be0-48ea-a77b-281aba5b4e5b.jpg,0,0,data/images/9165b95f-0be0-48ea-a77b-281aba5b4e5b.jpg,True,4,0.051473547,0,7,convnext_256
fa0b2015-4e11-4849-a975-b83e85b86129.jpg,1,1,data/images/fa0b2015-4e11-4849-a975-b83e85b86129.jpg,True,2,0.9752069,1,8,convnext_256
1decdfbf-c412-41b2-9f83-701d9046e1c4.jpg,0,0,data/images/1decdfbf-c412-41b2-9f83-701d9046e1c4.jpg,True,1,0.012204638,0,8,convnext_256
8bc7943e-90b3-43b7-86d3-63825d0a7ffb.jpg,1,1,data/images/8bc7943e-90b3-43b7-86d3-63825d0a7ffb.jpg,True,0,0.9798361,1,7,convnext_256
d7b98668-9d34-4256-9dd6-f80211e38c28.jpg,1,1,data/images/d7b98668-9d34-4256-9dd6-f80211e38c28.jpg,True,4,0.98057854,1,7,convnext_256
a3f18162-654a-48bb-b918-58b21534b72e.jpg,0,0,data/images/a3f18162-654a-48bb-b918-58b21534b72e.jpg,True,3,0.023394575,0,7,convnext_256
1c824f8f-9ac0-49b0-b174-c4cb016b388f.jpg,0,0,data/images/1c824f8f-9ac0-49b0-b174-c4cb016b388f.jpg,True,2,0.028593447,0,8,convnext_256
efbc4a0c-f724-4102-8d15-5af7d44cb0cd.jpg,0,0,data/images/efbc4a0c-f724-4102-8d15-5af7d44cb0cd.jpg,True,2,0.043630634,0,8,convnext_256
b0e7a7c0-9bd3-4c91-92f1-144812999e31.jpg,0,0,data/images/b0e7a7c0-9bd3-4c91-92f1-144812999e31.jpg,True,3,0.019060286,0,7,convnext_256
03221697-b893-43c4-8426-0ce6502d161a.jpg,0,0,data/images/03221697-b893-43c4-8426-0ce6502d161a.jpg,True,1,0.052202255,0,8,convnext_256
ad393b1c-a7b3-48ae-bf5f-10d062f7213f.jpg,0,0,data/images/ad393b1c-a7b3-48ae-bf5f-10d062f7213f.jpg,True,0,0.020424383,0,7,convnext_256
4de77b41-e550-4965-8ec4-a813a5bbee5e.jpg,1,1,data/images/4de77b41-e550-4965-8ec4-a813a5bbee5e.jpg,True,4,0.903242,1,7,convnext_256
ecddaf03-908e-401f-af4f-0dc4f4b72e5f.jpg,1,1,data/images/ecddaf03-908e-401f-af4f-0dc4f4b72e5f.jpg,True,3,0.86824507,1,7,convnext_256
c3bd02b2-435b-4277-89cc-a13a65385918.jpg,0,0,data/images/c3bd02b2-435b-4277-89cc-a13a65385918.jpg,True,1,0.5031166,1,8,convnext_256
aa28d49b-2a87-4a00-8851-dd22f314a523.jpg,1,1,data/images/aa28d49b-2a87-4a00-8851-dd22f314a523.jpg,True,4,0.06484277,0,7,convnext_256
9ce1f078-9a96-43a5-afd5-55a77a049a18.jpg,1,1,data/images/9ce1f078-9a96-43a5-afd5-55a77a049a18.jpg,True,0,0.9158033,1,7,convnext_256
c58e07bd-dd7d-48bc-bb5f-8e4059b8ff2c.jpg,0,0,data/images/c58e07bd-dd7d-48bc-bb5f-8e4059b8ff2c.jpg,True,2,0.018369412,0,8,convnext_256
e777645b-41f6-4c4b-9bad-b4a4bd00f47e.jpg,1,1,data/images/e777645b-41f6-4c4b-9bad-b4a4bd00f47e.jpg,True,1,0.27389333,0,8,convnext_256
88a38493-10e6-4881-a086-6e90fe096bc9.jpg,0,0,data/images/88a38493-10e6-4881-a086-6e90fe096bc9.jpg,True,4,0.014278853,0,7,convnext_256
f20347cd-9ca0-489e-ab7f-3d44e21d8162.jpg,1,1,data/images/f20347cd-9ca0-489e-ab7f-3d44e21d8162.jpg,True,3,0.94115514,1,7,convnext_256
caf11ad9-bf19-4619-9330-039fef65a814.jpg,0,0,data/images/caf11ad9-bf19-4619-9330-039fef65a814.jpg,True,2,0.020573283,0,8,convnext_256
e6c257f7-84fc-4a7f-a435-e45e6c23f146.jpg,0,0,data/images/e6c257f7-84fc-4a7f-a435-e45e6c23f146.jpg,True,0,0.842416,1,7,convnext_256
75c043e5-bef8-46a9-bf3e-1a0201213b46.jpg,1,1,data/images/75c043e5-bef8-46a9-bf3e-1a0201213b46.jpg,True,1,0.97177774,1,8,convnext_256
d226371a-ac39-4715-b54a-bd3e6f906b41.jpg,1,1,data/images/d226371a-ac39-4715-b54a-bd3e6f906b41.jpg,True,2,0.97690976,1,8,convnext_256
d9fa03e1-a7d0-4ab4-a8ca-8ea9f9219cae.jpg,1,1,data/images/d9fa03e1-a7d0-4ab4-a8ca-8ea9f9219cae.jpg,True,3,0.943359,1,7,convnext_256
d67b4da9-9703-468a-9108-0f6d04ce585f.jpg,1,1,data/images/d67b4da9-9703-468a-9108-0f6d04ce585f.jpg,True,4,0.97648525,1,7,convnext_256
f42c7c18-f5bb-489d-809c-6d0d780ab811.jpg,0,0,data/images/f42c7c18-f5bb-489d-809c-6d0d780ab811.jpg,True,0,0.02213993,0,7,convnext_256
0187019b-407b-4053-ae28-6339d8cec2cc.jpg,0,0,data/images/0187019b-407b-4053-ae28-6339d8cec2cc.jpg,True,4,0.02569262,0,7,convnext_256
b5e402ab-98b5-4854-9732-01d3c3495c0b.jpg,0,0,data/images/b5e402ab-98b5-4854-9732-01d3c3495c0b.jpg,True,2,0.039113976,0,8,convnext_256
256f8c15-24f5-4b89-8637-7fd7dc70da64.jpg,0,0,data/images/256f8c15-24f5-4b89-8637-7fd7dc70da64.jpg,True,3,0.018667327,0,7,convnext_256
7d075412-b92c-48a2-89a3-680862517b2e.jpg,0,0,data/images/7d075412-b92c-48a2-89a3-680862517b2e.jpg,True,0,0.039570045,0,7,convnext_256
1e6d1ded-b780-434f-bfd5-2d3875c00e94.jpg,0,0,data/images/1e6d1ded-b780-434f-bfd5-2d3875c00e94.jpg,True,1,0.17212123,0,8,convnext_256
6c460d3e-652d-45ac-a133-abf9f67ceb27.jpg,0,0,data/images/6c460d3e-652d-45ac-a133-abf9f67ceb27.jpg,True,3,0.9162142,1,7,convnext_256
baa155d2-2088-43cd-bd72-1a5511ad293f.jpg,0,0,data/images/baa155d2-2088-43cd-bd72-1a5511ad293f.jpg,True,0,0.03214211,0,7,convnext_256
108be69c-42a2-438b-be50-d2d612426946.jpg,0,0,data/images/108be69c-42a2-438b-be50-d2d612426946.jpg,True,4,0.025172487,0,7,convnext_256
466e3fb5-8718-41bb-96cf-bfe676c0a0ac.jpg,1,1,data/images/466e3fb5-8718-41bb-96cf-bfe676c0a0ac.jpg,True,2,0.9223107,1,8,convnext_256
eff725f0-3dec-412b-9cea-f6a6c5ee9284.jpg,0,0,data/images/eff725f0-3dec-412b-9cea-f6a6c5ee9284.jpg,True,1,0.022493128,0,8,convnext_256
ad459e32-f6de-457f-94bf-255ae9ecc125.jpg,1,1,data/images/ad459e32-f6de-457f-94bf-255ae9ecc125.jpg,True,2,0.05020186,0,8,convnext_256
afd721a5-aed1-4967-ad6c-efad36638448.jpg,1,1,data/images/afd721a5-aed1-4967-ad6c-efad36638448.jpg,True,1,0.9781406,1,8,convnext_256
37057ab0-1207-472b-8ada-da6a69392d9d.jpg,1,1,data/images/37057ab0-1207-472b-8ada-da6a69392d9d.jpg,True,0,0.9725118,1,7,convnext_256
e8e4d7ed-0ce8-4ef8-beb6-077c76d3bc8d.jpg,1,1,data/images/e8e4d7ed-0ce8-4ef8-beb6-077c76d3bc8d.jpg,True,3,0.9709501,1,7,convnext_256
77ad5b75-8a5d-459c-a834-5834a8fc3503.jpg,0,0,data/images/77ad5b75-8a5d-459c-a834-5834a8fc3503.jpg,True,4,0.961967,1,7,convnext_256
98c6010e-d29a-4436-8cc8-50c2430be8f4.jpg,1,1,data/images/98c6010e-d29a-4436-8cc8-50c2430be8f4.jpg,True,1,0.98070747,1,8,convnext_256
b64e5222-5b3f-469c-bcc8-eadf4b3aa0d9.jpg,1,1,data/images/b64e5222-5b3f-469c-bcc8-eadf4b3aa0d9.jpg,True,2,0.9568781,1,8,convnext_256
2af630bd-7d1e-4cf8-a7e2-ebb8e754be98.jpg,0,0,data/images/2af630bd-7d1e-4cf8-a7e2-ebb8e754be98.jpg,True,4,0.04653395,0,7,convnext_256
fdc218de-5eee-4a6b-a77b-6be0273b143b.jpg,1,1,data/images/fdc218de-5eee-4a6b-a77b-6be0273b143b.jpg,True,3,0.99057627,1,7,convnext_256
6725f777-8563-417f-b1e7-75f5156d8701.jpg,0,0,data/images/6725f777-8563-417f-b1e7-75f5156d8701.jpg,True,0,0.015993949,0,7,convnext_256
d900d401-514f-44be-b368-f07f6e5b3a0f.jpg,0,0,data/images/d900d401-514f-44be-b368-f07f6e5b3a0f.jpg,True,1,0.015087545,0,8,convnext_256
633c6ee7-e11a-452a-bdeb-6e83b2489ded.jpg,0,0,data/images/633c6ee7-e11a-452a-bdeb-6e83b2489ded.jpg,True,3,0.023568012,0,7,convnext_256
6cc3d574-c14f-4432-9b17-a2d4e396ed99.jpg,0,0,data/images/6cc3d574-c14f-4432-9b17-a2d4e396ed99.jpg,True,4,0.51639086,1,7,convnext_256
a6a70dd6-89ed-4710-9c2b-fc43c8261dfb.jpg,1,1,data/images/a6a70dd6-89ed-4710-9c2b-fc43c8261dfb.jpg,True,2,0.9796779,1,8,convnext_256
9ae13f54-2cf6-4484-8aee-69973b8074f0.jpg,1,1,data/images/9ae13f54-2cf6-4484-8aee-69973b8074f0.jpg,True,0,0.98114234,1,7,convnext_256
ff8eaa69-6bbe-45b4-bf9f-0d5bc735f704.jpg,0,0,data/images/ff8eaa69-6bbe-45b4-bf9f-0d5bc735f704.jpg,True,4,0.82347745,1,7,convnext_256
460e194b-163f-49b1-acd1-23134642a9e3.jpg,0,0,data/images/460e194b-163f-49b1-acd1-23134642a9e3.jpg,True,3,0.024824977,0,7,convnext_256
28708134-e172-4089-acd8-1ca7b5bb7205.jpg,0,0,data/images/28708134-e172-4089-acd8-1ca7b5bb7205.jpg,True,0,0.016809564,0,7,convnext_256
b2aaa379-ea21-4900-9381-be1e3bc36934.jpg,0,0,data/images/b2aaa379-ea21-4900-9381-be1e3bc36934.jpg,True,1,0.040528152,0,8,convnext_256
74ccaae2-14ca-4968-a15a-183062ea6959.jpg,1,1,data/images/74ccaae2-14ca-4968-a15a-183062ea6959.jpg,True,2,0.975002,1,8,convnext_256
43a870f0-9838-49e4-9ac6-547c3b027acb.jpg,0,0,data/images/43a870f0-9838-49e4-9ac6-547c3b027acb.jpg,True,2,0.05842506,0,8,convnext_256
afe62f86-2318-4e4b-8971-6c5ddafd68dc.jpg,1,1,data/images/afe62f86-2318-4e4b-8971-6c5ddafd68dc.jpg,True,3,0.9850153,1,7,convnext_256
df951e8b-cc9f-4b41-a3d1-aef66677cd04.jpg,1,1,data/images/df951e8b-cc9f-4b41-a3d1-aef66677cd04.jpg,True,1,0.9217671,1,8,convnext_256
c10d94a4-d6a5-4701-b175-cf1c89c22037.jpg,1,1,data/images/c10d94a4-d6a5-4701-b175-cf1c89c22037.jpg,True,0,0.97424567,1,7,convnext_256
90eb3cf1-bdb3-48a5-91e7-4fb56c74e2bb.jpg,0,0,data/images/90eb3cf1-bdb3-48a5-91e7-4fb56c74e2bb.jpg,True,4,0.02698743,0,7,convnext_256
df895a7d-bb7b-4beb-803e-899e065ddb20.jpg,0,0,data/images/df895a7d-bb7b-4beb-803e-899e065ddb20.jpg,True,3,0.18939205,0,7,convnext_256
8ea4a679-8748-427f-ae33-b386187d87dc.jpg,0,0,data/images/8ea4a679-8748-427f-ae33-b386187d87dc.jpg,True,0,0.02226473,0,7,convnext_256
e2814df3-2bc4-4300-b26a-3e76dade361b.jpg,0,0,data/images/e2814df3-2bc4-4300-b26a-3e76dade361b.jpg,True,2,0.049332686,0,8,convnext_256
0fc7048a-a40b-479b-9230-ffd06f5d0a30.jpg,0,0,data/images/0fc7048a-a40b-479b-9230-ffd06f5d0a30.jpg,True,4,0.018833108,0,7,convnext_256
66bf7515-4547-493f-8561-e8c3e08d6749.jpg,0,0,data/images/66bf7515-4547-493f-8561-e8c3e08d6749.jpg,True,1,0.053318992,0,8,convnext_256
5efe8f1b-be6c-4fa0-8c13-4f1bcc6c8c4b.jpg,1,1,data/images/5efe8f1b-be6c-4fa0-8c13-4f1bcc6c8c4b.jpg,True,1,0.9720615,1,8,convnext_256
26602afe-ee25-4114-9046-888ee758cd06.jpg,0,0,data/images/26602afe-ee25-4114-9046-888ee758cd06.jpg,True,0,0.04878319,0,7,convnext_256
4ccaf5de-2948-44d4-bce1-6ab943295f29.jpg,0,0,data/images/4ccaf5de-2948-44d4-bce1-6ab943295f29.jpg,True,2,0.9470521,1,8,convnext_256
c9c3d09f-7965-47de-88c6-a7b9de086776.jpg,1,1,data/images/c9c3d09f-7965-47de-88c6-a7b9de086776.jpg,True,4,0.95726585,1,7,convnext_256
fcae37a8-0708-449a-b8d1-5599bc0aa346.jpg,1,1,data/images/fcae37a8-0708-449a-b8d1-5599bc0aa346.jpg,True,3,0.9775752,1,7,convnext_256
d2d00133-5c7c-4cd5-8f9d-e6754e241c4f.jpg,0,0,data/images/d2d00133-5c7c-4cd5-8f9d-e6754e241c4f.jpg,True,0,0.02281454,0,7,convnext_256
b292d25f-5f0d-4552-a43e-e388b134864d.jpg,1,1,data/images/b292d25f-5f0d-4552-a43e-e388b134864d.jpg,True,2,0.9785355,1,8,convnext_256
d7dd9be4-91db-4f65-a765-d36211b52198.jpg,1,1,data/images/d7dd9be4-91db-4f65-a765-d36211b52198.jpg,True,3,0.97483546,1,7,convnext_256
7df97a98-cfcb-4b98-9679-3380c98f34e4.jpg,1,1,data/images/7df97a98-cfcb-4b98-9679-3380c98f34e4.jpg,True,4,0.9758716,1,7,convnext_256
d1939a4e-3cff-4a0d-824f-7ed898f21b3b.jpg,0,0,data/images/d1939a4e-3cff-4a0d-824f-7ed898f21b3b.jpg,True,1,0.017158914,0,8,convnext_256
37a0b848-fe13-4a64-a191-def34bc1259e.jpg,1,1,data/images/37a0b848-fe13-4a64-a191-def34bc1259e.jpg,True,3,0.03643607,0,7,convnext_256
bf91a4ae-f6cf-44c0-a791-2286c43e3794.jpg,0,0,data/images/bf91a4ae-f6cf-44c0-a791-2286c43e3794.jpg,True,2,0.02901265,0,8,convnext_256
de8b6edb-2bf1-41cd-858d-ce22be7aa460.jpg,0,0,data/images/de8b6edb-2bf1-41cd-858d-ce22be7aa460.jpg,True,0,0.10970172,0,7,convnext_256
47afa7fb-4bf1-40ac-80a1-5621c48ce8bc.jpg,0,0,data/images/47afa7fb-4bf1-40ac-80a1-5621c48ce8bc.jpg,True,1,0.0320942,0,8,convnext_256
f541089d-cbbf-45c5-94b8-23539e5be27f.jpg,1,1,data/images/f541089d-cbbf-45c5-94b8-23539e5be27f.jpg,True,4,0.91039884,1,7,convnext_256
ddfe75f5-c402-4752-be1e-52baeb6c9faa.jpg,0,0,data/images/ddfe75f5-c402-4752-be1e-52baeb6c9faa.jpg,True,4,0.020346278,0,7,convnext_256
0503ea22-e568-4b6f-b167-e4d497af37f5.jpg,0,0,data/images/0503ea22-e568-4b6f-b167-e4d497af37f5.jpg,True,0,0.45254263,0,7,convnext_256
0a9934b8-89ac-4d98-b917-e6955dce4b8a.jpg,0,0,data/images/0a9934b8-89ac-4d98-b917-e6955dce4b8a.jpg,True,3,0.022011492,0,7,convnext_256
2580652a-1483-4172-94b2-c3b9a54b7799.jpg,1,1,data/images/2580652a-1483-4172-94b2-c3b9a54b7799.jpg,True,2,0.9677108,1,8,convnext_256
fb8caafb-0a5c-439c-aeff-294dcbc02fd6.jpg,0,0,data/images/fb8caafb-0a5c-439c-aeff-294dcbc02fd6.jpg,True,1,0.8928067,1,8,convnext_256
61940547-7dd5-47c6-b356-813837680f3a.jpg,1,1,data/images/61940547-7dd5-47c6-b356-813837680f3a.jpg,True,3,0.9629791,1,7,convnext_256
bb664f04-544e-453f-89f2-9c21d402762f.jpg,0,0,data/images/bb664f04-544e-453f-89f2-9c21d402762f.jpg,True,1,0.017483525,0,8,convnext_256
975cd60b-b2f3-4454-aba3-055a2efd5a85.jpg,0,0,data/images/975cd60b-b2f3-4454-aba3-055a2efd5a85.jpg,True,0,0.041065063,0,7,convnext_256
25e9f23a-1cb0-4fe6-8a39-d1ac013e46c2.jpg,0,0,data/images/25e9f23a-1cb0-4fe6-8a39-d1ac013e46c2.jpg,True,4,0.017016772,0,7,convnext_256
922c264c-5a53-4c19-8295-71e334ae3f41.jpg,1,1,data/images/922c264c-5a53-4c19-8295-71e334ae3f41.jpg,True,2,0.019616691,0,8,convnext_256
f2cf7da5-0499-4ff2-a486-15a427b04c61.jpg,0,0,data/images/f2cf7da5-0499-4ff2-a486-15a427b04c61.jpg,True,0,0.82372576,1,7,convnext_256
558c477c-c579-4e3b-a33a-c76cf948578c.jpg,0,0,data/images/558c477c-c579-4e3b-a33a-c76cf948578c.jpg,True,3,0.045964226,0,7,convnext_256
7d718620-2606-4ebc-b590-8133d0b1ad45.jpg,0,0,data/images/7d718620-2606-4ebc-b590-8133d0b1ad45.jpg,True,1,0.03181595,0,8,convnext_256
0ce4e9b6-16fc-48ce-a415-40e5436adf44.jpg,1,1,data/images/0ce4e9b6-16fc-48ce-a415-40e5436adf44.jpg,True,4,0.9745026,1,7,convnext_256
7d5f7227-d953-4f54-af62-9c45e7e94bb2.jpg,1,1,data/images/7d5f7227-d953-4f54-af62-9c45e7e94bb2.jpg,True,2,0.9786416,1,8,convnext_256
f2e36ebd-bf12-4aaf-8818-dabd19e061dc.jpg,1,1,data/images/f2e36ebd-bf12-4aaf-8818-dabd19e061dc.jpg,True,2,0.96985257,1,8,convnext_256
c7a54142-d447-4bde-9c0d-baa95bcace4b.jpg,0,0,data/images/c7a54142-d447-4bde-9c0d-baa95bcace4b.jpg,True,4,0.26729566,0,7,convnext_256
78d24521-38ad-4acf-ae29-08e0521882ec.jpg,1,1,data/images/78d24521-38ad-4acf-ae29-08e0521882ec.jpg,True,0,0.96593493,1,7,convnext_256
0b4ece6f-5b9f-4f71-9c62-eaa73f40d51a.jpg,1,1,data/images/0b4ece6f-5b9f-4f71-9c62-eaa73f40d51a.jpg,True,1,0.9700089,1,8,convnext_256
7f7363b2-d60d-4850-b2d6-bf9d52092291.jpg,0,0,data/images/7f7363b2-d60d-4850-b2d6-bf9d52092291.jpg,True,3,0.9272507,1,7,convnext_256
315fdcaa-b249-4121-9769-3ba95382fe4c.jpg,1,1,data/images/315fdcaa-b249-4121-9769-3ba95382fe4c.jpg,True,2,0.43544587,0,8,convnext_256
969508ae-093c-453e-b04c-0ed44e0f4a5d.jpg,0,0,data/images/969508ae-093c-453e-b04c-0ed44e0f4a5d.jpg,True,0,0.98690414,1,7,convnext_256
e99ddae3-ac03-4d2d-a843-a2f981f293be.jpg,0,0,data/images/e99ddae3-ac03-4d2d-a843-a2f981f293be.jpg,True,4,0.02639205,0,7,convnext_256
802e2fa2-94c2-4302-84aa-173999bf2104.jpg,1,1,data/images/802e2fa2-94c2-4302-84aa-173999bf2104.jpg,True,1,0.9783528,1,8,convnext_256
f3629607-5689-4c21-a96b-27e4f3501c84.jpg,1,1,data/images/f3629607-5689-4c21-a96b-27e4f3501c84.jpg,True,3,0.9230391,1,7,convnext_256
1eeb5a5a-1110-4eb8-b524-fd5afdb37999.jpg,0,0,data/images/1eeb5a5a-1110-4eb8-b524-fd5afdb37999.jpg,True,0,0.12922128,0,7,convnext_256
0fe5dd85-4ea9-4363-b3d9-c299c63f7ad6.jpg,1,1,data/images/0fe5dd85-4ea9-4363-b3d9-c299c63f7ad6.jpg,True,4,0.9737975,1,7,convnext_256
011594ed-4b0a-4601-b601-21c32b71cfc0.jpg,0,0,data/images/011594ed-4b0a-4601-b601-21c32b71cfc0.jpg,True,1,0.057178073,0,8,convnext_256
2f1fb757-90b4-4a4e-a868-7665bb6a0267.jpg,1,1,data/images/2f1fb757-90b4-4a4e-a868-7665bb6a0267.jpg,True,2,0.97871053,1,8,convnext_256
b2dd96ae-664c-45de-8898-79a959b3bf87.jpg,1,1,data/images/b2dd96ae-664c-45de-8898-79a959b3bf87.jpg,True,3,0.97804946,1,7,convnext_256
f8951c91-91c1-44d8-9c3c-41dadac5fc48.jpg,1,1,data/images/f8951c91-91c1-44d8-9c3c-41dadac5fc48.jpg,True,1,0.68006885,1,8,convnext_256
c1691e20-9efc-4cfd-a978-243f581daf94.jpg,0,0,data/images/c1691e20-9efc-4cfd-a978-243f581daf94.jpg,True,0,0.021062287,0,7,convnext_256
34199302-44b4-4ca9-a6df-bf48c81d60d6.jpg,1,1,data/images/34199302-44b4-4ca9-a6df-bf48c81d60d6.jpg,True,2,0.9677513,1,8,convnext_256
c0a0b7aa-90c7-4c69-9394-a271d83e0cc5.jpg,0,0,data/images/c0a0b7aa-90c7-4c69-9394-a271d83e0cc5.jpg,True,4,0.041031722,0,7,convnext_256
039ea0f8-432c-4373-b103-ca9914086fe3.jpg,1,1,data/images/039ea0f8-432c-4373-b103-ca9914086fe3.jpg,True,3,0.82884896,1,7,convnext_256
b1fec01d-f1d6-4e5b-900a-084735b79eb2.jpg,0,0,data/images/b1fec01d-f1d6-4e5b-900a-084735b79eb2.jpg,True,3,0.05528791,0,7,convnext_256
e8ee3060-6b07-45c6-892e-eecd1579f11c.jpg,0,0,data/images/e8ee3060-6b07-45c6-892e-eecd1579f11c.jpg,True,0,0.02601367,0,7,convnext_256
d9bd8368-d202-493b-ba4e-4d85db96d2d7.jpg,0,0,data/images/d9bd8368-d202-493b-ba4e-4d85db96d2d7.jpg,True,2,0.15736566,0,8,convnext_256
a36b8e63-18d5-4542-8138-9061939c1a07.jpg,1,1,data/images/a36b8e63-18d5-4542-8138-9061939c1a07.jpg,True,4,0.97886,1,7,convnext_256
2a075a30-7fca-44fc-8e29-93bc4e8cfa9e.jpg,1,1,data/images/2a075a30-7fca-44fc-8e29-93bc4e8cfa9e.jpg,True,1,0.972469,1,8,convnext_256
b753b415-951d-441c-9bea-e48f19d32224.jpg,0,0,data/images/b753b415-951d-441c-9bea-e48f19d32224.jpg,True,2,0.11840048,0,8,convnext_256
3809d676-abe1-4cba-95c1-aae6290bf922.jpg,1,1,data/images/3809d676-abe1-4cba-95c1-aae6290bf922.jpg,True,0,0.9766142,1,7,convnext_256
03039b60-df6b-4c3a-bcc5-5f3d1203f8b9.jpg,0,0,data/images/03039b60-df6b-4c3a-bcc5-5f3d1203f8b9.jpg,True,4,0.91613907,1,7,convnext_256
e97f648b-e590-4ba4-9b3b-53bd00f6bc5b.jpg,0,0,data/images/e97f648b-e590-4ba4-9b3b-53bd00f6bc5b.jpg,True,3,0.13714793,0,7,convnext_256
b15bbcb9-0269-4340-b9b2-bb8575e23cf5.jpg,1,1,data/images/b15bbcb9-0269-4340-b9b2-bb8575e23cf5.jpg,True,1,0.9772503,1,8,convnext_256
783295c3-7419-4207-8c98-6bbe8052e0a8.jpg,0,0,data/images/783295c3-7419-4207-8c98-6bbe8052e0a8.jpg,True,4,0.20791425,0,7,convnext_256
1990cf42-7dc4-4794-943c-a57c203f22e1.jpg,0,0,data/images/1990cf42-7dc4-4794-943c-a57c203f22e1.jpg,True,2,0.014846992,0,8,convnext_256
bb1bb1f0-40e6-4139-91c7-1a93a4061f4a.jpg,1,1,data/images/bb1bb1f0-40e6-4139-91c7-1a93a4061f4a.jpg,True,3,0.9781833,1,7,convnext_256
3219bd46-e081-438a-a094-442d3d59279c.jpg,0,0,data/images/3219bd46-e081-438a-a094-442d3d59279c.jpg,True,1,0.0182183,0,8,convnext_256
2dc5a9fd-f680-46a5-8b04-232787f6234c.jpg,0,0,data/images/2dc5a9fd-f680-46a5-8b04-232787f6234c.jpg,True,0,0.03029674,0,7,convnext_256
d8e975c0-5036-404b-ab31-d1b267c24bc8.jpg,0,0,data/images/d8e975c0-5036-404b-ab31-d1b267c24bc8.jpg,True,4,0.04806985,0,7,convnext_256
a3c0cdf4-fd9d-4dea-8e5d-cb5a75b131cf.jpg,1,1,data/images/a3c0cdf4-fd9d-4dea-8e5d-cb5a75b131cf.jpg,True,3,0.9659174,1,7,convnext_256
cf162752-9d61-465c-9fd6-7ad04328b322.jpg,0,0,data/images/cf162752-9d61-465c-9fd6-7ad04328b322.jpg,True,0,0.022903228,0,7,convnext_256
4dbc603d-692a-4637-965e-bd8d6763fe82.jpg,0,0,data/images/4dbc603d-692a-4637-965e-bd8d6763fe82.jpg,True,2,0.9270502,1,8,convnext_256
9ba83be5-15e3-426c-99f2-d9bb82bea46c.jpg,0,0,data/images/9ba83be5-15e3-426c-99f2-d9bb82bea46c.jpg,True,1,0.022849573,0,8,convnext_256
48831781-0890-4b2e-b447-5c99dc3fb2b4.jpg,0,0,data/images/48831781-0890-4b2e-b447-5c99dc3fb2b4.jpg,True,0,0.10498346,0,7,convnext_256
4da4efd7-703c-4e21-9ac4-cdb9f7ef3646.jpg,1,1,data/images/4da4efd7-703c-4e21-9ac4-cdb9f7ef3646.jpg,True,4,0.93552935,1,7,convnext_256
b9763cae-3b89-48c0-8a4e-fa8b8e434d1a.jpg,1,1,data/images/b9763cae-3b89-48c0-8a4e-fa8b8e434d1a.jpg,True,3,0.88898236,1,7,convnext_256
29b07988-89f7-4230-a7cf-f090d19a1e68.jpg,1,1,data/images/29b07988-89f7-4230-a7cf-f090d19a1e68.jpg,True,1,0.963372,1,8,convnext_256
f39ccbd2-1c82-457c-b4ec-b25ec37f984c.jpg,0,0,data/images/f39ccbd2-1c82-457c-b4ec-b25ec37f984c.jpg,True,2,0.06504633,0,8,convnext_256
f46bd7ad-daec-47f5-97a6-bde55b06d767.jpg,0,0,data/images/f46bd7ad-daec-47f5-97a6-bde55b06d767.jpg,True,3,0.1334826,0,7,convnext_256
6abb9344-9b11-414a-90bb-0c28f50bb1db.jpg,0,0,data/images/6abb9344-9b11-414a-90bb-0c28f50bb1db.jpg,True,0,0.71105033,1,7,convnext_256
38620006-4364-4959-8b23-572e2efa908e.jpg,0,0,data/images/38620006-4364-4959-8b23-572e2efa908e.jpg,True,1,0.014818131,0,8,convnext_256
73f474eb-8166-4b19-a432-8c72fcb3fd32.jpg,1,1,data/images/73f474eb-8166-4b19-a432-8c72fcb3fd32.jpg,True,2,0.93514,1,8,convnext_256
4da495ea-ced0-436a-b850-dd0dd5a368fd.jpg,0,0,data/images/4da495ea-ced0-436a-b850-dd0dd5a368fd.jpg,True,4,0.028168693,0,7,convnext_256
f2f65220-dcd4-4aca-8ce0-676faf7d920f.jpg,0,0,data/images/f2f65220-dcd4-4aca-8ce0-676faf7d920f.jpg,True,1,0.017103657,0,8,convnext_256
84fec93f-35e9-411f-a3b8-e9c2dd708989.jpg,0,0,data/images/84fec93f-35e9-411f-a3b8-e9c2dd708989.jpg,True,3,0.18340214,0,7,convnext_256
55f9e352-5a09-44e3-acdc-b84462a3bea3.jpg,1,1,data/images/55f9e352-5a09-44e3-acdc-b84462a3bea3.jpg,True,4,0.14027624,0,7,convnext_256
617380da-1d5d-4712-a65d-eb8629a66cac.jpg,0,0,data/images/617380da-1d5d-4712-a65d-eb8629a66cac.jpg,True,0,0.08048974,0,7,convnext_256
551046f9-e441-485b-b188-d04aec3c2036.jpg,1,1,data/images/551046f9-e441-485b-b188-d04aec3c2036.jpg,True,2,0.977128,1,8,convnext_256
b193cfca-0e43-41d9-b175-8400548764a7.jpg,1,1,data/images/b193cfca-0e43-41d9-b175-8400548764a7.jpg,True,4,0.9568776,1,7,convnext_256
165ca585-f72a-40da-89bc-738e7a013461.jpg,0,0,data/images/165ca585-f72a-40da-89bc-738e7a013461.jpg,True,3,0.37636337,0,7,convnext_256
e9bf090c-dc5a-4d13-8c95-fff4fe109367.jpg,1,1,data/images/e9bf090c-dc5a-4d13-8c95-fff4fe109367.jpg,True,1,0.9679252,1,8,convnext_256
3d2b8701-7f9f-471d-b1aa-326c9a9c5cca.jpg,1,1,data/images/3d2b8701-7f9f-471d-b1aa-326c9a9c5cca.jpg,True,2,0.10629001,0,8,convnext_256
0386580b-017c-47a2-9017-c577dc660ae9.jpg,0,0,data/images/0386580b-017c-47a2-9017-c577dc660ae9.jpg,True,0,0.06476717,0,7,convnext_256
5f4684f8-f6f2-4860-91db-1a43362e6846.jpg,0,0,data/images/5f4684f8-f6f2-4860-91db-1a43362e6846.jpg,True,0,0.15449962,0,7,convnext_256
554b87a0-3dc7-4f7e-9a49-6e920c0872c5.jpg,1,1,data/images/554b87a0-3dc7-4f7e-9a49-6e920c0872c5.jpg,True,4,0.06817961,0,7,convnext_256
d7139c17-15f6-4d42-a8e1-8ea1546e7291.jpg,0,0,data/images/d7139c17-15f6-4d42-a8e1-8ea1546e7291.jpg,True,2,0.17908864,0,8,convnext_256
73d49bd4-2f19-464c-951e-4c0b504fd33c.jpg,0,0,data/images/73d49bd4-2f19-464c-951e-4c0b504fd33c.jpg,True,1,0.0341303,0,8,convnext_256
86087c2a-93a8-4e33-84a7-df28afff045d.jpg,1,1,data/images/86087c2a-93a8-4e33-84a7-df28afff045d.jpg,True,3,0.9691572,1,7,convnext_256
8755428c-89e9-4740-81c9-42e8472ce6d7.jpg,0,0,data/images/8755428c-89e9-4740-81c9-42e8472ce6d7.jpg,True,0,0.11749882,0,7,convnext_256
ad3ea4e5-cd48-4363-930b-c69e38081115.jpg,1,1,data/images/ad3ea4e5-cd48-4363-930b-c69e38081115.jpg,True,2,0.97578716,1,8,convnext_256
2868bd80-f8d2-469b-b5e4-c653faa3d267.jpg,0,0,data/images/2868bd80-f8d2-469b-b5e4-c653faa3d267.jpg,True,4,0.023370309,0,7,convnext_256
b05914ed-5b0f-4fa1-aa0e-1710b50a1014.jpg,1,1,data/images/b05914ed-5b0f-4fa1-aa0e-1710b50a1014.jpg,True,3,0.9695991,1,7,convnext_256
722eebc7-905f-4a4c-8e6c-70b2fab00b57.jpg,0,0,data/images/722eebc7-905f-4a4c-8e6c-70b2fab00b57.jpg,True,1,0.0180802,0,8,convnext_256
ea3b1bc5-e0cb-4f87-b0d7-bd7c62179c09.jpg,1,1,data/images/ea3b1bc5-e0cb-4f87-b0d7-bd7c62179c09.jpg,True,0,0.98848385,1,7,convnext_256
5e5fc967-52bd-4560-830a-768c5992b8ae.jpg,1,1,data/images/5e5fc967-52bd-4560-830a-768c5992b8ae.jpg,True,2,0.97281784,1,8,convnext_256
58cd3461-5131-451e-8bd9-7b1386391769.jpg,1,1,data/images/58cd3461-5131-451e-8bd9-7b1386391769.jpg,True,1,0.96123636,1,8,convnext_256
aacb009b-eb72-4dea-9ba1-4162eb5ded9b.jpg,1,1,data/images/aacb009b-eb72-4dea-9ba1-4162eb5ded9b.jpg,True,3,0.9817454,1,7,convnext_256
a1d0ae98-a3f1-4085-9c09-8cad816a2247.jpg,1,1,data/images/a1d0ae98-a3f1-4085-9c09-8cad816a2247.jpg,True,4,0.9428965,1,7,convnext_256
05d40748-9fa2-45ec-94b5-6b8ececa95e9.jpg,1,1,data/images/05d40748-9fa2-45ec-94b5-6b8ececa95e9.jpg,True,1,0.52657115,1,8,convnext_256
24cfab20-f9a3-4dd7-a75e-0d548faa1413.jpg,1,1,data/images/24cfab20-f9a3-4dd7-a75e-0d548faa1413.jpg,True,4,0.9765009,1,7,convnext_256
4f208827-7baa-4ace-84c5-113f2dcd6381.jpg,0,0,data/images/4f208827-7baa-4ace-84c5-113f2dcd6381.jpg,True,0,0.4505928,0,7,convnext_256
468d1a48-6158-40e2-b0cc-9b628caa4093.jpg,1,1,data/images/468d1a48-6158-40e2-b0cc-9b628caa4093.jpg,True,3,0.9649181,1,7,convnext_256
7bd39d46-b86d-494f-8d79-5073a45e2d41.jpg,1,1,data/images/7bd39d46-b86d-494f-8d79-5073a45e2d41.jpg,True,2,0.9769886,1,8,convnext_256
00e74b62-90e9-4e2d-95c8-1e1c0541f839.jpg,0,0,data/images/00e74b62-90e9-4e2d-95c8-1e1c0541f839.jpg,True,4,0.021619147,0,7,convnext_256
db937794-8201-4792-9104-818e19de3512.jpg,1,1,data/images/db937794-8201-4792-9104-818e19de3512.jpg,True,0,0.33547443,0,7,convnext_256
52dc2ce5-8063-470c-8544-b734dfe50858.jpg,0,0,data/images/52dc2ce5-8063-470c-8544-b734dfe50858.jpg,True,3,0.8794675,1,7,convnext_256
f0eb3bbb-fc14-4e4d-b0ac-9383382f102b.jpg,0,0,data/images/f0eb3bbb-fc14-4e4d-b0ac-9383382f102b.jpg,True,2,0.04974823,0,8,convnext_256
7e323531-34eb-45b9-bd5f-b66c0ef1d5ad.jpg,1,1,data/images/7e323531-34eb-45b9-bd5f-b66c0ef1d5ad.jpg,True,1,0.97188246,1,8,convnext_256
23760519-c243-4f77-8bee-b407fa33d283.jpg,1,1,data/images/23760519-c243-4f77-8bee-b407fa33d283.jpg,True,1,0.97428143,1,8,convnext_256
6620f40a-807a-4133-a9f5-c93a026bb91f.jpg,0,0,data/images/6620f40a-807a-4133-a9f5-c93a026bb91f.jpg,True,2,0.036713652,0,8,convnext_256
db4a679c-31d6-4ae3-bec7-a9bf10c498da.jpg,1,1,data/images/db4a679c-31d6-4ae3-bec7-a9bf10c498da.jpg,True,4,0.98576015,1,7,convnext_256
03c8117c-5365-43eb-8117-3e11ac4e5972.jpg,1,1,data/images/03c8117c-5365-43eb-8117-3e11ac4e5972.jpg,True,3,0.97584116,1,7,convnext_256
f0d70755-1999-4769-8cd9-31e065137878.jpg,0,0,data/images/f0d70755-1999-4769-8cd9-31e065137878.jpg,True,0,0.02007822,0,7,convnext_256
aa2889b5-f06e-4d4a-ad41-4a15617b93fa.jpg,1,1,data/images/aa2889b5-f06e-4d4a-ad41-4a15617b93fa.jpg,True,3,0.9632602,1,7,convnext_256
f0adc7ed-b609-4a5d-ad1f-144fc1bf13a8.jpg,0,0,data/images/f0adc7ed-b609-4a5d-ad1f-144fc1bf13a8.jpg,True,0,0.013375269,0,7,convnext_256
ab4289d4-c00f-411d-b6b8-a64337c67d5c.jpg,1,1,data/images/ab4289d4-c00f-411d-b6b8-a64337c67d5c.jpg,True,1,0.97132856,1,8,convnext_256
ac2178ce-509e-45c2-8fe9-05e3774a9770.jpg,0,0,data/images/ac2178ce-509e-45c2-8fe9-05e3774a9770.jpg,True,2,0.03542259,0,8,convnext_256
70670322-37b9-46b8-aa05-2de3885d6a74.jpg,1,1,data/images/70670322-37b9-46b8-aa05-2de3885d6a74.jpg,True,4,0.949362,1,7,convnext_256
e21b09f6-486d-43a2-b3e8-6dae81274b67.jpg,1,1,data/images/e21b09f6-486d-43a2-b3e8-6dae81274b67.jpg,True,3,0.98724234,1,7,convnext_256
9a708f7b-7edb-40a2-843e-fadd807728f5.jpg,0,0,data/images/9a708f7b-7edb-40a2-843e-fadd807728f5.jpg,True,0,0.24932407,0,7,convnext_256
0e6ae017-ea0c-4aa0-b8dc-4c9ca833b14a.jpg,0,0,data/images/0e6ae017-ea0c-4aa0-b8dc-4c9ca833b14a.jpg,True,2,0.2309469,0,8,convnext_256
4e64666a-982f-4021-90dd-d42ae35d2ad4.jpg,0,0,data/images/4e64666a-982f-4021-90dd-d42ae35d2ad4.jpg,True,4,0.022567695,0,7,convnext_256
02a78022-561c-4bfa-9490-e02f17211f77.jpg,1,1,data/images/02a78022-561c-4bfa-9490-e02f17211f77.jpg,True,1,0.9835812,1,8,convnext_256
d8413564-8275-4988-9c69-3f5f68646207.jpg,0,0,data/images/d8413564-8275-4988-9c69-3f5f68646207.jpg,True,1,0.022773921,0,8,convnext_256
2532f4d5-55a8-476e-bf8b-fc82b7b8282c.jpg,0,0,data/images/2532f4d5-55a8-476e-bf8b-fc82b7b8282c.jpg,True,0,0.04830809,0,7,convnext_256
d2db554b-9672-4b06-aec0-631954233134.jpg,0,0,data/images/d2db554b-9672-4b06-aec0-631954233134.jpg,True,4,0.5862626,1,7,convnext_256
f9d990fd-451b-4998-a574-541a09e50520.jpg,1,1,data/images/f9d990fd-451b-4998-a574-541a09e50520.jpg,True,2,0.9087498,1,8,convnext_256
b761cc8f-f8d9-4d2f-be35-6405bff0069a.jpg,1,1,data/images/b761cc8f-f8d9-4d2f-be35-6405bff0069a.jpg,True,3,0.9715064,1,7,convnext_256
4a87650e-76c5-41da-bcc5-181e5530f5bf.jpg,0,0,data/images/4a87650e-76c5-41da-bcc5-181e5530f5bf.jpg,True,1,0.013582656,0,8,convnext_256
eed0c993-b8c5-4018-8906-752fbec88fd3.jpg,1,1,data/images/eed0c993-b8c5-4018-8906-752fbec88fd3.jpg,True,0,0.012519877,0,7,convnext_256
51b40820-15b1-4992-bbb1-6d2c70fddfd6.jpg,0,0,data/images/51b40820-15b1-4992-bbb1-6d2c70fddfd6.jpg,True,2,0.01845253,0,8,convnext_256
bb93550f-a882-4366-974d-772a795fd4ac.jpg,1,1,data/images/bb93550f-a882-4366-974d-772a795fd4ac.jpg,True,4,0.761056,1,7,convnext_256
21b6e410-095b-45f6-8c46-0dccf612b6d7.jpg,0,0,data/images/21b6e410-095b-45f6-8c46-0dccf612b6d7.jpg,True,3,0.019509675,0,7,convnext_256
411f6274-6a23-4cd6-bcce-81e772eeb1a2.jpg,1,1,data/images/411f6274-6a23-4cd6-bcce-81e772eeb1a2.jpg,True,0,0.97643834,1,7,convnext_256
74d364eb-aa92-45dd-8010-a3d882005ad9.jpg,1,1,data/images/74d364eb-aa92-45dd-8010-a3d882005ad9.jpg,True,4,0.94504714,1,7,convnext_256
cb78f028-dfe8-4bc4-ac32-b1ccbc1bf2cc.jpg,0,0,data/images/cb78f028-dfe8-4bc4-ac32-b1ccbc1bf2cc.jpg,True,3,0.031964827,0,7,convnext_256
ebce2008-f897-4778-a20d-5b772521cc6f.jpg,0,0,data/images/ebce2008-f897-4778-a20d-5b772521cc6f.jpg,True,2,0.14267239,0,8,convnext_256
2bfa3e8c-f3fa-4beb-a10b-a8947ac1806b.jpg,1,1,data/images/2bfa3e8c-f3fa-4beb-a10b-a8947ac1806b.jpg,True,1,0.97778016,1,8,convnext_256
17003790-e26c-497a-9b10-5bb442ff8329.jpg,1,1,data/images/17003790-e26c-497a-9b10-5bb442ff8329.jpg,True,3,0.97501117,1,7,convnext_256
5beb86fa-c073-4b08-81c0-ea832000db89.jpg,1,1,data/images/5beb86fa-c073-4b08-81c0-ea832000db89.jpg,True,0,0.98745966,1,7,convnext_256
b9df1100-a52b-4fb5-82bd-665ce3d831f5.jpg,0,0,data/images/b9df1100-a52b-4fb5-82bd-665ce3d831f5.jpg,True,1,0.90140873,1,8,convnext_256
5c296a29-d79d-4383-a67e-18ebd6c3fa1c.jpg,1,1,data/images/5c296a29-d79d-4383-a67e-18ebd6c3fa1c.jpg,True,2,0.9822833,1,8,convnext_256
35596300-104d-4bcd-9aa6-8212c294451e.jpg,0,0,data/images/35596300-104d-4bcd-9aa6-8212c294451e.jpg,True,4,0.09620414,0,7,convnext_256
e6d56700-f1e1-437b-8df1-677ddce6bd3d.jpg,0,0,data/images/e6d56700-f1e1-437b-8df1-677ddce6bd3d.jpg,True,4,0.020596933,0,7,convnext_256
de18d288-b1b2-4fc6-a289-938bb7a65454.jpg,0,0,data/images/de18d288-b1b2-4fc6-a289-938bb7a65454.jpg,True,3,0.05105494,0,7,convnext_256
edcc00b0-2782-4a30-918e-96cc7b6d7ab2.jpg,1,1,data/images/edcc00b0-2782-4a30-918e-96cc7b6d7ab2.jpg,True,1,0.9738347,1,8,convnext_256
99a96793-a6d7-449a-bbf8-207fb5b37265.jpg,0,0,data/images/99a96793-a6d7-449a-bbf8-207fb5b37265.jpg,True,0,0.025558647,0,7,convnext_256
e8ca6fca-637e-4282-b3ca-7b927b19d7cd.jpg,0,0,data/images/e8ca6fca-637e-4282-b3ca-7b927b19d7cd.jpg,True,2,0.033142976,0,8,convnext_256
1c933242-ca4b-4b05-b3e7-b8c04dafa683.jpg,1,1,data/images/1c933242-ca4b-4b05-b3e7-b8c04dafa683.jpg,True,4,0.032861806,0,7,convnext_256
770a9f90-7abc-45f5-be49-c1c62ecbefff.jpg,0,0,data/images/770a9f90-7abc-45f5-be49-c1c62ecbefff.jpg,True,2,0.039734393,0,8,convnext_256
de2e3ce1-9d5e-45c4-b996-83f7bd4652bc.jpg,0,0,data/images/de2e3ce1-9d5e-45c4-b996-83f7bd4652bc.jpg,True,0,0.017103808,0,7,convnext_256
5b93df86-d488-493d-b976-c0d685468a8e.jpg,1,1,data/images/5b93df86-d488-493d-b976-c0d685468a8e.jpg,True,1,0.9863629,1,8,convnext_256
44b7972f-0579-4cdb-a079-1b2c16d0c755.jpg,1,1,data/images/44b7972f-0579-4cdb-a079-1b2c16d0c755.jpg,True,3,0.9001319,1,7,convnext_256
0cdf3270-f0b2-4757-b0ca-67414de6414d.jpg,0,0,data/images/0cdf3270-f0b2-4757-b0ca-67414de6414d.jpg,True,4,0.05538767,0,7,convnext_256
711a75bd-06ef-4699-a88d-9d68f68e6cbc.jpg,1,1,data/images/711a75bd-06ef-4699-a88d-9d68f68e6cbc.jpg,True,2,0.10745078,0,8,convnext_256
d0dc3056-9b71-4058-b5fc-49744a0722d7.jpg,1,1,data/images/d0dc3056-9b71-4058-b5fc-49744a0722d7.jpg,True,1,0.9812609,1,8,convnext_256
10e39d5f-8190-49b8-bdce-37fb2d5b3f60.jpg,0,0,data/images/10e39d5f-8190-49b8-bdce-37fb2d5b3f60.jpg,True,3,0.017753031,0,7,convnext_256
1031d3cb-c512-4901-9900-e00a0a55fc93.jpg,1,1,data/images/1031d3cb-c512-4901-9900-e00a0a55fc93.jpg,True,0,0.8985262,1,7,convnext_256
6347a534-1402-4b6a-a463-d5f3851f039d.jpg,1,1,data/images/6347a534-1402-4b6a-a463-d5f3851f039d.jpg,True,2,0.97638357,1,8,convnext_256
ac336fdb-ba63-4eb7-a758-5d4f3376e269.jpg,1,1,data/images/ac336fdb-ba63-4eb7-a758-5d4f3376e269.jpg,True,4,0.9764099,1,7,convnext_256
dd822500-cd3e-4210-a6f1-55b24e344301.jpg,1,1,data/images/dd822500-cd3e-4210-a6f1-55b24e344301.jpg,True,1,0.9602819,1,8,convnext_256
570f39ca-9de1-4593-94ae-a24097b64fc2.jpg,1,1,data/images/570f39ca-9de1-4593-94ae-a24097b64fc2.jpg,True,3,0.97412217,1,7,convnext_256
5b7b2caf-1bef-4fe1-97e5-6a0b4829a0c7.jpg,1,1,data/images/5b7b2caf-1bef-4fe1-97e5-6a0b4829a0c7.jpg,True,0,0.9682111,1,7,convnext_256
5fc85b1c-2239-4101-9126-b9d2d038e9dc.jpg,0,0,data/images/5fc85b1c-2239-4101-9126-b9d2d038e9dc.jpg,True,1,0.8373499,1,8,convnext_256
fcdc5f51-2dd4-41bd-aca6-935965596083.jpg,0,0,data/images/fcdc5f51-2dd4-41bd-aca6-935965596083.jpg,True,2,0.014544689,0,8,convnext_256
1a9682f8-34c8-48e1-8c3b-93b7bd475449.jpg,1,1,data/images/1a9682f8-34c8-48e1-8c3b-93b7bd475449.jpg,True,0,0.2615656,0,7,convnext_256
60bcaa9f-eb1e-44fe-8a96-dc5fca7a765f.jpg,1,1,data/images/60bcaa9f-eb1e-44fe-8a96-dc5fca7a765f.jpg,True,3,0.9747547,1,7,convnext_256
8ac155a8-0ca1-4d16-bfcb-55a975a70b7d.jpg,1,1,data/images/8ac155a8-0ca1-4d16-bfcb-55a975a70b7d.jpg,True,4,0.97748,1,7,convnext_256
51514b03-7647-437b-be5e-b2389a8541f6.jpg,1,1,data/images/51514b03-7647-437b-be5e-b2389a8541f6.jpg,True,3,0.95331496,1,7,convnext_256
a69a4f2e-4dc5-4951-a130-0b7a472aa8d1.jpg,0,0,data/images/a69a4f2e-4dc5-4951-a130-0b7a472aa8d1.jpg,True,2,0.86098695,1,8,convnext_256
1edb42e9-28c5-4181-a9af-91fd7f96d1fa.jpg,1,1,data/images/1edb42e9-28c5-4181-a9af-91fd7f96d1fa.jpg,True,4,0.98858225,1,7,convnext_256
54a0ea73-a201-4300-b7ca-a0f86f01d42e.jpg,1,1,data/images/54a0ea73-a201-4300-b7ca-a0f86f01d42e.jpg,True,0,0.98412156,1,7,convnext_256
861e6c45-cee5-4dfe-9af8-b509f8d09f14.jpg,0,0,data/images/861e6c45-cee5-4dfe-9af8-b509f8d09f14.jpg,True,1,0.023423916,0,8,convnext_256
b75b6e1e-eb1b-422c-a7be-dfc974c911c5.jpg,0,0,data/images/b75b6e1e-eb1b-422c-a7be-dfc974c911c5.jpg,True,1,0.061306953,0,8,convnext_256
fe483fc2-372f-4fda-8064-b483d7db6432.jpg,0,0,data/images/fe483fc2-372f-4fda-8064-b483d7db6432.jpg,True,2,0.022846755,0,8,convnext_256
5bc57212-0b37-4be7-819d-32721b54f57b.jpg,0,0,data/images/5bc57212-0b37-4be7-819d-32721b54f57b.jpg,True,4,0.03421239,0,7,convnext_256
f9d885d8-e8ff-479d-9340-530ba3430083.jpg,0,0,data/images/f9d885d8-e8ff-479d-9340-530ba3430083.jpg,True,3,0.032404136,0,7,convnext_256
8a1c8423-4c88-4560-b8ae-a169ba4ad0e7.jpg,1,1,data/images/8a1c8423-4c88-4560-b8ae-a169ba4ad0e7.jpg,True,0,0.97401965,1,7,convnext_256
cdcc60bb-3676-4f92-aaea-cfa81be8f1fa.jpg,1,1,data/images/cdcc60bb-3676-4f92-aaea-cfa81be8f1fa.jpg,True,0,0.97100914,1,7,convnext_256
f96e57c7-b454-4305-bb6a-459a39fe3d7d.jpg,1,1,data/images/f96e57c7-b454-4305-bb6a-459a39fe3d7d.jpg,True,2,0.9797192,1,8,convnext_256
a11ad8a0-c5d8-42b0-8a1e-aa12347d4f83.jpg,1,1,data/images/a11ad8a0-c5d8-42b0-8a1e-aa12347d4f83.jpg,True,3,0.97391504,1,7,convnext_256
da852b9b-c99e-4ead-af8a-6a63c27158bd.jpg,0,0,data/images/da852b9b-c99e-4ead-af8a-6a63c27158bd.jpg,True,4,0.58098096,1,7,convnext_256
48333126-2f5c-4fb9-bba2-ef489b99dbfa.jpg,0,0,data/images/48333126-2f5c-4fb9-bba2-ef489b99dbfa.jpg,True,1,0.0441684,0,8,convnext_256
1f914c7d-3bb8-47c8-8d31-fe56a1948559.jpg,1,1,data/images/1f914c7d-3bb8-47c8-8d31-fe56a1948559.jpg,True,3,0.9673061,1,7,convnext_256
bc94015b-144e-4819-acbd-98f03954e105.jpg,0,0,data/images/bc94015b-144e-4819-acbd-98f03954e105.jpg,True,4,0.039959777,0,7,convnext_256
b6628d02-bedf-432e-bf47-95776c47de47.jpg,0,0,data/images/b6628d02-bedf-432e-bf47-95776c47de47.jpg,True,1,0.022731293,0,8,convnext_256
ab70de2e-3c16-4465-8238-8eb8ea5fadeb.jpg,0,0,data/images/ab70de2e-3c16-4465-8238-8eb8ea5fadeb.jpg,True,2,0.021457646,0,8,convnext_256
255df8ae-2973-49d2-8208-5da714d92c6f.jpg,1,1,data/images/255df8ae-2973-49d2-8208-5da714d92c6f.jpg,True,0,0.97315663,1,7,convnext_256
207a63c7-6ad4-4c19-a788-832560309642.jpg,0,0,data/images/207a63c7-6ad4-4c19-a788-832560309642.jpg,True,3,0.015933136,0,7,convnext_256
1e2662a5-3292-4ede-bff7-fe42b17b49ad.jpg,1,1,data/images/1e2662a5-3292-4ede-bff7-fe42b17b49ad.jpg,True,4,0.99124265,1,7,convnext_256
dcbc5dd0-993b-4a57-858f-735d4a3691e6.jpg,0,0,data/images/dcbc5dd0-993b-4a57-858f-735d4a3691e6.jpg,True,0,0.05681747,0,7,convnext_256
59144cf3-7cc7-43fd-8480-b3b54ec0d356.jpg,0,0,data/images/59144cf3-7cc7-43fd-8480-b3b54ec0d356.jpg,True,2,0.048077077,0,8,convnext_256
599ce1c9-b96c-40ac-8728-8e4290b98a69.jpg,1,1,data/images/599ce1c9-b96c-40ac-8728-8e4290b98a69.jpg,True,1,0.95808434,1,8,convnext_256
182a36d2-10f8-4147-9f0d-fb8430b214d3.jpg,1,1,data/images/182a36d2-10f8-4147-9f0d-fb8430b214d3.jpg,True,4,0.98098814,1,7,convnext_256
a48ef5d2-f352-4f99-bad5-f6010432cf90.jpg,1,1,data/images/a48ef5d2-f352-4f99-bad5-f6010432cf90.jpg,True,3,0.9643043,1,7,convnext_256
7df596b3-d1d5-41cc-814d-b1fcba3f3907.jpg,0,0,data/images/7df596b3-d1d5-41cc-814d-b1fcba3f3907.jpg,True,0,0.05232623,0,7,convnext_256
de5f4554-3992-4669-b294-4f1e21a946d0.jpg,1,1,data/images/de5f4554-3992-4669-b294-4f1e21a946d0.jpg,True,2,0.97621924,1,8,convnext_256
845cefcb-8f3d-4974-91e6-9388d82cf67e.jpg,1,1,data/images/845cefcb-8f3d-4974-91e6-9388d82cf67e.jpg,True,1,0.9759104,1,8,convnext_256
9cec8f1b-2662-4bec-89fb-b73d28046db0.jpg,1,1,data/images/9cec8f1b-2662-4bec-89fb-b73d28046db0.jpg,True,0,0.83147836,1,7,convnext_256
02085b0e-f67e-4be4-8a55-f46f298881a8.jpg,0,0,data/images/02085b0e-f67e-4be4-8a55-f46f298881a8.jpg,True,4,0.19111569,0,7,convnext_256
aed5e8b8-4509-4d47-acb5-fe901eb274af.jpg,1,1,data/images/aed5e8b8-4509-4d47-acb5-fe901eb274af.jpg,True,3,0.9263304,1,7,convnext_256
1e5d246c-cbce-4046-b4a3-d441a25718ad.jpg,1,1,data/images/1e5d246c-cbce-4046-b4a3-d441a25718ad.jpg,True,1,0.8632125,1,8,convnext_256
f5251ae5-275d-4620-9201-5cf8b6b7fa7e.jpg,0,0,data/images/f5251ae5-275d-4620-9201-5cf8b6b7fa7e.jpg,True,2,0.017074049,0,8,convnext_256
6e4e0732-21c8-4672-a9d6-23c602498b7d.jpg,1,1,data/images/6e4e0732-21c8-4672-a9d6-23c602498b7d.jpg,True,1,0.98702466,1,8,convnext_256
adedc36e-97fa-454d-bba3-a4d368f4138a.jpg,1,1,data/images/adedc36e-97fa-454d-bba3-a4d368f4138a.jpg,True,3,0.019480128,0,7,convnext_256
000541e8-6ea3-4ae0-a79b-10bd3bc3a38d.jpg,1,1,data/images/000541e8-6ea3-4ae0-a79b-10bd3bc3a38d.jpg,True,0,0.97458005,1,7,convnext_256
4fb50885-4c20-4a5a-8fe9-90c6385dfdd4.jpg,0,0,data/images/4fb50885-4c20-4a5a-8fe9-90c6385dfdd4.jpg,True,2,0.014781991,0,8,convnext_256
57c72eb4-59ed-4dd5-b1c8-db9462d9fa64.jpg,1,1,data/images/57c72eb4-59ed-4dd5-b1c8-db9462d9fa64.jpg,True,4,0.9782361,1,7,convnext_256
70062380-9584-40be-be13-1ef80d4c4b86.jpg,0,0,data/images/70062380-9584-40be-be13-1ef80d4c4b86.jpg,True,0,0.06645081,0,7,convnext_256
3cb9e0d8-6cd3-4b61-b4c3-99cd5f363e47.jpg,1,1,data/images/3cb9e0d8-6cd3-4b61-b4c3-99cd5f363e47.jpg,True,1,0.97080326,1,8,convnext_256
c63b9228-83ed-4e78-9020-088dad8eb510.jpg,1,1,data/images/c63b9228-83ed-4e78-9020-088dad8eb510.jpg,True,2,0.98930514,1,8,convnext_256
a11b7bce-0277-4d8c-85ed-61c9dee8651d.jpg,1,1,data/images/a11b7bce-0277-4d8c-85ed-61c9dee8651d.jpg,True,4,0.16189538,0,7,convnext_256
fa77d481-b9df-4e25-accf-fa78c0cb3695.jpg,1,1,data/images/fa77d481-b9df-4e25-accf-fa78c0cb3695.jpg,True,3,0.9844818,1,7,convnext_256
2c6b8ef3-916b-4bfd-8e6a-4b7e1da7b1b5.jpg,1,1,data/images/2c6b8ef3-916b-4bfd-8e6a-4b7e1da7b1b5.jpg,True,2,0.9832199,1,8,convnext_256
150847c9-ea5e-4b62-9ec3-ba8f758c1d01.jpg,0,0,data/images/150847c9-ea5e-4b62-9ec3-ba8f758c1d01.jpg,True,1,0.7872161,1,8,convnext_256
8c1eed52-442b-4809-a400-56380930f88f.jpg,1,1,data/images/8c1eed52-442b-4809-a400-56380930f88f.jpg,True,3,0.9864027,1,7,convnext_256
8dc7776d-384d-43a3-9896-6647b71b126d.jpg,0,0,data/images/8dc7776d-384d-43a3-9896-6647b71b126d.jpg,True,4,0.2705523,0,7,convnext_256
44f30c15-007e-470c-b131-fcf96c2df0ca.jpg,1,1,data/images/44f30c15-007e-470c-b131-fcf96c2df0ca.jpg,True,0,0.9805217,1,7,convnext_256
17ef3505-d192-4640-95db-57a213df29ac.jpg,0,0,data/images/17ef3505-d192-4640-95db-57a213df29ac.jpg,True,4,0.03270827,0,7,convnext_256
294d7fa6-6401-4ea0-b2dd-591ee67a04e3.jpg,1,1,data/images/294d7fa6-6401-4ea0-b2dd-591ee67a04e3.jpg,True,2,0.9801498,1,8,convnext_256
7492c370-e161-419f-9867-8e9e5d929716.jpg,0,0,data/images/7492c370-e161-419f-9867-8e9e5d929716.jpg,True,3,0.11802709,0,7,convnext_256
36c55e2b-7266-4a14-b0b0-61c52fd6a2aa.jpg,0,0,data/images/36c55e2b-7266-4a14-b0b0-61c52fd6a2aa.jpg,True,1,0.037219685,0,8,convnext_256
8348c158-28df-4963-9b5b-ff709007e133.jpg,1,1,data/images/8348c158-28df-4963-9b5b-ff709007e133.jpg,True,0,0.94199187,1,7,convnext_256
41ab332d-755c-41ab-a91d-1d945032f017.jpg,0,0,data/images/41ab332d-755c-41ab-a91d-1d945032f017.jpg,True,2,0.025046892,0,8,convnext_256
320dfde8-b2ea-4de6-b8e9-d7d7b2fc5d0e.jpg,1,1,data/images/320dfde8-b2ea-4de6-b8e9-d7d7b2fc5d0e.jpg,True,0,0.9770141,1,7,convnext_256
0a7ad37c-d816-42a1-818b-9cbd76b7bc79.jpg,0,0,data/images/0a7ad37c-d816-42a1-818b-9cbd76b7bc79.jpg,True,1,0.009082321,0,8,convnext_256
0b0aed83-30d8-4320-a397-c2d5623ee8c1.jpg,1,1,data/images/0b0aed83-30d8-4320-a397-c2d5623ee8c1.jpg,True,3,0.976305,1,7,convnext_256
c3373f0a-9ae7-468a-8999-2bb60165eb49.jpg,1,1,data/images/c3373f0a-9ae7-468a-8999-2bb60165eb49.jpg,True,4,0.97904724,1,7,convnext_256
f99989ac-3d08-4391-a43b-945391db0f44.jpg,0,0,data/images/f99989ac-3d08-4391-a43b-945391db0f44.jpg,True,3,0.025066707,0,7,convnext_256
4eab97f2-99d6-4770-9d13-c2fdb895c7f6.jpg,1,1,data/images/4eab97f2-99d6-4770-9d13-c2fdb895c7f6.jpg,True,0,0.5425343,1,7,convnext_256
2df723ae-2258-427d-8583-e69924cf4011.jpg,0,0,data/images/2df723ae-2258-427d-8583-e69924cf4011.jpg,True,1,0.017274296,0,8,convnext_256
fda600ce-941a-4703-8eb5-53077ee7780a.jpg,0,0,data/images/fda600ce-941a-4703-8eb5-53077ee7780a.jpg,True,4,0.024776809,0,7,convnext_256
05852d02-6867-464b-b194-b48cfecdfefb.jpg,0,0,data/images/05852d02-6867-464b-b194-b48cfecdfefb.jpg,True,2,0.11902056,0,8,convnext_256
0318405c-b5d9-44d1-8ccc-f2f614769dc0.jpg,1,1,data/images/0318405c-b5d9-44d1-8ccc-f2f614769dc0.jpg,True,2,0.96819645,1,8,convnext_256
06d9dc08-3341-4e8e-86bf-7b7d154b67ac.jpg,1,1,data/images/06d9dc08-3341-4e8e-86bf-7b7d154b67ac.jpg,True,3,0.031793356,0,7,convnext_256
4c13aad7-5b4e-4a39-9e21-5550b8746adf.jpg,1,1,data/images/4c13aad7-5b4e-4a39-9e21-5550b8746adf.jpg,True,1,0.9681245,1,8,convnext_256
eb27fc0b-2a06-4a7d-9edf-7581b4a6fcc0.jpg,0,0,data/images/eb27fc0b-2a06-4a7d-9edf-7581b4a6fcc0.jpg,True,4,0.0065667713,0,7,convnext_256
f392b9a0-da23-432a-ac46-c7e1e68a5ff7.jpg,0,0,data/images/f392b9a0-da23-432a-ac46-c7e1e68a5ff7.jpg,True,0,0.07542162,0,7,convnext_256
0a3c3b38-9be3-4c1b-9c61-1408a8ed612a.jpg,0,0,data/images/0a3c3b38-9be3-4c1b-9c61-1408a8ed612a.jpg,True,2,0.022459367,0,8,convnext_256
00db7baa-a8fe-4c79-8ccf-c38f2e09f423.jpg,0,0,data/images/00db7baa-a8fe-4c79-8ccf-c38f2e09f423.jpg,True,3,0.02424948,0,7,convnext_256
c0cf101f-b904-4f99-91ed-a2ab6229e4d5.jpg,0,0,data/images/c0cf101f-b904-4f99-91ed-a2ab6229e4d5.jpg,True,1,0.86463195,1,8,convnext_256
bff7b664-525e-416e-961d-3de1fab5a1f3.jpg,0,0,data/images/bff7b664-525e-416e-961d-3de1fab5a1f3.jpg,True,4,0.023596132,0,7,convnext_256
d5ee8c2b-7d56-4da6-981e-f9c6126488e5.jpg,1,1,data/images/d5ee8c2b-7d56-4da6-981e-f9c6126488e5.jpg,True,0,0.981126,1,7,convnext_256
b4d34fbc-047d-4181-848d-86abfb38c62d.jpg,0,0,data/images/b4d34fbc-047d-4181-848d-86abfb38c62d.jpg,True,3,0.38097847,0,7,convnext_256
aa38efa6-3c5c-4e2b-81a6-4bba9617ada9.jpg,0,0,data/images/aa38efa6-3c5c-4e2b-81a6-4bba9617ada9.jpg,True,4,0.029413164,0,7,convnext_256
ed617d33-ca42-421d-b64f-c68f1d8ebfce.jpg,1,1,data/images/ed617d33-ca42-421d-b64f-c68f1d8ebfce.jpg,True,0,0.98484117,1,7,convnext_256
b3474be0-158d-4eec-9f17-237eaf366a10.jpg,0,0,data/images/b3474be0-158d-4eec-9f17-237eaf366a10.jpg,True,1,0.018442154,0,8,convnext_256
6f27966a-8a53-4cd4-be8a-8c603cae6ed0.jpg,1,1,data/images/6f27966a-8a53-4cd4-be8a-8c603cae6ed0.jpg,True,2,0.97715205,1,8,convnext_256
82bd071a-e710-4716-90eb-6dc4b65bbcbd.jpg,0,0,data/images/82bd071a-e710-4716-90eb-6dc4b65bbcbd.jpg,True,4,0.022206115,0,7,convnext_256
07e170b5-140b-40fb-8a8c-d1cb90907d96.jpg,0,0,data/images/07e170b5-140b-40fb-8a8c-d1cb90907d96.jpg,True,0,0.023100019,0,7,convnext_256
c8852b7f-cb32-4bff-b4a7-bb2fa5071cfb.jpg,1,1,data/images/c8852b7f-cb32-4bff-b4a7-bb2fa5071cfb.jpg,True,1,0.972876,1,8,convnext_256
71bec556-b116-4836-99aa-c7fc9a83b225.jpg,0,0,data/images/71bec556-b116-4836-99aa-c7fc9a83b225.jpg,True,2,0.025697904,0,8,convnext_256
d9cdb5dc-85ac-412f-91ff-b5f13daa12da.jpg,0,0,data/images/d9cdb5dc-85ac-412f-91ff-b5f13daa12da.jpg,True,3,0.025637707,0,7,convnext_256
b6e9ff3d-51d3-48eb-aba6-8a9e2b44c4a3.jpg,1,1,data/images/b6e9ff3d-51d3-48eb-aba6-8a9e2b44c4a3.jpg,True,0,0.9708877,1,7,convnext_256
7f69dfa1-88a7-43d7-b2f7-5fc5d3cc0cc5.jpg,1,1,data/images/7f69dfa1-88a7-43d7-b2f7-5fc5d3cc0cc5.jpg,True,4,0.9361962,1,7,convnext_256
e5878ff6-cdb6-46bd-836a-c7b540bc03aa.jpg,0,0,data/images/e5878ff6-cdb6-46bd-836a-c7b540bc03aa.jpg,True,1,0.03214766,0,8,convnext_256
cd141363-bead-42c9-86c4-17cfeceac2ac.jpg,0,0,data/images/cd141363-bead-42c9-86c4-17cfeceac2ac.jpg,True,2,0.023096774,0,8,convnext_256
65ad0607-cd27-44e1-8b86-3c85e579da9e.jpg,0,0,data/images/65ad0607-cd27-44e1-8b86-3c85e579da9e.jpg,True,3,0.023807842,0,7,convnext_256
295c65c1-dda3-486d-9bb2-33314a3e7174.jpg,1,1,data/images/295c65c1-dda3-486d-9bb2-33314a3e7174.jpg,True,3,0.01331747,0,7,convnext_256
d6151d0b-0d46-4b2d-8620-55310e36ce92.jpg,1,1,data/images/d6151d0b-0d46-4b2d-8620-55310e36ce92.jpg,True,2,0.9755324,1,8,convnext_256
104cdbd6-3975-4d3c-8e23-87f2e723320c.jpg,1,1,data/images/104cdbd6-3975-4d3c-8e23-87f2e723320c.jpg,True,1,0.97300535,1,8,convnext_256
1d2364d6-3d3e-485f-aad5-c6ad696557e0.jpg,1,1,data/images/1d2364d6-3d3e-485f-aad5-c6ad696557e0.jpg,True,4,0.99373007,1,7,convnext_256
d89ca244-54b2-40bf-8d4d-d7bede084ca5.jpg,0,0,data/images/d89ca244-54b2-40bf-8d4d-d7bede084ca5.jpg,True,0,0.23475003,0,7,convnext_256
58664bdd-ecaa-4356-8940-db2cc2f1037f.jpg,0,0,data/images/58664bdd-ecaa-4356-8940-db2cc2f1037f.jpg,True,3,0.020547805,0,7,convnext_256
9f1086a3-1b57-497a-a441-efb12e5ea710.jpg,0,0,data/images/9f1086a3-1b57-497a-a441-efb12e5ea710.jpg,True,1,0.054084267,0,8,convnext_256
cbb122c3-4dd8-46b3-b9aa-6b2a037141f5.jpg,0,0,data/images/cbb122c3-4dd8-46b3-b9aa-6b2a037141f5.jpg,True,2,0.42469177,0,8,convnext_256
f1320842-271a-4715-9fd7-a751b631a5d0.jpg,0,0,data/images/f1320842-271a-4715-9fd7-a751b631a5d0.jpg,True,4,0.022919731,0,7,convnext_256
3d86bd42-bc95-46b5-97bb-8898d15bb041.jpg,1,1,data/images/3d86bd42-bc95-46b5-97bb-8898d15bb041.jpg,True,0,0.966355,1,7,convnext_256
238b265c-1deb-4571-9ac4-757edc26b089.jpg,0,0,data/images/238b265c-1deb-4571-9ac4-757edc26b089.jpg,True,2,0.032028794,0,8,convnext_256
eeb2d47f-72c6-46b5-9d70-27ad999212ae.jpg,0,0,data/images/eeb2d47f-72c6-46b5-9d70-27ad999212ae.jpg,True,1,0.92686135,1,8,convnext_256
150c44ad-c2c4-44c4-b4a6-386b57d8417e.jpg,1,1,data/images/150c44ad-c2c4-44c4-b4a6-386b57d8417e.jpg,True,4,0.54547215,1,7,convnext_256
f4c7260b-1d48-47c8-bd0a-5af67e94de8e.jpg,1,1,data/images/f4c7260b-1d48-47c8-bd0a-5af67e94de8e.jpg,True,3,0.04272168,0,7,convnext_256
b9cce903-2aa4-46c2-a3e7-29a1fea4b6b5.jpg,1,1,data/images/b9cce903-2aa4-46c2-a3e7-29a1fea4b6b5.jpg,True,0,0.9810518,1,7,convnext_256
005af84d-d9ae-4842-a4a2-75fc8f590a94.jpg,1,1,data/images/005af84d-d9ae-4842-a4a2-75fc8f590a94.jpg,True,0,0.97232676,1,7,convnext_256
982f3af9-c271-4d4d-921c-cfa2a93e3c5a.jpg,1,1,data/images/982f3af9-c271-4d4d-921c-cfa2a93e3c5a.jpg,True,1,0.97632766,1,8,convnext_256
c08e93bc-8fe2-4bf1-8fc9-e3d4f6207ec8.jpg,0,0,data/images/c08e93bc-8fe2-4bf1-8fc9-e3d4f6207ec8.jpg,True,2,0.01898758,0,8,convnext_256
9f25011f-b4f3-4320-b87f-d000aa25258c.jpg,1,1,data/images/9f25011f-b4f3-4320-b87f-d000aa25258c.jpg,True,3,0.9791317,1,7,convnext_256
47767351-80a7-490a-9d46-2c99abd6c99c.jpg,0,0,data/images/47767351-80a7-490a-9d46-2c99abd6c99c.jpg,True,4,0.013928362,0,7,convnext_256
2a24e213-62ca-457a-9bb4-8e22d62f1f48.jpg,0,0,data/images/2a24e213-62ca-457a-9bb4-8e22d62f1f48.jpg,True,2,0.16267306,0,8,convnext_256
be3729d9-3566-4cbb-9969-0b6e9bf5d860.jpg,0,0,data/images/be3729d9-3566-4cbb-9969-0b6e9bf5d860.jpg,True,4,0.11257044,0,7,convnext_256
eac13fac-cb50-46a8-b8c9-765d8195784e.jpg,0,0,data/images/eac13fac-cb50-46a8-b8c9-765d8195784e.jpg,True,0,0.023363665,0,7,convnext_256
d1aca19c-2e1b-485a-80d7-12fb4622deae.jpg,0,0,data/images/d1aca19c-2e1b-485a-80d7-12fb4622deae.jpg,True,3,0.041150603,0,7,convnext_256
fa240e4b-3729-40e3-8195-0e1d4c86e2c2.jpg,0,0,data/images/fa240e4b-3729-40e3-8195-0e1d4c86e2c2.jpg,True,1,0.019241512,0,8,convnext_256
b51fdf31-5b45-4bf8-aeab-c5e2b26514aa.jpg,0,0,data/images/b51fdf31-5b45-4bf8-aeab-c5e2b26514aa.jpg,True,2,0.05121488,0,8,convnext_256
174d1c91-44a0-42f0-93b6-d952b6e7c407.jpg,1,1,data/images/174d1c91-44a0-42f0-93b6-d952b6e7c407.jpg,True,4,0.017734565,0,7,convnext_256
01f8bff4-f65c-4847-ae73-d17297c9db79.jpg,1,1,data/images/01f8bff4-f65c-4847-ae73-d17297c9db79.jpg,True,3,0.7039461,1,7,convnext_256
a0996b94-e9e3-4400-9dc9-f91c967fe4db.jpg,0,0,data/images/a0996b94-e9e3-4400-9dc9-f91c967fe4db.jpg,True,0,0.024276052,0,7,convnext_256
5eee07f0-63eb-4581-bf0b-f7b9ff86b800.jpg,0,0,data/images/5eee07f0-63eb-4581-bf0b-f7b9ff86b800.jpg,True,1,0.024062667,0,8,convnext_256
24307bdd-cd41-4f48-9c1b-ebcbfb856c6d.jpg,0,0,data/images/24307bdd-cd41-4f48-9c1b-ebcbfb856c6d.jpg,True,1,0.17391056,0,8,convnext_256
5d13ff59-abfe-42c4-b3c9-761618d33a5e.jpg,0,0,data/images/5d13ff59-abfe-42c4-b3c9-761618d33a5e.jpg,True,4,0.57714987,1,7,convnext_256
708f527b-94d0-472d-a787-e30fbfba4d56.jpg,0,0,data/images/708f527b-94d0-472d-a787-e30fbfba4d56.jpg,True,2,0.023611803,0,8,convnext_256
8efecf9d-4dca-447a-8829-5789a0e32aff.jpg,1,1,data/images/8efecf9d-4dca-447a-8829-5789a0e32aff.jpg,True,3,0.9775844,1,7,convnext_256
af7237a9-3584-471c-a1bc-5315a1876464.jpg,1,1,data/images/af7237a9-3584-471c-a1bc-5315a1876464.jpg,True,0,0.95548457,1,7,convnext_256
6a2894d3-0a23-4b89-a388-dc06d8abea10.jpg,0,0,data/images/6a2894d3-0a23-4b89-a388-dc06d8abea10.jpg,True,4,0.7758004,1,7,convnext_256
2c8ec2c4-5c39-4839-be03-3305cee54b60.jpg,1,1,data/images/2c8ec2c4-5c39-4839-be03-3305cee54b60.jpg,True,1,0.8698978,1,8,convnext_256
38bf5a9d-a2e4-469e-86ab-021a3c41aa64.jpg,0,0,data/images/38bf5a9d-a2e4-469e-86ab-021a3c41aa64.jpg,True,3,0.026731592,0,7,convnext_256
f92e9175-55b9-4677-b77f-a514737c2ea0.jpg,1,1,data/images/f92e9175-55b9-4677-b77f-a514737c2ea0.jpg,True,2,0.97965235,1,8,convnext_256
2d56e13b-d89b-4b0f-b549-2b446f793a55.jpg,1,1,data/images/2d56e13b-d89b-4b0f-b549-2b446f793a55.jpg,True,0,0.9791627,1,7,convnext_256
0bde1906-90ae-4920-a8c5-aa720b0f8b4c.jpg,0,0,data/images/0bde1906-90ae-4920-a8c5-aa720b0f8b4c.jpg,True,3,0.024475545,0,7,convnext_256
859fa6e2-4615-46af-b1d1-78142b2c3a09.jpg,1,1,data/images/859fa6e2-4615-46af-b1d1-78142b2c3a09.jpg,True,0,0.6847896,1,7,convnext_256
0a71584e-3fc7-4511-b54c-494a0de104af.jpg,0,0,data/images/0a71584e-3fc7-4511-b54c-494a0de104af.jpg,True,1,0.91340107,1,8,convnext_256
1b87b8bf-42d1-4475-9e0d-0ebfdc3b1b4f.jpg,1,1,data/images/1b87b8bf-42d1-4475-9e0d-0ebfdc3b1b4f.jpg,True,4,0.9843105,1,7,convnext_256
f66ff461-4978-405c-b2e8-0d3cb33abbaf.jpg,0,0,data/images/f66ff461-4978-405c-b2e8-0d3cb33abbaf.jpg,True,2,0.6509186,1,8,convnext_256
d5ee3c02-4390-46f4-9998-3710b6d61ba8.jpg,0,0,data/images/d5ee3c02-4390-46f4-9998-3710b6d61ba8.jpg,True,3,0.39733484,0,7,convnext_256
21f111fb-9607-4a6d-8f63-dcf348a5239c.jpg,1,1,data/images/21f111fb-9607-4a6d-8f63-dcf348a5239c.jpg,True,0,0.95196176,1,7,convnext_256
1c089ec0-c40d-4888-93b1-6d8e7254f8ca.jpg,1,1,data/images/1c089ec0-c40d-4888-93b1-6d8e7254f8ca.jpg,True,4,0.9787431,1,7,convnext_256
56134a60-1816-4750-b0af-e9dc536f6e6e.jpg,0,0,data/images/56134a60-1816-4750-b0af-e9dc536f6e6e.jpg,True,1,0.015859436,0,8,convnext_256
61910991-c2a3-42a1-bc4a-1998e5de33a3.jpg,1,1,data/images/61910991-c2a3-42a1-bc4a-1998e5de33a3.jpg,True,2,0.8734426,1,8,convnext_256
ac0095a6-fa9f-430d-945c-05f3c36d6422.jpg,1,1,data/images/ac0095a6-fa9f-430d-945c-05f3c36d6422.jpg,True,3,0.98524773,1,7,convnext_256
e59b0708-8d4c-491b-8328-18055dc80533.jpg,0,0,data/images/e59b0708-8d4c-491b-8328-18055dc80533.jpg,True,4,0.09025865,0,7,convnext_256
16e2f418-4e58-405a-87c5-81072df4a25f.jpg,1,1,data/images/16e2f418-4e58-405a-87c5-81072df4a25f.jpg,True,1,0.9694705,1,8,convnext_256
4c57d84d-1fdd-47f6-aef0-08e59bb9afd0.jpg,0,0,data/images/4c57d84d-1fdd-47f6-aef0-08e59bb9afd0.jpg,True,0,0.022669265,0,7,convnext_256
499ee977-7716-4dbb-8110-d02b543f78eb.jpg,1,1,data/images/499ee977-7716-4dbb-8110-d02b543f78eb.jpg,True,2,0.96778005,1,8,convnext_256
16f9dcff-f4a3-4baa-9431-b7aec4942df2.jpg,1,1,data/images/16f9dcff-f4a3-4baa-9431-b7aec4942df2.jpg,True,2,0.9834473,1,8,convnext_256
9a9817d6-f5c5-4f22-bfe9-a3605f42fcfd.jpg,1,1,data/images/9a9817d6-f5c5-4f22-bfe9-a3605f42fcfd.jpg,True,4,0.97994137,1,7,convnext_256
bb1e19cf-8a58-4030-a22f-035260e5cc18.jpg,1,1,data/images/bb1e19cf-8a58-4030-a22f-035260e5cc18.jpg,True,3,0.31701118,0,7,convnext_256
34337e51-48aa-4bee-8ee4-78fa42c4fdab.jpg,1,1,data/images/34337e51-48aa-4bee-8ee4-78fa42c4fdab.jpg,True,1,0.979481,1,8,convnext_256
39264b44-e30f-4aee-ac23-83c9c048b8ab.jpg,1,1,data/images/39264b44-e30f-4aee-ac23-83c9c048b8ab.jpg,True,0,0.9822176,1,7,convnext_256
18d75780-d7b0-4e4b-b471-b20a8871d129.jpg,1,1,data/images/18d75780-d7b0-4e4b-b471-b20a8871d129.jpg,True,1,0.7979953,1,8,convnext_256
1e895746-e3d7-4abc-880e-80257aeb6cce.jpg,1,1,data/images/1e895746-e3d7-4abc-880e-80257aeb6cce.jpg,True,2,0.90233696,1,8,convnext_256
cfb625a4-0d1c-4b15-b1e0-074d2d900ead.jpg,0,0,data/images/cfb625a4-0d1c-4b15-b1e0-074d2d900ead.jpg,True,3,0.86358327,1,7,convnext_256
7cd85a71-3067-4f3d-9020-113cf8dd7e35.jpg,1,1,data/images/7cd85a71-3067-4f3d-9020-113cf8dd7e35.jpg,True,0,0.9808071,1,7,convnext_256
e8f06b7f-e2d8-4408-9589-b9d12a87478d.jpg,1,1,data/images/e8f06b7f-e2d8-4408-9589-b9d12a87478d.jpg,True,4,0.9833536,1,7,convnext_256
55bb7d90-9029-4544-9ddc-88ddddb79eda.jpg,1,1,data/images/55bb7d90-9029-4544-9ddc-88ddddb79eda.jpg,True,1,0.97143054,1,8,convnext_256
c754bd7a-0c12-421d-8bf1-1c3150a30979.jpg,0,0,data/images/c754bd7a-0c12-421d-8bf1-1c3150a30979.jpg,True,4,0.016943498,0,7,convnext_256
2635ab17-5c9a-4583-8ded-4cb70e377782.jpg,1,1,data/images/2635ab17-5c9a-4583-8ded-4cb70e377782.jpg,True,2,0.5463107,1,8,convnext_256
aceaa94c-a491-4ade-afb8-cd9d46a7cb3f.jpg,1,1,data/images/aceaa94c-a491-4ade-afb8-cd9d46a7cb3f.jpg,True,3,0.9773827,1,7,convnext_256
8e616bc8-a3d8-467f-a249-736e827724dd.jpg,0,0,data/images/8e616bc8-a3d8-467f-a249-736e827724dd.jpg,True,0,0.024398869,0,7,convnext_256
5682f6cd-a29b-45c4-9209-7ea500bfd836.jpg,0,0,data/images/5682f6cd-a29b-45c4-9209-7ea500bfd836.jpg,True,1,0.021158932,0,8,convnext_256
35e44e7d-a9de-43c0-8e8c-d6a346de981a.jpg,1,1,data/images/35e44e7d-a9de-43c0-8e8c-d6a346de981a.jpg,True,4,0.97246146,1,7,convnext_256
e647d156-64af-49b5-9fdb-c5588c4ed7db.jpg,1,1,data/images/e647d156-64af-49b5-9fdb-c5588c4ed7db.jpg,True,0,0.96386015,1,7,convnext_256
1b649c8d-9d75-4bb5-ab98-8e75abb0d665.jpg,0,0,data/images/1b649c8d-9d75-4bb5-ab98-8e75abb0d665.jpg,True,3,0.018688753,0,7,convnext_256
1a25843c-01be-4fca-81e4-2f64901f3b3b.jpg,1,1,data/images/1a25843c-01be-4fca-81e4-2f64901f3b3b.jpg,True,2,0.22818178,0,8,convnext_256
5cecdaa2-fa4a-474a-98f7-73c20266a24b.jpg,0,0,data/images/5cecdaa2-fa4a-474a-98f7-73c20266a24b.jpg,True,1,0.045154124,0,8,convnext_256
0358da46-3aa2-481b-b619-d96f6922e976.jpg,0,0,data/images/0358da46-3aa2-481b-b619-d96f6922e976.jpg,True,0,0.03164329,0,7,convnext_256
29ce36cf-1070-459c-bc54-1bd3a3c7e6ac.jpg,0,0,data/images/29ce36cf-1070-459c-bc54-1bd3a3c7e6ac.jpg,True,3,0.017053254,0,7,convnext_256
c6469cab-81a4-4c75-876c-ec4b3051fda4.jpg,0,0,data/images/c6469cab-81a4-4c75-876c-ec4b3051fda4.jpg,True,2,0.05254147,0,8,convnext_256
8e973410-b1b2-4f02-9d0f-af7e33b31efb.jpg,1,1,data/images/8e973410-b1b2-4f02-9d0f-af7e33b31efb.jpg,True,4,0.97711825,1,7,convnext_256
4dd9e10f-80a4-4400-bc15-f02fedcecf2c.jpg,1,1,data/images/4dd9e10f-80a4-4400-bc15-f02fedcecf2c.jpg,True,1,0.9919328,1,8,convnext_256
732cb4eb-8bf8-4ce4-b3c4-e9311d0d5704.jpg,0,0,data/images/732cb4eb-8bf8-4ce4-b3c4-e9311d0d5704.jpg,True,2,0.015488771,0,8,convnext_256
4f8de24c-6289-4c5d-861c-01a95779bf4d.jpg,0,0,data/images/4f8de24c-6289-4c5d-861c-01a95779bf4d.jpg,True,0,0.01869014,0,7,convnext_256
e945d4bf-bc1a-4c10-b795-7e1ba33aa078.jpg,0,0,data/images/e945d4bf-bc1a-4c10-b795-7e1ba33aa078.jpg,True,4,0.024775833,0,7,convnext_256
4efeba61-089e-4095-9438-f01ec0813728.jpg,1,1,data/images/4efeba61-089e-4095-9438-f01ec0813728.jpg,True,3,0.97726005,1,7,convnext_256
526349e3-25f3-41cd-9c06-0f89dcfc3670.jpg,0,0,data/images/526349e3-25f3-41cd-9c06-0f89dcfc3670.jpg,True,4,0.020397382,0,7,convnext_256
c3a447ec-9b1b-4f77-b4e5-1c3d6bb9f464.jpg,1,1,data/images/c3a447ec-9b1b-4f77-b4e5-1c3d6bb9f464.jpg,True,1,0.97876465,1,8,convnext_256
6949a1fb-9d9f-43b6-a7e1-7d3fb5ac8d3c.jpg,1,1,data/images/6949a1fb-9d9f-43b6-a7e1-7d3fb5ac8d3c.jpg,True,0,0.1577574,0,7,convnext_256
8d53dd9f-4a95-46fa-a305-d8ca7f524c62.jpg,0,0,data/images/8d53dd9f-4a95-46fa-a305-d8ca7f524c62.jpg,True,3,0.07856582,0,7,convnext_256
32708251-5d7e-4832-ba7e-ae200089884f.jpg,1,1,data/images/32708251-5d7e-4832-ba7e-ae200089884f.jpg,True,2,0.528658,1,8,convnext_256
2b6194db-420b-4604-b27c-e0520d2ae841.jpg,1,1,data/images/2b6194db-420b-4604-b27c-e0520d2ae841.jpg,True,4,0.93715054,1,7,convnext_256
3d6ebecf-ace4-4d91-9755-b5b469f740af.jpg,1,1,data/images/3d6ebecf-ace4-4d91-9755-b5b469f740af.jpg,True,1,0.9652977,1,8,convnext_256
de88d783-244c-4d19-a44d-31642ca694d0.jpg,0,0,data/images/de88d783-244c-4d19-a44d-31642ca694d0.jpg,True,2,0.037668884,0,8,convnext_256
071b41ce-0f98-4062-b8b9-5934bfd00445.jpg,1,1,data/images/071b41ce-0f98-4062-b8b9-5934bfd00445.jpg,True,3,0.96056867,1,7,convnext_256
81a4553d-e0ab-4fec-b23f-e8f7adac9279.jpg,0,0,data/images/81a4553d-e0ab-4fec-b23f-e8f7adac9279.jpg,True,0,0.71471995,1,7,convnext_256
49a0b42d-1813-4a47-99e4-7232fb4b17b7.jpg,1,1,data/images/49a0b42d-1813-4a47-99e4-7232fb4b17b7.jpg,True,1,0.074725695,0,8,convnext_256
49903b93-f5de-4d03-88ef-1f380f123df1.jpg,0,0,data/images/49903b93-f5de-4d03-88ef-1f380f123df1.jpg,True,3,0.028571924,0,7,convnext_256
ffb5fceb-f4b0-4d12-b93b-c05f75e73aa0.jpg,0,0,data/images/ffb5fceb-f4b0-4d12-b93b-c05f75e73aa0.jpg,True,2,0.011822749,0,8,convnext_256
8b17b471-0f87-4ec7-887a-ed48f1cd6829.jpg,0,0,data/images/8b17b471-0f87-4ec7-887a-ed48f1cd6829.jpg,True,4,0.04773034,0,7,convnext_256
a9e3f0b0-2106-4f32-a9d3-5a4aaac38138.jpg,0,0,data/images/a9e3f0b0-2106-4f32-a9d3-5a4aaac38138.jpg,True,0,0.8471733,1,7,convnext_256
e19c4b8f-a6f0-4d6f-b736-2f7cabdc0c2c.jpg,0,0,data/images/e19c4b8f-a6f0-4d6f-b736-2f7cabdc0c2c.jpg,True,2,0.018745467,0,8,convnext_256
b5937c08-2d07-4b86-b404-f3b114c46aa5.jpg,0,0,data/images/b5937c08-2d07-4b86-b404-f3b114c46aa5.jpg,True,1,0.017666345,0,8,convnext_256
e47d33ec-3d9e-45d3-8610-fdd1227c61f1.jpg,1,1,data/images/e47d33ec-3d9e-45d3-8610-fdd1227c61f1.jpg,True,3,0.97277594,1,7,convnext_256
642c05c7-52d1-431c-8496-f5d067d19dfd.jpg,0,0,data/images/642c05c7-52d1-431c-8496-f5d067d19dfd.jpg,True,4,0.017418655,0,7,convnext_256
7d9ea975-acf5-4548-a1d8-78ef6f0b8ae8.jpg,0,0,data/images/7d9ea975-acf5-4548-a1d8-78ef6f0b8ae8.jpg,True,0,0.06894961,0,7,convnext_256
58f53138-a10b-4ae7-b794-8cee09c127f2.jpg,1,1,data/images/58f53138-a10b-4ae7-b794-8cee09c127f2.jpg,True,3,0.9764797,1,7,convnext_256
f7936784-f54c-4f48-aa00-1d60e1506c4d.jpg,1,1,data/images/f7936784-f54c-4f48-aa00-1d60e1506c4d.jpg,True,1,0.98006666,1,8,convnext_256
d2aa3b95-721a-4f3b-b95b-d2d747b82a65.jpg,1,1,data/images/d2aa3b95-721a-4f3b-b95b-d2d747b82a65.jpg,True,0,0.97432965,1,7,convnext_256
25824e8d-b01f-4ede-9e8a-ea0b544a988f.jpg,1,1,data/images/25824e8d-b01f-4ede-9e8a-ea0b544a988f.jpg,True,2,0.97897935,1,8,convnext_256
7c23578a-eb26-44ac-9ef2-5335a3097d75.jpg,1,1,data/images/7c23578a-eb26-44ac-9ef2-5335a3097d75.jpg,True,4,0.9634405,1,7,convnext_256
8ff66380-c6bd-4ed4-b595-b7febc4690cc.jpg,1,1,data/images/8ff66380-c6bd-4ed4-b595-b7febc4690cc.jpg,True,0,0.979729,1,7,convnext_256
21cb7801-04f7-4fb8-b739-606f50f87683.jpg,1,1,data/images/21cb7801-04f7-4fb8-b739-606f50f87683.jpg,True,1,0.9782111,1,8,convnext_256
ecc03a4d-dfdf-47fb-9239-8121983f7146.jpg,0,0,data/images/ecc03a4d-dfdf-47fb-9239-8121983f7146.jpg,True,4,0.36888066,0,7,convnext_256
1cf0ff6a-7200-4539-aae5-a841a57dc0bf.jpg,0,0,data/images/1cf0ff6a-7200-4539-aae5-a841a57dc0bf.jpg,True,2,0.023602787,0,8,convnext_256
27366c9d-2a7c-41b4-b1c6-5761de3a75fb.jpg,1,1,data/images/27366c9d-2a7c-41b4-b1c6-5761de3a75fb.jpg,True,3,0.71668714,1,7,convnext_256
d2515cbe-cf5d-420d-a3ec-e0bf367fe540.jpg,1,1,data/images/d2515cbe-cf5d-420d-a3ec-e0bf367fe540.jpg,True,1,0.912288,1,8,convnext_256
a0d0ffd5-b2ef-4227-aad8-5d0d84e0235a.jpg,0,0,data/images/a0d0ffd5-b2ef-4227-aad8-5d0d84e0235a.jpg,True,3,0.8077665,1,7,convnext_256
71f021fc-853d-4cc5-a75b-dc5b47140f8f.jpg,1,1,data/images/71f021fc-853d-4cc5-a75b-dc5b47140f8f.jpg,True,4,0.9424512,1,7,convnext_256
9db153e4-6ff6-494b-97b8-35d0af5c3bbd.jpg,0,0,data/images/9db153e4-6ff6-494b-97b8-35d0af5c3bbd.jpg,True,0,0.02548686,0,7,convnext_256
bb48548e-438f-472d-8e8e-9f419ae9e7ad.jpg,0,0,data/images/bb48548e-438f-472d-8e8e-9f419ae9e7ad.jpg,True,2,0.07652939,0,8,convnext_256
76d900be-df12-4362-ab08-ec3cceadac6a.jpg,0,0,data/images/76d900be-df12-4362-ab08-ec3cceadac6a.jpg,True,2,0.08641378,0,8,convnext_256
01da1d2f-2b50-417e-8abc-a0b859727825.jpg,0,0,data/images/01da1d2f-2b50-417e-8abc-a0b859727825.jpg,True,1,0.025703002,0,8,convnext_256
e069d15a-8735-4dff-bb1a-4b0b15a058c8.jpg,0,0,data/images/e069d15a-8735-4dff-bb1a-4b0b15a058c8.jpg,True,3,0.023524934,0,7,convnext_256
e06061b8-bb05-4f9c-942c-39c7875523dc.jpg,0,0,data/images/e06061b8-bb05-4f9c-942c-39c7875523dc.jpg,True,0,0.065793954,0,7,convnext_256
de3b2133-e424-4cab-8675-9e71ed1f371d.jpg,0,0,data/images/de3b2133-e424-4cab-8675-9e71ed1f371d.jpg,True,4,0.020122422,0,7,convnext_256
dd9087a5-77cb-4c18-a2a1-8defb56bb33d.jpg,1,1,data/images/dd9087a5-77cb-4c18-a2a1-8defb56bb33d.jpg,True,0,0.97143924,1,7,convnext_256
8019e41d-bad8-4f14-97be-519492b94bdc.jpg,0,0,data/images/8019e41d-bad8-4f14-97be-519492b94bdc.jpg,True,2,0.038347784,0,8,convnext_256
4ab803c2-1be9-4aee-bc7c-78aee4a9e84e.jpg,1,1,data/images/4ab803c2-1be9-4aee-bc7c-78aee4a9e84e.jpg,True,1,0.98145145,1,8,convnext_256
59ac35b5-4e38-4d39-8ece-d6a486a1372c.jpg,0,0,data/images/59ac35b5-4e38-4d39-8ece-d6a486a1372c.jpg,True,3,0.052976895,0,7,convnext_256
28781560-f45a-4787-b0ae-4f9415aec2a8.jpg,0,0,data/images/28781560-f45a-4787-b0ae-4f9415aec2a8.jpg,True,4,0.3849921,0,7,convnext_256
34816893-b661-4983-86ea-35c6f2777003.jpg,0,0,data/images/34816893-b661-4983-86ea-35c6f2777003.jpg,True,2,0.029698255,0,8,convnext_256
bf1e164f-4569-409e-a836-7fb4b66a4cc2.jpg,0,0,data/images/bf1e164f-4569-409e-a836-7fb4b66a4cc2.jpg,True,3,0.007641877,0,7,convnext_256
aa8fa1d2-61ec-429e-b740-c51c8d4bf075.jpg,0,0,data/images/aa8fa1d2-61ec-429e-b740-c51c8d4bf075.jpg,True,4,0.011651172,0,7,convnext_256
410d0fea-2215-4976-bf77-569a1498939c.jpg,0,0,data/images/410d0fea-2215-4976-bf77-569a1498939c.jpg,True,1,0.014695291,0,8,convnext_256
0816e489-1922-4e66-aee5-d044d287ee50.jpg,1,1,data/images/0816e489-1922-4e66-aee5-d044d287ee50.jpg,True,0,0.9721416,1,7,convnext_256
8cba7ae9-f901-4f3c-8996-b12a7f6fffa3.jpg,0,0,data/images/8cba7ae9-f901-4f3c-8996-b12a7f6fffa3.jpg,True,4,0.076156326,0,7,convnext_256
fc4ff449-d55c-434d-8859-48af4018c98d.jpg,0,0,data/images/fc4ff449-d55c-434d-8859-48af4018c98d.jpg,True,1,0.21284597,0,8,convnext_256
200cfa87-2440-46b1-a91a-1ca0b5b98c2c.jpg,0,0,data/images/200cfa87-2440-46b1-a91a-1ca0b5b98c2c.jpg,True,3,0.019359881,0,7,convnext_256
2298ec3d-0862-4157-be9d-ed3bb4c7a425.jpg,1,1,data/images/2298ec3d-0862-4157-be9d-ed3bb4c7a425.jpg,True,0,0.97659576,1,7,convnext_256
b6f60c3b-efaa-4301-a3da-494aa1355ee6.jpg,1,1,data/images/b6f60c3b-efaa-4301-a3da-494aa1355ee6.jpg,True,2,0.059234813,0,8,convnext_256
fc1c64fa-7aca-4193-bffb-07f93717181b.jpg,0,0,data/images/fc1c64fa-7aca-4193-bffb-07f93717181b.jpg,True,1,0.32241344,0,8,convnext_256
f0143546-becb-4d6f-8174-c71c032a43c3.jpg,0,0,data/images/f0143546-becb-4d6f-8174-c71c032a43c3.jpg,True,2,0.8528201,1,8,convnext_256
a0c1c321-f874-42ab-b51c-5b0ed74a3ebc.jpg,0,0,data/images/a0c1c321-f874-42ab-b51c-5b0ed74a3ebc.jpg,True,4,0.019450618,0,7,convnext_256
aac0adb3-9c5f-42aa-9dcd-1c0b483c5707.jpg,0,0,data/images/aac0adb3-9c5f-42aa-9dcd-1c0b483c5707.jpg,True,3,0.043887686,0,7,convnext_256
04a5e5a0-41f6-4a9d-842e-15e7fae51e3b.jpg,0,0,data/images/04a5e5a0-41f6-4a9d-842e-15e7fae51e3b.jpg,True,0,0.057540126,0,7,convnext_256
5c4262f6-6b6f-492a-ad3c-3439db79bf3b.jpg,0,0,data/images/5c4262f6-6b6f-492a-ad3c-3439db79bf3b.jpg,True,1,0.03419186,0,8,convnext_256
972c4cbe-4a4d-4cb0-a993-ba0963d66ecf.jpg,0,0,data/images/972c4cbe-4a4d-4cb0-a993-ba0963d66ecf.jpg,True,4,0.018060591,0,7,convnext_256
498f7461-02af-4ec3-87bf-3fad1ecd949a.jpg,0,0,data/images/498f7461-02af-4ec3-87bf-3fad1ecd949a.jpg,True,2,0.98498154,1,8,convnext_256
f727122f-abf6-4e1b-babd-91127aae1870.jpg,1,1,data/images/f727122f-abf6-4e1b-babd-91127aae1870.jpg,True,3,0.98063993,1,7,convnext_256
3fff2dcc-3d9c-43c0-8029-4418894e1061.jpg,1,1,data/images/3fff2dcc-3d9c-43c0-8029-4418894e1061.jpg,True,0,0.9866518,1,7,convnext_256
aa6f33d2-e330-4760-985d-55358a140e99.jpg,1,1,data/images/aa6f33d2-e330-4760-985d-55358a140e99.jpg,True,2,0.9797386,1,8,convnext_256
5afb7dd9-0711-43f4-b0da-d9355de03ab5.jpg,0,0,data/images/5afb7dd9-0711-43f4-b0da-d9355de03ab5.jpg,True,3,0.0281188,0,7,convnext_256
16d68d75-869e-49b0-a49e-338c15549261.jpg,1,1,data/images/16d68d75-869e-49b0-a49e-338c15549261.jpg,True,0,0.9771722,1,7,convnext_256
61d648c1-e738-419e-af51-cf20cfe6035e.jpg,1,1,data/images/61d648c1-e738-419e-af51-cf20cfe6035e.jpg,True,4,0.98042256,1,7,convnext_256
bdda5d04-8eee-4d26-9f60-7d3849ba4b83.jpg,0,0,data/images/bdda5d04-8eee-4d26-9f60-7d3849ba4b83.jpg,True,1,0.03077774,0,8,convnext_256
92c5791b-72e2-410e-9db8-5bf8f6f6e5d7.jpg,1,1,data/images/92c5791b-72e2-410e-9db8-5bf8f6f6e5d7.jpg,True,1,0.6846863,1,8,convnext_256
009f1abc-0e75-4238-8510-604f45c6657c.jpg,0,0,data/images/009f1abc-0e75-4238-8510-604f45c6657c.jpg,True,0,0.040371165,0,7,convnext_256
ec5419f7-04a4-4c6e-bcaa-1b50c71fee56.jpg,1,1,data/images/ec5419f7-04a4-4c6e-bcaa-1b50c71fee56.jpg,True,3,0.9795544,1,7,convnext_256
6037f69b-b396-46d0-b9e3-cdcfa25b8e90.jpg,0,0,data/images/6037f69b-b396-46d0-b9e3-cdcfa25b8e90.jpg,True,2,0.018083438,0,8,convnext_256
b535cbd0-fd5f-4ca9-a213-ad2a7df28305.jpg,0,0,data/images/b535cbd0-fd5f-4ca9-a213-ad2a7df28305.jpg,True,4,0.031188898,0,7,convnext_256
876b4c7b-5f3e-496f-a396-7ce0f7fa814d.jpg,0,0,data/images/876b4c7b-5f3e-496f-a396-7ce0f7fa814d.jpg,True,0,0.018670632,0,7,convnext_256
424c6349-ebad-495b-aca9-acb6822d93f6.jpg,0,0,data/images/424c6349-ebad-495b-aca9-acb6822d93f6.jpg,True,1,0.042858064,0,8,convnext_256
921a3df8-91d5-4432-b3ff-9af4bb0a047f.jpg,0,0,data/images/921a3df8-91d5-4432-b3ff-9af4bb0a047f.jpg,True,3,0.022218287,0,7,convnext_256
8ae904d9-e434-47de-9893-c4cf478c5db0.jpg,1,1,data/images/8ae904d9-e434-47de-9893-c4cf478c5db0.jpg,True,2,0.97747254,1,8,convnext_256
ccbecc14-bb8a-4cab-a545-b033e1398d15.jpg,1,1,data/images/ccbecc14-bb8a-4cab-a545-b033e1398d15.jpg,True,4,0.9671998,1,7,convnext_256
6d6a89e7-57f4-4476-8772-38b147214715.jpg,1,1,data/images/6d6a89e7-57f4-4476-8772-38b147214715.jpg,True,3,0.9898415,1,7,convnext_256
6cb39191-8549-4327-bb5e-b9538b14af26.jpg,0,0,data/images/6cb39191-8549-4327-bb5e-b9538b14af26.jpg,True,0,0.9219367,1,7,convnext_256
ac23a35e-349c-41c0-96b6-432ad9e7fa69.jpg,1,1,data/images/ac23a35e-349c-41c0-96b6-432ad9e7fa69.jpg,True,4,0.97760814,1,7,convnext_256
3188335b-a440-4911-8b8e-5f2fa9cb6fa2.jpg,1,1,data/images/3188335b-a440-4911-8b8e-5f2fa9cb6fa2.jpg,True,2,0.9746142,1,8,convnext_256
667ebf0e-f0a3-461a-93a5-e79ecb5fc164.jpg,1,1,data/images/667ebf0e-f0a3-461a-93a5-e79ecb5fc164.jpg,True,1,0.97938263,1,8,convnext_256
2fd7702b-49d4-4bd0-8516-078527a265c9.jpg,1,1,data/images/2fd7702b-49d4-4bd0-8516-078527a265c9.jpg,True,3,0.021510826,0,7,convnext_256
5108cc08-98de-45aa-b3b2-c63f1f33fe70.jpg,0,0,data/images/5108cc08-98de-45aa-b3b2-c63f1f33fe70.jpg,True,1,0.9150803,1,8,convnext_256
d3b84454-9a4f-4f05-a5c7-0b843cfe4da5.jpg,0,0,data/images/d3b84454-9a4f-4f05-a5c7-0b843cfe4da5.jpg,True,0,0.09310627,0,7,convnext_256
559f7da2-e31f-45bc-b07a-85262e81eb15.jpg,1,1,data/images/559f7da2-e31f-45bc-b07a-85262e81eb15.jpg,True,4,0.96220237,1,7,convnext_256
4647a5bb-6c9d-43f5-80ac-2926cd981c54.jpg,0,0,data/images/4647a5bb-6c9d-43f5-80ac-2926cd981c54.jpg,True,2,0.015889412,0,8,convnext_256
8acfd566-c5fe-4e8f-b526-b2dce567449a.jpg,1,1,data/images/8acfd566-c5fe-4e8f-b526-b2dce567449a.jpg,True,1,0.97804374,1,8,convnext_256
0c030240-e031-489e-a45a-e1fca617f658.jpg,0,0,data/images/0c030240-e031-489e-a45a-e1fca617f658.jpg,True,2,0.022502854,0,8,convnext_256
7f784eb7-13a1-41b2-be16-2d964da5a9b9.jpg,0,0,data/images/7f784eb7-13a1-41b2-be16-2d964da5a9b9.jpg,True,0,0.011194029,0,7,convnext_256
4fd6f6cf-5fbf-4af3-a3e9-2a67c48f72b3.jpg,0,0,data/images/4fd6f6cf-5fbf-4af3-a3e9-2a67c48f72b3.jpg,True,4,0.048995677,0,7,convnext_256
0a12a373-d608-4241-8769-78e45ed1e909.jpg,0,0,data/images/0a12a373-d608-4241-8769-78e45ed1e909.jpg,True,3,0.015360869,0,7,convnext_256
e626dd9c-af70-4d65-8ef8-39518b3821f1.jpg,1,1,data/images/e626dd9c-af70-4d65-8ef8-39518b3821f1.jpg,True,1,0.98111504,1,8,convnext_256
05f01fe8-8b8e-4ed7-9600-1f59c397cd62.jpg,1,1,data/images/05f01fe8-8b8e-4ed7-9600-1f59c397cd62.jpg,True,2,0.99080604,1,8,convnext_256
98079cac-7fd1-4153-9b1c-529281af63eb.jpg,0,0,data/images/98079cac-7fd1-4153-9b1c-529281af63eb.jpg,True,3,0.0875472,0,7,convnext_256
6b954471-0d13-4e5b-9069-4b8c297cc1f7.jpg,0,0,data/images/6b954471-0d13-4e5b-9069-4b8c297cc1f7.jpg,True,4,0.17813683,0,7,convnext_256
379e9e63-ac71-4d80-bf48-72873848168b.jpg,1,1,data/images/379e9e63-ac71-4d80-bf48-72873848168b.jpg,True,0,0.97497624,1,7,convnext_256
b63582eb-4990-4ef5-9571-8b9d79681670.jpg,0,0,data/images/b63582eb-4990-4ef5-9571-8b9d79681670.jpg,True,1,0.025094915,0,8,convnext_256
e40693a7-72ad-4fe2-8438-4c956eb10061.jpg,0,0,data/images/e40693a7-72ad-4fe2-8438-4c956eb10061.jpg,True,0,0.03045091,0,7,convnext_256
4557fe91-0425-43cb-a192-6b3025dbe34c.jpg,0,0,data/images/4557fe91-0425-43cb-a192-6b3025dbe34c.jpg,True,4,0.02218368,0,7,convnext_256
0f82637e-66bb-4bec-9f02-1f2b4900d3ab.jpg,1,1,data/images/0f82637e-66bb-4bec-9f02-1f2b4900d3ab.jpg,True,2,0.96855205,1,8,convnext_256
878f0693-f1e5-48de-befd-0731e7465234.jpg,0,0,data/images/878f0693-f1e5-48de-befd-0731e7465234.jpg,True,3,0.06917408,0,7,convnext_256
3ff18038-4332-4b91-a637-0da860c8ce44.jpg,1,1,data/images/3ff18038-4332-4b91-a637-0da860c8ce44.jpg,True,1,0.12631594,0,8,convnext_256
7e1394ff-9061-4d28-a2cd-39d60ae3d4ee.jpg,0,0,data/images/7e1394ff-9061-4d28-a2cd-39d60ae3d4ee.jpg,True,0,0.022759782,0,7,convnext_256
187fd077-bed6-46a3-b8fd-2e8e2b4ce9b5.jpg,1,1,data/images/187fd077-bed6-46a3-b8fd-2e8e2b4ce9b5.jpg,True,4,0.4044535,0,7,convnext_256
e67a3e77-f810-44c6-951a-99555bc38150.jpg,1,1,data/images/e67a3e77-f810-44c6-951a-99555bc38150.jpg,True,2,0.9778568,1,8,convnext_256
3a21d2a4-797d-4f8c-ba7b-61eb53cc8a40.jpg,1,1,data/images/3a21d2a4-797d-4f8c-ba7b-61eb53cc8a40.jpg,True,3,0.7543397,1,7,convnext_256
0e14bc17-9f9d-4b52-b20f-ee3202f7dc73.jpg,1,1,data/images/0e14bc17-9f9d-4b52-b20f-ee3202f7dc73.jpg,True,4,0.97624004,1,7,convnext_256
e6b77e09-e488-4a54-9ae0-ccdede21f16a.jpg,1,1,data/images/e6b77e09-e488-4a54-9ae0-ccdede21f16a.jpg,True,1,0.95151216,1,8,convnext_256
17b94e10-5fc4-4a5d-8377-5a314b53549d.jpg,1,1,data/images/17b94e10-5fc4-4a5d-8377-5a314b53549d.jpg,True,3,0.31874225,0,7,convnext_256
0b127b45-fd1a-4291-8838-95c4cee0b488.jpg,0,0,data/images/0b127b45-fd1a-4291-8838-95c4cee0b488.jpg,True,0,0.019968573,0,7,convnext_256
c074eeef-0851-4bf6-a251-458fee1cdfb9.jpg,1,1,data/images/c074eeef-0851-4bf6-a251-458fee1cdfb9.jpg,True,2,0.104052566,0,8,convnext_256
fb1f39a2-e73e-463c-ab32-10d47fbd4874.jpg,0,0,data/images/fb1f39a2-e73e-463c-ab32-10d47fbd4874.jpg,True,0,0.8244161,1,7,convnext_256
08746a62-3996-48fa-ab04-aa97ce7cc2ff.jpg,0,0,data/images/08746a62-3996-48fa-ab04-aa97ce7cc2ff.jpg,True,3,0.26420683,0,7,convnext_256
54c2aad9-55c2-41e9-947f-1ecb01ac37b9.jpg,0,0,data/images/54c2aad9-55c2-41e9-947f-1ecb01ac37b9.jpg,True,4,0.035967845,0,7,convnext_256
689b4575-3bdb-488f-92d9-509df0e04f98.jpg,0,0,data/images/689b4575-3bdb-488f-92d9-509df0e04f98.jpg,True,1,0.2036367,0,8,convnext_256
2bb892b3-ca26-4095-98c7-9aebc1b583b6.jpg,1,1,data/images/2bb892b3-ca26-4095-98c7-9aebc1b583b6.jpg,True,2,0.97748727,1,8,convnext_256
528e6108-5bc0-476c-bacf-b78de9954b09.jpg,0,0,data/images/528e6108-5bc0-476c-bacf-b78de9954b09.jpg,True,3,0.7574786,1,7,convnext_256
0d42d2cc-4d11-4603-899b-b04295e4a991.jpg,0,0,data/images/0d42d2cc-4d11-4603-899b-b04295e4a991.jpg,True,0,0.93354577,1,7,convnext_256
4ee4a647-d66b-48f3-abb1-f5407379edcc.jpg,1,1,data/images/4ee4a647-d66b-48f3-abb1-f5407379edcc.jpg,True,4,0.04752629,0,7,convnext_256
d51cb20a-d698-4117-b0a6-ddb72054a8be.jpg,1,1,data/images/d51cb20a-d698-4117-b0a6-ddb72054a8be.jpg,True,2,0.9824504,1,8,convnext_256
0fe90638-b3cb-40ab-97db-2f87e116b699.jpg,1,1,data/images/0fe90638-b3cb-40ab-97db-2f87e116b699.jpg,True,1,0.97773826,1,8,convnext_256
fd9a2ca2-242f-4d82-82c5-8e28b12377af.jpg,0,0,data/images/fd9a2ca2-242f-4d82-82c5-8e28b12377af.jpg,True,0,0.96479225,1,7,convnext_256
a36bc136-3f44-4b52-8c1b-cbf99e86fe7f.jpg,0,0,data/images/a36bc136-3f44-4b52-8c1b-cbf99e86fe7f.jpg,True,2,0.019248405,0,8,convnext_256
6a711c9b-c4ad-41ce-bc18-28d72e13c432.jpg,0,0,data/images/6a711c9b-c4ad-41ce-bc18-28d72e13c432.jpg,True,4,0.010178264,0,7,convnext_256
08352f75-28c0-4ac8-b558-c8a5d086aa62.jpg,1,1,data/images/08352f75-28c0-4ac8-b558-c8a5d086aa62.jpg,True,3,0.9624989,1,7,convnext_256
915965f9-0877-4416-b597-98d184fa0073.jpg,1,1,data/images/915965f9-0877-4416-b597-98d184fa0073.jpg,True,1,0.91144884,1,8,convnext_256
f476d6fc-f612-4292-becf-79330bb46b36.jpg,0,0,data/images/f476d6fc-f612-4292-becf-79330bb46b36.jpg,True,4,0.013059299,0,7,convnext_256
92369f8c-93f3-4fc6-82b1-923f200e7cff.jpg,0,0,data/images/92369f8c-93f3-4fc6-82b1-923f200e7cff.jpg,True,0,0.90930957,1,7,convnext_256
a4c58c0a-339a-44c8-a8c5-d024e1581184.jpg,0,0,data/images/a4c58c0a-339a-44c8-a8c5-d024e1581184.jpg,True,3,0.026303766,0,7,convnext_256
405dc518-87be-4c48-9e25-6a7f14ea5e01.jpg,1,1,data/images/405dc518-87be-4c48-9e25-6a7f14ea5e01.jpg,True,1,0.22573508,0,8,convnext_256
bd37811d-428f-4f1e-9118-2dbc429d849d.jpg,1,1,data/images/bd37811d-428f-4f1e-9118-2dbc429d849d.jpg,True,2,0.95030504,1,8,convnext_256
1d129cc0-0861-44cd-9a28-7e61bd05895e.jpg,0,0,data/images/1d129cc0-0861-44cd-9a28-7e61bd05895e.jpg,True,0,0.016634708,0,7,convnext_256
53a107ca-475c-47f1-9ffb-958115540494.jpg,1,1,data/images/53a107ca-475c-47f1-9ffb-958115540494.jpg,True,3,0.9751383,1,7,convnext_256
e377298c-9954-4eac-a74f-201b4d83afb7.jpg,1,1,data/images/e377298c-9954-4eac-a74f-201b4d83afb7.jpg,True,1,0.9830313,1,8,convnext_256
4812fdd0-e210-48f5-a452-4ba4ca2192c7.jpg,1,1,data/images/4812fdd0-e210-48f5-a452-4ba4ca2192c7.jpg,True,2,0.98396516,1,8,convnext_256
1d9a8ea3-725f-4de1-8c55-5e73b6e0690b.jpg,0,0,data/images/1d9a8ea3-725f-4de1-8c55-5e73b6e0690b.jpg,True,4,0.015338197,0,7,convnext_256
f190d370-bf14-4bb1-9fb9-6887b5978c76.jpg,0,0,data/images/f190d370-bf14-4bb1-9fb9-6887b5978c76.jpg,True,3,0.019971237,0,7,convnext_256
353f7864-62eb-4a67-b83e-5593c11f32fb.jpg,0,0,data/images/353f7864-62eb-4a67-b83e-5593c11f32fb.jpg,True,0,0.032369927,0,7,convnext_256
d7029b06-6ed0-465b-bb86-63a50dfd5b19.jpg,0,0,data/images/d7029b06-6ed0-465b-bb86-63a50dfd5b19.jpg,True,2,0.2997881,0,8,convnext_256
7182d196-fe0e-4149-a879-88c5382a2159.jpg,1,1,data/images/7182d196-fe0e-4149-a879-88c5382a2159.jpg,True,4,0.98754275,1,7,convnext_256
5d4f3dae-d6f9-48d5-86dd-023a58319943.jpg,1,1,data/images/5d4f3dae-d6f9-48d5-86dd-023a58319943.jpg,True,1,0.96775913,1,8,convnext_256
d0bb1fa7-d8fb-446c-9330-2cb9fd7d68e6.jpg,0,0,data/images/d0bb1fa7-d8fb-446c-9330-2cb9fd7d68e6.jpg,True,0,0.022902953,0,7,convnext_256
0ce3529e-6f3d-49ee-8689-53d890faaa2e.jpg,0,0,data/images/0ce3529e-6f3d-49ee-8689-53d890faaa2e.jpg,True,2,0.014887519,0,8,convnext_256
23d25d70-dd69-490d-8e33-f6d6c1f96a3f.jpg,0,0,data/images/23d25d70-dd69-490d-8e33-f6d6c1f96a3f.jpg,True,4,0.022705367,0,7,convnext_256
9ae72ba0-e108-4536-87e3-bc945e68a7ac.jpg,1,1,data/images/9ae72ba0-e108-4536-87e3-bc945e68a7ac.jpg,True,3,0.9653769,1,7,convnext_256
4b2dabf0-9ba0-487d-8be3-264de17a1a35.jpg,0,0,data/images/4b2dabf0-9ba0-487d-8be3-264de17a1a35.jpg,True,1,0.020823754,0,8,convnext_256
b622e12f-95e8-42b3-a9f7-a856c5fcdddf.jpg,0,0,data/images/b622e12f-95e8-42b3-a9f7-a856c5fcdddf.jpg,True,0,0.013012448,0,7,convnext_256
9c8bb9dc-19d6-459b-87d7-0f8d69e0a6ee.jpg,1,1,data/images/9c8bb9dc-19d6-459b-87d7-0f8d69e0a6ee.jpg,True,2,0.9141583,1,8,convnext_256
6f7575e3-9c8e-4b6c-986b-75f6889180d5.jpg,1,1,data/images/6f7575e3-9c8e-4b6c-986b-75f6889180d5.jpg,True,3,0.9792463,1,7,convnext_256
1bdd6326-55e7-4b57-b7b7-0afabf3e9e3d.jpg,0,0,data/images/1bdd6326-55e7-4b57-b7b7-0afabf3e9e3d.jpg,True,4,0.023013204,0,7,convnext_256
a991c942-c94e-48b4-a837-be15ee411a6e.jpg,0,0,data/images/a991c942-c94e-48b4-a837-be15ee411a6e.jpg,True,1,0.013406744,0,8,convnext_256
e343d509-a9d6-4d4a-a6e3-fcbdb212445f.jpg,1,1,data/images/e343d509-a9d6-4d4a-a6e3-fcbdb212445f.jpg,True,1,0.96578926,1,8,convnext_256
96ffab4d-f9f2-4b98-9ff0-6fbe4b112cd0.jpg,1,1,data/images/96ffab4d-f9f2-4b98-9ff0-6fbe4b112cd0.jpg,True,4,0.897006,1,7,convnext_256
518fba2b-9710-49f2-9116-b661d9c54d2c.jpg,1,1,data/images/518fba2b-9710-49f2-9116-b661d9c54d2c.jpg,True,0,0.90776634,1,7,convnext_256
4542f426-db4a-42e0-93c4-6a667ad70e5a.jpg,1,1,data/images/4542f426-db4a-42e0-93c4-6a667ad70e5a.jpg,True,2,0.9792474,1,8,convnext_256
4be82cc9-9b28-47d7-a26b-8d91ecb5769b.jpg,1,1,data/images/4be82cc9-9b28-47d7-a26b-8d91ecb5769b.jpg,True,3,0.979253,1,7,convnext_256
9ceb2016-a6ae-4df8-b973-9eb0ac2b5e9f.jpg,1,1,data/images/9ceb2016-a6ae-4df8-b973-9eb0ac2b5e9f.jpg,True,0,0.9856215,1,7,convnext_256
513a289b-f065-4af6-aff5-69ad10e7d081.jpg,0,0,data/images/513a289b-f065-4af6-aff5-69ad10e7d081.jpg,True,4,0.6592572,1,7,convnext_256
da77c413-6705-4e1b-a968-cb59380ec874.jpg,1,1,data/images/da77c413-6705-4e1b-a968-cb59380ec874.jpg,True,3,0.9698322,1,7,convnext_256
4d29f749-c542-4c96-9d6c-951a2fc71d8b.jpg,1,1,data/images/4d29f749-c542-4c96-9d6c-951a2fc71d8b.jpg,True,2,0.96842086,1,8,convnext_256
ca62cfdc-5884-4517-80da-a6a61baaae5c.jpg,1,1,data/images/ca62cfdc-5884-4517-80da-a6a61baaae5c.jpg,True,1,0.97680515,1,8,convnext_256
2d9d476b-1e5e-4a7b-9a6e-7b7c4ca49db0.jpg,0,0,data/images/2d9d476b-1e5e-4a7b-9a6e-7b7c4ca49db0.jpg,True,0,0.027662357,0,7,convnext_256
e9b615df-2b53-4433-a4f1-cb2f05108ae4.jpg,0,0,data/images/e9b615df-2b53-4433-a4f1-cb2f05108ae4.jpg,True,4,0.016186826,0,7,convnext_256
7e7ccf0f-04ef-4db7-b621-40dcfa4391aa.jpg,1,1,data/images/7e7ccf0f-04ef-4db7-b621-40dcfa4391aa.jpg,True,2,0.97423786,1,8,convnext_256
a54cf628-ee3e-4c66-bdb8-d589a682944e.jpg,1,1,data/images/a54cf628-ee3e-4c66-bdb8-d589a682944e.jpg,True,3,0.9573759,1,7,convnext_256
3d749862-4746-41cc-a04f-74c2826395f9.jpg,0,0,data/images/3d749862-4746-41cc-a04f-74c2826395f9.jpg,True,1,0.026791414,0,8,convnext_256
40bb6426-abc4-4ca6-8063-54102f8da1ba.jpg,0,0,data/images/40bb6426-abc4-4ca6-8063-54102f8da1ba.jpg,True,0,0.94524306,1,7,convnext_256
1099e0ec-d642-4b27-9972-10b11ee81f6f.jpg,1,1,data/images/1099e0ec-d642-4b27-9972-10b11ee81f6f.jpg,True,2,0.9196956,1,8,convnext_256
138e7879-f66b-4dc8-aea1-5caf44f0f44a.jpg,0,0,data/images/138e7879-f66b-4dc8-aea1-5caf44f0f44a.jpg,True,4,0.018151611,0,7,convnext_256
8694fab9-866a-4df2-b302-e6fc4032dec2.jpg,1,1,data/images/8694fab9-866a-4df2-b302-e6fc4032dec2.jpg,True,1,0.9676847,1,8,convnext_256
0b5697a9-a32f-4df9-9337-e3f3cc5a04ba.jpg,0,0,data/images/0b5697a9-a32f-4df9-9337-e3f3cc5a04ba.jpg,True,3,0.038500138,0,7,convnext_256
46f6a873-fbc7-4afa-ad6f-6c7fce6250ce.jpg,0,0,data/images/46f6a873-fbc7-4afa-ad6f-6c7fce6250ce.jpg,True,1,0.48802763,0,8,convnext_256
f79ca68f-8d60-4756-b477-81bfff0e9e2a.jpg,1,1,data/images/f79ca68f-8d60-4756-b477-81bfff0e9e2a.jpg,True,0,0.97990394,1,7,convnext_256
60a0cf48-24a2-4f1a-a0e3-073d8e4fc3f4.jpg,1,1,data/images/60a0cf48-24a2-4f1a-a0e3-073d8e4fc3f4.jpg,True,2,0.28805733,0,8,convnext_256
477d242a-582d-4206-8cec-78f7a4946f53.jpg,1,1,data/images/477d242a-582d-4206-8cec-78f7a4946f53.jpg,True,3,0.22158462,0,7,convnext_256
2db7c48d-688b-4396-8e7a-3ab0b909ebf0.jpg,0,0,data/images/2db7c48d-688b-4396-8e7a-3ab0b909ebf0.jpg,True,4,0.08466628,0,7,convnext_256
8a5179e5-31ae-4a2b-9859-57873e1abf13.jpg,1,1,data/images/8a5179e5-31ae-4a2b-9859-57873e1abf13.jpg,True,0,0.9808045,1,7,convnext_256
bbaa157c-44e6-4d8b-b93e-eacf9f40fc7f.jpg,1,1,data/images/bbaa157c-44e6-4d8b-b93e-eacf9f40fc7f.jpg,True,4,0.9854042,1,7,convnext_256
ab38dc34-7b13-40d8-8983-ff71b42c0e0d.jpg,1,1,data/images/ab38dc34-7b13-40d8-8983-ff71b42c0e0d.jpg,True,3,0.19746648,0,7,convnext_256
27688bf9-48b8-4d11-81aa-2a9eff0f9719.jpg,1,1,data/images/27688bf9-48b8-4d11-81aa-2a9eff0f9719.jpg,True,1,0.9846601,1,8,convnext_256
8a60dbfe-f956-4f57-98f8-4b0730f10cdc.jpg,0,0,data/images/8a60dbfe-f956-4f57-98f8-4b0730f10cdc.jpg,True,2,0.7090963,1,8,convnext_256
5639b83b-2a93-4f6a-a685-0e51192dc415.jpg,0,0,data/images/5639b83b-2a93-4f6a-a685-0e51192dc415.jpg,True,4,0.70845366,1,7,convnext_256
3b61dff6-8539-48da-8d91-31389328062c.jpg,0,0,data/images/3b61dff6-8539-48da-8d91-31389328062c.jpg,True,3,0.045219608,0,7,convnext_256
59670736-1323-4463-91cc-dd5b29d3595a.jpg,1,1,data/images/59670736-1323-4463-91cc-dd5b29d3595a.jpg,True,2,0.95658153,1,8,convnext_256
9aeb8280-22e2-459a-b617-e855198877bb.jpg,1,1,data/images/9aeb8280-22e2-459a-b617-e855198877bb.jpg,True,0,0.5824408,1,7,convnext_256
832fbadd-d0f6-4839-9cde-2ae5ab3b68d8.jpg,1,1,data/images/832fbadd-d0f6-4839-9cde-2ae5ab3b68d8.jpg,True,1,0.94833136,1,8,convnext_256
174b0cc2-654e-43f3-955d-05c61c0eaeed.jpg,1,1,data/images/174b0cc2-654e-43f3-955d-05c61c0eaeed.jpg,True,3,0.9772534,1,7,convnext_256
c10fde8c-f468-4386-aae9-8e3e0e3972d0.jpg,1,1,data/images/c10fde8c-f468-4386-aae9-8e3e0e3972d0.jpg,True,4,0.98700094,1,7,convnext_256
d8a2088c-cbea-4b7d-a696-8ebc77fd14d6.jpg,1,1,data/images/d8a2088c-cbea-4b7d-a696-8ebc77fd14d6.jpg,True,2,0.9838446,1,8,convnext_256
d267c9c5-ab52-4feb-a3db-3b763ceac777.jpg,0,0,data/images/d267c9c5-ab52-4feb-a3db-3b763ceac777.jpg,True,0,0.1425892,0,7,convnext_256
75693d87-e748-4109-9f40-7dc5ce63d237.jpg,0,0,data/images/75693d87-e748-4109-9f40-7dc5ce63d237.jpg,True,1,0.012955799,0,8,convnext_256
db9fd694-7d93-44b2-ace8-046e9fc8018a.jpg,0,0,data/images/db9fd694-7d93-44b2-ace8-046e9fc8018a.jpg,True,1,0.1153624,0,8,convnext_256
b1011772-6137-4565-b15f-657a614688f1.jpg,1,1,data/images/b1011772-6137-4565-b15f-657a614688f1.jpg,True,3,0.98253757,1,7,convnext_256
916c40e5-454e-44d7-9324-0b100f7126c7.jpg,1,1,data/images/916c40e5-454e-44d7-9324-0b100f7126c7.jpg,True,2,0.9730555,1,8,convnext_256
6085ba70-b522-43e9-b221-20bc6992e31d.jpg,1,1,data/images/6085ba70-b522-43e9-b221-20bc6992e31d.jpg,True,4,0.59212935,1,7,convnext_256
a863492d-cf31-4381-ba76-647cbda76f95.jpg,1,1,data/images/a863492d-cf31-4381-ba76-647cbda76f95.jpg,True,0,0.98242605,1,7,convnext_256
b1a10b29-bd04-4ed3-9fcb-33b4870f3a90.jpg,0,0,data/images/b1a10b29-bd04-4ed3-9fcb-33b4870f3a90.jpg,True,2,0.025193652,0,8,convnext_256
aa9c114f-d8b1-4376-a82f-8e92bc9f129a.jpg,1,1,data/images/aa9c114f-d8b1-4376-a82f-8e92bc9f129a.jpg,True,4,0.97637093,1,7,convnext_256
d91a6baa-77ab-4a0c-9b98-6040aa3ec389.jpg,0,0,data/images/d91a6baa-77ab-4a0c-9b98-6040aa3ec389.jpg,True,0,0.11427184,0,7,convnext_256
7ab4ecba-e0d4-4b1c-948d-ce4120dbf50f.jpg,1,1,data/images/7ab4ecba-e0d4-4b1c-948d-ce4120dbf50f.jpg,True,1,0.9785018,1,8,convnext_256
ae2fb455-138e-40f2-8ce7-a01086f18200.jpg,0,0,data/images/ae2fb455-138e-40f2-8ce7-a01086f18200.jpg,True,3,0.055409897,0,7,convnext_256
427b29fc-1507-45dd-858a-b4338bd62232.jpg,0,0,data/images/427b29fc-1507-45dd-858a-b4338bd62232.jpg,True,3,0.034020152,0,7,convnext_256
e5095cb9-3fca-4912-b267-ff87ffc6b6f4.jpg,0,0,data/images/e5095cb9-3fca-4912-b267-ff87ffc6b6f4.jpg,True,0,0.048460606,0,7,convnext_256
1de420e3-08aa-4df2-8854-d147481dadd5.jpg,0,0,data/images/1de420e3-08aa-4df2-8854-d147481dadd5.jpg,True,1,0.35642132,0,8,convnext_256
4273c156-8645-4e98-98ba-c57f9157ebfa.jpg,1,1,data/images/4273c156-8645-4e98-98ba-c57f9157ebfa.jpg,True,2,0.9759076,1,8,convnext_256
85017d89-c002-4d68-9491-9b34def5484b.jpg,1,1,data/images/85017d89-c002-4d68-9491-9b34def5484b.jpg,True,4,0.9713814,1,7,convnext_256
0fa89b23-8080-4e1b-a964-a64ab84d4642.jpg,1,1,data/images/0fa89b23-8080-4e1b-a964-a64ab84d4642.jpg,True,4,0.9625313,1,7,convnext_256
40e7b428-4bb2-49f7-a56e-41d8d0effd8d.jpg,0,0,data/images/40e7b428-4bb2-49f7-a56e-41d8d0effd8d.jpg,True,3,0.022924997,0,7,convnext_256
1ebf6249-df49-4a31-9858-6da7e695e53e.jpg,1,1,data/images/1ebf6249-df49-4a31-9858-6da7e695e53e.jpg,True,2,0.962117,1,8,convnext_256
f719eed7-3dbc-4278-aad5-d594d4eba15f.jpg,1,1,data/images/f719eed7-3dbc-4278-aad5-d594d4eba15f.jpg,True,1,0.9651402,1,8,convnext_256
c5a4b21b-2cfa-4a67-a4c8-9ffd7ce09398.jpg,0,0,data/images/c5a4b21b-2cfa-4a67-a4c8-9ffd7ce09398.jpg,True,0,0.25525147,0,7,convnext_256
8d9a1c77-854d-4a71-83ea-385e5ffc4f2b.jpg,0,0,data/images/8d9a1c77-854d-4a71-83ea-385e5ffc4f2b.jpg,True,4,0.95673233,1,7,convnext_256
71667cff-b7eb-4c41-81a6-c9d26a0aa57d.jpg,0,0,data/images/71667cff-b7eb-4c41-81a6-c9d26a0aa57d.jpg,True,2,0.6031523,1,8,convnext_256
a3da6879-051d-448a-8b8a-ee6cac19a564.jpg,1,1,data/images/a3da6879-051d-448a-8b8a-ee6cac19a564.jpg,True,0,0.9573195,1,7,convnext_256
f669e4c9-9bf4-40e0-9392-1aaa4f302d78.jpg,1,1,data/images/f669e4c9-9bf4-40e0-9392-1aaa4f302d78.jpg,True,1,0.9686771,1,8,convnext_256
e1d3e52e-e1f9-476c-aacc-d2e22b42138f.jpg,0,0,data/images/e1d3e52e-e1f9-476c-aacc-d2e22b42138f.jpg,True,3,0.020212408,0,7,convnext_256
9bacc5a5-bb66-484a-a5fc-10327b9ea955.jpg,1,1,data/images/9bacc5a5-bb66-484a-a5fc-10327b9ea955.jpg,True,4,0.8333846,1,7,convnext_256
ab77c924-17c0-4ba2-9879-f7e020a9788b.jpg,0,0,data/images/ab77c924-17c0-4ba2-9879-f7e020a9788b.jpg,True,1,0.015965138,0,8,convnext_256
e6784258-2810-4c1e-8278-ec529016b612.jpg,1,1,data/images/e6784258-2810-4c1e-8278-ec529016b612.jpg,True,3,0.974777,1,7,convnext_256
879194f5-f4bb-4236-92fb-87f89f14c65d.jpg,0,0,data/images/879194f5-f4bb-4236-92fb-87f89f14c65d.jpg,True,2,0.01878664,0,8,convnext_256
036d8d19-2aa7-4159-9217-4aed6ab57305.jpg,0,0,data/images/036d8d19-2aa7-4159-9217-4aed6ab57305.jpg,True,0,0.11393669,0,7,convnext_256
12ce02e3-e83c-48e1-8ab9-cf7e913d3eaf.jpg,0,0,data/images/12ce02e3-e83c-48e1-8ab9-cf7e913d3eaf.jpg,True,0,0.020708509,0,7,convnext_256
496202b5-6d6e-44da-89a0-348a6e93bf4f.jpg,1,1,data/images/496202b5-6d6e-44da-89a0-348a6e93bf4f.jpg,True,3,0.984209,1,7,convnext_256
96a0919b-8f52-4a68-9edb-1599fc5238b0.jpg,0,0,data/images/96a0919b-8f52-4a68-9edb-1599fc5238b0.jpg,True,1,0.0282599,0,8,convnext_256
7626b009-962f-4b2f-8ee9-aedd457f6b76.jpg,0,0,data/images/7626b009-962f-4b2f-8ee9-aedd457f6b76.jpg,True,2,0.020040685,0,8,convnext_256
4b8f71fc-4326-4543-b7a0-a6b78809394d.jpg,0,0,data/images/4b8f71fc-4326-4543-b7a0-a6b78809394d.jpg,True,4,0.036587007,0,7,convnext_256
63c36977-0639-4c31-b397-2b186539f344.jpg,1,1,data/images/63c36977-0639-4c31-b397-2b186539f344.jpg,True,1,0.97835207,1,8,convnext_256
6c953c61-314d-4636-b221-f445d2382866.jpg,0,0,data/images/6c953c61-314d-4636-b221-f445d2382866.jpg,True,3,0.02127208,0,7,convnext_256
e89b2cfd-6361-4e37-a6d1-757288ac4e45.jpg,1,1,data/images/e89b2cfd-6361-4e37-a6d1-757288ac4e45.jpg,True,0,0.9597009,1,7,convnext_256
bb1dd9fe-8e3b-4ed3-ac7c-06e0f8ac6c56.jpg,0,0,data/images/bb1dd9fe-8e3b-4ed3-ac7c-06e0f8ac6c56.jpg,True,4,0.27855188,0,7,convnext_256
4497fb3f-1909-43cf-b361-dec5b336e6d4.jpg,1,1,data/images/4497fb3f-1909-43cf-b361-dec5b336e6d4.jpg,True,2,0.81542516,1,8,convnext_256
9e7e2594-70c1-4dd5-9650-acef260e7699.jpg,0,0,data/images/9e7e2594-70c1-4dd5-9650-acef260e7699.jpg,True,3,0.027600892,0,7,convnext_256
b439ed2d-966d-4bc5-b36c-dd6cda01d72f.jpg,1,1,data/images/b439ed2d-966d-4bc5-b36c-dd6cda01d72f.jpg,True,4,0.9831086,1,7,convnext_256
390cf5c6-22b8-4923-a9ad-aa96e78d41b3.jpg,1,1,data/images/390cf5c6-22b8-4923-a9ad-aa96e78d41b3.jpg,True,2,0.498685,0,8,convnext_256
3464a126-17ab-422c-ae48-a0d604a7cc69.jpg,0,0,data/images/3464a126-17ab-422c-ae48-a0d604a7cc69.jpg,True,0,0.02046821,0,7,convnext_256
1bb2d358-9d5c-4f79-b990-e16bb701a6aa.jpg,0,0,data/images/1bb2d358-9d5c-4f79-b990-e16bb701a6aa.jpg,True,1,0.0382602,0,8,convnext_256
d10cb983-c6b5-43dd-b0cb-21d388d0f86a.jpg,0,0,data/images/d10cb983-c6b5-43dd-b0cb-21d388d0f86a.jpg,True,4,0.97578615,1,7,convnext_256
a8cabab3-a6fc-41cc-8cfe-9eaa835231d1.jpg,0,0,data/images/a8cabab3-a6fc-41cc-8cfe-9eaa835231d1.jpg,True,0,0.017244976,0,7,convnext_256
0166b313-6aa6-4623-8e35-1f4977dd3582.jpg,0,0,data/images/0166b313-6aa6-4623-8e35-1f4977dd3582.jpg,True,2,0.24630189,0,8,convnext_256
80fe47ca-76da-464d-a065-24627a987a4b.jpg,0,0,data/images/80fe47ca-76da-464d-a065-24627a987a4b.jpg,True,3,0.75876105,1,7,convnext_256
9295ca33-29ae-4cf1-9a33-c6f0d4a80a62.jpg,0,0,data/images/9295ca33-29ae-4cf1-9a33-c6f0d4a80a62.jpg,True,1,0.024166442,0,8,convnext_256
dac60dc4-aabb-434d-bf51-f8c5ec1b439d.jpg,1,1,data/images/dac60dc4-aabb-434d-bf51-f8c5ec1b439d.jpg,True,1,0.9446404,1,8,convnext_256
6f906a53-0f94-4b7e-94ab-0918a21253cb.jpg,0,0,data/images/6f906a53-0f94-4b7e-94ab-0918a21253cb.jpg,True,2,0.02368175,0,8,convnext_256
0e0dcbf4-af70-4a01-ac44-9272cf5fcd0e.jpg,1,1,data/images/0e0dcbf4-af70-4a01-ac44-9272cf5fcd0e.jpg,True,4,0.9735981,1,7,convnext_256
44d99e33-28b7-46c3-97da-375c1e571d1d.jpg,0,0,data/images/44d99e33-28b7-46c3-97da-375c1e571d1d.jpg,True,3,0.03915002,0,7,convnext_256
ddd892a5-cb16-4db2-a9d0-b9ae46304c2a.jpg,1,1,data/images/ddd892a5-cb16-4db2-a9d0-b9ae46304c2a.jpg,True,0,0.96332324,1,7,convnext_256
e13ee2d9-9400-42d8-80c5-c9dc3e01020a.jpg,0,0,data/images/e13ee2d9-9400-42d8-80c5-c9dc3e01020a.jpg,True,0,0.035475332,0,7,convnext_256
f0927a0b-e569-4b59-9181-c41d9eb42b8b.jpg,0,0,data/images/f0927a0b-e569-4b59-9181-c41d9eb42b8b.jpg,True,2,0.02310971,0,8,convnext_256
9ed9ecb6-e17a-4704-9692-bff103fe666f.jpg,1,1,data/images/9ed9ecb6-e17a-4704-9692-bff103fe666f.jpg,True,4,0.9861894,1,7,convnext_256
458e6062-a1af-47c2-8a3f-ba92b42fd631.jpg,0,0,data/images/458e6062-a1af-47c2-8a3f-ba92b42fd631.jpg,True,1,0.026696986,0,8,convnext_256
e63c81af-32bf-4505-ba45-132600577ba0.jpg,1,1,data/images/e63c81af-32bf-4505-ba45-132600577ba0.jpg,True,3,0.96215796,1,7,convnext_256
fca385d2-2c38-4cf4-bf5d-488a01b7689d.jpg,0,0,data/images/fca385d2-2c38-4cf4-bf5d-488a01b7689d.jpg,True,4,0.048726205,0,7,convnext_256
6cfb8b70-f453-4cfa-ae50-0ba9b0fdb8da.jpg,1,1,data/images/6cfb8b70-f453-4cfa-ae50-0ba9b0fdb8da.jpg,True,1,0.9611779,1,8,convnext_256
442f52d1-34fd-4962-84b9-71e1960830f7.jpg,1,1,data/images/442f52d1-34fd-4962-84b9-71e1960830f7.jpg,True,3,0.9764565,1,7,convnext_256
d73fa80a-f16b-43a2-8b39-1392aa66b37e.jpg,0,0,data/images/d73fa80a-f16b-43a2-8b39-1392aa66b37e.jpg,True,2,0.9719802,1,8,convnext_256
e0a7b6d2-c45d-4c0f-b033-fc0a6e1a4547.jpg,0,0,data/images/e0a7b6d2-c45d-4c0f-b033-fc0a6e1a4547.jpg,True,0,0.86946404,1,7,convnext_256
30a01428-e573-4d0e-832b-634fb7a610c0.jpg,1,1,data/images/30a01428-e573-4d0e-832b-634fb7a610c0.jpg,True,4,0.2152283,0,7,convnext_256
29ca581d-c5df-4635-baa0-fb4bce144924.jpg,1,1,data/images/29ca581d-c5df-4635-baa0-fb4bce144924.jpg,True,3,0.88366306,1,7,convnext_256
4d3f1473-d953-48fb-a98e-fba01ce0dedc.jpg,0,0,data/images/4d3f1473-d953-48fb-a98e-fba01ce0dedc.jpg,True,2,0.12791215,0,8,convnext_256
7b952a2e-2e08-4902-97e1-06001f8eccad.jpg,1,1,data/images/7b952a2e-2e08-4902-97e1-06001f8eccad.jpg,True,0,0.9801441,1,7,convnext_256
5a57d35c-b6eb-4102-9a46-3c08d410789d.jpg,0,0,data/images/5a57d35c-b6eb-4102-9a46-3c08d410789d.jpg,True,1,0.9795512,1,8,convnext_256
1f84f273-8549-427b-ab94-1a942c18e114.jpg,1,1,data/images/1f84f273-8549-427b-ab94-1a942c18e114.jpg,True,2,0.99296653,1,8,convnext_256
6aef9420-5cac-47c7-807f-6a2d3af7f0f6.jpg,0,0,data/images/6aef9420-5cac-47c7-807f-6a2d3af7f0f6.jpg,True,3,0.76555985,1,7,convnext_256
07d080e0-3d97-480c-b2ab-2d5ae2f5211e.jpg,0,0,data/images/07d080e0-3d97-480c-b2ab-2d5ae2f5211e.jpg,True,1,0.96150047,1,8,convnext_256
b3e7ad9b-e08e-4fb9-85b8-bf63f17eefaf.jpg,0,0,data/images/b3e7ad9b-e08e-4fb9-85b8-bf63f17eefaf.jpg,True,0,0.077006936,0,7,convnext_256
5ae8de93-a84a-4ca2-8b63-3f561f3172e6.jpg,0,0,data/images/5ae8de93-a84a-4ca2-8b63-3f561f3172e6.jpg,True,4,0.018010063,0,7,convnext_256
baae8ef0-a8f6-44b5-b716-8ff41721c9f5.jpg,1,1,data/images/baae8ef0-a8f6-44b5-b716-8ff41721c9f5.jpg,True,4,0.56289536,1,7,convnext_256
2b422851-a999-4676-9300-51a9b41a8496.jpg,0,0,data/images/2b422851-a999-4676-9300-51a9b41a8496.jpg,True,2,0.026816575,0,8,convnext_256
456f5bc6-cf4d-4990-9a6c-77bed90e2d2f.jpg,1,1,data/images/456f5bc6-cf4d-4990-9a6c-77bed90e2d2f.jpg,True,0,0.9642282,1,7,convnext_256
8f674795-6b81-42a7-9047-1f8947c30285.jpg,0,0,data/images/8f674795-6b81-42a7-9047-1f8947c30285.jpg,True,3,0.019117896,0,7,convnext_256
489321d3-e168-40a0-805b-c2f34e11c5de.jpg,0,0,data/images/489321d3-e168-40a0-805b-c2f34e11c5de.jpg,True,1,0.054887254,0,8,convnext_256
6e1a73e3-89e9-49a4-9fd8-077e49c9fe2a.jpg,0,0,data/images/6e1a73e3-89e9-49a4-9fd8-077e49c9fe2a.jpg,True,2,0.9723355,1,8,convnext_256
b0854c0c-d3a1-42e4-b76d-719c05263eee.jpg,0,0,data/images/b0854c0c-d3a1-42e4-b76d-719c05263eee.jpg,True,0,0.12308229,0,7,convnext_256
381a5f00-0865-42ff-a334-d9c7a2cf2c51.jpg,0,0,data/images/381a5f00-0865-42ff-a334-d9c7a2cf2c51.jpg,True,1,0.027909603,0,8,convnext_256
aa14b5c6-f8c4-4727-864e-76c5a1adc8dc.jpg,0,0,data/images/aa14b5c6-f8c4-4727-864e-76c5a1adc8dc.jpg,True,3,0.030743085,0,7,convnext_256
cfffd5e5-a537-4ccd-9f0b-27295fe6a61b.jpg,0,0,data/images/cfffd5e5-a537-4ccd-9f0b-27295fe6a61b.jpg,True,4,0.23003995,0,7,convnext_256
2bb5db51-29e8-416c-b84c-934e7cfb43bc.jpg,0,0,data/images/2bb5db51-29e8-416c-b84c-934e7cfb43bc.jpg,True,0,0.0487026,0,7,convnext_256
244fb800-3654-459c-ac52-d613c9466590.jpg,0,0,data/images/244fb800-3654-459c-ac52-d613c9466590.jpg,True,1,0.017586028,0,8,convnext_256
8534f73f-099f-40f3-96e5-81ebccab637c.jpg,1,1,data/images/8534f73f-099f-40f3-96e5-81ebccab637c.jpg,True,4,0.9811453,1,7,convnext_256
86621bd3-2b8a-418f-bc65-cc86efe56c02.jpg,0,0,data/images/86621bd3-2b8a-418f-bc65-cc86efe56c02.jpg,True,2,0.4934896,0,8,convnext_256
1b629512-3e55-4b70-869f-2bb88c11283d.jpg,0,0,data/images/1b629512-3e55-4b70-869f-2bb88c11283d.jpg,True,3,0.20131634,0,7,convnext_256
9a585d45-cbac-46d1-8327-ccde8727172c.jpg,0,0,data/images/9a585d45-cbac-46d1-8327-ccde8727172c.jpg,True,1,0.03679033,0,8,convnext_256
9071c5c5-266e-4960-a8f8-f643abad797a.jpg,1,1,data/images/9071c5c5-266e-4960-a8f8-f643abad797a.jpg,True,4,0.976223,1,7,convnext_256
31a5913c-94c7-4377-9922-d2c7920db1bb.jpg,1,1,data/images/31a5913c-94c7-4377-9922-d2c7920db1bb.jpg,True,2,0.95771134,1,8,convnext_256
413544ac-729e-4405-a2a0-feaf171943f4.jpg,0,0,data/images/413544ac-729e-4405-a2a0-feaf171943f4.jpg,True,3,0.016868474,0,7,convnext_256
deff3672-4d7c-4ebc-96da-dc6542c65a6b.jpg,0,0,data/images/deff3672-4d7c-4ebc-96da-dc6542c65a6b.jpg,True,0,0.04895348,0,7,convnext_256
ba7835a4-14e0-4b83-9a4a-e002989f1e4d.jpg,0,0,data/images/ba7835a4-14e0-4b83-9a4a-e002989f1e4d.jpg,True,0,0.036132347,0,7,convnext_256
abbb1a49-7a0e-435e-879b-f6edce7ebfaa.jpg,0,0,data/images/abbb1a49-7a0e-435e-879b-f6edce7ebfaa.jpg,True,4,0.023669623,0,7,convnext_256
76fe2fa9-a7b9-4de8-954a-7df4116e5f72.jpg,1,1,data/images/76fe2fa9-a7b9-4de8-954a-7df4116e5f72.jpg,True,2,0.111716114,0,8,convnext_256
80bd4909-5d8c-440d-97ba-ac4aeba9513d.jpg,1,1,data/images/80bd4909-5d8c-440d-97ba-ac4aeba9513d.jpg,True,3,0.9817832,1,7,convnext_256
0e58944a-7391-4307-bd58-d071fcdfcc8d.jpg,1,1,data/images/0e58944a-7391-4307-bd58-d071fcdfcc8d.jpg,True,1,0.97296304,1,8,convnext_256
5f0141ab-7029-4b36-8fe6-9a3bcc7b60e0.jpg,0,0,data/images/5f0141ab-7029-4b36-8fe6-9a3bcc7b60e0.jpg,True,2,0.09735687,0,8,convnext_256
4ebbffb5-ce3a-4534-bb7a-fa15667472e5.jpg,0,0,data/images/4ebbffb5-ce3a-4534-bb7a-fa15667472e5.jpg,True,0,0.10520413,0,7,convnext_256
f9c5b6f2-94e7-4229-82bc-c308bfe073d6.jpg,1,1,data/images/f9c5b6f2-94e7-4229-82bc-c308bfe073d6.jpg,True,3,0.97921765,1,7,convnext_256
33cfdf8e-516e-46f5-ac44-6a407848149b.jpg,0,0,data/images/33cfdf8e-516e-46f5-ac44-6a407848149b.jpg,True,4,0.91494286,1,7,convnext_256
4e18ffa6-d704-4461-b881-caa8dea041a5.jpg,1,1,data/images/4e18ffa6-d704-4461-b881-caa8dea041a5.jpg,True,1,0.98177415,1,8,convnext_256
8f113695-f469-4b5e-8f88-8293f345f6d3.jpg,0,0,data/images/8f113695-f469-4b5e-8f88-8293f345f6d3.jpg,True,2,0.06561803,0,8,convnext_256
ac2cd56a-4ed6-467b-90ad-c13e47979258.jpg,1,1,data/images/ac2cd56a-4ed6-467b-90ad-c13e47979258.jpg,True,0,0.98087895,1,7,convnext_256
4b197fc2-a70f-45be-9bce-1d1754bdf926.jpg,1,1,data/images/4b197fc2-a70f-45be-9bce-1d1754bdf926.jpg,True,4,0.9932375,1,7,convnext_256
0eb7a46a-d1e1-4196-85b4-19568a05ccbf.jpg,0,0,data/images/0eb7a46a-d1e1-4196-85b4-19568a05ccbf.jpg,True,3,0.0163599,0,7,convnext_256
69388acf-3093-4a32-bd45-2ccb58a653a1.jpg,1,1,data/images/69388acf-3093-4a32-bd45-2ccb58a653a1.jpg,True,1,0.9478345,1,8,convnext_256
6feb6168-6f4d-4ac0-a516-1b08d1ffb904.jpg,0,0,data/images/6feb6168-6f4d-4ac0-a516-1b08d1ffb904.jpg,True,3,0.02608105,0,7,convnext_256
1bfd4d1a-fe01-4559-a344-5ff137ec6ed7.jpg,0,0,data/images/1bfd4d1a-fe01-4559-a344-5ff137ec6ed7.jpg,True,2,0.01762813,0,8,convnext_256
d681da53-26a1-4f2e-8d88-93162e0e89c7.jpg,0,0,data/images/d681da53-26a1-4f2e-8d88-93162e0e89c7.jpg,True,0,0.043149546,0,7,convnext_256
ab047ac8-2fc6-4554-a35e-e7d364f7603e.jpg,1,1,data/images/ab047ac8-2fc6-4554-a35e-e7d364f7603e.jpg,True,1,0.96044517,1,8,convnext_256
96db6151-17c4-4047-b81a-043b09099fab.jpg,0,0,data/images/96db6151-17c4-4047-b81a-043b09099fab.jpg,True,4,0.06846462,0,7,convnext_256
ead0ee26-b5b4-4965-a9f7-7c992fa5047f.jpg,1,1,data/images/ead0ee26-b5b4-4965-a9f7-7c992fa5047f.jpg,True,2,0.9724999,1,8,convnext_256
3d0aed00-c38d-4d6c-912f-de1f7defd466.jpg,1,1,data/images/3d0aed00-c38d-4d6c-912f-de1f7defd466.jpg,True,0,0.55569816,1,7,convnext_256
8b536112-5496-46de-a666-3f4a1839321a.jpg,1,1,data/images/8b536112-5496-46de-a666-3f4a1839321a.jpg,True,1,0.91469914,1,8,convnext_256
8762820e-4087-4db4-afb0-a77c903fbd20.jpg,1,1,data/images/8762820e-4087-4db4-afb0-a77c903fbd20.jpg,True,4,0.980005,1,7,convnext_256
0e1ace36-08ff-412b-bfd6-e1bc43526a3a.jpg,1,1,data/images/0e1ace36-08ff-412b-bfd6-e1bc43526a3a.jpg,True,3,0.9621837,1,7,convnext_256
48edf5c1-43f0-40da-9912-e8b36650f006.jpg,0,0,data/images/48edf5c1-43f0-40da-9912-e8b36650f006.jpg,True,2,0.019815598,0,8,convnext_256
2995de34-c947-4be0-8ecb-f61dd2e3f526.jpg,0,0,data/images/2995de34-c947-4be0-8ecb-f61dd2e3f526.jpg,True,4,0.78466403,1,7,convnext_256
f4c58530-b076-48d5-bf80-cfd1544a764a.jpg,1,1,data/images/f4c58530-b076-48d5-bf80-cfd1544a764a.jpg,True,0,0.9828845,1,7,convnext_256
12f683e9-d712-4711-8114-19e27652043c.jpg,1,1,data/images/12f683e9-d712-4711-8114-19e27652043c.jpg,True,1,0.9819645,1,8,convnext_256
1cf054c2-c984-4cb7-b33f-4f9bf3f064c3.jpg,1,1,data/images/1cf054c2-c984-4cb7-b33f-4f9bf3f064c3.jpg,True,3,0.8749478,1,7,convnext_256
364e018a-569e-4f3c-9f0e-7c41f3229627.jpg,1,1,data/images/364e018a-569e-4f3c-9f0e-7c41f3229627.jpg,True,0,0.9826006,1,7,convnext_256
ad26b032-d517-472f-8706-3512105eeba0.jpg,1,1,data/images/ad26b032-d517-472f-8706-3512105eeba0.jpg,True,2,0.09102662,0,8,convnext_256
d4139375-012f-4ae2-8c9e-e74714166da4.jpg,0,0,data/images/d4139375-012f-4ae2-8c9e-e74714166da4.jpg,True,3,0.029081075,0,7,convnext_256
226932f6-a213-43eb-ab14-5480d3284aff.jpg,1,1,data/images/226932f6-a213-43eb-ab14-5480d3284aff.jpg,True,4,0.98133266,1,7,convnext_256
a0a90afc-19ff-4aa1-8a03-33b45c2d62ff.jpg,0,0,data/images/a0a90afc-19ff-4aa1-8a03-33b45c2d62ff.jpg,True,1,0.039331343,0,8,convnext_256
9c9a7f1e-55e4-4a0a-aea8-82af24d9459b.jpg,1,1,data/images/9c9a7f1e-55e4-4a0a-aea8-82af24d9459b.jpg,True,4,0.95645887,1,7,convnext_256
ce309b3b-d471-42e0-b62d-55087982c42f.jpg,1,1,data/images/ce309b3b-d471-42e0-b62d-55087982c42f.jpg,True,0,0.9427211,1,7,convnext_256
fff814c3-d972-4bec-8ad1-875f8eff28e0.jpg,1,1,data/images/fff814c3-d972-4bec-8ad1-875f8eff28e0.jpg,True,1,0.400716,0,8,convnext_256
4613a5fb-9fcc-40f1-8e1d-89db845109ac.jpg,1,1,data/images/4613a5fb-9fcc-40f1-8e1d-89db845109ac.jpg,True,3,0.9748582,1,7,convnext_256
53ab2558-2ccd-4e8f-aca1-ac20d38a7250.jpg,0,0,data/images/53ab2558-2ccd-4e8f-aca1-ac20d38a7250.jpg,True,2,0.7624014,1,8,convnext_256
8648a25b-5a55-488c-a1b5-138f1a235377.jpg,1,1,data/images/8648a25b-5a55-488c-a1b5-138f1a235377.jpg,True,3,0.93321097,1,7,convnext_256
d033cc7b-2a20-403f-bfe1-e45873fabb2a.jpg,1,1,data/images/d033cc7b-2a20-403f-bfe1-e45873fabb2a.jpg,True,0,0.9516718,1,7,convnext_256
deeef137-8948-4d4b-824e-0abd2a148796.jpg,1,1,data/images/deeef137-8948-4d4b-824e-0abd2a148796.jpg,True,2,0.96633184,1,8,convnext_256
1e50eb39-4cf5-417c-b4e4-da8cba04d7a7.jpg,0,0,data/images/1e50eb39-4cf5-417c-b4e4-da8cba04d7a7.jpg,True,1,0.06460207,0,8,convnext_256
77eb9044-37fa-47aa-9d90-91539bce13f8.jpg,1,1,data/images/77eb9044-37fa-47aa-9d90-91539bce13f8.jpg,True,4,0.937873,1,7,convnext_256
501948a8-0587-4c14-a833-11b314542014.jpg,1,1,data/images/501948a8-0587-4c14-a833-11b314542014.jpg,True,4,0.9577331,1,7,convnext_256
fa6b7e75-80d1-464d-8288-ac3d99afeb44.jpg,0,0,data/images/fa6b7e75-80d1-464d-8288-ac3d99afeb44.jpg,True,3,0.024917249,0,7,convnext_256
ff2af874-2596-494f-b14c-05c73ce26848.jpg,1,1,data/images/ff2af874-2596-494f-b14c-05c73ce26848.jpg,True,1,0.9751899,1,8,convnext_256
b03c1684-55b1-4473-9d62-0da19ab9fe6a.jpg,1,1,data/images/b03c1684-55b1-4473-9d62-0da19ab9fe6a.jpg,True,0,0.02331327,0,7,convnext_256
c8fb45ca-ea8c-4327-9db6-e1f2184d31f9.jpg,0,0,data/images/c8fb45ca-ea8c-4327-9db6-e1f2184d31f9.jpg,True,2,0.35659358,0,8,convnext_256
4a3acf0d-d528-4148-931f-893acbb4fea8.jpg,0,0,data/images/4a3acf0d-d528-4148-931f-893acbb4fea8.jpg,True,2,0.20538822,0,8,convnext_256
53da7bc3-bd39-407f-97c5-bf9657f272b8.jpg,1,1,data/images/53da7bc3-bd39-407f-97c5-bf9657f272b8.jpg,True,0,0.96927947,1,7,convnext_256
a7853cf6-ead8-48f0-bdc8-5232e2859b42.jpg,0,0,data/images/a7853cf6-ead8-48f0-bdc8-5232e2859b42.jpg,True,4,0.19869347,0,7,convnext_256
c7da5ae0-92b4-475d-a415-912142778a96.jpg,0,0,data/images/c7da5ae0-92b4-475d-a415-912142778a96.jpg,True,3,0.039748464,0,7,convnext_256
ebbda517-dd8d-4053-8c2a-a6ec8dd5da89.jpg,1,1,data/images/ebbda517-dd8d-4053-8c2a-a6ec8dd5da89.jpg,True,1,0.8586238,1,8,convnext_256
97bf17a0-5055-4086-a4e9-bed7f422243f.jpg,1,1,data/images/97bf17a0-5055-4086-a4e9-bed7f422243f.jpg,True,2,0.57324445,1,8,convnext_256
320e4a68-82a1-4917-a5af-ce69f2413372.jpg,1,1,data/images/320e4a68-82a1-4917-a5af-ce69f2413372.jpg,True,0,0.918168,1,7,convnext_256
0b65e96f-2678-42b8-88e8-57c7b0af5524.jpg,1,1,data/images/0b65e96f-2678-42b8-88e8-57c7b0af5524.jpg,True,4,0.5259361,1,7,convnext_256
e687240f-cbdf-4a1e-a286-2a297b2aa3f9.jpg,1,1,data/images/e687240f-cbdf-4a1e-a286-2a297b2aa3f9.jpg,True,3,0.977948,1,7,convnext_256
77320b29-8352-415f-8093-8e618133e514.jpg,1,1,data/images/77320b29-8352-415f-8093-8e618133e514.jpg,True,1,0.97979766,1,8,convnext_256
eba6ea61-f890-41cc-bd69-29aeafe72e5d.jpg,0,0,data/images/eba6ea61-f890-41cc-bd69-29aeafe72e5d.jpg,True,4,0.9659801,1,7,convnext_256
0ecb2d4c-bd0e-4c08-b540-15ee7cf0ffa5.jpg,1,1,data/images/0ecb2d4c-bd0e-4c08-b540-15ee7cf0ffa5.jpg,True,3,0.8938427,1,7,convnext_256
e5080d60-dbbd-437f-a715-5913fcc4b92d.jpg,0,0,data/images/e5080d60-dbbd-437f-a715-5913fcc4b92d.jpg,True,2,0.96865696,1,8,convnext_256
9c2d2e8e-1fe7-4481-8b4b-66a12e247517.jpg,1,1,data/images/9c2d2e8e-1fe7-4481-8b4b-66a12e247517.jpg,True,1,0.9730497,1,8,convnext_256
51a0ca93-c5b4-4154-be9d-dd707ab7a0c5.jpg,0,0,data/images/51a0ca93-c5b4-4154-be9d-dd707ab7a0c5.jpg,True,0,0.030991716,0,7,convnext_256
0fb4c96a-b340-41e4-8c95-c5416351b2dd.jpg,1,1,data/images/0fb4c96a-b340-41e4-8c95-c5416351b2dd.jpg,True,2,0.97624344,1,8,convnext_256
496bda92-550c-40b3-a941-13ca0c9ef4d8.jpg,0,0,data/images/496bda92-550c-40b3-a941-13ca0c9ef4d8.jpg,True,1,0.05524994,0,8,convnext_256
22f27f58-03ce-4c5f-aa20-95c84fde07d3.jpg,1,1,data/images/22f27f58-03ce-4c5f-aa20-95c84fde07d3.jpg,True,3,0.9676769,1,7,convnext_256
58ab6dcb-8e7e-4b05-9695-baca12dc9780.jpg,0,0,data/images/58ab6dcb-8e7e-4b05-9695-baca12dc9780.jpg,True,4,0.01808257,0,7,convnext_256
38ae2d37-7a1a-4aef-837e-2b632390f48c.jpg,0,0,data/images/38ae2d37-7a1a-4aef-837e-2b632390f48c.jpg,True,0,0.9379153,1,7,convnext_256
2921fd85-ed6c-4d29-be20-5f2636e6f858.jpg,0,0,data/images/2921fd85-ed6c-4d29-be20-5f2636e6f858.jpg,True,4,0.017260797,0,7,convnext_256
cf605a69-179f-4d63-8c69-530ff6cfde79.jpg,0,0,data/images/cf605a69-179f-4d63-8c69-530ff6cfde79.jpg,True,0,0.021852884,0,7,convnext_256
4113804e-5dc3-4bd4-b6ce-3f847b0679c6.jpg,1,1,data/images/4113804e-5dc3-4bd4-b6ce-3f847b0679c6.jpg,True,1,0.68281066,1,8,convnext_256
3b5948d9-653c-43b1-800a-1e6ac2087ae5.jpg,1,1,data/images/3b5948d9-653c-43b1-800a-1e6ac2087ae5.jpg,True,2,0.9807489,1,8,convnext_256
76c9d0ab-9a35-491d-80fe-393ad7a7e5df.jpg,0,0,data/images/76c9d0ab-9a35-491d-80fe-393ad7a7e5df.jpg,True,3,0.024813559,0,7,convnext_256
a5953a3d-c6fa-41d1-922f-468febe89212.jpg,1,1,data/images/a5953a3d-c6fa-41d1-922f-468febe89212.jpg,True,3,0.9734202,1,7,convnext_256
74824ecd-b2e6-42bb-aefe-648f4663291a.jpg,1,1,data/images/74824ecd-b2e6-42bb-aefe-648f4663291a.jpg,True,2,0.95726216,1,8,convnext_256
e3601f6c-6256-47ff-9a50-6e17c0cb4a47.jpg,0,0,data/images/e3601f6c-6256-47ff-9a50-6e17c0cb4a47.jpg,True,0,0.06270276,0,7,convnext_256
ff7479e4-1e4d-47eb-b5ce-cd3fc2a9e829.jpg,0,0,data/images/ff7479e4-1e4d-47eb-b5ce-cd3fc2a9e829.jpg,True,1,0.019626014,0,8,convnext_256
c663b0b0-c649-46e0-a0b5-a30b8c99edd5.jpg,1,1,data/images/c663b0b0-c649-46e0-a0b5-a30b8c99edd5.jpg,True,4,0.9818158,1,7,convnext_256
f3fc5f61-6e45-42f9-9054-e7de2519f485.jpg,0,0,data/images/f3fc5f61-6e45-42f9-9054-e7de2519f485.jpg,True,4,0.025649559,0,7,convnext_256
71c1ee60-42d3-4b0c-b1dc-84b1f7830e5f.jpg,1,1,data/images/71c1ee60-42d3-4b0c-b1dc-84b1f7830e5f.jpg,True,0,0.9661352,1,7,convnext_256
f5122cd9-4b2d-4a0d-a294-a1f1d7beda27.jpg,1,1,data/images/f5122cd9-4b2d-4a0d-a294-a1f1d7beda27.jpg,True,3,0.9593131,1,7,convnext_256
90810a1e-39a9-4785-a4de-55a872b87110.jpg,0,0,data/images/90810a1e-39a9-4785-a4de-55a872b87110.jpg,True,1,0.87867504,1,8,convnext_256
ccb71b03-6bb3-449a-9fdb-3a49a2621cc8.jpg,0,0,data/images/ccb71b03-6bb3-449a-9fdb-3a49a2621cc8.jpg,True,2,0.023159957,0,8,convnext_256
b1f70dd1-ca5c-488b-b505-29f14c76f693.jpg,0,0,data/images/b1f70dd1-ca5c-488b-b505-29f14c76f693.jpg,True,4,0.97004783,1,7,convnext_256
27b6aa52-5422-463b-8382-ed395ba78325.jpg,1,1,data/images/27b6aa52-5422-463b-8382-ed395ba78325.jpg,True,2,0.9761928,1,8,convnext_256
1e585371-6f85-4247-b2ca-98712ed2cad0.jpg,0,0,data/images/1e585371-6f85-4247-b2ca-98712ed2cad0.jpg,True,3,0.016019534,0,7,convnext_256
8a64c121-0e0d-4505-894e-40e1968902d2.jpg,1,1,data/images/8a64c121-0e0d-4505-894e-40e1968902d2.jpg,True,1,0.97083247,1,8,convnext_256
4b18f9e5-8672-44de-8801-84eb69e457fb.jpg,1,1,data/images/4b18f9e5-8672-44de-8801-84eb69e457fb.jpg,True,0,0.8349995,1,7,convnext_256
0ce4ec4e-d943-4c60-aec4-f404d45c8836.jpg,0,0,data/images/0ce4ec4e-d943-4c60-aec4-f404d45c8836.jpg,True,3,0.8386803,1,7,convnext_256
5f89be84-af55-4e93-8fe9-0a79a0a4a8a9.jpg,0,0,data/images/5f89be84-af55-4e93-8fe9-0a79a0a4a8a9.jpg,True,4,0.025821472,0,7,convnext_256
1e9e2efe-5996-4832-b884-c84e89e51d9e.jpg,0,0,data/images/1e9e2efe-5996-4832-b884-c84e89e51d9e.jpg,True,2,0.03749466,0,8,convnext_256
5ec45f94-fdea-4098-9a52-9b5ec230aaee.jpg,1,1,data/images/5ec45f94-fdea-4098-9a52-9b5ec230aaee.jpg,True,0,0.9723485,1,7,convnext_256
596de9a7-0b5e-4e97-9a80-91dc7157c54c.jpg,1,1,data/images/596de9a7-0b5e-4e97-9a80-91dc7157c54c.jpg,True,1,0.9814403,1,8,convnext_256
aa1eb74f-f01d-4d0f-838a-ad1d05b69a61.jpg,1,1,data/images/aa1eb74f-f01d-4d0f-838a-ad1d05b69a61.jpg,True,1,0.8884854,1,8,convnext_256
532974aa-75c1-43c6-a1c4-82e785182912.jpg,0,0,data/images/532974aa-75c1-43c6-a1c4-82e785182912.jpg,True,0,0.033278424,0,7,convnext_256
d30ccfa6-bab9-45ba-8fd6-45b43900f415.jpg,0,0,data/images/d30ccfa6-bab9-45ba-8fd6-45b43900f415.jpg,True,2,0.024630072,0,8,convnext_256
81a2329a-d86d-4ca3-a553-ecff3306b019.jpg,0,0,data/images/81a2329a-d86d-4ca3-a553-ecff3306b019.jpg,True,3,0.02171659,0,7,convnext_256
68d5db23-8775-4cf8-bf15-27e4997dcd29.jpg,1,1,data/images/68d5db23-8775-4cf8-bf15-27e4997dcd29.jpg,True,4,0.9715713,1,7,convnext_256
612f0eec-81b2-416a-acee-546b277f03f5.jpg,0,0,data/images/612f0eec-81b2-416a-acee-546b277f03f5.jpg,True,1,0.03277116,0,8,convnext_256
b317feeb-0ed9-45c1-8852-9545b180e143.jpg,1,1,data/images/b317feeb-0ed9-45c1-8852-9545b180e143.jpg,True,2,0.95016706,1,8,convnext_256
b80cac20-208f-4674-acba-edad54337aea.jpg,0,0,data/images/b80cac20-208f-4674-acba-edad54337aea.jpg,True,0,0.018327005,0,7,convnext_256
2d10d27a-1dfa-4837-90c1-5f91713b61ea.jpg,0,0,data/images/2d10d27a-1dfa-4837-90c1-5f91713b61ea.jpg,True,3,0.76419914,1,7,convnext_256
386955a6-839f-4c4a-90cb-2d9cf44d3d45.jpg,1,1,data/images/386955a6-839f-4c4a-90cb-2d9cf44d3d45.jpg,True,4,0.9603293,1,7,convnext_256
a4e83dfc-1ec1-4444-a140-c4a5cfa979b0.jpg,1,1,data/images/a4e83dfc-1ec1-4444-a140-c4a5cfa979b0.jpg,True,0,0.97822434,1,7,convnext_256
cb356de2-54a9-4b70-9448-32e4bbdde2fd.jpg,0,0,data/images/cb356de2-54a9-4b70-9448-32e4bbdde2fd.jpg,True,3,0.014255429,0,7,convnext_256
3871f5a7-1b66-4cbd-8107-dbb3247e5449.jpg,0,0,data/images/3871f5a7-1b66-4cbd-8107-dbb3247e5449.jpg,True,4,0.07264315,0,7,convnext_256
9ebdf927-b2a2-47a0-913c-7fdf50b8eabc.jpg,1,1,data/images/9ebdf927-b2a2-47a0-913c-7fdf50b8eabc.jpg,True,1,0.980276,1,8,convnext_256
34fc6ed8-f444-45e6-8d30-0a822d68add5.jpg,0,0,data/images/34fc6ed8-f444-45e6-8d30-0a822d68add5.jpg,True,2,0.05162399,0,8,convnext_256
e09a81a8-f8ce-4490-a3fd-5b65bbf3f753.jpg,1,1,data/images/e09a81a8-f8ce-4490-a3fd-5b65bbf3f753.jpg,True,4,0.9715167,1,7,convnext_256
832ff9cb-b132-41aa-ae71-ddb35c34607e.jpg,0,0,data/images/832ff9cb-b132-41aa-ae71-ddb35c34607e.jpg,True,1,0.05503059,0,8,convnext_256
8b191ce4-b7e9-4887-aa42-31166b0bfc15.jpg,1,1,data/images/8b191ce4-b7e9-4887-aa42-31166b0bfc15.jpg,True,0,0.97324646,1,7,convnext_256
0ce8dd5c-731e-49d3-9dbe-e0f4da0f17e9.jpg,0,0,data/images/0ce8dd5c-731e-49d3-9dbe-e0f4da0f17e9.jpg,True,3,0.021893395,0,7,convnext_256
ee28f3e8-efd9-4691-ab53-1c9065a9c69b.jpg,1,1,data/images/ee28f3e8-efd9-4691-ab53-1c9065a9c69b.jpg,True,2,0.9888939,1,8,convnext_256
69b50c67-c9ea-460e-92d2-85e6659766c4.jpg,1,1,data/images/69b50c67-c9ea-460e-92d2-85e6659766c4.jpg,True,0,0.9337437,1,7,convnext_256
b2a0281b-b06b-4a62-9bdd-b4a16321a9c8.jpg,1,1,data/images/b2a0281b-b06b-4a62-9bdd-b4a16321a9c8.jpg,True,3,0.97551244,1,7,convnext_256
30a8e867-0d70-4f31-acb6-4db8f9b0c928.jpg,0,0,data/images/30a8e867-0d70-4f31-acb6-4db8f9b0c928.jpg,True,2,0.07901097,0,8,convnext_256
6328f07e-862c-4785-9242-e5f2ccd29bdb.jpg,1,1,data/images/6328f07e-862c-4785-9242-e5f2ccd29bdb.jpg,True,4,0.9924784,1,7,convnext_256
ee88d79b-49e4-4a23-8d10-6c8ee3bc8f8f.jpg,1,1,data/images/ee88d79b-49e4-4a23-8d10-6c8ee3bc8f8f.jpg,True,1,0.9640889,1,8,convnext_256
4b791c00-8cb7-4538-9e66-c9adead36434.jpg,1,1,data/images/4b791c00-8cb7-4538-9e66-c9adead36434.jpg,True,3,0.049210384,0,7,convnext_256
36242797-5c51-4510-acff-58c429351849.jpg,1,1,data/images/36242797-5c51-4510-acff-58c429351849.jpg,True,1,0.97332746,1,8,convnext_256
f495a90f-46a7-45f2-9e47-57ecbe3b670a.jpg,1,1,data/images/f495a90f-46a7-45f2-9e47-57ecbe3b670a.jpg,True,2,0.9788553,1,8,convnext_256
d5adcd5b-4f82-4db3-8176-695033239f95.jpg,1,1,data/images/d5adcd5b-4f82-4db3-8176-695033239f95.jpg,True,0,0.9746653,1,7,convnext_256
811ff1fd-d6ad-4eb7-89b1-1c09f11b7b14.jpg,0,0,data/images/811ff1fd-d6ad-4eb7-89b1-1c09f11b7b14.jpg,True,4,0.53462523,1,7,convnext_256
0b06d7e6-c474-410c-a27e-93c89f2a26fe.jpg,1,1,data/images/0b06d7e6-c474-410c-a27e-93c89f2a26fe.jpg,True,0,0.95128196,1,7,convnext_256
69413141-8d10-47f6-929f-b281340cc6be.jpg,1,1,data/images/69413141-8d10-47f6-929f-b281340cc6be.jpg,True,1,0.97544134,1,8,convnext_256
43e29b37-a676-4a16-85c2-0db318e05242.jpg,0,0,data/images/43e29b37-a676-4a16-85c2-0db318e05242.jpg,True,3,0.9808225,1,7,convnext_256
f76f7a61-b999-4f3b-aec4-a95d427eef25.jpg,1,1,data/images/f76f7a61-b999-4f3b-aec4-a95d427eef25.jpg,True,4,0.981698,1,7,convnext_256
1643774a-09a5-4676-939b-3a18ef3eb2f0.jpg,1,1,data/images/1643774a-09a5-4676-939b-3a18ef3eb2f0.jpg,True,2,0.030706584,0,8,convnext_256
dbfe1efb-800b-4b05-a797-d11f61d5a888.jpg,1,1,data/images/dbfe1efb-800b-4b05-a797-d11f61d5a888.jpg,True,4,0.985905,1,7,convnext_256
8ccff6d1-06df-4bf5-9db6-368ac497a44e.jpg,0,0,data/images/8ccff6d1-06df-4bf5-9db6-368ac497a44e.jpg,True,2,0.08587601,0,8,convnext_256
65a23054-2b0e-4948-b23a-cb483047fcff.jpg,0,0,data/images/65a23054-2b0e-4948-b23a-cb483047fcff.jpg,True,0,0.077880934,0,7,convnext_256
d801ca02-313b-4b9b-adac-77b47ee48090.jpg,1,1,data/images/d801ca02-313b-4b9b-adac-77b47ee48090.jpg,True,1,0.9672852,1,8,convnext_256
9ba072ed-36f6-4974-9e1c-5562ce5ae8c7.jpg,0,0,data/images/9ba072ed-36f6-4974-9e1c-5562ce5ae8c7.jpg,True,3,0.0152209215,0,7,convnext_256
b15e225e-116a-410b-8473-454c96ae91bc.jpg,0,0,data/images/b15e225e-116a-410b-8473-454c96ae91bc.jpg,True,3,0.044525284,0,7,convnext_256
2e379d0d-5d5b-49f8-bc16-6407f0dbc5c7.jpg,1,1,data/images/2e379d0d-5d5b-49f8-bc16-6407f0dbc5c7.jpg,True,4,0.9802358,1,7,convnext_256
a9c0ef70-de83-4b01-bc0f-ab63702f6f64.jpg,0,0,data/images/a9c0ef70-de83-4b01-bc0f-ab63702f6f64.jpg,True,1,0.13383743,0,8,convnext_256
9406aa98-a587-4624-99ac-f225d98f74a3.jpg,0,0,data/images/9406aa98-a587-4624-99ac-f225d98f74a3.jpg,True,0,0.0306877,0,7,convnext_256
9f201892-2af2-4b38-9ca1-ad35c59b1ade.jpg,0,0,data/images/9f201892-2af2-4b38-9ca1-ad35c59b1ade.jpg,True,2,0.022487137,0,8,convnext_256
39c646df-11e8-4fb8-a2e3-81aba913c767.jpg,0,0,data/images/39c646df-11e8-4fb8-a2e3-81aba913c767.jpg,True,4,0.075729616,0,7,convnext_256
5ddf4fd2-1522-46a7-a4d7-64b692adb26f.jpg,1,1,data/images/5ddf4fd2-1522-46a7-a4d7-64b692adb26f.jpg,True,3,0.9823423,1,7,convnext_256
3b9ce43a-153c-4e20-9baf-b0ce86308aa9.jpg,1,1,data/images/3b9ce43a-153c-4e20-9baf-b0ce86308aa9.jpg,True,0,0.97931814,1,7,convnext_256
f125996e-811c-4fb8-b1fa-df8c1111cb6c.jpg,0,0,data/images/f125996e-811c-4fb8-b1fa-df8c1111cb6c.jpg,True,1,0.95358855,1,8,convnext_256
44c7b095-17ed-40f8-bb65-206042d2e918.jpg,0,0,data/images/44c7b095-17ed-40f8-bb65-206042d2e918.jpg,True,2,0.027504368,0,8,convnext_256
313a8166-4528-4d3c-afbb-25314e4fdf88.jpg,1,1,data/images/313a8166-4528-4d3c-afbb-25314e4fdf88.jpg,True,0,0.98965937,1,7,convnext_256
8ed1e704-10c8-4310-8f6d-ce5e210ad829.jpg,1,1,data/images/8ed1e704-10c8-4310-8f6d-ce5e210ad829.jpg,True,3,0.9850182,1,7,convnext_256
e525b372-1775-48bc-be5b-df2b19740dfc.jpg,0,0,data/images/e525b372-1775-48bc-be5b-df2b19740dfc.jpg,True,4,0.008594533,0,7,convnext_256
6a819690-9d8e-461a-adac-3aa072219d94.jpg,0,0,data/images/6a819690-9d8e-461a-adac-3aa072219d94.jpg,True,1,0.026509166,0,8,convnext_256
97d0a0b5-ca76-432c-8f9d-e021846b6507.jpg,0,0,data/images/97d0a0b5-ca76-432c-8f9d-e021846b6507.jpg,True,2,0.030958576,0,8,convnext_256
fd7f54f3-503f-4d06-905c-f516537837f4.jpg,1,1,data/images/fd7f54f3-503f-4d06-905c-f516537837f4.jpg,True,4,0.8918439,1,7,convnext_256
0f345e68-5871-41f7-86c1-4fd683be4b51.jpg,0,0,data/images/0f345e68-5871-41f7-86c1-4fd683be4b51.jpg,True,1,0.032124657,0,8,convnext_256
aa9ca430-2662-48ce-b521-9bfa8c346997.jpg,1,1,data/images/aa9ca430-2662-48ce-b521-9bfa8c346997.jpg,True,3,0.9819204,1,7,convnext_256
74dc15d7-8a97-4fdd-b4e2-9412fe23ce8d.jpg,0,0,data/images/74dc15d7-8a97-4fdd-b4e2-9412fe23ce8d.jpg,True,0,0.024384852,0,7,convnext_256
7121cb59-f543-4257-9316-1dfdb7c325d3.jpg,0,0,data/images/7121cb59-f543-4257-9316-1dfdb7c325d3.jpg,True,2,0.96645087,1,8,convnext_256
2ab93f00-6d2f-42d3-b0e4-067d97798ec5.jpg,0,0,data/images/2ab93f00-6d2f-42d3-b0e4-067d97798ec5.jpg,True,2,0.020026399,0,8,convnext_256
521ba683-e7c9-483d-a210-42a6102cbd5c.jpg,1,1,data/images/521ba683-e7c9-483d-a210-42a6102cbd5c.jpg,True,3,0.98365545,1,7,convnext_256
5d1d5963-c754-4b99-8a24-a73452126b47.jpg,1,1,data/images/5d1d5963-c754-4b99-8a24-a73452126b47.jpg,True,1,0.068024464,0,8,convnext_256
a032595c-d1c7-46c5-83a0-245666c34b6b.jpg,1,1,data/images/a032595c-d1c7-46c5-83a0-245666c34b6b.jpg,True,4,0.98290145,1,7,convnext_256
a0546df1-4a55-4084-9883-399616d8475f.jpg,1,1,data/images/a0546df1-4a55-4084-9883-399616d8475f.jpg,True,0,0.86675763,1,7,convnext_256
015de3eb-bed4-4cae-ac49-c585504d2526.jpg,1,1,data/images/015de3eb-bed4-4cae-ac49-c585504d2526.jpg,True,1,0.9800496,1,8,convnext_256
c8945aac-2486-420a-a9bf-b528794d4fcf.jpg,0,0,data/images/c8945aac-2486-420a-a9bf-b528794d4fcf.jpg,True,3,0.016351597,0,7,convnext_256
94d1d605-f0c7-4b75-98f0-8be551949221.jpg,0,0,data/images/94d1d605-f0c7-4b75-98f0-8be551949221.jpg,True,0,0.02446289,0,7,convnext_256
1e36a7fc-b2fa-453c-b84d-7489ef9ff1ad.jpg,1,1,data/images/1e36a7fc-b2fa-453c-b84d-7489ef9ff1ad.jpg,True,2,0.977472,1,8,convnext_256
6b75d7e5-2b3a-4f10-b818-b5fbc64ec8f0.jpg,1,1,data/images/6b75d7e5-2b3a-4f10-b818-b5fbc64ec8f0.jpg,True,4,0.9850819,1,7,convnext_256
cff39912-9848-4a92-9b16-e0bdcc0ac5fc.jpg,1,1,data/images/cff39912-9848-4a92-9b16-e0bdcc0ac5fc.jpg,True,1,0.29919255,0,8,convnext_256
2a1e6dee-d2d4-42d6-b23d-d944e7ef3ba4.jpg,0,0,data/images/2a1e6dee-d2d4-42d6-b23d-d944e7ef3ba4.jpg,True,0,0.018118775,0,7,convnext_256
a3400949-402d-40ff-83a2-cc47fdb23565.jpg,0,0,data/images/a3400949-402d-40ff-83a2-cc47fdb23565.jpg,True,2,0.02883323,0,8,convnext_256
1eb93be4-dc8a-4f18-b7f3-1c6aeb5e8c33.jpg,0,0,data/images/1eb93be4-dc8a-4f18-b7f3-1c6aeb5e8c33.jpg,True,4,0.01639491,0,7,convnext_256
3683f604-c713-4074-93d6-3e4c9f5ac1a9.jpg,1,1,data/images/3683f604-c713-4074-93d6-3e4c9f5ac1a9.jpg,True,3,0.6749134,1,7,convnext_256
3b14faa9-bd97-46f5-ad40-5d87422a25fd.jpg,1,1,data/images/3b14faa9-bd97-46f5-ad40-5d87422a25fd.jpg,True,0,0.66867644,1,7,convnext_256
7769c466-e7cd-4479-a883-c34d1b279982.jpg,1,1,data/images/7769c466-e7cd-4479-a883-c34d1b279982.jpg,True,3,0.95530796,1,7,convnext_256
10c9dd05-ccb3-49de-a186-5e5d8587c6f0.jpg,0,0,data/images/10c9dd05-ccb3-49de-a186-5e5d8587c6f0.jpg,True,4,0.3229486,0,7,convnext_256
c7bb94b9-f82e-4a28-80fb-6927a94d98d0.jpg,1,1,data/images/c7bb94b9-f82e-4a28-80fb-6927a94d98d0.jpg,True,1,0.9647808,1,8,convnext_256
1d1783c8-8f90-4fad-b695-f07c16c9a0e0.jpg,0,0,data/images/1d1783c8-8f90-4fad-b695-f07c16c9a0e0.jpg,True,2,0.020645013,0,8,convnext_256
120831d1-d314-430c-8250-da4ac8160b74.jpg,0,0,data/images/120831d1-d314-430c-8250-da4ac8160b74.jpg,True,2,0.013876935,0,8,convnext_256
075e4836-475a-4def-b955-ba32bc7a8f84.jpg,0,0,data/images/075e4836-475a-4def-b955-ba32bc7a8f84.jpg,True,4,0.048209954,0,7,convnext_256
eaab080c-a279-4181-b399-cbc406ff5c83.jpg,0,0,data/images/eaab080c-a279-4181-b399-cbc406ff5c83.jpg,True,1,0.06346965,0,8,convnext_256
4cba4796-21ad-48d8-8eba-76501d5bd21c.jpg,0,0,data/images/4cba4796-21ad-48d8-8eba-76501d5bd21c.jpg,True,0,0.03171897,0,7,convnext_256
a3d22825-d261-4fcb-b369-e531106b9cac.jpg,0,0,data/images/a3d22825-d261-4fcb-b369-e531106b9cac.jpg,True,3,0.018671636,0,7,convnext_256
a872cc0e-d971-445d-ba2a-7f7636a54e68.jpg,0,0,data/images/a872cc0e-d971-445d-ba2a-7f7636a54e68.jpg,True,1,0.11832359,0,8,convnext_256
2b80c47b-7d07-4779-afeb-3e46d81ff0f9.jpg,1,1,data/images/2b80c47b-7d07-4779-afeb-3e46d81ff0f9.jpg,True,2,0.97877604,1,8,convnext_256
4384bea5-645c-4a2d-8636-476d3921cf17.jpg,0,0,data/images/4384bea5-645c-4a2d-8636-476d3921cf17.jpg,True,4,0.79487383,1,7,convnext_256
cb565af0-03ae-4b26-8ee8-53689d25b09b.jpg,0,0,data/images/cb565af0-03ae-4b26-8ee8-53689d25b09b.jpg,True,3,0.014756826,0,7,convnext_256
254a38c4-ab2b-4d91-bcc7-e0dfa2863aaa.jpg,0,0,data/images/254a38c4-ab2b-4d91-bcc7-e0dfa2863aaa.jpg,True,0,0.8143086,1,7,convnext_256
51a7eb60-c8c0-43fb-bc0f-11e8e5f38d44.jpg,1,1,data/images/51a7eb60-c8c0-43fb-bc0f-11e8e5f38d44.jpg,True,0,0.9790055,1,7,convnext_256
1f287cea-40fd-4a4d-9f79-692328bb26f8.jpg,0,0,data/images/1f287cea-40fd-4a4d-9f79-692328bb26f8.jpg,True,2,0.030812139,0,8,convnext_256
11e253e3-e34a-46ad-b71c-c8e4324672d6.jpg,0,0,data/images/11e253e3-e34a-46ad-b71c-c8e4324672d6.jpg,True,4,0.54405177,1,7,convnext_256
cb5a3be4-4e42-4c06-b7b2-e6fe05061ff5.jpg,0,0,data/images/cb5a3be4-4e42-4c06-b7b2-e6fe05061ff5.jpg,True,3,0.030341458,0,7,convnext_256
2855c1fe-c939-431f-9b03-eb270e1ddec6.jpg,1,1,data/images/2855c1fe-c939-431f-9b03-eb270e1ddec6.jpg,True,1,0.9792611,1,8,convnext_256
51963a09-cbc4-4b41-8c37-bc61551c571f.jpg,1,1,data/images/51963a09-cbc4-4b41-8c37-bc61551c571f.jpg,True,1,0.96937066,1,8,convnext_256
1d7a619e-7f0c-4f5d-9dfc-0ded1eab4de1.jpg,0,0,data/images/1d7a619e-7f0c-4f5d-9dfc-0ded1eab4de1.jpg,True,4,0.020107789,0,7,convnext_256
2762f491-49ba-4ccd-a392-8e9ec7351497.jpg,1,1,data/images/2762f491-49ba-4ccd-a392-8e9ec7351497.jpg,True,3,0.023734793,0,7,convnext_256
d3357950-19eb-4478-a45d-06a3864bc12e.jpg,0,0,data/images/d3357950-19eb-4478-a45d-06a3864bc12e.jpg,True,0,0.9670469,1,7,convnext_256
f87c8402-2027-4092-bcdc-e876438372fe.jpg,1,1,data/images/f87c8402-2027-4092-bcdc-e876438372fe.jpg,True,2,0.98938715,1,8,convnext_256
17e67839-f417-4a98-9133-fc6d62c8ac23.jpg,1,1,data/images/17e67839-f417-4a98-9133-fc6d62c8ac23.jpg,True,0,0.9792819,1,7,convnext_256
135661a5-af99-4696-84c3-8059bad9ad6b.jpg,1,1,data/images/135661a5-af99-4696-84c3-8059bad9ad6b.jpg,True,1,0.20726739,0,8,convnext_256
96591f5e-6918-4850-9003-484cca8b5b49.jpg,1,1,data/images/96591f5e-6918-4850-9003-484cca8b5b49.jpg,True,3,0.9652232,1,7,convnext_256
ed610302-8106-4301-b406-320a0470469e.jpg,1,1,data/images/ed610302-8106-4301-b406-320a0470469e.jpg,True,2,0.97846806,1,8,convnext_256
0c799687-83f3-4a97-bcec-c2d5c873ea24.jpg,0,0,data/images/0c799687-83f3-4a97-bcec-c2d5c873ea24.jpg,True,4,0.034856353,0,7,convnext_256
ddc39573-3969-4271-bb28-edf4c1d9c445.jpg,1,1,data/images/ddc39573-3969-4271-bb28-edf4c1d9c445.jpg,True,4,0.9735097,1,7,convnext_256
8883f2c2-48d8-4de2-a006-5f5a46ca4c67.jpg,1,1,data/images/8883f2c2-48d8-4de2-a006-5f5a46ca4c67.jpg,True,0,0.9502716,1,7,convnext_256
efa645d7-2b10-4114-9597-9f3db078fab1.jpg,1,1,data/images/efa645d7-2b10-4114-9597-9f3db078fab1.jpg,True,3,0.98339224,1,7,convnext_256
eab6b59c-5585-4700-ae28-a75305e2a5d6.jpg,0,0,data/images/eab6b59c-5585-4700-ae28-a75305e2a5d6.jpg,True,1,0.018836416,0,8,convnext_256
bfce8bdc-7b8a-4581-a15b-cb71134db309.jpg,0,0,data/images/bfce8bdc-7b8a-4581-a15b-cb71134db309.jpg,True,2,0.037511364,0,8,convnext_256
3044ec23-6203-4116-aeb2-0814c4d6ec3d.jpg,0,0,data/images/3044ec23-6203-4116-aeb2-0814c4d6ec3d.jpg,True,4,0.047356863,0,7,convnext_256
ce6cda3d-485d-44c8-a49e-af83935bc898.jpg,0,0,data/images/ce6cda3d-485d-44c8-a49e-af83935bc898.jpg,True,0,0.44550246,0,7,convnext_256
cd5cc583-cb85-4212-b59b-6ab2d5268cf9.jpg,0,0,data/images/cd5cc583-cb85-4212-b59b-6ab2d5268cf9.jpg,True,1,0.024869895,0,8,convnext_256
d66174b2-1bd7-41c3-be82-1142758ac919.jpg,1,1,data/images/d66174b2-1bd7-41c3-be82-1142758ac919.jpg,True,2,0.9606851,1,8,convnext_256
f3a435c7-5b25-43e1-8cae-208e95403d0a.jpg,0,0,data/images/f3a435c7-5b25-43e1-8cae-208e95403d0a.jpg,True,3,0.030865889,0,7,convnext_256
bc22ff1a-6153-48b7-b87c-9ea8796dc0c4.jpg,1,1,data/images/bc22ff1a-6153-48b7-b87c-9ea8796dc0c4.jpg,True,0,0.9824155,1,7,convnext_256
97bb3e26-d77d-44df-83b8-97bfc45ffa73.jpg,0,0,data/images/97bb3e26-d77d-44df-83b8-97bfc45ffa73.jpg,True,2,0.0183085,0,8,convnext_256
d2a3267a-6dd1-439f-905b-eff558249833.jpg,1,1,data/images/d2a3267a-6dd1-439f-905b-eff558249833.jpg,True,1,0.98004556,1,8,convnext_256
bfa6f3d1-f10d-4d9d-93c4-cf143432efb8.jpg,1,1,data/images/bfa6f3d1-f10d-4d9d-93c4-cf143432efb8.jpg,True,3,0.053520683,0,7,convnext_256
57176cde-b996-4d7b-b30e-2bd7dc930106.jpg,0,0,data/images/57176cde-b996-4d7b-b30e-2bd7dc930106.jpg,True,4,0.03158398,0,7,convnext_256
e927cda1-b29d-4efb-b384-7512c31ebee8.jpg,1,1,data/images/e927cda1-b29d-4efb-b384-7512c31ebee8.jpg,True,1,0.9763306,1,8,convnext_256
9552d2dd-39a8-43eb-9e62-805da220a64a.jpg,0,0,data/images/9552d2dd-39a8-43eb-9e62-805da220a64a.jpg,True,3,0.0154077895,0,7,convnext_256
c9692593-4962-4d54-ad55-ca4fb8db1846.jpg,1,1,data/images/c9692593-4962-4d54-ad55-ca4fb8db1846.jpg,True,4,0.8385849,1,7,convnext_256
5bdc067b-dd82-4f36-a80f-3554980ee970.jpg,0,0,data/images/5bdc067b-dd82-4f36-a80f-3554980ee970.jpg,True,0,0.6774584,1,7,convnext_256
43dbc3d1-f591-40b0-9c2e-c1176dc482fa.jpg,1,1,data/images/43dbc3d1-f591-40b0-9c2e-c1176dc482fa.jpg,True,2,0.9759813,1,8,convnext_256
353c2e3c-fbb7-4061-9c77-18bd1cab7d66.jpg,0,0,data/images/353c2e3c-fbb7-4061-9c77-18bd1cab7d66.jpg,True,4,0.04702433,0,7,convnext_256
cf471129-802f-4fe5-b123-de0111048a3c.jpg,0,0,data/images/cf471129-802f-4fe5-b123-de0111048a3c.jpg,True,0,0.024277825,0,7,convnext_256
e81347e4-4c1c-427d-96e7-b295071bea40.jpg,1,1,data/images/e81347e4-4c1c-427d-96e7-b295071bea40.jpg,True,3,0.98073524,1,7,convnext_256
58088b22-b077-4ead-993b-e7a664f46110.jpg,1,1,data/images/58088b22-b077-4ead-993b-e7a664f46110.jpg,True,2,0.9774269,1,8,convnext_256
92e4f379-ebe7-4dab-9698-1cf861053d8b.jpg,1,1,data/images/92e4f379-ebe7-4dab-9698-1cf861053d8b.jpg,True,1,0.9914392,1,8,convnext_256
b8ddb618-73f8-4905-8bf2-1226e2838574.jpg,0,0,data/images/b8ddb618-73f8-4905-8bf2-1226e2838574.jpg,True,3,0.015550341,0,7,convnext_256
36ae7ba9-c8ce-4c07-abd3-c6998db7aa19.jpg,1,1,data/images/36ae7ba9-c8ce-4c07-abd3-c6998db7aa19.jpg,True,2,0.5497611,1,8,convnext_256
51dbe1f6-6a55-4d1e-9d0a-bf5788939ad0.jpg,0,0,data/images/51dbe1f6-6a55-4d1e-9d0a-bf5788939ad0.jpg,True,0,0.015945517,0,7,convnext_256
e09ffee4-21ee-457a-b4b0-85679855b5af.jpg,1,1,data/images/e09ffee4-21ee-457a-b4b0-85679855b5af.jpg,True,1,0.909118,1,8,convnext_256
f4fa654c-c056-494b-b0e8-8b290ffcdafd.jpg,0,0,data/images/f4fa654c-c056-494b-b0e8-8b290ffcdafd.jpg,True,4,0.14858045,0,7,convnext_256
069ec635-6c70-4ce2-a6cf-8e6b4d8139fd.jpg,0,0,data/images/069ec635-6c70-4ce2-a6cf-8e6b4d8139fd.jpg,True,1,0.05989318,0,8,convnext_256
021942a4-aa17-4026-8329-73216dd40e05.jpg,0,0,data/images/021942a4-aa17-4026-8329-73216dd40e05.jpg,True,4,0.015670724,0,7,convnext_256
97c7dd8a-6add-4efe-a985-c773474b2b31.jpg,0,0,data/images/97c7dd8a-6add-4efe-a985-c773474b2b31.jpg,True,3,0.014270633,0,7,convnext_256
256a262e-d001-49af-873e-d09b11bb13d1.jpg,1,1,data/images/256a262e-d001-49af-873e-d09b11bb13d1.jpg,True,2,0.9915589,1,8,convnext_256
100ca342-cfea-4983-b4ee-2f0252f23001.jpg,1,1,data/images/100ca342-cfea-4983-b4ee-2f0252f23001.jpg,True,0,0.9811887,1,7,convnext_256
acd05a7e-4ad9-4a2c-961a-4e0f6c8f6ecb.jpg,1,1,data/images/acd05a7e-4ad9-4a2c-961a-4e0f6c8f6ecb.jpg,True,2,0.9737713,1,8,convnext_256
af90a476-6abe-4c9a-9077-158cce5482bf.jpg,0,0,data/images/af90a476-6abe-4c9a-9077-158cce5482bf.jpg,True,1,0.026355408,0,8,convnext_256
a42b510f-9c5f-428e-b7a2-97dcc6ca352f.jpg,0,0,data/images/a42b510f-9c5f-428e-b7a2-97dcc6ca352f.jpg,True,3,0.04836705,0,7,convnext_256
b37c2194-4343-42c4-a4e5-32e2dd9a148e.jpg,0,0,data/images/b37c2194-4343-42c4-a4e5-32e2dd9a148e.jpg,True,0,0.64866036,1,7,convnext_256
c3fae0b9-f035-41db-ad1a-1bc3d4b837ce.jpg,1,1,data/images/c3fae0b9-f035-41db-ad1a-1bc3d4b837ce.jpg,True,4,0.9793387,1,7,convnext_256
dbc4d3b8-fef2-4a7d-bd56-2f3c6f3e5543.jpg,0,0,data/images/dbc4d3b8-fef2-4a7d-bd56-2f3c6f3e5543.jpg,True,1,0.018435497,0,8,convnext_256
cc0c62c0-f1f2-4a86-9457-ca0b83766a62.jpg,0,0,data/images/cc0c62c0-f1f2-4a86-9457-ca0b83766a62.jpg,True,0,0.031880863,0,7,convnext_256
151887eb-22df-43bb-8f50-6d935e35b18b.jpg,0,0,data/images/151887eb-22df-43bb-8f50-6d935e35b18b.jpg,True,3,0.014395597,0,7,convnext_256
4ea8eb4e-3c82-4cc7-be1c-2b93f6a58656.jpg,1,1,data/images/4ea8eb4e-3c82-4cc7-be1c-2b93f6a58656.jpg,True,4,0.96019125,1,7,convnext_256
bce6b477-c613-4f1f-9519-ddc43489b207.jpg,1,1,data/images/bce6b477-c613-4f1f-9519-ddc43489b207.jpg,True,2,0.97713166,1,8,convnext_256
907734d2-9b75-4337-b3f3-129c774a7d9c.jpg,0,0,data/images/907734d2-9b75-4337-b3f3-129c774a7d9c.jpg,True,3,0.030470245,0,7,convnext_256
44aafb4b-9f57-420c-9eb3-e3e4f503f51f.jpg,1,1,data/images/44aafb4b-9f57-420c-9eb3-e3e4f503f51f.jpg,True,4,0.9046024,1,7,convnext_256
560849a3-c04f-4930-a6df-3bc549e8d61e.jpg,0,0,data/images/560849a3-c04f-4930-a6df-3bc549e8d61e.jpg,True,1,0.027179267,0,8,convnext_256
6720e328-738c-4c24-97eb-5475e4893305.jpg,0,0,data/images/6720e328-738c-4c24-97eb-5475e4893305.jpg,True,2,0.96228194,1,8,convnext_256
2fd2aebd-4eb0-432d-b5fb-68168befd522.jpg,0,0,data/images/2fd2aebd-4eb0-432d-b5fb-68168befd522.jpg,True,0,0.015984759,0,7,convnext_256
7b307f57-dd08-4820-b236-0526faa06e8f.jpg,1,1,data/images/7b307f57-dd08-4820-b236-0526faa06e8f.jpg,True,1,0.9637485,1,8,convnext_256
ad788009-5829-4178-8384-05a13bb879bd.jpg,0,0,data/images/ad788009-5829-4178-8384-05a13bb879bd.jpg,True,4,0.020520627,0,7,convnext_256
28669b21-7d31-4cff-be76-c00299764d76.jpg,1,1,data/images/28669b21-7d31-4cff-be76-c00299764d76.jpg,True,0,0.9828181,1,7,convnext_256
d529641d-c653-4480-877f-3a7637e04a9b.jpg,0,0,data/images/d529641d-c653-4480-877f-3a7637e04a9b.jpg,True,3,0.9788325,1,7,convnext_256
f8d30bf8-928f-4e6f-9d47-bccbd49190af.jpg,0,0,data/images/f8d30bf8-928f-4e6f-9d47-bccbd49190af.jpg,True,2,0.022242693,0,8,convnext_256
14b5c723-ef04-4406-a4c9-4313924ab8d8.jpg,0,0,data/images/14b5c723-ef04-4406-a4c9-4313924ab8d8.jpg,True,2,0.10809024,0,8,convnext_256
ba4c2375-5f63-4eed-93de-6d655d227335.jpg,0,0,data/images/ba4c2375-5f63-4eed-93de-6d655d227335.jpg,True,4,0.030456923,0,7,convnext_256
3662fa62-0c3f-4ef0-ab20-0755cf01b282.jpg,0,0,data/images/3662fa62-0c3f-4ef0-ab20-0755cf01b282.jpg,True,1,0.027567176,0,8,convnext_256
e7b3667a-533f-420a-8e01-1b6c9be3bd2e.jpg,0,0,data/images/e7b3667a-533f-420a-8e01-1b6c9be3bd2e.jpg,True,0,0.023487717,0,7,convnext_256
79bd3da7-90b8-4acc-9a24-480debe23950.jpg,1,1,data/images/79bd3da7-90b8-4acc-9a24-480debe23950.jpg,True,3,0.9680712,1,7,convnext_256
861e903c-7ed8-40a8-9a06-c7acd44872a3.jpg,0,0,data/images/861e903c-7ed8-40a8-9a06-c7acd44872a3.jpg,True,4,0.031273324,0,7,convnext_256
d1b0cfee-a8ce-4d7b-9277-65a94d687150.jpg,1,1,data/images/d1b0cfee-a8ce-4d7b-9277-65a94d687150.jpg,True,2,0.98504686,1,8,convnext_256
6fbaecf2-b87c-4df2-a10b-cee7679e3845.jpg,0,0,data/images/6fbaecf2-b87c-4df2-a10b-cee7679e3845.jpg,True,1,0.95984507,1,8,convnext_256
4328ad63-b075-49af-9177-3bc1c445384f.jpg,1,1,data/images/4328ad63-b075-49af-9177-3bc1c445384f.jpg,True,3,0.028913973,0,7,convnext_256
1402d36c-cd6a-4c73-85ab-d51b1cb60135.jpg,1,1,data/images/1402d36c-cd6a-4c73-85ab-d51b1cb60135.jpg,True,0,0.97808105,1,7,convnext_256
7ca6d15a-960e-4c07-83e4-ee7947070cb1.jpg,1,1,data/images/7ca6d15a-960e-4c07-83e4-ee7947070cb1.jpg,True,1,0.9773386,1,8,convnext_256
2217feef-fb34-4f49-9acc-8d987bd6da3d.jpg,1,1,data/images/2217feef-fb34-4f49-9acc-8d987bd6da3d.jpg,True,2,0.085682526,0,8,convnext_256
1d8e71fe-2220-4475-a1e7-629750363ad1.jpg,0,0,data/images/1d8e71fe-2220-4475-a1e7-629750363ad1.jpg,True,0,0.16395938,0,7,convnext_256
d0cd8e80-99bc-4bd2-915e-94c217129f3d.jpg,0,0,data/images/d0cd8e80-99bc-4bd2-915e-94c217129f3d.jpg,True,4,0.06769066,0,7,convnext_256
3ca0e337-320e-4a54-a334-60a9ee30c696.jpg,0,0,data/images/3ca0e337-320e-4a54-a334-60a9ee30c696.jpg,True,3,0.018738985,0,7,convnext_256
92a0ea0a-742b-4e01-a9f7-f2809bbe1b4e.jpg,0,0,data/images/92a0ea0a-742b-4e01-a9f7-f2809bbe1b4e.jpg,True,3,0.91965777,1,7,convnext_256
d747f1c1-8e64-4f3c-bead-ba89c4bd97fd.jpg,1,1,data/images/d747f1c1-8e64-4f3c-bead-ba89c4bd97fd.jpg,True,1,0.97658676,1,8,convnext_256
5e53ca85-4870-47f6-9de0-59abb3ec3314.jpg,0,0,data/images/5e53ca85-4870-47f6-9de0-59abb3ec3314.jpg,True,0,0.018473051,0,7,convnext_256
fe90b556-21e7-40bc-ba89-b8b842aad1fb.jpg,1,1,data/images/fe90b556-21e7-40bc-ba89-b8b842aad1fb.jpg,True,4,0.737603,1,7,convnext_256
78bb94a8-6113-4009-a4f7-f6764a307b41.jpg,1,1,data/images/78bb94a8-6113-4009-a4f7-f6764a307b41.jpg,True,2,0.8529486,1,8,convnext_256
2118d254-4704-4a99-b865-44c81c25e9ab.jpg,1,1,data/images/2118d254-4704-4a99-b865-44c81c25e9ab.jpg,True,0,0.9842381,1,7,convnext_256
95ac3dcd-4aa9-4044-9299-8bba254276c2.jpg,1,1,data/images/95ac3dcd-4aa9-4044-9299-8bba254276c2.jpg,True,3,0.97643614,1,7,convnext_256
9d564b69-3eff-4ca7-8f88-a5268fabfb65.jpg,0,0,data/images/9d564b69-3eff-4ca7-8f88-a5268fabfb65.jpg,True,4,0.024298891,0,7,convnext_256
f85a8854-49e7-4179-80e6-fc593a169056.jpg,1,1,data/images/f85a8854-49e7-4179-80e6-fc593a169056.jpg,True,1,0.98042345,1,8,convnext_256
42e0289f-ffa4-4f51-bbc5-bc7fb23e959a.jpg,0,0,data/images/42e0289f-ffa4-4f51-bbc5-bc7fb23e959a.jpg,True,2,0.040299345,0,8,convnext_256
8c56aa46-c497-457f-af37-7654f58e1456.jpg,1,1,data/images/8c56aa46-c497-457f-af37-7654f58e1456.jpg,True,3,0.9317069,1,7,convnext_256
5921831b-9850-48d4-a209-6ed1cfcf8905.jpg,0,0,data/images/5921831b-9850-48d4-a209-6ed1cfcf8905.jpg,True,0,0.034572225,0,7,convnext_256
5ba8f7ae-3546-4572-8f29-cd599f10b5cb.jpg,1,1,data/images/5ba8f7ae-3546-4572-8f29-cd599f10b5cb.jpg,True,4,0.9359357,1,7,convnext_256
ad32d0eb-91c4-4688-ac45-b5dac77b0fd4.jpg,1,1,data/images/ad32d0eb-91c4-4688-ac45-b5dac77b0fd4.jpg,True,1,0.98298335,1,8,convnext_256
e7572c39-9c2b-4df7-9170-d5a772543cdd.jpg,0,0,data/images/e7572c39-9c2b-4df7-9170-d5a772543cdd.jpg,True,2,0.027723562,0,8,convnext_256
e9385a46-61c3-497f-8a74-38c19e6dc36f.jpg,1,1,data/images/e9385a46-61c3-497f-8a74-38c19e6dc36f.jpg,True,2,0.016950393,0,8,convnext_256
46131e36-8677-4431-9ef2-dd67e3d3b739.jpg,1,1,data/images/46131e36-8677-4431-9ef2-dd67e3d3b739.jpg,True,1,0.9783076,1,8,convnext_256
6d1d7794-ea34-4ce7-8daf-8efc5421e088.jpg,0,0,data/images/6d1d7794-ea34-4ce7-8daf-8efc5421e088.jpg,True,4,0.7564777,1,7,convnext_256
92c801c8-6c6c-4a84-9ca4-28b06c696bcc.jpg,1,1,data/images/92c801c8-6c6c-4a84-9ca4-28b06c696bcc.jpg,True,0,0.9798385,1,7,convnext_256
3f38e2e8-ffe6-4db5-859d-8e0b1fe5e0ea.jpg,1,1,data/images/3f38e2e8-ffe6-4db5-859d-8e0b1fe5e0ea.jpg,True,3,0.95106614,1,7,convnext_256
4a3d5a93-d00f-4534-ae51-600e346fb79f.jpg,0,0,data/images/4a3d5a93-d00f-4534-ae51-600e346fb79f.jpg,True,2,0.6360553,1,8,convnext_256
1aa0ddbf-000e-4184-83a0-ee8a6546e901.jpg,0,0,data/images/1aa0ddbf-000e-4184-83a0-ee8a6546e901.jpg,True,1,0.018033992,0,8,convnext_256
492b5df5-6093-44ed-8296-a643db516eaf.jpg,1,1,data/images/492b5df5-6093-44ed-8296-a643db516eaf.jpg,True,4,0.98188263,1,7,convnext_256
2deaae61-5485-4ea8-83c6-a4b0fdff3932.jpg,0,0,data/images/2deaae61-5485-4ea8-83c6-a4b0fdff3932.jpg,True,3,0.98215276,1,7,convnext_256
5f2a1137-f2d5-483a-aadb-34e9ab7dd7e4.jpg,0,0,data/images/5f2a1137-f2d5-483a-aadb-34e9ab7dd7e4.jpg,True,0,0.011305938,0,7,convnext_256
045fd4a4-2b3d-4fcd-860c-f1ceae877d13.jpg,1,1,data/images/045fd4a4-2b3d-4fcd-860c-f1ceae877d13.jpg,True,0,0.9762018,1,7,convnext_256
064423da-d323-4c41-9adb-7267273b709d.jpg,1,1,data/images/064423da-d323-4c41-9adb-7267273b709d.jpg,True,3,0.9706204,1,7,convnext_256
67720639-2d47-4680-aaf9-10f8e146ed91.jpg,0,0,data/images/67720639-2d47-4680-aaf9-10f8e146ed91.jpg,True,4,0.09531098,0,7,convnext_256
8f86f02e-f3e8-4849-9c91-fed66cbbd445.jpg,1,1,data/images/8f86f02e-f3e8-4849-9c91-fed66cbbd445.jpg,True,1,0.9649451,1,8,convnext_256
7d8b99e3-c51b-438e-884f-a76a87afb1f9.jpg,1,1,data/images/7d8b99e3-c51b-438e-884f-a76a87afb1f9.jpg,True,2,0.9852304,1,8,convnext_256
e7067994-48cf-4c9a-b1fd-2b0939e17eb8.jpg,0,0,data/images/e7067994-48cf-4c9a-b1fd-2b0939e17eb8.jpg,True,0,0.04189179,0,7,convnext_256
46f84396-b603-4417-9c6d-975020f03b38.jpg,1,1,data/images/46f84396-b603-4417-9c6d-975020f03b38.jpg,True,2,0.9848261,1,8,convnext_256
04cf6372-17b7-424c-9981-b6de559a01ea.jpg,1,1,data/images/04cf6372-17b7-424c-9981-b6de559a01ea.jpg,True,4,0.9865941,1,7,convnext_256
c2025e8f-ca1b-4a2d-ae36-64ee1515c2bc.jpg,1,1,data/images/c2025e8f-ca1b-4a2d-ae36-64ee1515c2bc.jpg,True,1,0.9798228,1,8,convnext_256
a95bd5af-a2de-402a-9445-deee2ccb7652.jpg,0,0,data/images/a95bd5af-a2de-402a-9445-deee2ccb7652.jpg,True,3,0.9780026,1,7,convnext_256
6213fb9d-626d-4952-b7a7-c7b119a85f94.jpg,1,1,data/images/6213fb9d-626d-4952-b7a7-c7b119a85f94.jpg,True,1,0.9715191,1,8,convnext_256
db2e2bc0-e4bf-45b9-80d4-c0362ef4dd4f.jpg,1,1,data/images/db2e2bc0-e4bf-45b9-80d4-c0362ef4dd4f.jpg,True,4,0.969969,1,7,convnext_256
3ea304cf-e7e1-4aff-9295-fe9662abe7f3.jpg,1,1,data/images/3ea304cf-e7e1-4aff-9295-fe9662abe7f3.jpg,True,0,0.9602252,1,7,convnext_256
86a74d70-80de-4138-be1e-1487cb560067.jpg,0,0,data/images/86a74d70-80de-4138-be1e-1487cb560067.jpg,True,2,0.05489502,0,8,convnext_256
e4f0b6fd-f317-4cee-9b09-94012e199006.jpg,1,1,data/images/e4f0b6fd-f317-4cee-9b09-94012e199006.jpg,True,3,0.7767605,1,7,convnext_256
efaebd50-84ce-4b4f-9397-1d49d5819a8b.jpg,0,0,data/images/efaebd50-84ce-4b4f-9397-1d49d5819a8b.jpg,True,3,0.020823056,0,7,convnext_256
5f08537d-816d-4cde-b44c-e754d16bfbe1.jpg,1,1,data/images/5f08537d-816d-4cde-b44c-e754d16bfbe1.jpg,True,1,0.97107714,1,8,convnext_256
9d4b6428-3d9d-4f82-8fee-bcdc4bacefdc.jpg,1,1,data/images/9d4b6428-3d9d-4f82-8fee-bcdc4bacefdc.jpg,True,4,0.963815,1,7,convnext_256
0e297de9-8fcd-4012-bf1d-85b0c7311c12.jpg,1,1,data/images/0e297de9-8fcd-4012-bf1d-85b0c7311c12.jpg,True,0,0.8627812,1,7,convnext_256
6e60a54e-6a9e-44f6-9462-4e13c4c917c7.jpg,0,0,data/images/6e60a54e-6a9e-44f6-9462-4e13c4c917c7.jpg,True,2,0.6256707,1,8,convnext_256
efa33b9a-4ea9-4208-8dd4-03ee2c70d092.jpg,0,0,data/images/efa33b9a-4ea9-4208-8dd4-03ee2c70d092.jpg,True,3,0.87990725,1,7,convnext_256
5c7ba254-c1bc-452b-af33-bf08c7d26c3f.jpg,0,0,data/images/5c7ba254-c1bc-452b-af33-bf08c7d26c3f.jpg,True,1,0.04994993,0,8,convnext_256
8d4b7f33-414a-4255-9dbf-3b05984ec0f2.jpg,0,0,data/images/8d4b7f33-414a-4255-9dbf-3b05984ec0f2.jpg,True,2,0.113288656,0,8,convnext_256
4708a5bf-8e6c-489b-a908-db7c0f67c950.jpg,0,0,data/images/4708a5bf-8e6c-489b-a908-db7c0f67c950.jpg,True,4,0.04033455,0,7,convnext_256
5f951871-faa8-487e-a014-a04577841f9c.jpg,1,1,data/images/5f951871-faa8-487e-a014-a04577841f9c.jpg,True,0,0.9778681,1,7,convnext_256
595bf511-7a9b-4502-9062-2fda6ae12bdd.jpg,1,1,data/images/595bf511-7a9b-4502-9062-2fda6ae12bdd.jpg,True,1,0.9755467,1,8,convnext_256
469afb1e-241f-4814-bfc9-d6dd8bd76a3f.jpg,0,0,data/images/469afb1e-241f-4814-bfc9-d6dd8bd76a3f.jpg,True,0,0.084928945,0,7,convnext_256
1457f4c8-0c19-4b5c-8227-f9eaad24d689.jpg,1,1,data/images/1457f4c8-0c19-4b5c-8227-f9eaad24d689.jpg,True,4,0.9743715,1,7,convnext_256
621115c9-acfa-4889-847c-c1838ef78c68.jpg,1,1,data/images/621115c9-acfa-4889-847c-c1838ef78c68.jpg,True,3,0.97474116,1,7,convnext_256
d9627790-ec15-45f1-8692-74aa1a7e700c.jpg,0,0,data/images/d9627790-ec15-45f1-8692-74aa1a7e700c.jpg,True,2,0.9456366,1,8,convnext_256
775894fc-7e02-4cc3-a2a6-5dab378cde91.jpg,0,0,data/images/775894fc-7e02-4cc3-a2a6-5dab378cde91.jpg,True,4,0.0150952125,0,7,convnext_256
a3098c21-1e04-471a-bfee-2f055ab55a4d.jpg,0,0,data/images/a3098c21-1e04-471a-bfee-2f055ab55a4d.jpg,True,3,0.66907316,1,7,convnext_256
ff859d9a-9426-4884-9c79-ea1539b1ac63.jpg,1,1,data/images/ff859d9a-9426-4884-9c79-ea1539b1ac63.jpg,True,0,0.97808456,1,7,convnext_256
b62f76a4-0e77-41a7-94bc-90b6f8abd4e5.jpg,1,1,data/images/b62f76a4-0e77-41a7-94bc-90b6f8abd4e5.jpg,True,2,0.97908074,1,8,convnext_256
d56ada0e-be69-4ed9-bad9-e5992349af06.jpg,1,1,data/images/d56ada0e-be69-4ed9-bad9-e5992349af06.jpg,True,1,0.97609836,1,8,convnext_256
65bfd53b-82a8-47d9-8687-8c931e60e698.jpg,1,1,data/images/65bfd53b-82a8-47d9-8687-8c931e60e698.jpg,True,2,0.9902512,1,8,convnext_256
8e0b1fa3-33e3-4a53-bff2-bc05fad5882d.jpg,1,1,data/images/8e0b1fa3-33e3-4a53-bff2-bc05fad5882d.jpg,True,4,0.9853704,1,7,convnext_256
d895c763-5b07-4f59-9d7a-7319df5648db.jpg,1,1,data/images/d895c763-5b07-4f59-9d7a-7319df5648db.jpg,True,0,0.9822978,1,7,convnext_256
ff8239ce-29d1-49fa-810e-065888807b35.jpg,0,0,data/images/ff8239ce-29d1-49fa-810e-065888807b35.jpg,True,1,0.40164143,0,8,convnext_256
e2722ae0-bf6c-4a0c-99e9-0c921c4413c1.jpg,1,1,data/images/e2722ae0-bf6c-4a0c-99e9-0c921c4413c1.jpg,True,3,0.97751594,1,7,convnext_256
bd2820ea-735c-4967-bed3-0cad6914ee90.jpg,0,0,data/images/bd2820ea-735c-4967-bed3-0cad6914ee90.jpg,True,3,0.021774704,0,7,convnext_256
37939623-816a-497d-850c-b9827fcf6943.jpg,0,0,data/images/37939623-816a-497d-850c-b9827fcf6943.jpg,True,2,0.034569487,0,8,convnext_256
9e18dd14-232d-4212-85b9-5dcfbf97b9ec.jpg,1,1,data/images/9e18dd14-232d-4212-85b9-5dcfbf97b9ec.jpg,True,0,0.95595646,1,7,convnext_256
42238bae-f9ab-4781-8b30-dcaad5e6eee6.jpg,0,0,data/images/42238bae-f9ab-4781-8b30-dcaad5e6eee6.jpg,True,4,0.11163821,0,7,convnext_256
0420c162-14a9-4c2f-bf98-af8d1f83eef3.jpg,1,1,data/images/0420c162-14a9-4c2f-bf98-af8d1f83eef3.jpg,True,1,0.97569805,1,8,convnext_256
5dd4616f-7273-4c97-92ee-52083680db5d.jpg,0,0,data/images/5dd4616f-7273-4c97-92ee-52083680db5d.jpg,True,4,0.089630246,0,7,convnext_256
6a6e6ad9-26f0-44d1-9a48-d27c3ccdf729.jpg,1,1,data/images/6a6e6ad9-26f0-44d1-9a48-d27c3ccdf729.jpg,True,1,0.97481877,1,8,convnext_256
cd0a6c55-9144-479c-96c5-d9e3d41005a0.jpg,1,1,data/images/cd0a6c55-9144-479c-96c5-d9e3d41005a0.jpg,True,2,0.974394,1,8,convnext_256
2c6dd79b-ad59-4536-8cfe-9b7b280b8221.jpg,0,0,data/images/2c6dd79b-ad59-4536-8cfe-9b7b280b8221.jpg,True,0,0.32958037,0,7,convnext_256
cde26aea-7fc9-470a-a366-eaecb0cc7707.jpg,1,1,data/images/cde26aea-7fc9-470a-a366-eaecb0cc7707.jpg,True,3,0.9723803,1,7,convnext_256
15990335-be36-48de-ae08-f17b991200b4.jpg,1,1,data/images/15990335-be36-48de-ae08-f17b991200b4.jpg,True,3,0.97772914,1,7,convnext_256
c3a0cbc7-4b51-418f-9742-71852ef48be0.jpg,1,1,data/images/c3a0cbc7-4b51-418f-9742-71852ef48be0.jpg,True,4,0.87169844,1,7,convnext_256
588e93dc-bf4e-4f26-8e43-0162a2f4c0a0.jpg,1,1,data/images/588e93dc-bf4e-4f26-8e43-0162a2f4c0a0.jpg,True,2,0.9724979,1,8,convnext_256
0293c053-178e-4595-b77b-8123b8e4cf9b.jpg,1,1,data/images/0293c053-178e-4595-b77b-8123b8e4cf9b.jpg,True,0,0.962675,1,7,convnext_256
18126684-2483-4e84-9fec-85ba88228e9f.jpg,0,0,data/images/18126684-2483-4e84-9fec-85ba88228e9f.jpg,True,1,0.022984656,0,8,convnext_256
a54790af-031a-4108-a5a9-f5b028d9fd16.jpg,1,1,data/images/a54790af-031a-4108-a5a9-f5b028d9fd16.jpg,True,4,0.9547771,1,7,convnext_256
b949cb53-0817-4859-9300-800de719f8b7.jpg,0,0,data/images/b949cb53-0817-4859-9300-800de719f8b7.jpg,True,0,0.03223623,0,7,convnext_256
90f56ada-90de-4e90-814d-5032ee262765.jpg,1,1,data/images/90f56ada-90de-4e90-814d-5032ee262765.jpg,True,1,0.98117983,1,8,convnext_256
bcefea59-8b04-4226-a94b-9af5b6741e6c.jpg,0,0,data/images/bcefea59-8b04-4226-a94b-9af5b6741e6c.jpg,True,3,0.54276973,1,7,convnext_256
da5829d6-6c10-4d84-9bbb-58fb2a5b335d.jpg,0,0,data/images/da5829d6-6c10-4d84-9bbb-58fb2a5b335d.jpg,True,2,0.9953453,1,8,convnext_256
02219dcb-a958-463b-9ec3-f9559001b98c.jpg,0,0,data/images/02219dcb-a958-463b-9ec3-f9559001b98c.jpg,True,2,0.026988959,0,8,convnext_256
a330b662-cf51-4289-af8d-89fbda3f710a.jpg,0,0,data/images/a330b662-cf51-4289-af8d-89fbda3f710a.jpg,True,0,0.05023224,0,7,convnext_256
fd047705-5090-49ab-878e-6a71240d8712.jpg,0,0,data/images/fd047705-5090-49ab-878e-6a71240d8712.jpg,True,4,0.020001242,0,7,convnext_256
84a3f35e-d042-4994-bb33-8a40f16ff6d2.jpg,1,1,data/images/84a3f35e-d042-4994-bb33-8a40f16ff6d2.jpg,True,3,0.6788246,1,7,convnext_256
ca1a3538-00c1-42d1-9eae-5b5c2f2f5756.jpg,1,1,data/images/ca1a3538-00c1-42d1-9eae-5b5c2f2f5756.jpg,True,1,0.9486404,1,8,convnext_256
70463030-bc4d-40a8-adad-d97b65d32f48.jpg,1,1,data/images/70463030-bc4d-40a8-adad-d97b65d32f48.jpg,True,1,0.9879901,1,8,convnext_256
251bb8f4-b858-40ae-b301-047bdb44387f.jpg,0,0,data/images/251bb8f4-b858-40ae-b301-047bdb44387f.jpg,True,4,0.046859056,0,7,convnext_256
651669ac-3ade-43a8-89be-a229bd61be7b.jpg,1,1,data/images/651669ac-3ade-43a8-89be-a229bd61be7b.jpg,True,0,0.96793526,1,7,convnext_256
d2b4c71c-e11a-4921-92a4-acd4173ba2ad.jpg,1,1,data/images/d2b4c71c-e11a-4921-92a4-acd4173ba2ad.jpg,True,2,0.06773935,0,8,convnext_256
4871f088-c43f-424a-8b97-baae639432d0.jpg,0,0,data/images/4871f088-c43f-424a-8b97-baae639432d0.jpg,True,3,0.016467119,0,7,convnext_256
188177de-f908-4bd3-a367-33b38fe43d73.jpg,0,0,data/images/188177de-f908-4bd3-a367-33b38fe43d73.jpg,True,4,0.07160109,0,7,convnext_256
1fbb0f62-1dc8-4b69-b4d5-6047ea916e98.jpg,1,1,data/images/1fbb0f62-1dc8-4b69-b4d5-6047ea916e98.jpg,True,0,0.97831625,1,7,convnext_256
c4de29f5-2e32-43f1-aeff-106c6c7a1c5c.jpg,1,1,data/images/c4de29f5-2e32-43f1-aeff-106c6c7a1c5c.jpg,True,2,0.97376615,1,8,convnext_256
d8e91f20-10c0-4da5-849e-73b3771618f1.jpg,0,0,data/images/d8e91f20-10c0-4da5-849e-73b3771618f1.jpg,True,1,0.028836494,0,8,convnext_256
a02bda47-455e-42dc-b8b8-9399f6df802d.jpg,1,1,data/images/a02bda47-455e-42dc-b8b8-9399f6df802d.jpg,True,3,0.9790262,1,7,convnext_256
5818bca5-323c-48ad-9d69-a78013881083.jpg,1,1,data/images/5818bca5-323c-48ad-9d69-a78013881083.jpg,True,3,0.97401184,1,7,convnext_256
0c7b368e-4d7e-4d44-ab17-703110c9ccfb.jpg,0,0,data/images/0c7b368e-4d7e-4d44-ab17-703110c9ccfb.jpg,True,2,0.020231172,0,8,convnext_256
b7272eab-2fa3-4be1-b8ac-2f40bdd0de6f.jpg,1,1,data/images/b7272eab-2fa3-4be1-b8ac-2f40bdd0de6f.jpg,True,1,0.97640693,1,8,convnext_256
90ae8cd7-39ca-407a-a522-7764e5b0c854.jpg,1,1,data/images/90ae8cd7-39ca-407a-a522-7764e5b0c854.jpg,True,0,0.94980055,1,7,convnext_256
e707a1a9-4db5-4960-bc92-d75036e08fff.jpg,1,1,data/images/e707a1a9-4db5-4960-bc92-d75036e08fff.jpg,True,4,0.9815885,1,7,convnext_256
c7e49524-ed89-4a66-9062-c11e14ebe3f1.jpg,1,1,data/images/c7e49524-ed89-4a66-9062-c11e14ebe3f1.jpg,True,3,0.81737703,1,7,convnext_256
63486b1f-7f65-40be-bab7-3bad67a654ab.jpg,0,0,data/images/63486b1f-7f65-40be-bab7-3bad67a654ab.jpg,True,2,0.022487335,0,8,convnext_256
9869ff79-088d-4e8c-b603-be29e807c139.jpg,0,0,data/images/9869ff79-088d-4e8c-b603-be29e807c139.jpg,True,4,0.02815985,0,7,convnext_256
55f79a47-22c8-4ff6-bbdb-10a6e5a12ca1.jpg,1,1,data/images/55f79a47-22c8-4ff6-bbdb-10a6e5a12ca1.jpg,True,0,0.9861617,1,7,convnext_256
f5a73f83-689a-4545-b1a5-033badab16dd.jpg,0,0,data/images/f5a73f83-689a-4545-b1a5-033badab16dd.jpg,True,1,0.015459481,0,8,convnext_256
e65f2858-5977-462c-afa3-0b9d11033acc.jpg,1,1,data/images/e65f2858-5977-462c-afa3-0b9d11033acc.jpg,True,4,0.94477445,1,7,convnext_256
fda8ba81-6830-4476-9fc9-16cc83bf5299.jpg,1,1,data/images/fda8ba81-6830-4476-9fc9-16cc83bf5299.jpg,True,1,0.9781822,1,8,convnext_256
0f4b1b84-c0c1-4fa2-bf36-5e547a585b4b.jpg,0,0,data/images/0f4b1b84-c0c1-4fa2-bf36-5e547a585b4b.jpg,True,3,0.07967271,0,7,convnext_256
0a08317b-b607-49f6-875c-a1b6c124571a.jpg,1,1,data/images/0a08317b-b607-49f6-875c-a1b6c124571a.jpg,True,0,0.048783313,0,7,convnext_256
793896d9-0763-4f72-aee5-af9ba158df68.jpg,1,1,data/images/793896d9-0763-4f72-aee5-af9ba158df68.jpg,True,2,0.98688346,1,8,convnext_256
b95b625e-f88a-4413-b83f-25e42233267e.jpg,0,0,data/images/b95b625e-f88a-4413-b83f-25e42233267e.jpg,True,3,0.5092623,1,7,convnext_256
99784473-e222-409c-8e74-be6bf7f769e4.jpg,1,1,data/images/99784473-e222-409c-8e74-be6bf7f769e4.jpg,True,2,0.9718075,1,8,convnext_256
774a8330-170d-48af-bca2-5b06f75cdeef.jpg,1,1,data/images/774a8330-170d-48af-bca2-5b06f75cdeef.jpg,True,4,0.9866909,1,7,convnext_256
5a357d33-2f63-458f-8f7a-f5e8122f53a3.jpg,0,0,data/images/5a357d33-2f63-458f-8f7a-f5e8122f53a3.jpg,True,0,0.08190625,0,7,convnext_256
62220717-4d9d-4a5d-88f4-683bf205d1cb.jpg,0,0,data/images/62220717-4d9d-4a5d-88f4-683bf205d1cb.jpg,True,1,0.03770669,0,8,convnext_256
ab9fc0f2-e7bd-4c06-90fe-622d12c30055.jpg,1,1,data/images/ab9fc0f2-e7bd-4c06-90fe-622d12c30055.jpg,True,0,0.9446263,1,7,convnext_256
3507a586-47ba-4f9b-abb0-06be3931a4b2.jpg,1,1,data/images/3507a586-47ba-4f9b-abb0-06be3931a4b2.jpg,True,2,0.98384076,1,8,convnext_256
281c1c55-e826-4327-ae51-4ae13056cc46.jpg,1,1,data/images/281c1c55-e826-4327-ae51-4ae13056cc46.jpg,True,4,0.9792031,1,7,convnext_256
a72b9814-d885-4b41-a44d-aa14331bdac2.jpg,1,1,data/images/a72b9814-d885-4b41-a44d-aa14331bdac2.jpg,True,1,0.82727844,1,8,convnext_256
016b2115-b302-4a39-aed5-bed81b32b020.jpg,1,1,data/images/016b2115-b302-4a39-aed5-bed81b32b020.jpg,True,3,0.9825257,1,7,convnext_256
c20c7e6d-03b6-43e7-94ca-b8363420f5b6.jpg,0,0,data/images/c20c7e6d-03b6-43e7-94ca-b8363420f5b6.jpg,True,1,0.032097448,0,8,convnext_256
0094a51e-89f0-4042-8e63-1dbf616d9e80.jpg,0,0,data/images/0094a51e-89f0-4042-8e63-1dbf616d9e80.jpg,True,3,0.03979311,0,7,convnext_256
3c0049b3-c858-4f93-b773-f96206dae7e1.jpg,1,1,data/images/3c0049b3-c858-4f93-b773-f96206dae7e1.jpg,True,2,0.9725289,1,8,convnext_256
6080766e-154e-4333-9d65-21c2a75a646f.jpg,0,0,data/images/6080766e-154e-4333-9d65-21c2a75a646f.jpg,True,4,0.021298714,0,7,convnext_256
ee3af370-1872-4a70-ba61-6cdcb57b2db1.jpg,1,1,data/images/ee3af370-1872-4a70-ba61-6cdcb57b2db1.jpg,True,0,0.9815423,1,7,convnext_256
84272a50-ddc2-482a-b101-b9890a7d1984.jpg,0,0,data/images/84272a50-ddc2-482a-b101-b9890a7d1984.jpg,True,4,0.059389584,0,7,convnext_256
49c43647-f76a-4dc3-b3b0-5ef66d54047c.jpg,1,1,data/images/49c43647-f76a-4dc3-b3b0-5ef66d54047c.jpg,True,3,0.9751462,1,7,convnext_256
06f8d578-495c-4cc6-9443-5630b1884cce.jpg,1,1,data/images/06f8d578-495c-4cc6-9443-5630b1884cce.jpg,True,1,0.96058995,1,8,convnext_256
6384c057-7cc8-4e9c-a9e8-d208d66759bd.jpg,0,0,data/images/6384c057-7cc8-4e9c-a9e8-d208d66759bd.jpg,True,0,0.021299262,0,7,convnext_256
f25663d1-f932-42e9-bbee-7730a06e9977.jpg,0,0,data/images/f25663d1-f932-42e9-bbee-7730a06e9977.jpg,True,2,0.4102894,0,8,convnext_256
5485b451-cd87-4255-a2f5-f32dcb69a78e.jpg,0,0,data/images/5485b451-cd87-4255-a2f5-f32dcb69a78e.jpg,True,1,0.08253176,0,8,convnext_256
f8eaa151-ed8c-4745-82f5-e00841ed0340.jpg,0,0,data/images/f8eaa151-ed8c-4745-82f5-e00841ed0340.jpg,True,0,0.034107838,0,7,convnext_256
611e42bd-0c7c-451a-9305-d4c8e3f627ce.jpg,1,1,data/images/611e42bd-0c7c-451a-9305-d4c8e3f627ce.jpg,True,3,0.93837154,1,7,convnext_256
38a03a86-bf2d-48f3-bcab-4a800260e65e.jpg,1,1,data/images/38a03a86-bf2d-48f3-bcab-4a800260e65e.jpg,True,4,0.5694198,1,7,convnext_256
63939de6-c12a-4b61-9440-c666fe9b1538.jpg,0,0,data/images/63939de6-c12a-4b61-9440-c666fe9b1538.jpg,True,2,0.66933215,1,8,convnext_256
b4ecd136-eb0d-400b-851d-2b719d540f01.jpg,1,1,data/images/b4ecd136-eb0d-400b-851d-2b719d540f01.jpg,True,4,0.9777991,1,7,convnext_256
4feacaa8-48f1-493d-b977-a4f2b7c2bc72.jpg,1,1,data/images/4feacaa8-48f1-493d-b977-a4f2b7c2bc72.jpg,True,3,0.9678035,1,7,convnext_256
a8236e81-22a5-422e-8c64-13d7f52ca0d3.jpg,0,0,data/images/a8236e81-22a5-422e-8c64-13d7f52ca0d3.jpg,True,2,0.054079298,0,8,convnext_256
4ecfea87-5490-4606-bb04-5b6b0e7b8d58.jpg,0,0,data/images/4ecfea87-5490-4606-bb04-5b6b0e7b8d58.jpg,True,1,0.017722672,0,8,convnext_256
f1f28cc0-0308-4b9c-80e3-acf872c80cab.jpg,1,1,data/images/f1f28cc0-0308-4b9c-80e3-acf872c80cab.jpg,True,0,0.33912298,0,7,convnext_256
d596b210-6ae0-40e6-9f94-44b95958e14e.jpg,0,0,data/images/d596b210-6ae0-40e6-9f94-44b95958e14e.jpg,True,4,0.9500175,1,7,convnext_256
f61cbb47-2010-49fb-88b7-9d489dde9b0d.jpg,1,1,data/images/f61cbb47-2010-49fb-88b7-9d489dde9b0d.jpg,True,0,0.95756537,1,7,convnext_256
239d8d6c-83e7-450e-8538-fc82b8e9d10e.jpg,0,0,data/images/239d8d6c-83e7-450e-8538-fc82b8e9d10e.jpg,True,2,0.036263444,0,8,convnext_256
ace68c57-cd5f-47e7-b67e-68dd68d2ce6a.jpg,1,1,data/images/ace68c57-cd5f-47e7-b67e-68dd68d2ce6a.jpg,True,3,0.9743531,1,7,convnext_256
20d5a030-81f0-4b85-98aa-c10eec89cfdd.jpg,1,1,data/images/20d5a030-81f0-4b85-98aa-c10eec89cfdd.jpg,True,1,0.974051,1,8,convnext_256
80848f06-204e-4f23-b75f-a473965a1c94.jpg,1,1,data/images/80848f06-204e-4f23-b75f-a473965a1c94.jpg,True,1,0.96908444,1,8,convnext_256
530dd7d1-4659-4957-9f3b-a9ff6373144f.jpg,0,0,data/images/530dd7d1-4659-4957-9f3b-a9ff6373144f.jpg,True,3,0.03204916,0,7,convnext_256
f0985f6e-c187-43c6-b1ad-db29058a2a57.jpg,1,1,data/images/f0985f6e-c187-43c6-b1ad-db29058a2a57.jpg,True,4,0.98596144,1,7,convnext_256
a4deeb9a-be11-4777-ae44-cf379fa538fb.jpg,0,0,data/images/a4deeb9a-be11-4777-ae44-cf379fa538fb.jpg,True,2,0.17644043,0,8,convnext_256
63cdfbd4-9704-40f5-a9d3-e95a2298773e.jpg,0,0,data/images/63cdfbd4-9704-40f5-a9d3-e95a2298773e.jpg,True,0,0.08007823,0,7,convnext_256
e355202f-d649-4603-8974-954424bc1c3f.jpg,0,0,data/images/e355202f-d649-4603-8974-954424bc1c3f.jpg,True,3,0.1173634,0,7,convnext_256
400eb955-6375-4996-929f-55265f201dbb.jpg,0,0,data/images/400eb955-6375-4996-929f-55265f201dbb.jpg,True,2,0.022888869,0,8,convnext_256
da545ab2-7b72-4773-a48f-a36a044f9689.jpg,1,1,data/images/da545ab2-7b72-4773-a48f-a36a044f9689.jpg,True,0,0.97413504,1,7,convnext_256
28c58f7d-4ba8-4f6f-a763-276bedede75c.jpg,1,1,data/images/28c58f7d-4ba8-4f6f-a763-276bedede75c.jpg,True,1,0.97544086,1,8,convnext_256
b4f6cc1b-9f2c-4ea6-a30e-5a3318b9b9dd.jpg,1,1,data/images/b4f6cc1b-9f2c-4ea6-a30e-5a3318b9b9dd.jpg,True,4,0.97922164,1,7,convnext_256
0068b91f-794a-4520-83a4-0f8735d2a229.jpg,1,1,data/images/0068b91f-794a-4520-83a4-0f8735d2a229.jpg,True,4,0.9744839,1,7,convnext_256
9fbef431-b5f1-4c7f-bdc2-5b5e7f66cadc.jpg,0,0,data/images/9fbef431-b5f1-4c7f-bdc2-5b5e7f66cadc.jpg,True,3,0.02417066,0,7,convnext_256
d4e775a9-f278-4ce7-b75c-0021e8d11326.jpg,0,0,data/images/d4e775a9-f278-4ce7-b75c-0021e8d11326.jpg,True,1,0.93950844,1,8,convnext_256
afe7e1b2-5905-4f95-b4cd-0a458918cbf9.jpg,0,0,data/images/afe7e1b2-5905-4f95-b4cd-0a458918cbf9.jpg,True,2,0.025574636,0,8,convnext_256
9b672ab1-dc25-4fe1-aea5-d0e9ecbc610c.jpg,1,1,data/images/9b672ab1-dc25-4fe1-aea5-d0e9ecbc610c.jpg,True,0,0.9810548,1,7,convnext_256
afdd6d28-b20e-4327-b4e0-d8e68bdd0849.jpg,1,1,data/images/afdd6d28-b20e-4327-b4e0-d8e68bdd0849.jpg,True,3,0.6927317,1,7,convnext_256
fac6b398-68e8-4bdf-8ea2-628bd0681ee3.jpg,0,0,data/images/fac6b398-68e8-4bdf-8ea2-628bd0681ee3.jpg,True,4,0.05686492,0,7,convnext_256
014efe3b-59ef-406b-9daa-44144df9d1a1.jpg,1,1,data/images/014efe3b-59ef-406b-9daa-44144df9d1a1.jpg,True,1,0.97769094,1,8,convnext_256
a0e2a5df-22b1-40fd-804b-ead28df6fea4.jpg,1,1,data/images/a0e2a5df-22b1-40fd-804b-ead28df6fea4.jpg,True,2,0.9774414,1,8,convnext_256
791ae849-e676-4486-b293-bcb920111167.jpg,1,1,data/images/791ae849-e676-4486-b293-bcb920111167.jpg,True,0,0.8941729,1,7,convnext_256
3b49f65c-6cea-4071-8047-3912723f4640.jpg,0,0,data/images/3b49f65c-6cea-4071-8047-3912723f4640.jpg,True,0,0.03124135,0,7,convnext_256
f51d4b3d-e045-4e23-b2e9-029a1c65a137.jpg,0,0,data/images/f51d4b3d-e045-4e23-b2e9-029a1c65a137.jpg,True,4,0.027521266,0,7,convnext_256
1f7cecf5-945d-47d1-99f2-81db409c5723.jpg,1,1,data/images/1f7cecf5-945d-47d1-99f2-81db409c5723.jpg,True,1,0.98036134,1,8,convnext_256
59930fc6-e9c2-4f82-a81f-8aa74a147db4.jpg,1,1,data/images/59930fc6-e9c2-4f82-a81f-8aa74a147db4.jpg,True,3,0.9714559,1,7,convnext_256
14accb3e-16d6-489c-a82f-85a17938af37.jpg,0,0,data/images/14accb3e-16d6-489c-a82f-85a17938af37.jpg,True,2,0.9723166,1,8,convnext_256
39a180ed-6b0a-4469-8562-320cd32592e6.jpg,0,0,data/images/39a180ed-6b0a-4469-8562-320cd32592e6.jpg,True,2,0.35751086,0,8,convnext_256
e4742e91-5c3a-4237-b63b-58b9343a7034.jpg,1,1,data/images/e4742e91-5c3a-4237-b63b-58b9343a7034.jpg,True,1,0.9766442,1,8,convnext_256
49f7f3e0-84f6-4e2c-9b40-300a7d3794f4.jpg,1,1,data/images/49f7f3e0-84f6-4e2c-9b40-300a7d3794f4.jpg,True,4,0.9835719,1,7,convnext_256
71430f9f-eced-4cc4-9463-850e85917258.jpg,1,1,data/images/71430f9f-eced-4cc4-9463-850e85917258.jpg,True,3,0.97145444,1,7,convnext_256
fd580ecf-934c-431f-8646-ff7926428876.jpg,1,1,data/images/fd580ecf-934c-431f-8646-ff7926428876.jpg,True,0,0.9778087,1,7,convnext_256
427dff6e-56a0-46b7-9b58-5faeb9d71f30.jpg,1,1,data/images/427dff6e-56a0-46b7-9b58-5faeb9d71f30.jpg,True,0,0.9831427,1,7,convnext_256
2a47f25e-e627-4e34-9e3a-c1436c1b10f1.jpg,0,0,data/images/2a47f25e-e627-4e34-9e3a-c1436c1b10f1.jpg,True,1,0.029502185,0,8,convnext_256
30d7ff3e-cb16-4f2e-803a-93bfcbf889ed.jpg,0,0,data/images/30d7ff3e-cb16-4f2e-803a-93bfcbf889ed.jpg,True,2,0.013121099,0,8,convnext_256
f4d825ab-70be-441e-8c20-40bed7f96059.jpg,1,1,data/images/f4d825ab-70be-441e-8c20-40bed7f96059.jpg,True,4,0.97972494,1,7,convnext_256
ee0d8ce8-dd34-4483-ac11-98c8c6a72d77.jpg,1,1,data/images/ee0d8ce8-dd34-4483-ac11-98c8c6a72d77.jpg,True,3,0.9719468,1,7,convnext_256
488a1128-5cc4-49cf-9206-c34abf269eaf.jpg,0,0,data/images/488a1128-5cc4-49cf-9206-c34abf269eaf.jpg,True,2,0.16375118,0,8,convnext_256
0963c3f5-e999-45fc-9d40-bfc597a11036.jpg,1,1,data/images/0963c3f5-e999-45fc-9d40-bfc597a11036.jpg,True,0,0.9786163,1,7,convnext_256
8b8c1bfa-b4dc-41e5-98ea-277e4c292152.jpg,1,1,data/images/8b8c1bfa-b4dc-41e5-98ea-277e4c292152.jpg,True,4,0.27072528,0,7,convnext_256
cfc0f233-f623-4319-a669-30e58571742e.jpg,0,0,data/images/cfc0f233-f623-4319-a669-30e58571742e.jpg,True,3,0.036431625,0,7,convnext_256
b6ca8aea-27ac-4767-9bc7-bcf9fda13edd.jpg,1,1,data/images/b6ca8aea-27ac-4767-9bc7-bcf9fda13edd.jpg,True,1,0.96429783,1,8,convnext_256
05044900-08e6-4009-860a-3b84da0cd199.jpg,1,1,data/images/05044900-08e6-4009-860a-3b84da0cd199.jpg,True,4,0.07634798,0,7,convnext_256
210fcda7-367b-4f1d-a844-04fd2ac7da40.jpg,0,0,data/images/210fcda7-367b-4f1d-a844-04fd2ac7da40.jpg,True,3,0.05790978,0,7,convnext_256
76089e9a-8dd4-4c04-9424-bb9af2340662.jpg,0,0,data/images/76089e9a-8dd4-4c04-9424-bb9af2340662.jpg,True,2,0.012157428,0,8,convnext_256
74753cf9-0867-4a61-89e0-b408b493e05c.jpg,1,1,data/images/74753cf9-0867-4a61-89e0-b408b493e05c.jpg,True,0,0.9744734,1,7,convnext_256
f14a9c77-5bee-4a3f-9d5b-7b67281d9764.jpg,1,1,data/images/f14a9c77-5bee-4a3f-9d5b-7b67281d9764.jpg,True,1,0.9691144,1,8,convnext_256
c90d3b8a-cccd-4cd0-b121-7bd3a58e9175.jpg,1,1,data/images/c90d3b8a-cccd-4cd0-b121-7bd3a58e9175.jpg,True,1,0.9657665,1,8,convnext_256
b2c577d2-728f-43d9-b003-50790883c880.jpg,0,0,data/images/b2c577d2-728f-43d9-b003-50790883c880.jpg,True,4,0.8005627,1,7,convnext_256
77e22367-f056-471a-ac9c-e353799113ee.jpg,0,0,data/images/77e22367-f056-471a-ac9c-e353799113ee.jpg,True,0,0.38123026,0,7,convnext_256
a6dfcecc-3939-416d-bbac-1fe34cdced2c.jpg,0,0,data/images/a6dfcecc-3939-416d-bbac-1fe34cdced2c.jpg,True,3,0.028985608,0,7,convnext_256
c08d639e-4fc4-46b0-acdc-aace448e0f6d.jpg,0,0,data/images/c08d639e-4fc4-46b0-acdc-aace448e0f6d.jpg,True,2,0.16123125,0,8,convnext_256
4b497dd2-0382-499e-b600-2d39c8836a2c.jpg,1,1,data/images/4b497dd2-0382-499e-b600-2d39c8836a2c.jpg,True,1,0.96576816,1,8,convnext_256
d5fb0fc5-dcf4-4284-b223-61463529c96f.jpg,0,0,data/images/d5fb0fc5-dcf4-4284-b223-61463529c96f.jpg,True,4,0.031264775,0,7,convnext_256
aa4e6a19-ac5d-4f6f-81ec-ac009eee45da.jpg,0,0,data/images/aa4e6a19-ac5d-4f6f-81ec-ac009eee45da.jpg,True,0,0.032871738,0,7,convnext_256
daa27bd1-e506-4ff9-aaf5-0b2866b80c3c.jpg,0,0,data/images/daa27bd1-e506-4ff9-aaf5-0b2866b80c3c.jpg,True,3,0.021305768,0,7,convnext_256
171ae428-b1d4-4989-b202-65d7e02ca429.jpg,1,1,data/images/171ae428-b1d4-4989-b202-65d7e02ca429.jpg,True,2,0.98605806,1,8,convnext_256
6f8499c7-f47b-4af2-b503-a265feea4a1b.jpg,0,0,data/images/6f8499c7-f47b-4af2-b503-a265feea4a1b.jpg,True,1,0.050520778,0,8,convnext_256
9ccfed70-e20c-41d9-9c25-b0a3944ace98.jpg,1,1,data/images/9ccfed70-e20c-41d9-9c25-b0a3944ace98.jpg,True,4,0.026997713,0,7,convnext_256
4bdc23a3-bb99-4b53-ab7e-b53205ffffa0.jpg,0,0,data/images/4bdc23a3-bb99-4b53-ab7e-b53205ffffa0.jpg,True,3,0.04873637,0,7,convnext_256
6d274099-2438-4bfd-bc60-12d2b576f1f6.jpg,0,0,data/images/6d274099-2438-4bfd-bc60-12d2b576f1f6.jpg,True,0,0.9719365,1,7,convnext_256
1ef3366d-ff79-44f7-a4e6-c1e94d421d4f.jpg,0,0,data/images/1ef3366d-ff79-44f7-a4e6-c1e94d421d4f.jpg,True,2,0.90321,1,8,convnext_256
97b0aac9-8fd1-4b96-b2d5-04c05db246ed.jpg,1,1,data/images/97b0aac9-8fd1-4b96-b2d5-04c05db246ed.jpg,True,0,0.9772972,1,7,convnext_256
2764021f-1600-47dd-817a-202b32c5fd97.jpg,1,1,data/images/2764021f-1600-47dd-817a-202b32c5fd97.jpg,True,1,0.9739662,1,8,convnext_256
7d41589c-6f83-4f30-a3ea-a6967fc006c6.jpg,0,0,data/images/7d41589c-6f83-4f30-a3ea-a6967fc006c6.jpg,True,2,0.10196486,0,8,convnext_256
7efb156a-d705-44bd-b08c-f6bc087d077a.jpg,1,1,data/images/7efb156a-d705-44bd-b08c-f6bc087d077a.jpg,True,4,0.029471114,0,7,convnext_256
18a16560-0e64-4b36-8e2c-fbd719282c00.jpg,1,1,data/images/18a16560-0e64-4b36-8e2c-fbd719282c00.jpg,True,3,0.98538107,1,7,convnext_256
fd717566-9f5c-4c73-a92f-4ceba8c07edc.jpg,0,0,data/images/fd717566-9f5c-4c73-a92f-4ceba8c07edc.jpg,True,3,0.018371409,0,7,convnext_256
22279eb0-95c0-4bab-ba2f-a5960a6ddbd6.jpg,1,1,data/images/22279eb0-95c0-4bab-ba2f-a5960a6ddbd6.jpg,True,0,0.968099,1,7,convnext_256
9ae10c4e-0473-4363-a00c-aa02e27b32f7.jpg,0,0,data/images/9ae10c4e-0473-4363-a00c-aa02e27b32f7.jpg,True,4,0.017093368,0,7,convnext_256
4fafbc34-af6e-4834-8e1b-ef786296fa48.jpg,0,0,data/images/4fafbc34-af6e-4834-8e1b-ef786296fa48.jpg,True,2,0.590755,1,8,convnext_256
4e47953f-aeaf-4c54-929f-296bb96cd927.jpg,1,1,data/images/4e47953f-aeaf-4c54-929f-296bb96cd927.jpg,True,1,0.9746621,1,8,convnext_256
e93b4676-52a2-4627-83d4-c66d825be27f.jpg,0,0,data/images/e93b4676-52a2-4627-83d4-c66d825be27f.jpg,True,2,0.84485865,1,8,convnext_256
e02469a7-f1c5-4b30-b5fb-506eb34534cb.jpg,0,0,data/images/e02469a7-f1c5-4b30-b5fb-506eb34534cb.jpg,True,4,0.019741207,0,7,convnext_256
b1252a78-866f-49fd-9789-f621751801aa.jpg,0,0,data/images/b1252a78-866f-49fd-9789-f621751801aa.jpg,True,1,0.024113873,0,8,convnext_256
5932fdb5-4398-42d8-b95e-9734c2e54e65.jpg,1,1,data/images/5932fdb5-4398-42d8-b95e-9734c2e54e65.jpg,True,0,0.9748701,1,7,convnext_256
97749a36-ce29-4c19-b32e-c3dd502f75dc.jpg,0,0,data/images/97749a36-ce29-4c19-b32e-c3dd502f75dc.jpg,True,3,0.16927099,0,7,convnext_256
b8aa1443-e60f-42df-a091-de2baba5e991.jpg,0,0,data/images/b8aa1443-e60f-42df-a091-de2baba5e991.jpg,True,4,0.033152997,0,7,convnext_256
c41164dc-dd9d-4851-a716-c4953f95a3c8.jpg,0,0,data/images/c41164dc-dd9d-4851-a716-c4953f95a3c8.jpg,True,1,0.034518156,0,8,convnext_256
333d97a2-9b6c-424b-a8bb-a7b42fa18cf1.jpg,1,1,data/images/333d97a2-9b6c-424b-a8bb-a7b42fa18cf1.jpg,True,2,0.96720797,1,8,convnext_256
b03bc8b5-932f-49a4-a6ef-164a56ee54f2.jpg,1,1,data/images/b03bc8b5-932f-49a4-a6ef-164a56ee54f2.jpg,True,3,0.44510764,0,7,convnext_256
10cbd288-4f4b-4717-a803-470f4a1629a1.jpg,1,1,data/images/10cbd288-4f4b-4717-a803-470f4a1629a1.jpg,True,0,0.9739613,1,7,convnext_256
84a2a3c9-b0eb-4ab5-a4f2-2c465df9d067.jpg,1,1,data/images/84a2a3c9-b0eb-4ab5-a4f2-2c465df9d067.jpg,True,3,0.9754352,1,7,convnext_256
b3900f47-075d-4cd4-a5f1-9119f8ede279.jpg,1,1,data/images/b3900f47-075d-4cd4-a5f1-9119f8ede279.jpg,True,0,0.97654,1,7,convnext_256
9d4b4537-7878-4686-8219-76d167bd4e3d.jpg,0,0,data/images/9d4b4537-7878-4686-8219-76d167bd4e3d.jpg,True,1,0.019481877,0,8,convnext_256
c2270044-d45c-41a8-a4f6-315e5d411950.jpg,0,0,data/images/c2270044-d45c-41a8-a4f6-315e5d411950.jpg,True,4,0.5275394,1,7,convnext_256
19a947b5-6e70-4e34-90ce-f159fb0a4302.jpg,1,1,data/images/19a947b5-6e70-4e34-90ce-f159fb0a4302.jpg,True,2,0.95851964,1,8,convnext_256
b75cf6bc-ec5f-4da2-a81c-2dc9d8a26887.jpg,1,1,data/images/b75cf6bc-ec5f-4da2-a81c-2dc9d8a26887.jpg,True,3,0.9815077,1,7,convnext_256
771c6479-bacd-4f3b-8caf-777fb754288d.jpg,0,0,data/images/771c6479-bacd-4f3b-8caf-777fb754288d.jpg,True,0,0.019563489,0,7,convnext_256
6acd72d2-18b7-4fe1-93c9-916d41b6db90.jpg,0,0,data/images/6acd72d2-18b7-4fe1-93c9-916d41b6db90.jpg,True,1,0.039342828,0,8,convnext_256
bcc76b75-d441-485f-8dde-6446ae76d883.jpg,1,1,data/images/bcc76b75-d441-485f-8dde-6446ae76d883.jpg,True,4,0.9836512,1,7,convnext_256
eed9988d-a44c-428f-a5b0-a0f652df4809.jpg,0,0,data/images/eed9988d-a44c-428f-a5b0-a0f652df4809.jpg,True,2,0.020487906,0,8,convnext_256
cf0e426a-0d6a-44bf-86a1-ee9b59444d86.jpg,1,1,data/images/cf0e426a-0d6a-44bf-86a1-ee9b59444d86.jpg,True,1,0.9703907,1,8,convnext_256
54dd21f1-3ec2-4ca7-ac8c-4d16754ba00a.jpg,0,0,data/images/54dd21f1-3ec2-4ca7-ac8c-4d16754ba00a.jpg,True,0,0.014763434,0,7,convnext_256
eade75a4-d35a-4d9a-b64c-50309d2ca8bf.jpg,1,1,data/images/eade75a4-d35a-4d9a-b64c-50309d2ca8bf.jpg,True,2,0.9647664,1,8,convnext_256
53904d78-6083-45cd-8765-05b4e99e0611.jpg,0,0,data/images/53904d78-6083-45cd-8765-05b4e99e0611.jpg,True,4,0.014238058,0,7,convnext_256
ced8ee7d-7cba-42de-8493-d0771f318f7b.jpg,0,0,data/images/ced8ee7d-7cba-42de-8493-d0771f318f7b.jpg,True,3,0.19110985,0,7,convnext_256
c0edc8ca-528f-4cf2-8704-aded7f50c945.jpg,0,0,data/images/c0edc8ca-528f-4cf2-8704-aded7f50c945.jpg,True,2,0.027410692,0,8,convnext_256
1026f7b9-36d4-411b-82d4-59d83d056512.jpg,0,0,data/images/1026f7b9-36d4-411b-82d4-59d83d056512.jpg,True,4,0.4500506,0,7,convnext_256
cef28218-0090-4b0e-99ac-4c9b7a7619e7.jpg,0,0,data/images/cef28218-0090-4b0e-99ac-4c9b7a7619e7.jpg,True,3,0.3934903,0,7,convnext_256
2b8d3b7a-27b2-4867-8166-371759ffc0fb.jpg,1,1,data/images/2b8d3b7a-27b2-4867-8166-371759ffc0fb.jpg,True,0,0.95829636,1,7,convnext_256
175b1f0a-3aac-4588-a5fe-f8d12ef6ef99.jpg,0,0,data/images/175b1f0a-3aac-4588-a5fe-f8d12ef6ef99.jpg,True,1,0.017505778,0,8,convnext_256
2c2a6d2a-908f-4f93-8d38-4a331ac0951a.jpg,1,1,data/images/2c2a6d2a-908f-4f93-8d38-4a331ac0951a.jpg,True,4,0.96656245,1,7,convnext_256
d86d29e8-63b4-4b07-b799-8672f02b462a.jpg,1,1,data/images/d86d29e8-63b4-4b07-b799-8672f02b462a.jpg,True,2,0.9818756,1,8,convnext_256
56fd26b4-f95d-4543-bc93-be0409c9d0b3.jpg,1,1,data/images/56fd26b4-f95d-4543-bc93-be0409c9d0b3.jpg,True,3,0.97554284,1,7,convnext_256
5af596b3-e978-40ad-bd1f-3faf59ffaf2a.jpg,1,1,data/images/5af596b3-e978-40ad-bd1f-3faf59ffaf2a.jpg,True,0,0.9796506,1,7,convnext_256
45c9fa02-260c-4293-b816-6083988ebfab.jpg,0,0,data/images/45c9fa02-260c-4293-b816-6083988ebfab.jpg,True,1,0.2824926,0,8,convnext_256
fb0a849d-6569-43ba-a134-b772c5ca896a.jpg,0,0,data/images/fb0a849d-6569-43ba-a134-b772c5ca896a.jpg,True,3,0.029030778,0,7,convnext_256
9ca86ebe-555c-4347-834e-da62514e456c.jpg,0,0,data/images/9ca86ebe-555c-4347-834e-da62514e456c.jpg,True,4,0.037929386,0,7,convnext_256
5f70b938-bf1e-4ac7-87f1-a55200f76ae2.jpg,0,0,data/images/5f70b938-bf1e-4ac7-87f1-a55200f76ae2.jpg,True,0,0.15673378,0,7,convnext_256
0cb04cc8-fa8c-4635-8d48-62df2dbc32df.jpg,0,0,data/images/0cb04cc8-fa8c-4635-8d48-62df2dbc32df.jpg,True,2,0.020613888,0,8,convnext_256
3b3d1a6b-d311-4384-a141-129e16dfb4fe.jpg,1,1,data/images/3b3d1a6b-d311-4384-a141-129e16dfb4fe.jpg,True,1,0.97641265,1,8,convnext_256
72d73d2b-c5bd-466f-85c1-d54de2b38e34.jpg,0,0,data/images/72d73d2b-c5bd-466f-85c1-d54de2b38e34.jpg,True,4,0.31865704,0,7,convnext_256
ef9a140c-9eac-47d2-89a2-671e6333c18e.jpg,1,1,data/images/ef9a140c-9eac-47d2-89a2-671e6333c18e.jpg,True,3,0.97806203,1,7,convnext_256
46272ffa-5d1e-4a7c-ab8d-67623496344b.jpg,1,1,data/images/46272ffa-5d1e-4a7c-ab8d-67623496344b.jpg,True,0,0.86686164,1,7,convnext_256
92824363-7da2-4416-ae07-400164bb2001.jpg,1,1,data/images/92824363-7da2-4416-ae07-400164bb2001.jpg,True,2,0.9479122,1,8,convnext_256
103e9e5c-3b46-4e20-a62a-e14dc2b887ef.jpg,0,0,data/images/103e9e5c-3b46-4e20-a62a-e14dc2b887ef.jpg,True,1,0.01707828,0,8,convnext_256
cb65e5a2-dbb1-4f18-ac31-1ee5edfc24d7.jpg,0,0,data/images/cb65e5a2-dbb1-4f18-ac31-1ee5edfc24d7.jpg,True,0,0.0142182885,0,7,convnext_256
f45c8ef4-912f-4124-8420-d0e3f58f1f03.jpg,1,1,data/images/f45c8ef4-912f-4124-8420-d0e3f58f1f03.jpg,True,2,0.9592383,1,8,convnext_256
4409d6f9-5285-4bd1-9627-39c758094c0b.jpg,1,1,data/images/4409d6f9-5285-4bd1-9627-39c758094c0b.jpg,True,1,0.9736062,1,8,convnext_256
25ee8256-5a72-429f-b5c1-b0985f164e8a.jpg,0,0,data/images/25ee8256-5a72-429f-b5c1-b0985f164e8a.jpg,True,4,0.015908109,0,7,convnext_256
e894416e-e61b-4eb1-9a2f-e08a3a0c0093.jpg,0,0,data/images/e894416e-e61b-4eb1-9a2f-e08a3a0c0093.jpg,True,3,0.013202574,0,7,convnext_256
1646b316-bcca-4e30-a389-2511e2cce6a5.jpg,0,0,data/images/1646b316-bcca-4e30-a389-2511e2cce6a5.jpg,True,4,0.019292135,0,7,convnext_256
c546ad9a-2643-495d-9837-5cef7836fc22.jpg,0,0,data/images/c546ad9a-2643-495d-9837-5cef7836fc22.jpg,True,1,0.35201815,0,8,convnext_256
81bcc9de-f7ee-4365-ad00-c8a5bb7de955.jpg,0,0,data/images/81bcc9de-f7ee-4365-ad00-c8a5bb7de955.jpg,True,0,0.9718522,1,7,convnext_256
29361570-d6c6-419e-8fc5-956f35509bed.jpg,0,0,data/images/29361570-d6c6-419e-8fc5-956f35509bed.jpg,True,3,0.28397122,0,7,convnext_256
08709f2e-c08a-4390-8e10-6c40f3464dea.jpg,1,1,data/images/08709f2e-c08a-4390-8e10-6c40f3464dea.jpg,True,2,0.97495645,1,8,convnext_256
7678a293-3901-4e1c-9a6f-5f5d528b0e9a.jpg,0,0,data/images/7678a293-3901-4e1c-9a6f-5f5d528b0e9a.jpg,True,1,0.9670109,1,8,convnext_256
3f4987da-ce93-46f4-a6d7-77edd5711eec.jpg,0,0,data/images/3f4987da-ce93-46f4-a6d7-77edd5711eec.jpg,True,3,0.9732593,1,7,convnext_256
a3f310e2-d98f-4578-af58-a5f9b8d72ad1.jpg,0,0,data/images/a3f310e2-d98f-4578-af58-a5f9b8d72ad1.jpg,True,0,0.08540083,0,7,convnext_256
55563b63-5924-4648-b252-31e149c7626d.jpg,0,0,data/images/55563b63-5924-4648-b252-31e149c7626d.jpg,True,4,0.017069029,0,7,convnext_256
404b0fdb-d4a7-436d-a3ed-edc68d78ee36.jpg,0,0,data/images/404b0fdb-d4a7-436d-a3ed-edc68d78ee36.jpg,True,2,0.02886921,0,8,convnext_256
3bc26b35-38a7-4aa4-bd09-7d28bf49b1dc.jpg,1,1,data/images/3bc26b35-38a7-4aa4-bd09-7d28bf49b1dc.jpg,True,3,0.97958106,1,7,convnext_256
dc69aa9c-2edb-49d4-9a05-127919b728ea.jpg,0,0,data/images/dc69aa9c-2edb-49d4-9a05-127919b728ea.jpg,True,4,0.05339538,0,7,convnext_256
5d256e29-360b-4727-a780-f9fdfca7597e.jpg,1,1,data/images/5d256e29-360b-4727-a780-f9fdfca7597e.jpg,True,0,0.9685988,1,7,convnext_256
0e943491-b9a4-483f-99d5-f7260d20d3d5.jpg,0,0,data/images/0e943491-b9a4-483f-99d5-f7260d20d3d5.jpg,True,1,0.021388529,0,8,convnext_256
f1b01644-b5ff-433a-b43e-982593125883.jpg,0,0,data/images/f1b01644-b5ff-433a-b43e-982593125883.jpg,True,2,0.029492278,0,8,convnext_256
003a55e2-901d-4e2a-b6ab-186041ee792d.jpg,0,0,data/images/003a55e2-901d-4e2a-b6ab-186041ee792d.jpg,True,1,0.030939411,0,8,convnext_256
a8f1ff1f-fa59-4ed8-b007-7c392688e41d.jpg,0,0,data/images/a8f1ff1f-fa59-4ed8-b007-7c392688e41d.jpg,True,3,0.026947042,0,7,convnext_256
09184418-de1b-40d5-98a3-b81ae2c382e4.jpg,0,0,data/images/09184418-de1b-40d5-98a3-b81ae2c382e4.jpg,True,4,0.016542904,0,7,convnext_256
ef30104d-7381-4c9e-b84b-907c101b4928.jpg,1,1,data/images/ef30104d-7381-4c9e-b84b-907c101b4928.jpg,True,0,0.98147905,1,7,convnext_256
097c65d4-fe7d-4256-8825-2de7bd0fb704.jpg,0,0,data/images/097c65d4-fe7d-4256-8825-2de7bd0fb704.jpg,True,2,0.03024213,0,8,convnext_256
f1f63f8a-f804-463e-9972-5a1ea5de5ceb.jpg,0,0,data/images/f1f63f8a-f804-463e-9972-5a1ea5de5ceb.jpg,True,0,0.01592496,0,7,convnext_256
a7220d23-71b2-4fcc-a79e-b0f3031da370.jpg,0,0,data/images/a7220d23-71b2-4fcc-a79e-b0f3031da370.jpg,True,2,0.94138885,1,8,convnext_256
245396c1-0b90-4e56-b808-dadf1ed55fbf.jpg,1,1,data/images/245396c1-0b90-4e56-b808-dadf1ed55fbf.jpg,True,4,0.9754667,1,7,convnext_256
af5f383c-2498-4f42-a0d7-fb846c899431.jpg,1,1,data/images/af5f383c-2498-4f42-a0d7-fb846c899431.jpg,True,3,0.9718535,1,7,convnext_256
1f0be05c-5dd3-4614-9796-4c7fc203630c.jpg,1,1,data/images/1f0be05c-5dd3-4614-9796-4c7fc203630c.jpg,True,1,0.9789964,1,8,convnext_256
1b25b800-f2e7-4f51-97af-e6ec772f41f3.jpg,1,1,data/images/1b25b800-f2e7-4f51-97af-e6ec772f41f3.jpg,True,4,0.97939974,1,7,convnext_256
009eeb23-c531-43fc-808d-2646d604a787.jpg,0,0,data/images/009eeb23-c531-43fc-808d-2646d604a787.jpg,True,0,0.01750572,0,7,convnext_256
b7af020b-2f0e-4b59-9aab-c2be49549a75.jpg,0,0,data/images/b7af020b-2f0e-4b59-9aab-c2be49549a75.jpg,True,2,0.019488424,0,8,convnext_256
133f949a-0341-43a0-8bce-869d3e961f8c.jpg,0,0,data/images/133f949a-0341-43a0-8bce-869d3e961f8c.jpg,True,3,0.85909253,1,7,convnext_256
c2f64790-9fd6-44fd-b10e-554e0154f89e.jpg,1,1,data/images/c2f64790-9fd6-44fd-b10e-554e0154f89e.jpg,True,1,0.9781204,1,8,convnext_256
90641c4b-823c-45ed-9a6b-aa7044846bf0.jpg,0,0,data/images/90641c4b-823c-45ed-9a6b-aa7044846bf0.jpg,True,0,0.029957367,0,7,convnext_256
712d41b7-3117-4ca1-bd25-9951d2de9965.jpg,0,0,data/images/712d41b7-3117-4ca1-bd25-9951d2de9965.jpg,True,2,0.024305513,0,8,convnext_256
7bdd3693-6427-4dbd-9de2-703c3d2b11d1.jpg,1,1,data/images/7bdd3693-6427-4dbd-9de2-703c3d2b11d1.jpg,True,1,0.98322153,1,8,convnext_256
226f819f-b431-463b-88d6-215dc0ef27e8.jpg,1,1,data/images/226f819f-b431-463b-88d6-215dc0ef27e8.jpg,True,3,0.6729725,1,7,convnext_256
023d95bb-1360-4862-a77b-3c9d612baf1b.jpg,0,0,data/images/023d95bb-1360-4862-a77b-3c9d612baf1b.jpg,True,4,0.0347558,0,7,convnext_256
7afcfdc2-4785-462a-a988-58945eaaf4d8.jpg,0,0,data/images/7afcfdc2-4785-462a-a988-58945eaaf4d8.jpg,True,0,0.02460519,0,7,convnext_256
2e8ced6a-bacf-492d-9345-c33f220325a4.jpg,0,0,data/images/2e8ced6a-bacf-492d-9345-c33f220325a4.jpg,True,4,0.023334237,0,7,convnext_256
cd06b0ae-099f-476c-8237-4773fb4c246d.jpg,1,1,data/images/cd06b0ae-099f-476c-8237-4773fb4c246d.jpg,True,3,0.97168577,1,7,convnext_256
0f349e7d-edc3-46fd-985b-212972182e06.jpg,0,0,data/images/0f349e7d-edc3-46fd-985b-212972182e06.jpg,True,1,0.87426066,1,8,convnext_256
24ce4b4c-d37b-4f00-b49b-6d98cefb8019.jpg,0,0,data/images/24ce4b4c-d37b-4f00-b49b-6d98cefb8019.jpg,True,2,0.013591552,0,8,convnext_256
bde49628-64ba-4a30-b485-c8f2488431ff.jpg,0,0,data/images/bde49628-64ba-4a30-b485-c8f2488431ff.jpg,True,2,0.03568783,0,8,convnext_256
d2330b38-a43f-4659-8101-a10b4c460c60.jpg,0,0,data/images/d2330b38-a43f-4659-8101-a10b4c460c60.jpg,True,3,0.015332205,0,7,convnext_256
40e2ce86-288f-4a9d-8234-4244b381baf1.jpg,0,0,data/images/40e2ce86-288f-4a9d-8234-4244b381baf1.jpg,True,1,0.026772376,0,8,convnext_256
fdadb0d2-ee90-4d64-86c1-b7fb2e780045.jpg,1,1,data/images/fdadb0d2-ee90-4d64-86c1-b7fb2e780045.jpg,True,0,0.98335683,1,7,convnext_256
6e386de0-290f-45f7-96e8-8de0fc801dcd.jpg,1,1,data/images/6e386de0-290f-45f7-96e8-8de0fc801dcd.jpg,True,4,0.98054034,1,7,convnext_256
7a9c5a3a-6b38-4c1f-bedf-b6beca26003b.jpg,0,0,data/images/7a9c5a3a-6b38-4c1f-bedf-b6beca26003b.jpg,True,1,0.021746604,0,8,convnext_256
b7c2d479-2e0e-411a-945d-4df295a4892d.jpg,1,1,data/images/b7c2d479-2e0e-411a-945d-4df295a4892d.jpg,True,2,0.9810395,1,8,convnext_256
be7d36f9-be61-4d89-9a39-7dc5447352e4.jpg,0,0,data/images/be7d36f9-be61-4d89-9a39-7dc5447352e4.jpg,True,4,0.01927926,0,7,convnext_256
4e69358d-4129-4aa2-8df3-892c879fcd7b.jpg,0,0,data/images/4e69358d-4129-4aa2-8df3-892c879fcd7b.jpg,True,0,0.04598133,0,7,convnext_256
f5a257db-ab26-4354-952d-b75e51e16eb5.jpg,1,1,data/images/f5a257db-ab26-4354-952d-b75e51e16eb5.jpg,True,3,0.75999874,1,7,convnext_256
72358fda-41dd-4844-878d-f07a465307a6.jpg,0,0,data/images/72358fda-41dd-4844-878d-f07a465307a6.jpg,True,2,0.5607291,1,8,convnext_256
87c215e7-9056-437e-bd79-07ab8008b064.jpg,1,1,data/images/87c215e7-9056-437e-bd79-07ab8008b064.jpg,True,0,0.9766376,1,7,convnext_256
46b1f143-d686-4a69-b09e-1111bdf1ef11.jpg,1,1,data/images/46b1f143-d686-4a69-b09e-1111bdf1ef11.jpg,True,3,0.9722201,1,7,convnext_256
42170c51-931c-45b8-ac94-a7de0bab98d5.jpg,0,0,data/images/42170c51-931c-45b8-ac94-a7de0bab98d5.jpg,True,4,0.47092786,0,7,convnext_256
1a108e5c-987d-4d88-94a9-10127d07d7d0.jpg,1,1,data/images/1a108e5c-987d-4d88-94a9-10127d07d7d0.jpg,True,1,0.97517157,1,8,convnext_256
cccc372c-34c3-4a47-9ec1-727932810b37.jpg,1,1,data/images/cccc372c-34c3-4a47-9ec1-727932810b37.jpg,True,3,0.9679758,1,7,convnext_256
5ca258c7-64a5-45e5-9ca1-50651131f6d4.jpg,0,0,data/images/5ca258c7-64a5-45e5-9ca1-50651131f6d4.jpg,True,4,0.030068059,0,7,convnext_256
7d8f671f-f329-4571-80f2-893972e568a3.jpg,1,1,data/images/7d8f671f-f329-4571-80f2-893972e568a3.jpg,True,2,0.97253597,1,8,convnext_256
635d1996-c44a-4d7e-9ba7-ddfc84483d5d.jpg,0,0,data/images/635d1996-c44a-4d7e-9ba7-ddfc84483d5d.jpg,True,0,0.02873758,0,7,convnext_256
053d9758-d647-4e35-bcc1-aa7804c7725a.jpg,0,0,data/images/053d9758-d647-4e35-bcc1-aa7804c7725a.jpg,True,1,0.025537781,0,8,convnext_256
300074eb-3f06-491a-9aa6-5c1a7aa4f8a3.jpg,0,0,data/images/300074eb-3f06-491a-9aa6-5c1a7aa4f8a3.jpg,True,4,0.47694486,0,7,convnext_256
045c0f6b-a9d2-4f07-9020-dd62b5c73ab0.jpg,0,0,data/images/045c0f6b-a9d2-4f07-9020-dd62b5c73ab0.jpg,True,3,0.809007,1,7,convnext_256
272cea9b-7a45-4c84-91c9-2616feb7d450.jpg,1,1,data/images/272cea9b-7a45-4c84-91c9-2616feb7d450.jpg,True,1,0.97782886,1,8,convnext_256
d5306a82-404c-44c8-bfb2-7bd8e17a22a0.jpg,1,1,data/images/d5306a82-404c-44c8-bfb2-7bd8e17a22a0.jpg,True,2,0.9829838,1,8,convnext_256
576df7c0-e49c-456f-ada4-9384e2d5c5cb.jpg,1,1,data/images/576df7c0-e49c-456f-ada4-9384e2d5c5cb.jpg,True,0,0.9736438,1,7,convnext_256
3b0bcda2-64a3-4410-ae88-b11cd9d25b80.jpg,1,1,data/images/3b0bcda2-64a3-4410-ae88-b11cd9d25b80.jpg,True,3,0.98131424,1,7,convnext_256
a4c7497c-d476-4a29-9df1-b1b5b1a09c14.jpg,1,1,data/images/a4c7497c-d476-4a29-9df1-b1b5b1a09c14.jpg,True,0,0.9735605,1,7,convnext_256
b580b083-e90e-4477-8a01-a12df2728aab.jpg,0,0,data/images/b580b083-e90e-4477-8a01-a12df2728aab.jpg,True,4,0.019120049,0,7,convnext_256
18a3115a-0397-4b0c-b8ef-eb20f968930f.jpg,0,0,data/images/18a3115a-0397-4b0c-b8ef-eb20f968930f.jpg,True,1,0.013112173,0,8,convnext_256
2faabb59-c1e4-44a8-8da3-9dd993670822.jpg,1,1,data/images/2faabb59-c1e4-44a8-8da3-9dd993670822.jpg,True,2,0.91675156,1,8,convnext_256
b58a0264-3030-4366-bd02-51c97a0b7374.jpg,0,0,data/images/b58a0264-3030-4366-bd02-51c97a0b7374.jpg,True,2,0.3214987,0,8,convnext_256
0e8edd5e-52ba-4ab1-88a8-ea53c941055f.jpg,0,0,data/images/0e8edd5e-52ba-4ab1-88a8-ea53c941055f.jpg,True,3,0.011259405,0,7,convnext_256
2634f297-0087-408a-af5f-9d57d34d13ec.jpg,1,1,data/images/2634f297-0087-408a-af5f-9d57d34d13ec.jpg,True,0,0.906462,1,7,convnext_256
b3c6b424-b733-46fe-b876-d80088210cb5.jpg,1,1,data/images/b3c6b424-b733-46fe-b876-d80088210cb5.jpg,True,4,0.9571594,1,7,convnext_256
ae0a7987-f6f6-441e-adb4-4756069193ce.jpg,1,1,data/images/ae0a7987-f6f6-441e-adb4-4756069193ce.jpg,True,1,0.82343805,1,8,convnext_256
1362496a-bf0f-4551-a907-4f880f3eb114.jpg,0,0,data/images/1362496a-bf0f-4551-a907-4f880f3eb114.jpg,True,4,0.013008669,0,7,convnext_256
0d0cbf1e-8320-4d14-b6be-36e2df4e11c1.jpg,0,0,data/images/0d0cbf1e-8320-4d14-b6be-36e2df4e11c1.jpg,True,3,0.01793243,0,7,convnext_256
33db4d2b-fc8c-4c7d-a159-b960ee3612ff.jpg,0,0,data/images/33db4d2b-fc8c-4c7d-a159-b960ee3612ff.jpg,True,0,0.6746604,1,7,convnext_256
4f821dde-a75f-4534-a3f0-ad33d0a664be.jpg,0,0,data/images/4f821dde-a75f-4534-a3f0-ad33d0a664be.jpg,True,1,0.03592426,0,8,convnext_256
4f696100-ed04-4683-80ab-91fcb4c314b4.jpg,1,1,data/images/4f696100-ed04-4683-80ab-91fcb4c314b4.jpg,True,2,0.9814895,1,8,convnext_256
2fee2376-9bed-478d-8395-ae0bb7754e0d.jpg,1,1,data/images/2fee2376-9bed-478d-8395-ae0bb7754e0d.jpg,True,0,0.98065543,1,7,convnext_256
02851192-5784-4fff-a1fb-dde50cbee4cf.jpg,0,0,data/images/02851192-5784-4fff-a1fb-dde50cbee4cf.jpg,True,4,0.015822254,0,7,convnext_256
0a16b455-0dd3-41b9-96d9-305dc1f8b777.jpg,0,0,data/images/0a16b455-0dd3-41b9-96d9-305dc1f8b777.jpg,True,2,0.02036744,0,8,convnext_256
629ca1ee-5413-4ad2-b3ce-3ad65a83bc4a.jpg,1,1,data/images/629ca1ee-5413-4ad2-b3ce-3ad65a83bc4a.jpg,True,1,0.97180057,1,8,convnext_256
eae63724-0193-4bde-a235-36e8cc184d9e.jpg,1,1,data/images/eae63724-0193-4bde-a235-36e8cc184d9e.jpg,True,3,0.9885245,1,7,convnext_256
6718d9f9-0760-4794-bcbc-d4cb07e078d7.jpg,0,0,data/images/6718d9f9-0760-4794-bcbc-d4cb07e078d7.jpg,True,2,0.019472519,0,8,convnext_256
8fe5a9eb-8148-4a4a-b664-e62a478d51b9.jpg,1,1,data/images/8fe5a9eb-8148-4a4a-b664-e62a478d51b9.jpg,True,0,0.9514054,1,7,convnext_256
16e7668b-cf57-415a-811b-0a502ddd3bc2.jpg,0,0,data/images/16e7668b-cf57-415a-811b-0a502ddd3bc2.jpg,True,4,0.5918377,1,7,convnext_256
b1d47fcb-837d-43ca-aeb0-c5ba05c83334.jpg,1,1,data/images/b1d47fcb-837d-43ca-aeb0-c5ba05c83334.jpg,True,1,0.9742397,1,8,convnext_256
858b0cc4-3023-457b-b7c9-fbac6b83d60f.jpg,0,0,data/images/858b0cc4-3023-457b-b7c9-fbac6b83d60f.jpg,True,3,0.049317624,0,7,convnext_256
18ddd286-e7ad-4c8c-8f4e-4aa95e49e735.jpg,1,1,data/images/18ddd286-e7ad-4c8c-8f4e-4aa95e49e735.jpg,True,4,0.9650142,1,7,convnext_256
6a92ab94-e380-46c4-b9c0-3c060c5c4137.jpg,1,1,data/images/6a92ab94-e380-46c4-b9c0-3c060c5c4137.jpg,True,2,0.9794723,1,8,convnext_256
461c8d59-6470-4ad1-a597-63a34ded4ee6.jpg,0,0,data/images/461c8d59-6470-4ad1-a597-63a34ded4ee6.jpg,True,0,0.023497054,0,7,convnext_256
c7ce05c6-f11c-4c4e-990e-19099f760a25.jpg,0,0,data/images/c7ce05c6-f11c-4c4e-990e-19099f760a25.jpg,True,3,0.027175574,0,7,convnext_256
586983c7-0fbc-412d-a6a2-d3a3aa4a58b8.jpg,0,0,data/images/586983c7-0fbc-412d-a6a2-d3a3aa4a58b8.jpg,True,1,0.022263536,0,8,convnext_256
8c103d7a-0e25-4a12-8b48-8e2769ef3b5a.jpg,0,0,data/images/8c103d7a-0e25-4a12-8b48-8e2769ef3b5a.jpg,True,4,0.029957525,0,7,convnext_256
fdcf6a86-f955-4fa3-b966-9770e6a870f7.jpg,0,0,data/images/fdcf6a86-f955-4fa3-b966-9770e6a870f7.jpg,True,0,0.023855051,0,7,convnext_256
9f5754d4-0e84-4829-9ab9-c24d8453672d.jpg,0,0,data/images/9f5754d4-0e84-4829-9ab9-c24d8453672d.jpg,True,2,0.88566905,1,8,convnext_256
09b4d3a5-2a00-43cc-a46a-d9da6345de4a.jpg,0,0,data/images/09b4d3a5-2a00-43cc-a46a-d9da6345de4a.jpg,True,1,0.024545541,0,8,convnext_256
dd772142-bd70-4445-9910-4fd1662b4ca7.jpg,1,1,data/images/dd772142-bd70-4445-9910-4fd1662b4ca7.jpg,True,3,0.022913933,0,7,convnext_256
7b2d09a2-494f-446f-aa33-08ef62091dcc.jpg,0,0,data/images/7b2d09a2-494f-446f-aa33-08ef62091dcc.jpg,True,1,0.025552709,0,8,convnext_256
8b738bca-291e-4c5c-a9e1-6e70e2bc2aec.jpg,0,0,data/images/8b738bca-291e-4c5c-a9e1-6e70e2bc2aec.jpg,True,0,0.018906107,0,7,convnext_256
36b5e59d-b2a5-4cb0-ae48-740622ab88ca.jpg,1,1,data/images/36b5e59d-b2a5-4cb0-ae48-740622ab88ca.jpg,True,3,0.9328811,1,7,convnext_256
fbe3e070-d702-4758-8002-a0b67899a984.jpg,0,0,data/images/fbe3e070-d702-4758-8002-a0b67899a984.jpg,True,4,0.06564217,0,7,convnext_256
027a92b6-ad0d-4e68-bd77-e6b574ba3538.jpg,1,1,data/images/027a92b6-ad0d-4e68-bd77-e6b574ba3538.jpg,True,2,0.97373927,1,8,convnext_256
031b22d3-7abf-4623-ba4a-162e1f18b046.jpg,1,1,data/images/031b22d3-7abf-4623-ba4a-162e1f18b046.jpg,True,0,0.45284128,0,7,convnext_256
8a1408c6-2dc9-43da-90f7-d7c9c84261ed.jpg,0,0,data/images/8a1408c6-2dc9-43da-90f7-d7c9c84261ed.jpg,True,3,0.018067267,0,7,convnext_256
2c5a7c10-11ff-4716-9009-0b54266fcc7c.jpg,0,0,data/images/2c5a7c10-11ff-4716-9009-0b54266fcc7c.jpg,True,4,0.031001076,0,7,convnext_256
5acd1152-64c4-4013-a2ec-5d72a47092d3.jpg,1,1,data/images/5acd1152-64c4-4013-a2ec-5d72a47092d3.jpg,True,2,0.9723088,1,8,convnext_256
94478ca4-e172-4227-b6be-14c333ad484d.jpg,1,1,data/images/94478ca4-e172-4227-b6be-14c333ad484d.jpg,True,1,0.9740975,1,8,convnext_256
f657c200-fad1-46a6-a203-9031168b031b.jpg,0,0,data/images/f657c200-fad1-46a6-a203-9031168b031b.jpg,True,1,0.017160997,0,8,convnext_256
ab5f2701-6dca-4086-940b-8a63416917aa.jpg,1,1,data/images/ab5f2701-6dca-4086-940b-8a63416917aa.jpg,True,3,0.97778374,1,7,convnext_256
a2ae7d35-f94e-47d8-a46f-193d7cf2e3dc.jpg,0,0,data/images/a2ae7d35-f94e-47d8-a46f-193d7cf2e3dc.jpg,True,0,0.01594526,0,7,convnext_256
dbdd566b-f9d9-4924-af0f-995d34ce2345.jpg,1,1,data/images/dbdd566b-f9d9-4924-af0f-995d34ce2345.jpg,True,4,0.97827065,1,7,convnext_256
69eda2ce-3d86-4ed4-8f20-0fa8947314ec.jpg,0,0,data/images/69eda2ce-3d86-4ed4-8f20-0fa8947314ec.jpg,True,2,0.0214736,0,8,convnext_256
d73a2e57-aaaa-46b7-8532-d9c681c166a5.jpg,1,1,data/images/d73a2e57-aaaa-46b7-8532-d9c681c166a5.jpg,True,4,0.9876385,1,7,convnext_256
1fe6baf5-91fb-4f14-b732-ceab657addd8.jpg,0,0,data/images/1fe6baf5-91fb-4f14-b732-ceab657addd8.jpg,True,1,0.47935742,0,8,convnext_256
54707df3-d6bc-4b82-a746-faa3924251cb.jpg,0,0,data/images/54707df3-d6bc-4b82-a746-faa3924251cb.jpg,True,0,0.05656203,0,7,convnext_256
d43d4a92-274f-4b76-bd7f-d84234f4af3b.jpg,0,0,data/images/d43d4a92-274f-4b76-bd7f-d84234f4af3b.jpg,True,2,0.03055088,0,8,convnext_256
bb8f8b86-22db-43c4-8281-049b21f1d979.jpg,0,0,data/images/bb8f8b86-22db-43c4-8281-049b21f1d979.jpg,True,3,0.88857573,1,7,convnext_256
2d36cc02-6f8b-4b8f-9c56-ff25a30353cc.jpg,0,0,data/images/2d36cc02-6f8b-4b8f-9c56-ff25a30353cc.jpg,True,4,0.025748668,0,7,convnext_256
940337d4-b9e8-49c1-9f25-e4c345ce154f.jpg,1,1,data/images/940337d4-b9e8-49c1-9f25-e4c345ce154f.jpg,True,1,0.9699719,1,8,convnext_256
e8422493-0cb6-4f51-b034-bd19d62d1c52.jpg,0,0,data/images/e8422493-0cb6-4f51-b034-bd19d62d1c52.jpg,True,0,0.018461013,0,7,convnext_256
f8a3acc9-bb98-48f3-93eb-d35fd4482467.jpg,0,0,data/images/f8a3acc9-bb98-48f3-93eb-d35fd4482467.jpg,True,2,0.11939441,0,8,convnext_256
59140d68-68cd-4c78-97f4-d5af74eeff17.jpg,0,0,data/images/59140d68-68cd-4c78-97f4-d5af74eeff17.jpg,True,3,0.025817981,0,7,convnext_256
79c296f5-1e48-492a-bdc4-5cd3ffd3bbd2.jpg,0,0,data/images/79c296f5-1e48-492a-bdc4-5cd3ffd3bbd2.jpg,True,1,0.021039104,0,8,convnext_256
f6183c56-6326-4067-939d-127a497b1614.jpg,1,1,data/images/f6183c56-6326-4067-939d-127a497b1614.jpg,True,2,0.9021946,1,8,convnext_256
81cebe8c-ed26-4f20-86ac-3b8338925cc3.jpg,0,0,data/images/81cebe8c-ed26-4f20-86ac-3b8338925cc3.jpg,True,3,0.024885282,0,7,convnext_256
140e8fc2-1879-4cb3-b0dd-ed5e898ac66d.jpg,0,0,data/images/140e8fc2-1879-4cb3-b0dd-ed5e898ac66d.jpg,True,4,0.054505996,0,7,convnext_256
9a4ec57a-291c-43b2-a5f9-899a5d1d775f.jpg,1,1,data/images/9a4ec57a-291c-43b2-a5f9-899a5d1d775f.jpg,True,0,0.96884704,1,7,convnext_256
1605ea40-d609-4dd3-aa09-1a0dc7a4af62.jpg,1,1,data/images/1605ea40-d609-4dd3-aa09-1a0dc7a4af62.jpg,True,3,0.98354167,1,7,convnext_256
668edf8a-0224-466e-bb69-8f47d11c98c3.jpg,1,1,data/images/668edf8a-0224-466e-bb69-8f47d11c98c3.jpg,True,4,0.97568923,1,7,convnext_256
aeebe560-aa53-456d-a37e-41e62447c384.jpg,0,0,data/images/aeebe560-aa53-456d-a37e-41e62447c384.jpg,True,1,0.0360639,0,8,convnext_256
0dd2616b-2a4f-4887-9297-186f583617ad.jpg,1,1,data/images/0dd2616b-2a4f-4887-9297-186f583617ad.jpg,True,0,0.09087392,0,7,convnext_256
635e5a71-5f67-46a2-8ff8-8e5605f0634a.jpg,0,0,data/images/635e5a71-5f67-46a2-8ff8-8e5605f0634a.jpg,True,2,0.00804237,0,8,convnext_256
27f2eb2c-1af8-4079-909c-5df4b1cc2716.jpg,0,0,data/images/27f2eb2c-1af8-4079-909c-5df4b1cc2716.jpg,True,4,0.0633791,0,7,convnext_256
f7b1da23-dfbd-4923-a33f-86832e76a6c0.jpg,0,0,data/images/f7b1da23-dfbd-4923-a33f-86832e76a6c0.jpg,True,1,0.10324155,0,8,convnext_256
d7bf8068-3854-40c0-b661-2f45c12bf2ee.jpg,0,0,data/images/d7bf8068-3854-40c0-b661-2f45c12bf2ee.jpg,True,2,0.009416716,0,8,convnext_256
85fd2501-08e2-4ba0-bd63-1a6b4c0e72b4.jpg,1,1,data/images/85fd2501-08e2-4ba0-bd63-1a6b4c0e72b4.jpg,True,0,0.9725495,1,7,convnext_256
26790904-7b7a-46b6-b113-b555ba835490.jpg,0,0,data/images/26790904-7b7a-46b6-b113-b555ba835490.jpg,True,3,0.022897115,0,7,convnext_256
d4264906-63dc-41b8-ae08-86543d209b40.jpg,0,0,data/images/d4264906-63dc-41b8-ae08-86543d209b40.jpg,True,1,0.012573198,0,8,convnext_256
8941edaf-ee52-477b-b51e-3cd616e13f11.jpg,1,1,data/images/8941edaf-ee52-477b-b51e-3cd616e13f11.jpg,True,0,0.97793365,1,7,convnext_256
895dc4b3-7bcd-4a56-a5f1-0438812ac83f.jpg,1,1,data/images/895dc4b3-7bcd-4a56-a5f1-0438812ac83f.jpg,True,3,0.98410726,1,7,convnext_256
7ec0339b-45e8-4929-922b-52fdffcc0d49.jpg,0,0,data/images/7ec0339b-45e8-4929-922b-52fdffcc0d49.jpg,True,2,0.9417265,1,8,convnext_256
75541b00-6dc9-4b83-9198-c5b3a4b284ba.jpg,0,0,data/images/75541b00-6dc9-4b83-9198-c5b3a4b284ba.jpg,True,4,0.02541438,0,7,convnext_256
30e6bfbf-8998-4d54-855a-e3e99b51b063.jpg,1,1,data/images/30e6bfbf-8998-4d54-855a-e3e99b51b063.jpg,True,3,0.976008,1,7,convnext_256
63041061-5497-438d-b5ef-7304a73edc9d.jpg,0,0,data/images/63041061-5497-438d-b5ef-7304a73edc9d.jpg,True,2,0.022480274,0,8,convnext_256
525c883c-0736-49d5-a674-e837086581ce.jpg,0,0,data/images/525c883c-0736-49d5-a674-e837086581ce.jpg,True,4,0.02526861,0,7,convnext_256
324abe25-1c62-42b8-8486-289c93b023fc.jpg,1,1,data/images/324abe25-1c62-42b8-8486-289c93b023fc.jpg,True,0,0.96434325,1,7,convnext_256
99c18899-bfad-49f5-ad3d-694fc7b5e77f.jpg,1,1,data/images/99c18899-bfad-49f5-ad3d-694fc7b5e77f.jpg,True,1,0.6344786,1,8,convnext_256
5d974b1e-0cfa-41dc-ae9d-a05b964c56a2.jpg,0,0,data/images/5d974b1e-0cfa-41dc-ae9d-a05b964c56a2.jpg,True,3,0.0216847,0,7,convnext_256
b8fcd852-9ab9-4740-a28d-a700c9321c80.jpg,1,1,data/images/b8fcd852-9ab9-4740-a28d-a700c9321c80.jpg,True,0,0.9823695,1,7,convnext_256
9159e01e-33a3-4e9e-b55b-510233c3bf13.jpg,1,1,data/images/9159e01e-33a3-4e9e-b55b-510233c3bf13.jpg,True,2,0.14975224,0,8,convnext_256
e56a61d6-d7a4-4911-88bc-926513708103.jpg,0,0,data/images/e56a61d6-d7a4-4911-88bc-926513708103.jpg,True,4,0.028103363,0,7,convnext_256
3ad91717-7def-4ddf-a996-c280f9bb7f1a.jpg,0,0,data/images/3ad91717-7def-4ddf-a996-c280f9bb7f1a.jpg,True,1,0.017663088,0,8,convnext_256
2929da15-d033-45e1-b9f2-e7237a8833c7.jpg,0,0,data/images/2929da15-d033-45e1-b9f2-e7237a8833c7.jpg,True,3,0.022270316,0,7,convnext_256
be368461-9a3e-478e-9857-771a0df41b33.jpg,0,0,data/images/be368461-9a3e-478e-9857-771a0df41b33.jpg,True,0,0.80594885,1,7,convnext_256
d8a13dea-c55d-4514-ab3a-b998db23ffb7.jpg,0,0,data/images/d8a13dea-c55d-4514-ab3a-b998db23ffb7.jpg,True,2,0.0147437425,0,8,convnext_256
2cbb0e57-87d5-45d6-9e53-1664a8ad99ed.jpg,0,0,data/images/2cbb0e57-87d5-45d6-9e53-1664a8ad99ed.jpg,True,1,0.95915055,1,8,convnext_256
69ec163b-0e84-4407-b019-0a9387d6af9f.jpg,1,1,data/images/69ec163b-0e84-4407-b019-0a9387d6af9f.jpg,True,4,0.9828636,1,7,convnext_256
2d101272-c033-4078-9b6f-377f7f10fab2.jpg,0,0,data/images/2d101272-c033-4078-9b6f-377f7f10fab2.jpg,True,4,0.32866964,0,7,convnext_256
35d49205-5695-4cc9-aefa-8590d9c24e9a.jpg,1,1,data/images/35d49205-5695-4cc9-aefa-8590d9c24e9a.jpg,True,3,0.9809052,1,7,convnext_256
c5d0f3f3-ed06-4e66-ae68-db5bf8e67c5f.jpg,1,1,data/images/c5d0f3f3-ed06-4e66-ae68-db5bf8e67c5f.jpg,True,0,0.96730083,1,7,convnext_256
758bb9dd-7aa1-45d8-a609-b01dbb77fa23.jpg,0,0,data/images/758bb9dd-7aa1-45d8-a609-b01dbb77fa23.jpg,True,1,0.03091706,0,8,convnext_256
41b7adc7-27c7-4c3a-a9ad-5f88465da68c.jpg,0,0,data/images/41b7adc7-27c7-4c3a-a9ad-5f88465da68c.jpg,True,2,0.032454986,0,8,convnext_256
7bfdf3bf-cf19-4875-912a-168385f62218.jpg,1,1,data/images/7bfdf3bf-cf19-4875-912a-168385f62218.jpg,True,0,0.9772349,1,7,convnext_256
e0b8737f-d355-4f3e-9470-aca7fbe37560.jpg,0,0,data/images/e0b8737f-d355-4f3e-9470-aca7fbe37560.jpg,True,2,0.015051632,0,8,convnext_256
bcb9fcee-6268-41bb-8efc-546f7ca524b6.jpg,0,0,data/images/bcb9fcee-6268-41bb-8efc-546f7ca524b6.jpg,True,4,0.45110384,0,7,convnext_256
d81f2f16-1dc4-4c03-b5a6-4b6922b455ce.jpg,1,1,data/images/d81f2f16-1dc4-4c03-b5a6-4b6922b455ce.jpg,True,3,0.98522526,1,7,convnext_256
c0041e0a-6885-478f-927c-32941527ec2c.jpg,0,0,data/images/c0041e0a-6885-478f-927c-32941527ec2c.jpg,True,1,0.033466075,0,8,convnext_256
1464c383-0f66-4006-a573-be0a0dfcdb76.jpg,0,0,data/images/1464c383-0f66-4006-a573-be0a0dfcdb76.jpg,True,1,0.88849884,1,8,convnext_256
3a494270-52b3-4844-b854-0dc1617998d0.jpg,1,1,data/images/3a494270-52b3-4844-b854-0dc1617998d0.jpg,True,0,0.7273448,1,7,convnext_256
3e45f2c4-c653-49d8-b457-416b1c4c486d.jpg,0,0,data/images/3e45f2c4-c653-49d8-b457-416b1c4c486d.jpg,True,3,0.3967979,0,7,convnext_256
abdd456d-d0ee-4053-8c6c-344e7ad4712a.jpg,1,1,data/images/abdd456d-d0ee-4053-8c6c-344e7ad4712a.jpg,True,2,0.9859407,1,8,convnext_256
0289ff63-ef66-4077-a189-8b76af41a540.jpg,1,1,data/images/0289ff63-ef66-4077-a189-8b76af41a540.jpg,True,4,0.018228838,0,7,convnext_256
b74d407e-82e1-4d64-aebb-09cdb02d255f.jpg,1,1,data/images/b74d407e-82e1-4d64-aebb-09cdb02d255f.jpg,True,1,0.007778542,0,8,convnext_256
1914fda9-97ec-482c-9628-068798edbda9.jpg,1,1,data/images/1914fda9-97ec-482c-9628-068798edbda9.jpg,True,4,0.98118204,1,7,convnext_256
0c2295d1-ac9a-447a-a135-ee9217dba5fb.jpg,1,1,data/images/0c2295d1-ac9a-447a-a135-ee9217dba5fb.jpg,True,3,0.18744883,0,7,convnext_256
4c705f3f-852a-4b5f-b1aa-100e102f7f59.jpg,0,0,data/images/4c705f3f-852a-4b5f-b1aa-100e102f7f59.jpg,True,2,0.020091169,0,8,convnext_256
e9bee629-e5df-4551-a375-c47d05c20fe6.jpg,1,1,data/images/e9bee629-e5df-4551-a375-c47d05c20fe6.jpg,True,0,0.98093516,1,7,convnext_256
87a36926-3aa3-498b-b210-d720febedb8f.jpg,0,0,data/images/87a36926-3aa3-498b-b210-d720febedb8f.jpg,True,3,0.06305581,0,7,convnext_256
9a15c4b6-a1e2-43b3-a376-d3bd0d3ca9b8.jpg,1,1,data/images/9a15c4b6-a1e2-43b3-a376-d3bd0d3ca9b8.jpg,True,4,0.91834664,1,7,convnext_256
de986104-8b60-447a-8e1c-f1bb7fbb8458.jpg,1,1,data/images/de986104-8b60-447a-8e1c-f1bb7fbb8458.jpg,True,0,0.9709112,1,7,convnext_256
89f98e1c-afee-4e00-9589-5a6c73c40d2b.jpg,1,1,data/images/89f98e1c-afee-4e00-9589-5a6c73c40d2b.jpg,True,1,0.99186134,1,8,convnext_256
04d6541e-88ea-4f76-bba5-4b2b33442d11.jpg,0,0,data/images/04d6541e-88ea-4f76-bba5-4b2b33442d11.jpg,True,2,0.056181885,0,8,convnext_256
fff9552a-348a-4885-b2a8-c3cb8eba7c4e.jpg,1,1,data/images/fff9552a-348a-4885-b2a8-c3cb8eba7c4e.jpg,True,3,0.20871264,0,7,convnext_256
e3792500-a47d-4be5-bda0-38d8602f73f8.jpg,0,0,data/images/e3792500-a47d-4be5-bda0-38d8602f73f8.jpg,True,0,0.19586034,0,7,convnext_256
52e5f7c9-76e9-4aab-a098-338e1ac64a95.jpg,0,0,data/images/52e5f7c9-76e9-4aab-a098-338e1ac64a95.jpg,True,2,0.020528153,0,8,convnext_256
471e6cf0-60a5-45a3-9b28-6d96167c4236.jpg,0,0,data/images/471e6cf0-60a5-45a3-9b28-6d96167c4236.jpg,True,1,0.034669317,0,8,convnext_256
e4b2f57d-9687-4941-b06a-77a78fe2b9c3.jpg,1,1,data/images/e4b2f57d-9687-4941-b06a-77a78fe2b9c3.jpg,True,4,0.98120624,1,7,convnext_256
d80c8f11-9d12-4141-82b7-a5e9af473594.jpg,0,0,data/images/d80c8f11-9d12-4141-82b7-a5e9af473594.jpg,True,2,0.03361224,0,8,convnext_256
f529f9ed-8a98-4d08-bc7c-1b7ee4714641.jpg,1,1,data/images/f529f9ed-8a98-4d08-bc7c-1b7ee4714641.jpg,True,0,0.98540026,1,7,convnext_256
4d29d4bd-5008-4ed8-8d08-9fca72871049.jpg,0,0,data/images/4d29d4bd-5008-4ed8-8d08-9fca72871049.jpg,True,4,0.95209324,1,7,convnext_256
1dc5e1fd-e909-49ab-9b8f-baa6e4ce9c01.jpg,0,0,data/images/1dc5e1fd-e909-49ab-9b8f-baa6e4ce9c01.jpg,True,3,0.011617297,0,7,convnext_256
8ceb7f6e-4b93-479e-994f-5d3b717b3ed9.jpg,1,1,data/images/8ceb7f6e-4b93-479e-994f-5d3b717b3ed9.jpg,True,1,0.9658035,1,8,convnext_256
84237076-acea-4a01-b7d7-aa247a8ad916.jpg,0,0,data/images/84237076-acea-4a01-b7d7-aa247a8ad916.jpg,True,4,0.016054347,0,7,convnext_256
5816b57a-fa02-48ad-8ea6-9f673a266b98.jpg,0,0,data/images/5816b57a-fa02-48ad-8ea6-9f673a266b98.jpg,True,2,0.020448364,0,8,convnext_256
ad268176-d9bd-48ed-b6c4-e0126c70d1b2.jpg,1,1,data/images/ad268176-d9bd-48ed-b6c4-e0126c70d1b2.jpg,True,0,0.028836073,0,7,convnext_256
1ba83a50-fbbd-4795-9f42-9931884c9de7.jpg,0,0,data/images/1ba83a50-fbbd-4795-9f42-9931884c9de7.jpg,True,3,0.83541685,1,7,convnext_256
6c858a45-a53f-475a-8849-68783816a1f5.jpg,0,0,data/images/6c858a45-a53f-475a-8849-68783816a1f5.jpg,True,1,0.025023766,0,8,convnext_256
3e8b0797-89bd-45ab-af2f-2164649e9a2d.jpg,0,0,data/images/3e8b0797-89bd-45ab-af2f-2164649e9a2d.jpg,True,3,0.0906176,0,7,convnext_256
a53e062b-a56c-412f-998f-cc2d00b7e1a4.jpg,0,0,data/images/a53e062b-a56c-412f-998f-cc2d00b7e1a4.jpg,True,2,0.31837982,0,8,convnext_256
f5ecf53a-a15d-42be-9d3f-ce7f8573ce9f.jpg,0,0,data/images/f5ecf53a-a15d-42be-9d3f-ce7f8573ce9f.jpg,True,0,0.03493192,0,7,convnext_256
86fcbef8-f74b-4da5-9590-08835dc3de69.jpg,0,0,data/images/86fcbef8-f74b-4da5-9590-08835dc3de69.jpg,True,4,0.03767531,0,7,convnext_256
60578c75-1d68-4e2f-b8d6-db31914a23f3.jpg,0,0,data/images/60578c75-1d68-4e2f-b8d6-db31914a23f3.jpg,True,1,0.025216961,0,8,convnext_256
fb6a0cf4-b432-4775-bfe6-0bc87863c16e.jpg,1,1,data/images/fb6a0cf4-b432-4775-bfe6-0bc87863c16e.jpg,True,1,0.88592964,1,8,convnext_256
2a655e71-5f82-42f8-bd99-834e39f5df8a.jpg,0,0,data/images/2a655e71-5f82-42f8-bd99-834e39f5df8a.jpg,True,4,0.01886037,0,7,convnext_256
98546c28-1795-4d33-b0ad-20dc85457d26.jpg,1,1,data/images/98546c28-1795-4d33-b0ad-20dc85457d26.jpg,True,3,0.97453374,1,7,convnext_256
e9b4bf4c-5deb-472f-87c1-653466759b3d.jpg,1,1,data/images/e9b4bf4c-5deb-472f-87c1-653466759b3d.jpg,True,0,0.96990246,1,7,convnext_256
c5652fd1-d7ec-4fac-bf67-486cc916621a.jpg,1,1,data/images/c5652fd1-d7ec-4fac-bf67-486cc916621a.jpg,True,2,0.97750413,1,8,convnext_256
4d64c93b-7e85-4872-8d07-a808da029dcf.jpg,1,1,data/images/4d64c93b-7e85-4872-8d07-a808da029dcf.jpg,True,1,0.61219037,1,8,convnext_256
6660067e-5f81-42b8-bfa3-18155ea3ff40.jpg,1,1,data/images/6660067e-5f81-42b8-bfa3-18155ea3ff40.jpg,True,3,0.96690404,1,7,convnext_256
b9fa85b3-9e0a-4a99-8333-4561173569d0.jpg,0,0,data/images/b9fa85b3-9e0a-4a99-8333-4561173569d0.jpg,True,0,0.020773152,0,7,convnext_256
387ab89d-02f0-4cfc-b417-7586ac02424f.jpg,1,1,data/images/387ab89d-02f0-4cfc-b417-7586ac02424f.jpg,True,2,0.9753886,1,8,convnext_256
bf2e1fbe-6f96-4d91-ab66-d997b79ee384.jpg,0,0,data/images/bf2e1fbe-6f96-4d91-ab66-d997b79ee384.jpg,True,4,0.013078366,0,7,convnext_256
aedfaeb9-58e8-4f31-8fa9-68fd1c6cb31e.jpg,0,0,data/images/aedfaeb9-58e8-4f31-8fa9-68fd1c6cb31e.jpg,True,0,0.016588574,0,7,convnext_256
9d3d2101-853f-434f-a946-687cb77c6692.jpg,0,0,data/images/9d3d2101-853f-434f-a946-687cb77c6692.jpg,True,3,0.020483168,0,7,convnext_256
f98a57a2-9fee-4ffb-8a30-5ca9d7baed37.jpg,0,0,data/images/f98a57a2-9fee-4ffb-8a30-5ca9d7baed37.jpg,True,2,0.019666102,0,8,convnext_256
2c707118-e88c-4400-a0f9-733068cbd993.jpg,0,0,data/images/2c707118-e88c-4400-a0f9-733068cbd993.jpg,True,4,0.6411451,1,7,convnext_256
0bd4cf71-0d20-44ae-9d9b-0f0f6f194991.jpg,0,0,data/images/0bd4cf71-0d20-44ae-9d9b-0f0f6f194991.jpg,True,1,0.038063522,0,8,convnext_256
9ee9b428-6057-4ca5-8511-b3784aa5226b.jpg,0,0,data/images/9ee9b428-6057-4ca5-8511-b3784aa5226b.jpg,True,0,0.52928,1,7,convnext_256
4942508f-f13c-403b-b1c7-9549826d9067.jpg,1,1,data/images/4942508f-f13c-403b-b1c7-9549826d9067.jpg,True,4,0.9836241,1,7,convnext_256
221ca6cf-b43e-4c43-b872-22118123a193.jpg,0,0,data/images/221ca6cf-b43e-4c43-b872-22118123a193.jpg,True,3,0.024679068,0,7,convnext_256
7b464d72-6a24-4cc5-bf41-dc7e1e572506.jpg,0,0,data/images/7b464d72-6a24-4cc5-bf41-dc7e1e572506.jpg,True,1,0.04963968,0,8,convnext_256
98d6394f-7d05-4b51-8685-0bfd273d3981.jpg,0,0,data/images/98d6394f-7d05-4b51-8685-0bfd273d3981.jpg,True,2,0.011883749,0,8,convnext_256
e3c8535b-9f3f-4c84-ab57-78c846211c65.jpg,0,0,data/images/e3c8535b-9f3f-4c84-ab57-78c846211c65.jpg,True,4,0.021074923,0,7,convnext_256
1a8adf97-e5c4-4cbf-bd1f-c612f5731c9e.jpg,1,1,data/images/1a8adf97-e5c4-4cbf-bd1f-c612f5731c9e.jpg,True,0,0.9741804,1,7,convnext_256
44d068ed-7f0c-4290-a298-7014a311e8bb.jpg,1,1,data/images/44d068ed-7f0c-4290-a298-7014a311e8bb.jpg,True,2,0.97762007,1,8,convnext_256
c759c428-a2bc-4345-95a7-40a50f727843.jpg,1,1,data/images/c759c428-a2bc-4345-95a7-40a50f727843.jpg,True,3,0.9707273,1,7,convnext_256
36a33cb5-a6a9-4d8b-96a5-daf7c1886b98.jpg,1,1,data/images/36a33cb5-a6a9-4d8b-96a5-daf7c1886b98.jpg,True,1,0.042951386,0,8,convnext_256
e474a382-6bf9-4f16-a8c5-74a5d768027f.jpg,0,0,data/images/e474a382-6bf9-4f16-a8c5-74a5d768027f.jpg,True,1,0.0224743,0,8,convnext_256
1700609d-f7ed-46d8-8135-741ff33d2c4b.jpg,0,0,data/images/1700609d-f7ed-46d8-8135-741ff33d2c4b.jpg,True,2,0.014384722,0,8,convnext_256
69e8dfab-ed31-4e2e-a3fa-01ddc608da06.jpg,0,0,data/images/69e8dfab-ed31-4e2e-a3fa-01ddc608da06.jpg,True,0,0.009558668,0,7,convnext_256
2d357703-58ac-408e-a7d7-ebcd454662d7.jpg,0,0,data/images/2d357703-58ac-408e-a7d7-ebcd454662d7.jpg,True,4,0.08248573,0,7,convnext_256
81b36585-67cd-4519-bc36-9a13fa43b636.jpg,0,0,data/images/81b36585-67cd-4519-bc36-9a13fa43b636.jpg,True,3,0.039904237,0,7,convnext_256
73e18efa-fc5c-43ba-b947-09cf97ed1ba8.jpg,1,1,data/images/73e18efa-fc5c-43ba-b947-09cf97ed1ba8.jpg,True,2,0.9869915,1,8,convnext_256
e068cc86-c554-471a-9648-cc1370212953.jpg,1,1,data/images/e068cc86-c554-471a-9648-cc1370212953.jpg,True,0,0.9790334,1,7,convnext_256
7cc446ee-4695-4635-8211-567f98fa21da.jpg,0,0,data/images/7cc446ee-4695-4635-8211-567f98fa21da.jpg,True,4,0.50286084,1,7,convnext_256
b7ae5e10-e664-4369-b29a-fedeb1f48493.jpg,1,1,data/images/b7ae5e10-e664-4369-b29a-fedeb1f48493.jpg,True,1,0.973083,1,8,convnext_256
2074aab5-c400-4d11-977b-fa391b692858.jpg,1,1,data/images/2074aab5-c400-4d11-977b-fa391b692858.jpg,True,3,0.98116904,1,7,convnext_256
63ed8c87-c00f-4cc9-911a-16305a7b5205.jpg,1,1,data/images/63ed8c87-c00f-4cc9-911a-16305a7b5205.jpg,True,3,0.9766684,1,7,convnext_256
9ed22add-b902-4121-94bd-ad471f4af164.jpg,0,0,data/images/9ed22add-b902-4121-94bd-ad471f4af164.jpg,True,0,0.02995497,0,7,convnext_256
c5167ff3-d23a-40d8-ac28-180c7a8c0a59.jpg,0,0,data/images/c5167ff3-d23a-40d8-ac28-180c7a8c0a59.jpg,True,2,0.7049962,1,8,convnext_256
66bc989e-97e9-49a3-ad9d-a3b89091177a.jpg,0,0,data/images/66bc989e-97e9-49a3-ad9d-a3b89091177a.jpg,True,4,0.9255648,1,7,convnext_256
16508fe7-128e-4159-8491-19390d8fcf0c.jpg,1,1,data/images/16508fe7-128e-4159-8491-19390d8fcf0c.jpg,True,1,0.9786739,1,8,convnext_256
8504fa95-c61d-440d-9067-10f4e5fe815d.jpg,0,0,data/images/8504fa95-c61d-440d-9067-10f4e5fe815d.jpg,True,1,0.017863616,0,8,convnext_256
1ed7beac-5e6c-4a4a-a17c-bd6e3a99fba0.jpg,1,1,data/images/1ed7beac-5e6c-4a4a-a17c-bd6e3a99fba0.jpg,True,3,0.047635056,0,7,convnext_256
ff1ab630-7e19-45de-9ff4-9baca8280afa.jpg,0,0,data/images/ff1ab630-7e19-45de-9ff4-9baca8280afa.jpg,True,2,0.8852529,1,8,convnext_256
05b5d6a4-672a-4a4c-9568-d60623c1bfa5.jpg,1,1,data/images/05b5d6a4-672a-4a4c-9568-d60623c1bfa5.jpg,True,0,0.40261984,0,7,convnext_256
0f68c302-e066-4fd8-b48f-10dd52cac2df.jpg,1,1,data/images/0f68c302-e066-4fd8-b48f-10dd52cac2df.jpg,True,4,0.5442857,1,7,convnext_256
1f330c81-8033-4973-989e-edb658812a99.jpg,1,1,data/images/1f330c81-8033-4973-989e-edb658812a99.jpg,True,1,0.9799059,1,8,convnext_256
c15ceb44-3023-443e-90e2-8809d122dc0c.jpg,1,1,data/images/c15ceb44-3023-443e-90e2-8809d122dc0c.jpg,True,0,0.9450485,1,7,convnext_256
5e54a433-ff06-440f-805d-cdeb15b0b9e5.jpg,1,1,data/images/5e54a433-ff06-440f-805d-cdeb15b0b9e5.jpg,True,4,0.9906927,1,7,convnext_256
27346b66-90c1-4eab-8dab-8df14059c74e.jpg,0,0,data/images/27346b66-90c1-4eab-8dab-8df14059c74e.jpg,True,2,0.011444501,0,8,convnext_256
46b74160-72d8-414b-8bb0-4aebf733ad09.jpg,1,1,data/images/46b74160-72d8-414b-8bb0-4aebf733ad09.jpg,True,3,0.88479495,1,7,convnext_256
1765ad87-ac6c-41e3-8ec7-3f2bd379118c.jpg,1,1,data/images/1765ad87-ac6c-41e3-8ec7-3f2bd379118c.jpg,True,1,0.9754031,1,8,convnext_256
7ebbe201-49bf-405b-9489-108795ad624e.jpg,0,0,data/images/7ebbe201-49bf-405b-9489-108795ad624e.jpg,True,3,0.02571265,0,7,convnext_256
0390e436-b142-45f3-aca5-cac619b0efb6.jpg,0,0,data/images/0390e436-b142-45f3-aca5-cac619b0efb6.jpg,True,0,0.021063142,0,7,convnext_256
13de8ec4-ad75-48d1-9d11-0505053e241f.jpg,1,1,data/images/13de8ec4-ad75-48d1-9d11-0505053e241f.jpg,True,4,0.97814757,1,7,convnext_256
8c464ad5-3a33-4269-ad78-d387da5df318.jpg,1,1,data/images/8c464ad5-3a33-4269-ad78-d387da5df318.jpg,True,2,0.9791182,1,8,convnext_256
895ac992-3c23-4c08-a474-c577e7608bf1.jpg,1,1,data/images/895ac992-3c23-4c08-a474-c577e7608bf1.jpg,True,3,0.9125521,1,7,convnext_256
a39f27db-a0f7-420c-a5e9-44a08e11852b.jpg,1,1,data/images/a39f27db-a0f7-420c-a5e9-44a08e11852b.jpg,True,1,0.9800757,1,8,convnext_256
715b5454-7042-40e7-9974-9d79ab236251.jpg,1,1,data/images/715b5454-7042-40e7-9974-9d79ab236251.jpg,True,2,0.91849136,1,8,convnext_256
177a26a1-1337-4ee4-9b51-7f8af2b3f202.jpg,1,1,data/images/177a26a1-1337-4ee4-9b51-7f8af2b3f202.jpg,True,0,0.7455711,1,7,convnext_256
7cf9298f-7642-4176-a3ef-63d101abdae0.jpg,1,1,data/images/7cf9298f-7642-4176-a3ef-63d101abdae0.jpg,True,4,0.7514331,1,7,convnext_256
1f17e673-b50c-4580-a048-e9d3f22d82d8.jpg,1,1,data/images/1f17e673-b50c-4580-a048-e9d3f22d82d8.jpg,True,0,0.27830788,0,7,convnext_256
d327dff0-d42e-4553-a2cf-34245e8dfa0f.jpg,1,1,data/images/d327dff0-d42e-4553-a2cf-34245e8dfa0f.jpg,True,3,0.9713118,1,7,convnext_256
b45a77fe-5ceb-46b6-9b0e-c88e1f3ceec6.jpg,0,0,data/images/b45a77fe-5ceb-46b6-9b0e-c88e1f3ceec6.jpg,True,2,0.228416,0,8,convnext_256
b98c7a22-7ff0-4417-9184-95ae9b83b584.jpg,0,0,data/images/b98c7a22-7ff0-4417-9184-95ae9b83b584.jpg,True,1,0.43747628,0,8,convnext_256
7d7caba0-052c-488c-8111-fc7745180df1.jpg,1,1,data/images/7d7caba0-052c-488c-8111-fc7745180df1.jpg,True,4,0.7182598,1,7,convnext_256
697b5be5-80a5-45dc-82cc-9d200d90580b.jpg,1,1,data/images/697b5be5-80a5-45dc-82cc-9d200d90580b.jpg,True,0,0.9861357,1,7,convnext_256
3b927ea4-feef-42aa-8753-c7873fe16a60.jpg,0,0,data/images/3b927ea4-feef-42aa-8753-c7873fe16a60.jpg,True,3,0.08331643,0,7,convnext_256
1a80db89-eb2d-4a7d-ac8c-9fd43259851e.jpg,1,1,data/images/1a80db89-eb2d-4a7d-ac8c-9fd43259851e.jpg,True,2,0.9830686,1,8,convnext_256
d060dc21-281f-48ec-acc4-1fe8d2f83e28.jpg,0,0,data/images/d060dc21-281f-48ec-acc4-1fe8d2f83e28.jpg,True,1,0.049969025,0,8,convnext_256
91f0c5bc-84db-4487-bdf7-ee271080a2b3.jpg,0,0,data/images/91f0c5bc-84db-4487-bdf7-ee271080a2b3.jpg,True,4,0.40331477,0,7,convnext_256
9b91ec23-c0e4-4b2d-a12a-c49ed71a5c54.jpg,0,0,data/images/9b91ec23-c0e4-4b2d-a12a-c49ed71a5c54.jpg,True,3,0.01910344,0,7,convnext_256
547f6bca-6681-407a-b5fe-49e1e71bb081.jpg,1,1,data/images/547f6bca-6681-407a-b5fe-49e1e71bb081.jpg,True,0,0.9225289,1,7,convnext_256
fd7c5127-70a1-4b4d-9b3f-e6f8ac968f94.jpg,1,1,data/images/fd7c5127-70a1-4b4d-9b3f-e6f8ac968f94.jpg,True,4,0.97924334,1,7,convnext_256
c33edd58-c115-4295-83df-bfbbc50a39f8.jpg,0,0,data/images/c33edd58-c115-4295-83df-bfbbc50a39f8.jpg,True,2,0.021313109,0,8,convnext_256
2d354a35-f58c-44a7-8c49-90fb35a02ad1.jpg,0,0,data/images/2d354a35-f58c-44a7-8c49-90fb35a02ad1.jpg,True,1,0.04202922,0,8,convnext_256
fc93c10e-868d-48e5-888b-651dd4482a31.jpg,1,1,data/images/fc93c10e-868d-48e5-888b-651dd4482a31.jpg,True,0,0.9762363,1,7,convnext_256
5feee484-4ca5-4276-a9be-6ae9daa14e82.jpg,1,1,data/images/5feee484-4ca5-4276-a9be-6ae9daa14e82.jpg,True,4,0.72459483,1,7,convnext_256
d766de7b-5403-497e-9a33-b79ae16ecf98.jpg,1,1,data/images/d766de7b-5403-497e-9a33-b79ae16ecf98.jpg,True,3,0.9789878,1,7,convnext_256
6df90ecd-c079-450c-a875-8789f59adf67.jpg,1,1,data/images/6df90ecd-c079-450c-a875-8789f59adf67.jpg,True,2,0.9390658,1,8,convnext_256
8580f6b6-1a25-4f74-b437-e1a35670e8c6.jpg,1,1,data/images/8580f6b6-1a25-4f74-b437-e1a35670e8c6.jpg,True,1,0.53488714,1,8,convnext_256
3b80156f-64ad-4b70-ace8-f197ab7b04a4.jpg,1,1,data/images/3b80156f-64ad-4b70-ace8-f197ab7b04a4.jpg,True,0,0.039115407,0,7,convnext_256
27dd119f-54e0-4699-8dd3-9a3d6ffd8cbb.jpg,0,0,data/images/27dd119f-54e0-4699-8dd3-9a3d6ffd8cbb.jpg,True,3,0.02415406,0,7,convnext_256
831b6bb0-ce52-4ef8-ba9a-063b74f29d0c.jpg,0,0,data/images/831b6bb0-ce52-4ef8-ba9a-063b74f29d0c.jpg,True,2,0.020686956,0,8,convnext_256
4d865f1f-f99c-4515-8665-2a1dfa1688bf.jpg,0,0,data/images/4d865f1f-f99c-4515-8665-2a1dfa1688bf.jpg,True,4,0.018409844,0,7,convnext_256
58093753-fe37-4dbf-8f60-0a92213a41ca.jpg,1,1,data/images/58093753-fe37-4dbf-8f60-0a92213a41ca.jpg,True,1,0.8471688,1,8,convnext_256
cdb3a26a-fb08-4f50-a3e8-f0353076ef2e.jpg,0,0,data/images/cdb3a26a-fb08-4f50-a3e8-f0353076ef2e.jpg,True,1,0.46690422,0,8,convnext_256
fb7537be-609e-42aa-b1e7-abf5c717dbcb.jpg,0,0,data/images/fb7537be-609e-42aa-b1e7-abf5c717dbcb.jpg,True,0,0.88266534,1,7,convnext_256
defb1b69-bdb9-475f-b3a1-b4e0f277d7ac.jpg,0,0,data/images/defb1b69-bdb9-475f-b3a1-b4e0f277d7ac.jpg,True,2,0.014343434,0,8,convnext_256
ed7a45e1-9f58-409b-b30f-105444cbff1e.jpg,0,0,data/images/ed7a45e1-9f58-409b-b30f-105444cbff1e.jpg,True,4,0.028164282,0,7,convnext_256
f89370d6-6d1c-4a83-924b-b7d3984d7497.jpg,0,0,data/images/f89370d6-6d1c-4a83-924b-b7d3984d7497.jpg,True,3,0.019150844,0,7,convnext_256
bb4c49d7-acca-4b22-a1ad-d6243edd023b.jpg,0,0,data/images/bb4c49d7-acca-4b22-a1ad-d6243edd023b.jpg,True,3,0.96173286,1,7,convnext_256
169804fe-8a76-4f6a-83c4-9493692122f7.jpg,0,0,data/images/169804fe-8a76-4f6a-83c4-9493692122f7.jpg,True,2,0.016198913,0,8,convnext_256
10151c39-43da-4bb7-aa0b-c607bd0e99a3.jpg,1,1,data/images/10151c39-43da-4bb7-aa0b-c607bd0e99a3.jpg,True,1,0.8482995,1,8,convnext_256
3cb6a505-89d6-4d28-94be-3391820afafc.jpg,1,1,data/images/3cb6a505-89d6-4d28-94be-3391820afafc.jpg,True,4,0.67820895,1,7,convnext_256
fa693bf0-035a-469b-8860-e227ad0a8b56.jpg,1,1,data/images/fa693bf0-035a-469b-8860-e227ad0a8b56.jpg,True,0,0.95678556,1,7,convnext_256
f6dc128d-5c05-42f2-8771-de2033bd8d27.jpg,1,1,data/images/f6dc128d-5c05-42f2-8771-de2033bd8d27.jpg,True,4,0.03489889,0,7,convnext_256
bf3d3e80-f6c8-4ba2-94c8-e8addb6f43b5.jpg,0,0,data/images/bf3d3e80-f6c8-4ba2-94c8-e8addb6f43b5.jpg,True,0,0.02172364,0,7,convnext_256
59d02997-7bca-4148-8a8f-1a46bbeeb5e7.jpg,1,1,data/images/59d02997-7bca-4148-8a8f-1a46bbeeb5e7.jpg,True,1,0.58667535,1,8,convnext_256
38ce1882-09cc-4ee8-bcd3-39f955e5866c.jpg,0,0,data/images/38ce1882-09cc-4ee8-bcd3-39f955e5866c.jpg,True,3,0.029304933,0,7,convnext_256
24880a95-be68-436a-9f53-dcf94a2437a7.jpg,0,0,data/images/24880a95-be68-436a-9f53-dcf94a2437a7.jpg,True,2,0.05081222,0,8,convnext_256
734c16d4-f322-4544-b104-b7c843924159.jpg,0,0,data/images/734c16d4-f322-4544-b104-b7c843924159.jpg,True,2,0.055117827,0,8,convnext_256
60ce596a-19cd-4011-a8c8-9872e1ab8912.jpg,1,1,data/images/60ce596a-19cd-4011-a8c8-9872e1ab8912.jpg,True,4,0.9835844,1,7,convnext_256
2306efd4-be2e-43f5-9f71-8ddd44d15e01.jpg,0,0,data/images/2306efd4-be2e-43f5-9f71-8ddd44d15e01.jpg,True,3,0.027260609,0,7,convnext_256
8eb5d772-83f7-4ff1-8ae8-de4201c2bf3c.jpg,1,1,data/images/8eb5d772-83f7-4ff1-8ae8-de4201c2bf3c.jpg,True,0,0.97704756,1,7,convnext_256
967dcbf3-b50e-4f71-a522-1fb44c83c6b6.jpg,1,1,data/images/967dcbf3-b50e-4f71-a522-1fb44c83c6b6.jpg,True,1,0.38888586,0,8,convnext_256
f4826527-5b91-48de-83cd-dc05d4ed246c.jpg,0,0,data/images/f4826527-5b91-48de-83cd-dc05d4ed246c.jpg,True,2,0.025838299,0,8,convnext_256
8c777e19-7874-4d01-9480-1a9dd456dd9a.jpg,1,1,data/images/8c777e19-7874-4d01-9480-1a9dd456dd9a.jpg,True,3,0.97623914,1,7,convnext_256
6b083cae-d63b-4163-a37d-f1309f07da43.jpg,0,0,data/images/6b083cae-d63b-4163-a37d-f1309f07da43.jpg,True,1,0.028001083,0,8,convnext_256
06a90bf4-02b9-4322-84a6-f168e5ebc8d8.jpg,1,1,data/images/06a90bf4-02b9-4322-84a6-f168e5ebc8d8.jpg,True,0,0.05971173,0,7,convnext_256
4d7dae1d-3984-4560-8799-4a32a3b4dce0.jpg,1,1,data/images/4d7dae1d-3984-4560-8799-4a32a3b4dce0.jpg,True,4,0.9787567,1,7,convnext_256
87f057c0-852f-4674-8a2e-acb3a76e24e3.jpg,0,0,data/images/87f057c0-852f-4674-8a2e-acb3a76e24e3.jpg,True,3,0.024495967,0,7,convnext_256
04a191da-7ebf-4a1a-a29b-4a414adbf21b.jpg,1,1,data/images/04a191da-7ebf-4a1a-a29b-4a414adbf21b.jpg,True,0,0.98418415,1,7,convnext_256
8d072cf4-8ce2-42fb-b353-f03e03897dde.jpg,0,0,data/images/8d072cf4-8ce2-42fb-b353-f03e03897dde.jpg,True,4,0.03155473,0,7,convnext_256
91ed6e4e-764e-41ae-9277-c9544dfa5f0b.jpg,0,0,data/images/91ed6e4e-764e-41ae-9277-c9544dfa5f0b.jpg,True,2,0.025998296,0,8,convnext_256
3d151543-c583-4604-bd0b-57d11c0643b1.jpg,0,0,data/images/3d151543-c583-4604-bd0b-57d11c0643b1.jpg,True,1,0.032769416,0,8,convnext_256
8873bece-bcf9-4e64-a419-fa5971b4898c.jpg,0,0,data/images/8873bece-bcf9-4e64-a419-fa5971b4898c.jpg,True,4,0.04446829,0,7,convnext_256
4bc75b43-e5cb-4a93-9961-ecc4893766c9.jpg,0,0,data/images/4bc75b43-e5cb-4a93-9961-ecc4893766c9.jpg,True,2,0.02388555,0,8,convnext_256
bad0ee31-1a2e-4546-a5d5-84099b11a42b.jpg,0,0,data/images/bad0ee31-1a2e-4546-a5d5-84099b11a42b.jpg,True,0,0.9256212,1,7,convnext_256
e0e94d20-58a5-4e64-8aaa-98d18978c2a0.jpg,1,1,data/images/e0e94d20-58a5-4e64-8aaa-98d18978c2a0.jpg,True,3,0.8230333,1,7,convnext_256
d4136565-4086-4174-a044-ca7a941c8748.jpg,1,1,data/images/d4136565-4086-4174-a044-ca7a941c8748.jpg,True,1,0.9785404,1,8,convnext_256
ae2112fc-58e7-45fb-97e1-4a5b28fa3b39.jpg,0,0,data/images/ae2112fc-58e7-45fb-97e1-4a5b28fa3b39.jpg,True,1,0.016765963,0,8,convnext_256
f71da0ab-1987-46d3-b957-1f438fd98c52.jpg,0,0,data/images/f71da0ab-1987-46d3-b957-1f438fd98c52.jpg,True,2,0.019307997,0,8,convnext_256
42291d00-a589-4dfb-96ed-745a6d3fa9f8.jpg,1,1,data/images/42291d00-a589-4dfb-96ed-745a6d3fa9f8.jpg,True,4,0.9729687,1,7,convnext_256
11aadcca-8d2f-4d08-ad56-105566597199.jpg,1,1,data/images/11aadcca-8d2f-4d08-ad56-105566597199.jpg,True,0,0.93956727,1,7,convnext_256
0618fa62-6c19-4844-b408-b42ce48c08eb.jpg,1,1,data/images/0618fa62-6c19-4844-b408-b42ce48c08eb.jpg,True,3,0.9794774,1,7,convnext_256
1a527b27-07d0-443a-9133-2084edbf08e4.jpg,1,1,data/images/1a527b27-07d0-443a-9133-2084edbf08e4.jpg,True,2,0.41996393,0,8,convnext_256
6f4f1520-32bc-4471-9407-5c2b086b678b.jpg,0,0,data/images/6f4f1520-32bc-4471-9407-5c2b086b678b.jpg,True,4,0.89928406,1,7,convnext_256
9d1b4546-4f02-4236-a39f-4f62d0d9065a.jpg,0,0,data/images/9d1b4546-4f02-4236-a39f-4f62d0d9065a.jpg,True,3,0.57172495,1,7,convnext_256
b07b5a7c-8e88-4e6c-8352-8203a2dca1cf.jpg,1,1,data/images/b07b5a7c-8e88-4e6c-8352-8203a2dca1cf.jpg,True,0,0.9801887,1,7,convnext_256
c07728a7-dcde-4bc4-961c-447e17b24c68.jpg,1,1,data/images/c07728a7-dcde-4bc4-961c-447e17b24c68.jpg,True,1,0.97610873,1,8,convnext_256
56bcab93-efa1-4d73-b23d-d718a168c63d.jpg,1,1,data/images/56bcab93-efa1-4d73-b23d-d718a168c63d.jpg,True,4,0.9403185,1,7,convnext_256
f489a7ff-c86b-4665-ba54-4a2419a4c784.jpg,0,0,data/images/f489a7ff-c86b-4665-ba54-4a2419a4c784.jpg,True,3,0.017549897,0,7,convnext_256
ff08f115-2cfc-4480-be63-23a47742eae1.jpg,1,1,data/images/ff08f115-2cfc-4480-be63-23a47742eae1.jpg,True,2,0.78279954,1,8,convnext_256
24132452-20cd-425b-8198-c09ecd4f5af8.jpg,0,0,data/images/24132452-20cd-425b-8198-c09ecd4f5af8.jpg,True,1,0.034660153,0,8,convnext_256
c64023ff-1b43-401b-bc4c-90b55e8a70f4.jpg,0,0,data/images/c64023ff-1b43-401b-bc4c-90b55e8a70f4.jpg,True,0,0.032760255,0,7,convnext_256
fe60eac7-7a97-429a-8430-2aca765868e3.jpg,1,1,data/images/fe60eac7-7a97-429a-8430-2aca765868e3.jpg,True,0,0.9719215,1,7,convnext_256
78860e46-25d6-422e-ac29-06b3ab5cf01f.jpg,0,0,data/images/78860e46-25d6-422e-ac29-06b3ab5cf01f.jpg,True,3,0.05815032,0,7,convnext_256
209127e4-25e3-48d1-a5af-bd71457c5df3.jpg,1,1,data/images/209127e4-25e3-48d1-a5af-bd71457c5df3.jpg,True,4,0.90590787,1,7,convnext_256
81b2a6a9-b33e-431d-989f-08e9893de14f.jpg,0,0,data/images/81b2a6a9-b33e-431d-989f-08e9893de14f.jpg,True,1,0.79142344,1,8,convnext_256
5aed506c-b4c1-4e79-aac9-2e57db227c3c.jpg,1,1,data/images/5aed506c-b4c1-4e79-aac9-2e57db227c3c.jpg,True,2,0.90217847,1,8,convnext_256
ec578e30-91f1-46b7-9006-089d4d871ff2.jpg,1,1,data/images/ec578e30-91f1-46b7-9006-089d4d871ff2.jpg,True,3,0.59042084,1,7,convnext_256
a3152e5a-d11b-4842-9b38-78f06f7c90b6.jpg,1,1,data/images/a3152e5a-d11b-4842-9b38-78f06f7c90b6.jpg,True,4,0.9440366,1,7,convnext_256
58294ed0-d7e4-4079-9af7-95dfc9f4435b.jpg,0,0,data/images/58294ed0-d7e4-4079-9af7-95dfc9f4435b.jpg,True,2,0.053790588,0,8,convnext_256
30521e40-998d-4d68-a3c3-e3142a8ea7f9.jpg,1,1,data/images/30521e40-998d-4d68-a3c3-e3142a8ea7f9.jpg,True,0,0.98643756,1,7,convnext_256
c1283cc1-7a12-427b-a515-7076a213045a.jpg,1,1,data/images/c1283cc1-7a12-427b-a515-7076a213045a.jpg,True,1,0.98183894,1,8,convnext_256
24c4d5bc-70a9-4d09-b8cf-d882960aed75.jpg,1,1,data/images/24c4d5bc-70a9-4d09-b8cf-d882960aed75.jpg,True,1,0.9526247,1,8,convnext_256
413e55e7-78ed-49ab-971b-2ede4b2f0064.jpg,0,0,data/images/413e55e7-78ed-49ab-971b-2ede4b2f0064.jpg,True,2,0.020119686,0,8,convnext_256
81a25fbe-ea60-45ca-8eaf-bae091828623.jpg,0,0,data/images/81a25fbe-ea60-45ca-8eaf-bae091828623.jpg,True,3,0.030289484,0,7,convnext_256
a9113570-36ae-4b5d-b3ea-e5765e9f9fbc.jpg,0,0,data/images/a9113570-36ae-4b5d-b3ea-e5765e9f9fbc.jpg,True,0,0.5325962,1,7,convnext_256
c60cc90c-e364-42e1-8af4-4100bc7979de.jpg,0,0,data/images/c60cc90c-e364-42e1-8af4-4100bc7979de.jpg,True,4,0.8913511,1,7,convnext_256
abb1f97c-37d5-4047-9ca0-62a0d5e1dcaf.jpg,1,1,data/images/abb1f97c-37d5-4047-9ca0-62a0d5e1dcaf.jpg,True,4,0.21759659,0,7,convnext_256
4ebdbc5c-4a59-44ba-aa71-e460f17557d5.jpg,0,0,data/images/4ebdbc5c-4a59-44ba-aa71-e460f17557d5.jpg,True,1,0.042420533,0,8,convnext_256
8e285c20-9b3f-4b23-ae54-7c6a3bc0cea6.jpg,0,0,data/images/8e285c20-9b3f-4b23-ae54-7c6a3bc0cea6.jpg,True,3,0.014594335,0,7,convnext_256
9be7aabf-e2bf-4a47-b33d-fe1b01959dac.jpg,1,1,data/images/9be7aabf-e2bf-4a47-b33d-fe1b01959dac.jpg,True,0,0.97959113,1,7,convnext_256
f2d2f9d6-1cd1-405e-a61f-9e70b1381638.jpg,0,0,data/images/f2d2f9d6-1cd1-405e-a61f-9e70b1381638.jpg,True,2,0.04212042,0,8,convnext_256
69d0d13f-8008-44fd-b023-258a4591ab07.jpg,0,0,data/images/69d0d13f-8008-44fd-b023-258a4591ab07.jpg,True,2,0.033048123,0,8,convnext_256
8419d2f1-cee7-443a-b8e0-a475734e6820.jpg,0,0,data/images/8419d2f1-cee7-443a-b8e0-a475734e6820.jpg,True,4,0.011858289,0,7,convnext_256
705ae111-c9b1-4596-969c-5fc2c426e62c.jpg,1,1,data/images/705ae111-c9b1-4596-969c-5fc2c426e62c.jpg,True,3,0.97068864,1,7,convnext_256
b23d561f-1d3b-4855-b79f-41f947e71d21.jpg,1,1,data/images/b23d561f-1d3b-4855-b79f-41f947e71d21.jpg,True,0,0.98254967,1,7,convnext_256
e2aac52c-a152-4fd0-8f5c-3eed317cf983.jpg,0,0,data/images/e2aac52c-a152-4fd0-8f5c-3eed317cf983.jpg,True,1,0.022927342,0,8,convnext_256
e0b30838-5a77-4e5f-90e5-a81827c37dd4.jpg,0,0,data/images/e0b30838-5a77-4e5f-90e5-a81827c37dd4.jpg,True,3,0.009202868,0,7,convnext_256
2de968f3-cbf7-4ffb-ac29-1455605323c0.jpg,1,1,data/images/2de968f3-cbf7-4ffb-ac29-1455605323c0.jpg,True,0,0.9789956,1,7,convnext_256
153db709-818b-4458-b7df-b40a8b0f21f9.jpg,1,1,data/images/153db709-818b-4458-b7df-b40a8b0f21f9.jpg,True,2,0.9816273,1,8,convnext_256
6f125c75-fed8-45e7-a423-906da508d969.jpg,0,0,data/images/6f125c75-fed8-45e7-a423-906da508d969.jpg,True,1,0.02922991,0,8,convnext_256
d93ebbfa-b8f1-482c-9f26-d295191790e6.jpg,0,0,data/images/d93ebbfa-b8f1-482c-9f26-d295191790e6.jpg,True,4,0.09935913,0,7,convnext_256
563e06eb-7876-4092-9c40-1c4f4cbfad70.jpg,1,1,data/images/563e06eb-7876-4092-9c40-1c4f4cbfad70.jpg,True,2,0.9809678,1,8,convnext_256
e0ad4c57-3503-4c0a-ba3d-dd7cc1ace058.jpg,0,0,data/images/e0ad4c57-3503-4c0a-ba3d-dd7cc1ace058.jpg,True,0,0.025399193,0,7,convnext_256
f8dd9683-c0c9-4d93-886a-6adbddd0f949.jpg,0,0,data/images/f8dd9683-c0c9-4d93-886a-6adbddd0f949.jpg,True,1,0.021251064,0,8,convnext_256
d5f139c9-c74d-4417-9f1c-606b8529c808.jpg,0,0,data/images/d5f139c9-c74d-4417-9f1c-606b8529c808.jpg,True,4,0.6578282,1,7,convnext_256
b0bb9709-d511-4629-8ec8-e16dbadf40f6.jpg,0,0,data/images/b0bb9709-d511-4629-8ec8-e16dbadf40f6.jpg,True,3,0.02302335,0,7,convnext_256
ac8f5d76-545f-4d32-9c25-3759da0426f6.jpg,0,0,data/images/ac8f5d76-545f-4d32-9c25-3759da0426f6.jpg,True,3,0.8940636,1,7,convnext_256
8f7b345e-3114-4176-9271-dbfabafe79a5.jpg,0,0,data/images/8f7b345e-3114-4176-9271-dbfabafe79a5.jpg,True,1,0.10356959,0,8,convnext_256
39448638-bf26-41ab-8f4f-50a0c914abc7.jpg,0,0,data/images/39448638-bf26-41ab-8f4f-50a0c914abc7.jpg,True,4,0.04657573,0,7,convnext_256
18e6e9c2-d565-4b3c-93c7-27c4e59022a5.jpg,0,0,data/images/18e6e9c2-d565-4b3c-93c7-27c4e59022a5.jpg,True,2,0.10107748,0,8,convnext_256
3a2396fa-d0a2-4845-b8cf-97bb5b4ac38f.jpg,0,0,data/images/3a2396fa-d0a2-4845-b8cf-97bb5b4ac38f.jpg,True,0,0.020255553,0,7,convnext_256
cddfee10-b09e-4153-ac22-7bc99d1603f9.jpg,1,1,data/images/cddfee10-b09e-4153-ac22-7bc99d1603f9.jpg,True,2,0.96306,1,8,convnext_256
3da7e13a-aa87-4f32-85d5-a59d98dd50c1.jpg,1,1,data/images/3da7e13a-aa87-4f32-85d5-a59d98dd50c1.jpg,True,4,0.9771945,1,7,convnext_256
b81f8c36-f692-4df9-a24c-d5894260db67.jpg,1,1,data/images/b81f8c36-f692-4df9-a24c-d5894260db67.jpg,True,3,0.99130064,1,7,convnext_256
fc8e37a1-2fb9-4ce5-9a2f-4e39c829209d.jpg,0,0,data/images/fc8e37a1-2fb9-4ce5-9a2f-4e39c829209d.jpg,True,0,0.024342023,0,7,convnext_256
9f85fdad-60d4-4d97-81bd-b95fdfd85345.jpg,0,0,data/images/9f85fdad-60d4-4d97-81bd-b95fdfd85345.jpg,True,1,0.024467438,0,8,convnext_256
3664441d-8b15-420f-a0ba-dd2b82944932.jpg,0,0,data/images/3664441d-8b15-420f-a0ba-dd2b82944932.jpg,True,1,0.33154872,0,8,convnext_256
a22c811b-fa32-403e-aa62-1df093ce6087.jpg,0,0,data/images/a22c811b-fa32-403e-aa62-1df093ce6087.jpg,True,2,0.022812838,0,8,convnext_256
c01b5117-f485-4918-a6d8-5296ba2e1d62.jpg,1,1,data/images/c01b5117-f485-4918-a6d8-5296ba2e1d62.jpg,True,4,0.98591214,1,7,convnext_256
e5bcf4af-c6ff-445c-baae-e2bc3483d983.jpg,0,0,data/images/e5bcf4af-c6ff-445c-baae-e2bc3483d983.jpg,True,3,0.021330642,0,7,convnext_256
a6aa064f-bd08-47d9-bcb8-418db1e8dbc4.jpg,0,0,data/images/a6aa064f-bd08-47d9-bcb8-418db1e8dbc4.jpg,True,0,0.6345689,1,7,convnext_256
1727a142-7048-498a-8b58-15a3ef47c85e.jpg,1,1,data/images/1727a142-7048-498a-8b58-15a3ef47c85e.jpg,True,2,0.94990754,1,8,convnext_256
09565b94-b1b5-412e-8a53-9720e2ed8c00.jpg,1,1,data/images/09565b94-b1b5-412e-8a53-9720e2ed8c00.jpg,True,0,0.97362727,1,7,convnext_256
e5ce2a06-b69f-4743-be01-ce860c3f3e6e.jpg,0,0,data/images/e5ce2a06-b69f-4743-be01-ce860c3f3e6e.jpg,True,1,0.03075373,0,8,convnext_256
eb0d2d57-58ee-4289-af1e-14a45c5b6220.jpg,0,0,data/images/eb0d2d57-58ee-4289-af1e-14a45c5b6220.jpg,True,3,0.82958364,1,7,convnext_256
57e1b081-395d-41c2-8c6b-5eff7bd85b13.jpg,0,0,data/images/57e1b081-395d-41c2-8c6b-5eff7bd85b13.jpg,True,4,0.6937428,1,7,convnext_256
8eb41a05-7e01-40cf-99b4-ed1d60bfb258.jpg,0,0,data/images/8eb41a05-7e01-40cf-99b4-ed1d60bfb258.jpg,True,3,0.118008636,0,7,convnext_256
140fe191-614d-4186-b9ee-67ce4f3d1018.jpg,1,1,data/images/140fe191-614d-4186-b9ee-67ce4f3d1018.jpg,True,0,0.31497282,0,7,convnext_256
142e972d-51a3-420a-86d6-7d717619ba36.jpg,0,0,data/images/142e972d-51a3-420a-86d6-7d717619ba36.jpg,True,1,0.04949047,0,8,convnext_256
4473e05d-6cdd-43c2-be79-942da057d197.jpg,0,0,data/images/4473e05d-6cdd-43c2-be79-942da057d197.jpg,True,4,0.033229697,0,7,convnext_256
b496b203-f61e-4d98-986d-0d5c7ba7f232.jpg,0,0,data/images/b496b203-f61e-4d98-986d-0d5c7ba7f232.jpg,True,2,0.9701358,1,8,convnext_256
daf1f0d5-3024-42c6-9937-18de1ad9a434.jpg,0,0,data/images/daf1f0d5-3024-42c6-9937-18de1ad9a434.jpg,True,2,0.017124014,0,8,convnext_256
fb0617f4-b28c-43d1-a4f8-edf4a5a35371.jpg,0,0,data/images/fb0617f4-b28c-43d1-a4f8-edf4a5a35371.jpg,True,4,0.018597983,0,7,convnext_256
2208a0c4-7730-497f-9ab3-6e0e5f49926e.jpg,0,0,data/images/2208a0c4-7730-497f-9ab3-6e0e5f49926e.jpg,True,0,0.008553065,0,7,convnext_256
429ee8f1-b86c-4dca-b534-c1703cf37c37.jpg,0,0,data/images/429ee8f1-b86c-4dca-b534-c1703cf37c37.jpg,True,1,0.06295611,0,8,convnext_256
3cf74e08-0675-493a-a72f-cfc2b66c98ae.jpg,0,0,data/images/3cf74e08-0675-493a-a72f-cfc2b66c98ae.jpg,True,3,0.6191622,1,7,convnext_256
2ff83bb8-5df0-4da7-bb0a-9c6c256ad02b.jpg,0,0,data/images/2ff83bb8-5df0-4da7-bb0a-9c6c256ad02b.jpg,True,4,0.011652643,0,7,convnext_256
8d766b2a-fd42-4a8a-b2c8-1b177ada1ce2.jpg,1,1,data/images/8d766b2a-fd42-4a8a-b2c8-1b177ada1ce2.jpg,True,0,0.061372083,0,7,convnext_256
6074a65b-7ac7-4005-b8a8-d5f7521d6000.jpg,0,0,data/images/6074a65b-7ac7-4005-b8a8-d5f7521d6000.jpg,True,2,0.23282987,0,8,convnext_256
b26b9ee4-6aa8-4a8c-bdbe-2bffbd14868b.jpg,1,1,data/images/b26b9ee4-6aa8-4a8c-bdbe-2bffbd14868b.jpg,True,3,0.9758965,1,7,convnext_256
cab5d2b7-df9e-4ce0-86e5-5d5369776cdf.jpg,0,0,data/images/cab5d2b7-df9e-4ce0-86e5-5d5369776cdf.jpg,True,1,0.25337642,0,8,convnext_256
d30812d4-2cfe-4cec-9c23-4075ff37a385.jpg,1,1,data/images/d30812d4-2cfe-4cec-9c23-4075ff37a385.jpg,True,0,0.9838382,1,7,convnext_256
0695d371-5162-4c0a-a36d-5d237f7d0f9c.jpg,1,1,data/images/0695d371-5162-4c0a-a36d-5d237f7d0f9c.jpg,True,4,0.9615189,1,7,convnext_256
76173263-b198-4704-bab3-c09e29afe456.jpg,0,0,data/images/76173263-b198-4704-bab3-c09e29afe456.jpg,True,2,0.02627405,0,8,convnext_256
54da968b-f8be-4fff-98e5-f811bafbcbd1.jpg,0,0,data/images/54da968b-f8be-4fff-98e5-f811bafbcbd1.jpg,True,1,0.113373116,0,8,convnext_256
43f3691b-2ab0-41e7-98bf-0c42e297258c.jpg,0,0,data/images/43f3691b-2ab0-41e7-98bf-0c42e297258c.jpg,True,3,0.023099206,0,7,convnext_256
84d752b5-554b-4e9a-af3d-6f544acc2ee1.jpg,1,1,data/images/84d752b5-554b-4e9a-af3d-6f544acc2ee1.jpg,True,2,0.9328252,1,8,convnext_256
4882b949-72c0-4dd2-b0d9-49a6c6049fbc.jpg,1,1,data/images/4882b949-72c0-4dd2-b0d9-49a6c6049fbc.jpg,True,0,0.98269296,1,7,convnext_256
78d8cbac-009b-4adc-a9b7-28abcd1b6a63.jpg,1,1,data/images/78d8cbac-009b-4adc-a9b7-28abcd1b6a63.jpg,True,1,0.97616446,1,8,convnext_256
ca06d696-b620-4e97-8218-0d273d1d3eae.jpg,0,0,data/images/ca06d696-b620-4e97-8218-0d273d1d3eae.jpg,True,3,0.01055769,0,7,convnext_256
9b7a9a57-1e31-4e9d-bf65-08238ec2bffe.jpg,0,0,data/images/9b7a9a57-1e31-4e9d-bf65-08238ec2bffe.jpg,True,4,0.022873577,0,7,convnext_256
b9bd9833-7fc5-4980-99ec-76de65aa1e9e.jpg,1,1,data/images/b9bd9833-7fc5-4980-99ec-76de65aa1e9e.jpg,True,1,0.9730631,1,8,convnext_256
a803acad-1db3-4818-af05-50767fdc4c40.jpg,0,0,data/images/a803acad-1db3-4818-af05-50767fdc4c40.jpg,True,3,0.10003181,0,7,convnext_256
f22d9629-8f65-4b90-86ac-3d53e7d8ab2f.jpg,1,1,data/images/f22d9629-8f65-4b90-86ac-3d53e7d8ab2f.jpg,True,4,0.12575576,0,7,convnext_256
15d51ae4-c97a-431e-879c-7bd5a34b42e4.jpg,1,1,data/images/15d51ae4-c97a-431e-879c-7bd5a34b42e4.jpg,True,2,0.9723154,1,8,convnext_256
4170c14a-6f1b-4589-8458-1012ec4cf95a.jpg,0,0,data/images/4170c14a-6f1b-4589-8458-1012ec4cf95a.jpg,True,0,0.027065393,0,7,convnext_256
c2050e4f-35c6-45d9-9056-26761ff917ed.jpg,1,1,data/images/c2050e4f-35c6-45d9-9056-26761ff917ed.jpg,True,4,0.9627942,1,7,convnext_256
08275f82-a2ee-47d3-9239-9a782181cb7c.jpg,0,0,data/images/08275f82-a2ee-47d3-9239-9a782181cb7c.jpg,True,3,0.043454304,0,7,convnext_256
ef75127b-beb2-4a0b-9bf4-522832bded95.jpg,1,1,data/images/ef75127b-beb2-4a0b-9bf4-522832bded95.jpg,True,1,0.80020314,1,8,convnext_256
ad2879df-c63f-4a10-92b1-b7a8288db6d7.jpg,0,0,data/images/ad2879df-c63f-4a10-92b1-b7a8288db6d7.jpg,True,0,0.028736364,0,7,convnext_256
52cca418-8196-41d2-9e4a-43803b844472.jpg,1,1,data/images/52cca418-8196-41d2-9e4a-43803b844472.jpg,True,2,0.9082791,1,8,convnext_256
6b8c196b-79be-49ad-9445-26107a3c5328.jpg,0,0,data/images/6b8c196b-79be-49ad-9445-26107a3c5328.jpg,True,2,0.01905245,0,8,convnext_256
e42cfafb-63cc-43d0-8c4e-f27c8b7e0fba.jpg,1,1,data/images/e42cfafb-63cc-43d0-8c4e-f27c8b7e0fba.jpg,True,0,0.97927,1,7,convnext_256
faedc7f9-8673-4d4b-ab61-5b0455c9bf27.jpg,1,1,data/images/faedc7f9-8673-4d4b-ab61-5b0455c9bf27.jpg,True,4,0.9748248,1,7,convnext_256
cf56f569-5e19-4314-a905-5b63ffda0a29.jpg,1,1,data/images/cf56f569-5e19-4314-a905-5b63ffda0a29.jpg,True,3,0.12829661,0,7,convnext_256
2da976e8-2758-4464-a390-e9573edc4088.jpg,0,0,data/images/2da976e8-2758-4464-a390-e9573edc4088.jpg,True,1,0.37868035,0,8,convnext_256
b450b796-5fb1-4bb9-b169-b2e5a19adc5c.jpg,1,1,data/images/b450b796-5fb1-4bb9-b169-b2e5a19adc5c.jpg,True,4,0.98633873,1,7,convnext_256
f1975628-b94a-487d-8253-ec38af7cde3f.jpg,0,0,data/images/f1975628-b94a-487d-8253-ec38af7cde3f.jpg,True,1,0.7285829,1,8,convnext_256
cc1c050f-5a67-495a-b0dd-ce4aef3e0ebc.jpg,1,1,data/images/cc1c050f-5a67-495a-b0dd-ce4aef3e0ebc.jpg,True,0,0.9205344,1,7,convnext_256
b2f62559-ff7c-4fca-b3a3-cf4e854ca973.jpg,1,1,data/images/b2f62559-ff7c-4fca-b3a3-cf4e854ca973.jpg,True,3,0.9559088,1,7,convnext_256
fcbb8cfb-71db-428f-8819-a9bc33e6d6bd.jpg,0,0,data/images/fcbb8cfb-71db-428f-8819-a9bc33e6d6bd.jpg,True,2,0.1287726,0,8,convnext_256
475e1b79-34b8-40b9-8583-4a220c54431b.jpg,1,1,data/images/475e1b79-34b8-40b9-8583-4a220c54431b.jpg,True,0,0.96981657,1,7,convnext_256
177b912d-86df-4f3e-bbee-2a296fbe65c4.jpg,0,0,data/images/177b912d-86df-4f3e-bbee-2a296fbe65c4.jpg,True,2,0.021863854,0,8,convnext_256
97389e8a-28dc-4cc1-89e2-33f55c2a31c8.jpg,1,1,data/images/97389e8a-28dc-4cc1-89e2-33f55c2a31c8.jpg,True,1,0.97885853,1,8,convnext_256
2e81f4c6-ce9e-4806-8535-91170ebdd5d3.jpg,0,0,data/images/2e81f4c6-ce9e-4806-8535-91170ebdd5d3.jpg,True,3,0.029347494,0,7,convnext_256
57c462c8-d98d-4b47-96fe-c6add45262fb.jpg,1,1,data/images/57c462c8-d98d-4b47-96fe-c6add45262fb.jpg,True,4,0.9788397,1,7,convnext_256
4c2eb1ca-f502-4b8a-9f2d-de371e2c9dbc.jpg,0,0,data/images/4c2eb1ca-f502-4b8a-9f2d-de371e2c9dbc.jpg,True,2,0.044706333,0,8,convnext_256
250d8952-4294-4998-82ec-7a506eab8ce1.jpg,0,0,data/images/250d8952-4294-4998-82ec-7a506eab8ce1.jpg,True,0,0.015738344,0,7,convnext_256
a4832d22-f812-4572-9f3d-fddfa72426e5.jpg,0,0,data/images/a4832d22-f812-4572-9f3d-fddfa72426e5.jpg,True,1,0.9420494,1,8,convnext_256
f6d15f0f-e057-4b6e-b0bf-7ee3c79385a8.jpg,1,1,data/images/f6d15f0f-e057-4b6e-b0bf-7ee3c79385a8.jpg,True,3,0.6892354,1,7,convnext_256
ea76417b-43a3-487d-9395-37e863501c0f.jpg,1,1,data/images/ea76417b-43a3-487d-9395-37e863501c0f.jpg,True,4,0.9655165,1,7,convnext_256
ec9944a5-71dd-4028-bbf6-29419f7e7eae.jpg,1,1,data/images/ec9944a5-71dd-4028-bbf6-29419f7e7eae.jpg,True,0,0.98975873,1,7,convnext_256
5f00fecd-a438-4b78-a3e5-948e03bd86f8.jpg,0,0,data/images/5f00fecd-a438-4b78-a3e5-948e03bd86f8.jpg,True,2,0.8967235,1,8,convnext_256
c4e823f7-fca0-456b-98c5-16458a38fb4a.jpg,1,1,data/images/c4e823f7-fca0-456b-98c5-16458a38fb4a.jpg,True,3,0.98627484,1,7,convnext_256
cd10c3c9-b721-4d99-b686-8ac8bc419006.jpg,1,1,data/images/cd10c3c9-b721-4d99-b686-8ac8bc419006.jpg,True,1,0.95616496,1,8,convnext_256
0fbacba7-e960-477a-b587-c2e1fb7bb85b.jpg,1,1,data/images/0fbacba7-e960-477a-b587-c2e1fb7bb85b.jpg,True,4,0.9739516,1,7,convnext_256
fde032a2-8c17-45d4-88e7-c5d171420d97.jpg,0,0,data/images/fde032a2-8c17-45d4-88e7-c5d171420d97.jpg,True,1,0.082575165,0,8,convnext_256
7b610db2-493b-4dfa-8b67-c06d62c0bdc5.jpg,1,1,data/images/7b610db2-493b-4dfa-8b67-c06d62c0bdc5.jpg,True,2,0.013484518,0,8,convnext_256
460bd985-317b-403e-8d4e-17f2569b8c41.jpg,0,0,data/images/460bd985-317b-403e-8d4e-17f2569b8c41.jpg,True,4,0.078497976,0,7,convnext_256
e617a906-3e27-4513-9df0-641cf3dd300c.jpg,1,1,data/images/e617a906-3e27-4513-9df0-641cf3dd300c.jpg,True,3,0.98089474,1,7,convnext_256
5aab6eb6-8cf6-45de-9de8-cc6f06d40eac.jpg,0,0,data/images/5aab6eb6-8cf6-45de-9de8-cc6f06d40eac.jpg,True,0,0.0487305,0,7,convnext_256
0bf43c69-fa3e-4ebe-b060-2289759ff2df.jpg,1,1,data/images/0bf43c69-fa3e-4ebe-b060-2289759ff2df.jpg,True,4,0.9734551,1,7,convnext_256
8285ee58-acd1-461c-acbd-55c7d2b77e3d.jpg,1,1,data/images/8285ee58-acd1-461c-acbd-55c7d2b77e3d.jpg,True,1,0.9594181,1,8,convnext_256
7adf9c34-e0ae-41b4-aeb5-56713313b980.jpg,0,0,data/images/7adf9c34-e0ae-41b4-aeb5-56713313b980.jpg,True,0,0.029727103,0,7,convnext_256
ab7d9c20-f75b-49fc-a34b-a95d9c0955bc.jpg,1,1,data/images/ab7d9c20-f75b-49fc-a34b-a95d9c0955bc.jpg,True,2,0.9670253,1,8,convnext_256
81b25069-7fba-45e0-b2f9-b1e9ae6386af.jpg,1,1,data/images/81b25069-7fba-45e0-b2f9-b1e9ae6386af.jpg,True,3,0.06539567,0,7,convnext_256
2bbdec5d-06ff-4e95-9889-260b96de3f09.jpg,1,1,data/images/2bbdec5d-06ff-4e95-9889-260b96de3f09.jpg,True,1,0.9720811,1,8,convnext_256
fb8689d3-1a89-4671-8b4b-534659cbdea7.jpg,1,1,data/images/fb8689d3-1a89-4671-8b4b-534659cbdea7.jpg,True,2,0.95746607,1,8,convnext_256
afd3499b-1fa0-4544-9203-de9c14051fe1.jpg,1,1,data/images/afd3499b-1fa0-4544-9203-de9c14051fe1.jpg,True,4,0.97244984,1,7,convnext_256
c21008f1-ebbb-4f17-8bdf-8b3fd53c8fbe.jpg,1,1,data/images/c21008f1-ebbb-4f17-8bdf-8b3fd53c8fbe.jpg,True,3,0.93681973,1,7,convnext_256
65eed627-d197-42f8-add2-659e4f3054d7.jpg,0,0,data/images/65eed627-d197-42f8-add2-659e4f3054d7.jpg,True,0,0.056640033,0,7,convnext_256
e3fe405e-efc3-481d-bef7-60d129c2a0b3.jpg,0,0,data/images/e3fe405e-efc3-481d-bef7-60d129c2a0b3.jpg,True,1,0.072272904,0,8,convnext_256
a9b1fed0-15dd-498b-acc0-50959b12fa02.jpg,0,0,data/images/a9b1fed0-15dd-498b-acc0-50959b12fa02.jpg,True,3,0.6127208,1,7,convnext_256
8be77686-ad37-4dff-87cc-a2f04ad7f782.jpg,0,0,data/images/8be77686-ad37-4dff-87cc-a2f04ad7f782.jpg,True,4,0.045267157,0,7,convnext_256
9bd09d1b-099f-432e-931a-98425670da2a.jpg,1,1,data/images/9bd09d1b-099f-432e-931a-98425670da2a.jpg,True,0,0.10716494,0,7,convnext_256
d27b8444-eb64-49cc-ad8e-ef97c3f665cf.jpg,0,0,data/images/d27b8444-eb64-49cc-ad8e-ef97c3f665cf.jpg,True,2,0.013557371,0,8,convnext_256
b0976e0f-9d10-42bb-a07d-789529c9a14b.jpg,0,0,data/images/b0976e0f-9d10-42bb-a07d-789529c9a14b.jpg,True,0,0.018599547,0,7,convnext_256
01322d4d-6f6f-4646-9d90-e21d202eef8b.jpg,1,1,data/images/01322d4d-6f6f-4646-9d90-e21d202eef8b.jpg,True,3,0.96028733,1,7,convnext_256
f7c86843-5d02-4188-8fb7-7944ecbe0448.jpg,0,0,data/images/f7c86843-5d02-4188-8fb7-7944ecbe0448.jpg,True,1,0.90438974,1,8,convnext_256
fd936149-08bd-48de-b124-356bec7e956f.jpg,1,1,data/images/fd936149-08bd-48de-b124-356bec7e956f.jpg,True,2,0.9800203,1,8,convnext_256
206b7b1a-5567-450e-8168-71f3433f7884.jpg,0,0,data/images/206b7b1a-5567-450e-8168-71f3433f7884.jpg,True,4,0.030302638,0,7,convnext_256
1373e279-cab9-4e4a-a73c-045d90974c3a.jpg,0,0,data/images/1373e279-cab9-4e4a-a73c-045d90974c3a.jpg,True,3,0.027992427,0,7,convnext_256
fc95c992-40ea-4158-afdf-709f7d7b06e9.jpg,0,0,data/images/fc95c992-40ea-4158-afdf-709f7d7b06e9.jpg,True,0,0.02977556,0,7,convnext_256
a6ad1ab9-d5a0-4bd3-bdef-0b6f4155e63d.jpg,1,1,data/images/a6ad1ab9-d5a0-4bd3-bdef-0b6f4155e63d.jpg,True,2,0.9770882,1,8,convnext_256
75bd47a1-b514-4c85-bdd2-5a6e5583ce55.jpg,1,1,data/images/75bd47a1-b514-4c85-bdd2-5a6e5583ce55.jpg,True,1,0.9148436,1,8,convnext_256
8fdf9136-802f-42b9-89ee-62455dd41610.jpg,0,0,data/images/8fdf9136-802f-42b9-89ee-62455dd41610.jpg,True,4,0.038953483,0,7,convnext_256
f27197cd-98bd-475c-91a3-b1fdb9a4c7e4.jpg,0,0,data/images/f27197cd-98bd-475c-91a3-b1fdb9a4c7e4.jpg,True,2,0.023159562,0,8,convnext_256
f8c6278e-d8e9-48f8-ac2e-693539303c24.jpg,0,0,data/images/f8c6278e-d8e9-48f8-ac2e-693539303c24.jpg,True,4,0.80572397,1,7,convnext_256
496e7418-a15e-468e-ab32-c869f05434db.jpg,1,1,data/images/496e7418-a15e-468e-ab32-c869f05434db.jpg,True,3,0.92506135,1,7,convnext_256
0d76c8e3-b6ed-400a-bc39-8459a21fdd5f.jpg,1,1,data/images/0d76c8e3-b6ed-400a-bc39-8459a21fdd5f.jpg,True,0,0.96695775,1,7,convnext_256
a304bcf8-565c-4c9b-84c3-34cbac765aaf.jpg,0,0,data/images/a304bcf8-565c-4c9b-84c3-34cbac765aaf.jpg,True,1,0.5917106,1,8,convnext_256
d16e4dee-2c73-47fd-946e-9bc55f6eb806.jpg,1,1,data/images/d16e4dee-2c73-47fd-946e-9bc55f6eb806.jpg,True,1,0.97667956,1,8,convnext_256
c9705198-4f5d-41a5-94b6-b49cef8e07ca.jpg,1,1,data/images/c9705198-4f5d-41a5-94b6-b49cef8e07ca.jpg,True,4,0.98894054,1,7,convnext_256
8930d02c-acc4-47bc-b177-bcdfc129b1a2.jpg,0,0,data/images/8930d02c-acc4-47bc-b177-bcdfc129b1a2.jpg,True,3,0.021124808,0,7,convnext_256
d506cd52-51da-474a-aae0-70ca493cb783.jpg,0,0,data/images/d506cd52-51da-474a-aae0-70ca493cb783.jpg,True,2,0.18200317,0,8,convnext_256
fdd452f6-b440-41bd-920c-7fc10c0b5011.jpg,1,1,data/images/fdd452f6-b440-41bd-920c-7fc10c0b5011.jpg,True,0,0.9765014,1,7,convnext_256
c236c572-218b-4147-a24d-f3191146d555.jpg,1,1,data/images/c236c572-218b-4147-a24d-f3191146d555.jpg,True,0,0.9742356,1,7,convnext_256
2bd2a8d8-207d-4c4a-a1fe-8322313f9d6a.jpg,1,1,data/images/2bd2a8d8-207d-4c4a-a1fe-8322313f9d6a.jpg,True,2,0.88437283,1,8,convnext_256
d27a927d-fafa-4c73-9284-42f5be60c03c.jpg,1,1,data/images/d27a927d-fafa-4c73-9284-42f5be60c03c.jpg,True,3,0.98072135,1,7,convnext_256
0ba2839f-3e82-46ff-a58a-5a7ece51ce58.jpg,1,1,data/images/0ba2839f-3e82-46ff-a58a-5a7ece51ce58.jpg,True,4,0.97881866,1,7,convnext_256
24a96c2c-6117-4a83-ae5e-b48546d11c96.jpg,1,1,data/images/24a96c2c-6117-4a83-ae5e-b48546d11c96.jpg,True,1,0.88339496,1,8,convnext_256
ece1ad13-b612-4a41-b5ea-079320618e4e.jpg,1,1,data/images/ece1ad13-b612-4a41-b5ea-079320618e4e.jpg,True,2,0.88734543,1,8,convnext_256
63cd6c73-5c16-428d-834c-3b6914830f40.jpg,1,1,data/images/63cd6c73-5c16-428d-834c-3b6914830f40.jpg,True,1,0.98214585,1,8,convnext_256
f90c613e-7c2b-4ce2-a040-8be30c9544b2.jpg,0,0,data/images/f90c613e-7c2b-4ce2-a040-8be30c9544b2.jpg,True,0,0.03486731,0,7,convnext_256
a1fe5a17-6320-4c17-b80f-042ec8a9e7e7.jpg,1,1,data/images/a1fe5a17-6320-4c17-b80f-042ec8a9e7e7.jpg,True,4,0.97467846,1,7,convnext_256
ccdf1e39-d4da-4e04-bed8-b5855f67a3e9.jpg,0,0,data/images/ccdf1e39-d4da-4e04-bed8-b5855f67a3e9.jpg,True,3,0.14492558,0,7,convnext_256
0ee8d21c-6ace-414b-95fa-e3dfad1dd55c.jpg,1,1,data/images/0ee8d21c-6ace-414b-95fa-e3dfad1dd55c.jpg,True,2,0.9733619,1,8,convnext_256
568c8ec9-c410-4bda-9cd4-661e5559f98f.jpg,1,1,data/images/568c8ec9-c410-4bda-9cd4-661e5559f98f.jpg,True,1,0.9654667,1,8,convnext_256
7e9449dc-4bb1-4713-8684-595d75c91078.jpg,1,1,data/images/7e9449dc-4bb1-4713-8684-595d75c91078.jpg,True,4,0.98109907,1,7,convnext_256
af780e6b-1e02-499a-9ef2-7bc764dd724f.jpg,1,1,data/images/af780e6b-1e02-499a-9ef2-7bc764dd724f.jpg,True,3,0.98226476,1,7,convnext_256
d8d03ad1-f0b1-48a2-8ce8-9e1f7ef01224.jpg,1,1,data/images/d8d03ad1-f0b1-48a2-8ce8-9e1f7ef01224.jpg,True,0,0.9456402,1,7,convnext_256
92f772b5-e5b4-4fb5-b78a-62c93bf59c94.jpg,0,0,data/images/92f772b5-e5b4-4fb5-b78a-62c93bf59c94.jpg,True,2,0.013150403,0,8,convnext_256
9242c385-a53f-403a-8e83-0e6063bb84f5.jpg,1,1,data/images/9242c385-a53f-403a-8e83-0e6063bb84f5.jpg,True,1,0.978844,1,8,convnext_256
02b5c17e-fcc1-4660-80e9-52c3520556a2.jpg,0,0,data/images/02b5c17e-fcc1-4660-80e9-52c3520556a2.jpg,True,0,0.08853698,0,7,convnext_256
800125ef-2d06-45f8-87dc-bd3da77c0b6f.jpg,1,1,data/images/800125ef-2d06-45f8-87dc-bd3da77c0b6f.jpg,True,4,0.97896165,1,7,convnext_256
1d4c6b73-28eb-4ebb-ba34-e8e4eacaaa99.jpg,0,0,data/images/1d4c6b73-28eb-4ebb-ba34-e8e4eacaaa99.jpg,True,3,0.16132535,0,7,convnext_256
afd91406-7d5b-435a-907e-444939dbc5c8.jpg,0,0,data/images/afd91406-7d5b-435a-907e-444939dbc5c8.jpg,True,3,0.16214462,0,7,convnext_256
0b4474e4-5a84-4ff9-9641-c0b39ae6f1d2.jpg,0,0,data/images/0b4474e4-5a84-4ff9-9641-c0b39ae6f1d2.jpg,True,1,0.9784077,1,8,convnext_256
b38b19d6-87a1-41c3-b7bc-33de2c0a310c.jpg,0,0,data/images/b38b19d6-87a1-41c3-b7bc-33de2c0a310c.jpg,True,2,0.27154332,0,8,convnext_256
301cf95c-3d1c-4018-9cf7-2911b85df96f.jpg,0,0,data/images/301cf95c-3d1c-4018-9cf7-2911b85df96f.jpg,True,0,0.021334786,0,7,convnext_256
753ab1fa-ca31-4710-8352-248f22558a65.jpg,1,1,data/images/753ab1fa-ca31-4710-8352-248f22558a65.jpg,True,4,0.97981036,1,7,convnext_256
87e81f42-d021-4f67-af72-0315653e797f.jpg,0,0,data/images/87e81f42-d021-4f67-af72-0315653e797f.jpg,True,2,0.7280192,1,8,convnext_256
831c3214-78e9-4fb0-97c0-3ac64689980e.jpg,0,0,data/images/831c3214-78e9-4fb0-97c0-3ac64689980e.jpg,True,0,0.12753966,0,7,convnext_256
473888d7-a326-4030-a280-699bafe3e565.jpg,0,0,data/images/473888d7-a326-4030-a280-699bafe3e565.jpg,True,1,0.016198883,0,8,convnext_256
5c239fa9-aa14-4ea8-a194-2927af6cf2bf.jpg,1,1,data/images/5c239fa9-aa14-4ea8-a194-2927af6cf2bf.jpg,True,3,0.038548514,0,7,convnext_256
fe8e766d-e709-437f-8121-4216de9f8cf8.jpg,0,0,data/images/fe8e766d-e709-437f-8121-4216de9f8cf8.jpg,True,4,0.94098455,1,7,convnext_256
54e1b549-03f7-4f36-a4a8-bbbfccc18960.jpg,0,0,data/images/54e1b549-03f7-4f36-a4a8-bbbfccc18960.jpg,True,4,0.023290155,0,7,convnext_256
0334055b-1d5c-48f7-a0d2-8f376e0efb15.jpg,1,1,data/images/0334055b-1d5c-48f7-a0d2-8f376e0efb15.jpg,True,3,0.97665775,1,7,convnext_256
5d8ab102-4533-40ec-91c5-50ede80480eb.jpg,0,0,data/images/5d8ab102-4533-40ec-91c5-50ede80480eb.jpg,True,1,0.021320542,0,8,convnext_256
539d1591-4102-4770-bfd5-85273d9fe437.jpg,0,0,data/images/539d1591-4102-4770-bfd5-85273d9fe437.jpg,True,0,0.89729315,1,7,convnext_256
6e526f3a-fbb9-4609-9154-60fc8aace8d2.jpg,1,1,data/images/6e526f3a-fbb9-4609-9154-60fc8aace8d2.jpg,True,2,0.97415745,1,8,convnext_256
f713d905-5dc8-4295-95a4-b469f3f4d01a.jpg,1,1,data/images/f713d905-5dc8-4295-95a4-b469f3f4d01a.jpg,True,3,0.9791158,1,7,convnext_256
47198fe3-91c3-4b00-a447-f8785fe1c24d.jpg,1,1,data/images/47198fe3-91c3-4b00-a447-f8785fe1c24d.jpg,True,4,0.97819877,1,7,convnext_256
7be190ed-db6c-4fe3-bc94-ddb904cc3a11.jpg,0,0,data/images/7be190ed-db6c-4fe3-bc94-ddb904cc3a11.jpg,True,1,0.037862953,0,8,convnext_256
3e46546d-4c59-425c-a2db-eec746938e60.jpg,0,0,data/images/3e46546d-4c59-425c-a2db-eec746938e60.jpg,True,0,0.017989065,0,7,convnext_256
cb44c5f5-e876-40f4-bb26-e9da54b99cb5.jpg,0,0,data/images/cb44c5f5-e876-40f4-bb26-e9da54b99cb5.jpg,True,2,0.44648185,0,8,convnext_256
fe7c4b64-3ce1-4277-a356-384fac4ee5d2.jpg,1,1,data/images/fe7c4b64-3ce1-4277-a356-384fac4ee5d2.jpg,True,4,0.98039204,1,7,convnext_256
f0be38cc-9ec8-4e93-b59b-bd3841dddf59.jpg,0,0,data/images/f0be38cc-9ec8-4e93-b59b-bd3841dddf59.jpg,True,2,0.9076179,1,8,convnext_256
d4b50453-b4da-4a41-8980-6c093d3ed562.jpg,1,1,data/images/d4b50453-b4da-4a41-8980-6c093d3ed562.jpg,True,0,0.97570485,1,7,convnext_256
01f96f82-dbeb-499a-9f99-ed8d82161624.jpg,0,0,data/images/01f96f82-dbeb-499a-9f99-ed8d82161624.jpg,True,1,0.05411521,0,8,convnext_256
8c633fa0-487b-4526-ae39-6594d0bfede4.jpg,0,0,data/images/8c633fa0-487b-4526-ae39-6594d0bfede4.jpg,True,3,0.5220412,1,7,convnext_256
61d351ec-4c6c-48c6-924c-b44dd97e93ef.jpg,0,0,data/images/61d351ec-4c6c-48c6-924c-b44dd97e93ef.jpg,True,1,0.022430144,0,8,convnext_256
ef23de66-efd2-4b55-a72e-c28ed56726c6.jpg,1,1,data/images/ef23de66-efd2-4b55-a72e-c28ed56726c6.jpg,True,3,0.9808005,1,7,convnext_256
b3a145f6-2622-4d10-b389-929dea9210c5.jpg,1,1,data/images/b3a145f6-2622-4d10-b389-929dea9210c5.jpg,True,2,0.9799238,1,8,convnext_256
9bdebfed-6ef2-4fb5-b77f-b7579d8fe4b4.jpg,0,0,data/images/9bdebfed-6ef2-4fb5-b77f-b7579d8fe4b4.jpg,True,4,0.83325034,1,7,convnext_256
172403ff-89d1-48a7-80d8-470fb7a71975.jpg,0,0,data/images/172403ff-89d1-48a7-80d8-470fb7a71975.jpg,True,0,0.03585451,0,7,convnext_256
0ab941e5-7cff-493c-866c-9f86cc1bb533.jpg,0,0,data/images/0ab941e5-7cff-493c-866c-9f86cc1bb533.jpg,True,3,0.023798157,0,7,convnext_256
19adc69b-31a8-4fe5-8060-20f7238dc4e6.jpg,1,1,data/images/19adc69b-31a8-4fe5-8060-20f7238dc4e6.jpg,True,2,0.9810796,1,8,convnext_256
d90b51e0-b940-4d6c-8dff-f139d0d7c1f0.jpg,0,0,data/images/d90b51e0-b940-4d6c-8dff-f139d0d7c1f0.jpg,True,4,0.015430129,0,7,convnext_256
e001b66d-4bed-4731-a66a-44049701b29e.jpg,1,1,data/images/e001b66d-4bed-4731-a66a-44049701b29e.jpg,True,1,0.9705329,1,8,convnext_256
4cfab3de-03b5-416c-89a4-b4d1f96768c8.jpg,1,1,data/images/4cfab3de-03b5-416c-89a4-b4d1f96768c8.jpg,True,0,0.93008965,1,7,convnext_256
963ccfa1-5186-4bca-bfd8-1aec024de372.jpg,0,0,data/images/963ccfa1-5186-4bca-bfd8-1aec024de372.jpg,True,4,0.009326956,0,7,convnext_256
4bf6906a-5cdd-401a-9369-e7b6ad547ca0.jpg,1,1,data/images/4bf6906a-5cdd-401a-9369-e7b6ad547ca0.jpg,True,2,0.979783,1,8,convnext_256
41bd6864-4356-4b0c-96fb-d6c3745d6abb.jpg,1,1,data/images/41bd6864-4356-4b0c-96fb-d6c3745d6abb.jpg,True,0,0.9639653,1,7,convnext_256
d7e8a4d5-d9aa-4d25-b970-0173a95c18dc.jpg,0,0,data/images/d7e8a4d5-d9aa-4d25-b970-0173a95c18dc.jpg,True,1,0.94619733,1,8,convnext_256
d5dbd6bc-f66b-41f1-bee0-83ae5e233bf4.jpg,1,1,data/images/d5dbd6bc-f66b-41f1-bee0-83ae5e233bf4.jpg,True,3,0.95867693,1,7,convnext_256
869b292a-cf1b-49be-9f04-1aee60f9ca03.jpg,1,1,data/images/869b292a-cf1b-49be-9f04-1aee60f9ca03.jpg,True,0,0.9730429,1,7,convnext_256
20a92cf0-1f5c-49a5-9b94-96235f7ead30.jpg,1,1,data/images/20a92cf0-1f5c-49a5-9b94-96235f7ead30.jpg,True,1,0.96818775,1,8,convnext_256
2376f10a-a8d3-4692-bb3b-ea7240889f90.jpg,1,1,data/images/2376f10a-a8d3-4692-bb3b-ea7240889f90.jpg,True,2,0.9808966,1,8,convnext_256
582d7bb5-5517-46a2-9b73-29f636f7d40c.jpg,1,1,data/images/582d7bb5-5517-46a2-9b73-29f636f7d40c.jpg,True,3,0.9860504,1,7,convnext_256
a06f25b3-9ce6-44b3-b647-2fa73be3bc5b.jpg,0,0,data/images/a06f25b3-9ce6-44b3-b647-2fa73be3bc5b.jpg,True,4,0.027067043,0,7,convnext_256
a87dbe71-9248-4a7a-bb87-6d7a1e56dad6.jpg,1,1,data/images/a87dbe71-9248-4a7a-bb87-6d7a1e56dad6.jpg,True,4,0.9844243,1,7,convnext_256
a6a5c151-bcd6-4f57-b468-8d5b72104642.jpg,1,1,data/images/a6a5c151-bcd6-4f57-b468-8d5b72104642.jpg,True,1,0.04064481,0,8,convnext_256
1dd72c0f-c994-4b42-982a-9002482543cd.jpg,0,0,data/images/1dd72c0f-c994-4b42-982a-9002482543cd.jpg,True,0,0.28398788,0,7,convnext_256
57117307-3690-494f-a360-1af17404fa11.jpg,1,1,data/images/57117307-3690-494f-a360-1af17404fa11.jpg,True,2,0.9823714,1,8,convnext_256
34f6d252-f029-47fc-9e96-6de1aba338c4.jpg,1,1,data/images/34f6d252-f029-47fc-9e96-6de1aba338c4.jpg,True,3,0.9119924,1,7,convnext_256
f3022329-5742-45ea-b7dc-3d507a2ed378.jpg,0,0,data/images/f3022329-5742-45ea-b7dc-3d507a2ed378.jpg,True,4,0.027617322,0,7,convnext_256
bbd97dc8-004f-4d5f-ab9d-f0f48cb72d1a.jpg,1,1,data/images/bbd97dc8-004f-4d5f-ab9d-f0f48cb72d1a.jpg,True,0,0.96899176,1,7,convnext_256
22007675-d4a1-43f0-ab8d-df35267b6d83.jpg,0,0,data/images/22007675-d4a1-43f0-ab8d-df35267b6d83.jpg,True,1,0.9335142,1,8,convnext_256
7ac38c71-73b4-48f5-8a88-bc61aa7f71a9.jpg,1,1,data/images/7ac38c71-73b4-48f5-8a88-bc61aa7f71a9.jpg,True,2,0.94082624,1,8,convnext_256
7657ff16-7e49-468f-b36d-f35907d75d69.jpg,1,1,data/images/7657ff16-7e49-468f-b36d-f35907d75d69.jpg,True,3,0.7932018,1,7,convnext_256
688729db-61c9-4954-b183-b8ffd6088d69.jpg,1,1,data/images/688729db-61c9-4954-b183-b8ffd6088d69.jpg,True,3,0.25539315,0,7,convnext_256
7aa1f79d-c8a6-4c02-9b8d-01a2adc17b05.jpg,0,0,data/images/7aa1f79d-c8a6-4c02-9b8d-01a2adc17b05.jpg,True,4,0.022421459,0,7,convnext_256
f5c7ff8e-663e-4b6f-b48a-21e42ddeb165.jpg,1,1,data/images/f5c7ff8e-663e-4b6f-b48a-21e42ddeb165.jpg,True,0,0.9855687,1,7,convnext_256
39888f12-b128-4686-a270-3a7dd469c7e8.jpg,0,0,data/images/39888f12-b128-4686-a270-3a7dd469c7e8.jpg,True,1,0.12376835,0,8,convnext_256
ea932b58-c5cc-422e-8c0d-766cba0d9ffb.jpg,0,0,data/images/ea932b58-c5cc-422e-8c0d-766cba0d9ffb.jpg,True,2,0.010738946,0,8,convnext_256
5668bd0f-f67e-482c-9270-3a5b4bb99a81.jpg,0,0,data/images/5668bd0f-f67e-482c-9270-3a5b4bb99a81.jpg,True,4,0.04034055,0,7,convnext_256
053bcd49-48ac-48db-8241-07aaa8e72056.jpg,1,1,data/images/053bcd49-48ac-48db-8241-07aaa8e72056.jpg,True,0,0.96464145,1,7,convnext_256
eae019d5-01a6-4e13-bfb2-c8702a31ca16.jpg,1,1,data/images/eae019d5-01a6-4e13-bfb2-c8702a31ca16.jpg,True,3,0.2578998,0,7,convnext_256
f179fc6d-38d2-49c2-a38b-0c027652fc96.jpg,1,1,data/images/f179fc6d-38d2-49c2-a38b-0c027652fc96.jpg,True,2,0.95699143,1,8,convnext_256
99e7a2e7-1812-4d3f-aa43-4428c0e12b3f.jpg,1,1,data/images/99e7a2e7-1812-4d3f-aa43-4428c0e12b3f.jpg,True,1,0.9782516,1,8,convnext_256
aa271029-d9c7-4909-b888-1e1bfd6ee748.jpg,1,1,data/images/aa271029-d9c7-4909-b888-1e1bfd6ee748.jpg,True,2,0.9777615,1,8,convnext_256
6e263ed9-7741-4a31-b894-14892b79e189.jpg,1,1,data/images/6e263ed9-7741-4a31-b894-14892b79e189.jpg,True,0,0.98388046,1,7,convnext_256
5d31b9b6-028f-4bdf-8285-be146be79aa2.jpg,1,1,data/images/5d31b9b6-028f-4bdf-8285-be146be79aa2.jpg,True,4,0.9692383,1,7,convnext_256
b548a981-542a-49c9-8539-34c467c317f3.jpg,1,1,data/images/b548a981-542a-49c9-8539-34c467c317f3.jpg,True,1,0.9432482,1,8,convnext_256
7132aed7-ea34-45dc-814e-964c1632b896.jpg,0,0,data/images/7132aed7-ea34-45dc-814e-964c1632b896.jpg,True,3,0.02257229,0,7,convnext_256
a48a6098-c6ee-4690-9c7a-4a30592ad0eb.jpg,0,0,data/images/a48a6098-c6ee-4690-9c7a-4a30592ad0eb.jpg,True,0,0.03378985,0,7,convnext_256
d6bb57ab-3302-48a8-b3d7-da31d1fb8aab.jpg,1,1,data/images/d6bb57ab-3302-48a8-b3d7-da31d1fb8aab.jpg,True,3,0.9834511,1,7,convnext_256
98e6b7cc-0477-4af9-b929-9fd023e13ca8.jpg,1,1,data/images/98e6b7cc-0477-4af9-b929-9fd023e13ca8.jpg,True,1,0.9676216,1,8,convnext_256
ce95f365-7d92-4d53-ae32-25191842037a.jpg,0,0,data/images/ce95f365-7d92-4d53-ae32-25191842037a.jpg,True,2,0.023441114,0,8,convnext_256
a5d1ffff-3b72-4353-a2bd-2a4a313c1205.jpg,0,0,data/images/a5d1ffff-3b72-4353-a2bd-2a4a313c1205.jpg,True,4,0.24247266,0,7,convnext_256
6cecdb03-08a8-41be-b49c-6513cbdde338.jpg,1,1,data/images/6cecdb03-08a8-41be-b49c-6513cbdde338.jpg,True,1,0.9849333,1,8,convnext_256
80f889ce-e525-4d2c-be39-c93593b0f3a9.jpg,0,0,data/images/80f889ce-e525-4d2c-be39-c93593b0f3a9.jpg,True,0,0.6155488,1,7,convnext_256
7f495741-0b82-40f5-8b83-1c676aa7dbef.jpg,0,0,data/images/7f495741-0b82-40f5-8b83-1c676aa7dbef.jpg,True,3,0.01927061,0,7,convnext_256
061b07db-1726-4fbb-b070-d7532e829757.jpg,0,0,data/images/061b07db-1726-4fbb-b070-d7532e829757.jpg,True,2,0.33860886,0,8,convnext_256
bc297a67-9481-4ffb-b475-405ed0e3be8e.jpg,0,0,data/images/bc297a67-9481-4ffb-b475-405ed0e3be8e.jpg,True,4,0.023716839,0,7,convnext_256
bd5bf04d-b341-4c48-98a1-729b90280917.jpg,0,0,data/images/bd5bf04d-b341-4c48-98a1-729b90280917.jpg,True,2,0.04324618,0,8,convnext_256
f1ffdcb3-c311-4bec-909c-65be77b659fb.jpg,0,0,data/images/f1ffdcb3-c311-4bec-909c-65be77b659fb.jpg,True,3,0.9724097,1,7,convnext_256
677a2d0f-38ed-472e-9468-50ce9fd64a08.jpg,0,0,data/images/677a2d0f-38ed-472e-9468-50ce9fd64a08.jpg,True,0,0.025303908,0,7,convnext_256
29059a90-b643-40c2-bbad-abeb894f3a65.jpg,0,0,data/images/29059a90-b643-40c2-bbad-abeb894f3a65.jpg,True,1,0.02012976,0,8,convnext_256
f2bbaf7f-f315-47de-8f41-cbebdb60b93d.jpg,0,0,data/images/f2bbaf7f-f315-47de-8f41-cbebdb60b93d.jpg,True,4,0.83767307,1,7,convnext_256
5e61d7a3-150d-4b85-a9b6-3fa8057e82b8.jpg,0,0,data/images/5e61d7a3-150d-4b85-a9b6-3fa8057e82b8.jpg,True,4,0.017129505,0,7,convnext_256
5e4e059a-0082-4b93-94de-95d028315876.jpg,0,0,data/images/5e4e059a-0082-4b93-94de-95d028315876.jpg,True,1,0.029113488,0,8,convnext_256
eb730c19-c3fe-4b6e-904f-09f9b41ec1f7.jpg,0,0,data/images/eb730c19-c3fe-4b6e-904f-09f9b41ec1f7.jpg,True,0,0.11953775,0,7,convnext_256
ba3c5845-88de-4d44-b9a8-958b03b9313f.jpg,0,0,data/images/ba3c5845-88de-4d44-b9a8-958b03b9313f.jpg,True,2,0.01876603,0,8,convnext_256
5d41d643-249b-40c7-a5f5-02b814e47c7e.jpg,0,0,data/images/5d41d643-249b-40c7-a5f5-02b814e47c7e.jpg,True,3,0.15250674,0,7,convnext_256
4f6947ee-3cc4-4259-a739-8e7baf132610.jpg,1,1,data/images/4f6947ee-3cc4-4259-a739-8e7baf132610.jpg,True,0,0.3211885,0,7,convnext_256
58423673-dd37-4698-80c5-939ceab2b892.jpg,1,1,data/images/58423673-dd37-4698-80c5-939ceab2b892.jpg,True,2,0.9681773,1,8,convnext_256
5b89ceee-08d2-47a1-9522-4056f68a78f7.jpg,0,0,data/images/5b89ceee-08d2-47a1-9522-4056f68a78f7.jpg,True,1,0.029137705,0,8,convnext_256
e224e275-e910-4a98-9419-73cf1e025935.jpg,0,0,data/images/e224e275-e910-4a98-9419-73cf1e025935.jpg,True,4,0.026469499,0,7,convnext_256
ebcaafee-9f09-4f4d-868a-be798a045a62.jpg,0,0,data/images/ebcaafee-9f09-4f4d-868a-be798a045a62.jpg,True,3,0.019312136,0,7,convnext_256
911224ac-a6ae-4d96-8024-9b0786c20e8a.jpg,0,0,data/images/911224ac-a6ae-4d96-8024-9b0786c20e8a.jpg,True,1,0.68231374,1,8,convnext_256
92a1d83b-0047-4883-928b-7c072a74f018.jpg,0,0,data/images/92a1d83b-0047-4883-928b-7c072a74f018.jpg,True,4,0.023948792,0,7,convnext_256
1328054a-1144-4a5c-a97c-e99e221c4b81.jpg,1,1,data/images/1328054a-1144-4a5c-a97c-e99e221c4b81.jpg,True,3,0.68841743,1,7,convnext_256
679e0474-4dfd-4d66-a88e-0111d36e4b5b.jpg,1,1,data/images/679e0474-4dfd-4d66-a88e-0111d36e4b5b.jpg,True,2,0.98306686,1,8,convnext_256
73be356c-3a66-40f0-9997-2e4b64a00743.jpg,0,0,data/images/73be356c-3a66-40f0-9997-2e4b64a00743.jpg,True,0,0.958949,1,7,convnext_256
716256d6-a363-42f8-b2ad-952aa61e19e7.jpg,0,0,data/images/716256d6-a363-42f8-b2ad-952aa61e19e7.jpg,True,4,0.2568866,0,7,convnext_256
bdc11a07-3224-48c0-a8c9-2fcc76197b94.jpg,0,0,data/images/bdc11a07-3224-48c0-a8c9-2fcc76197b94.jpg,True,1,0.019284995,0,8,convnext_256
cce66b30-73d1-4803-b914-ead140574fc3.jpg,0,0,data/images/cce66b30-73d1-4803-b914-ead140574fc3.jpg,True,0,0.03134351,0,7,convnext_256
fb81012b-0308-4c83-812f-f5846afaa828.jpg,1,1,data/images/fb81012b-0308-4c83-812f-f5846afaa828.jpg,True,3,0.97235763,1,7,convnext_256
1e6a871f-2300-4f94-88b6-289f65957bec.jpg,0,0,data/images/1e6a871f-2300-4f94-88b6-289f65957bec.jpg,True,2,0.04036908,0,8,convnext_256
570dbfb4-66d9-44ec-8893-9dd06e05c2de.jpg,1,1,data/images/570dbfb4-66d9-44ec-8893-9dd06e05c2de.jpg,True,1,0.040638905,0,8,convnext_256
55a100fd-7d29-4f47-9b41-c494cb35c05b.jpg,1,1,data/images/55a100fd-7d29-4f47-9b41-c494cb35c05b.jpg,True,3,0.9714398,1,7,convnext_256
45884d10-9e4a-433b-877d-8fb2734b9321.jpg,1,1,data/images/45884d10-9e4a-433b-877d-8fb2734b9321.jpg,True,4,0.97920793,1,7,convnext_256
f5e44503-d5c9-4806-a2f1-8b2832d0082e.jpg,1,1,data/images/f5e44503-d5c9-4806-a2f1-8b2832d0082e.jpg,True,0,0.9723762,1,7,convnext_256
203c670c-1e84-437f-ab6f-6c642b23a581.jpg,1,1,data/images/203c670c-1e84-437f-ab6f-6c642b23a581.jpg,True,2,0.97132194,1,8,convnext_256
1781ba0b-bfdf-4430-b416-a2e4236d6d83.jpg,0,0,data/images/1781ba0b-bfdf-4430-b416-a2e4236d6d83.jpg,True,1,0.39649394,0,8,convnext_256
d3b17f51-4221-4925-b20f-3979064aae10.jpg,0,0,data/images/d3b17f51-4221-4925-b20f-3979064aae10.jpg,True,2,0.013149005,0,8,convnext_256
85560e9a-884f-46c7-9678-10c21297bebe.jpg,0,0,data/images/85560e9a-884f-46c7-9678-10c21297bebe.jpg,True,0,0.017742831,0,7,convnext_256
e4941cea-bac6-4a63-8003-d9b1475d9cf4.jpg,1,1,data/images/e4941cea-bac6-4a63-8003-d9b1475d9cf4.jpg,True,3,0.93384165,1,7,convnext_256
7bcd0f14-9fdf-4ee9-b95f-0af110aad6b9.jpg,1,1,data/images/7bcd0f14-9fdf-4ee9-b95f-0af110aad6b9.jpg,True,4,0.9783044,1,7,convnext_256
82d5b7f4-c977-4713-90ef-087d10324508.jpg,1,1,data/images/82d5b7f4-c977-4713-90ef-087d10324508.jpg,True,2,0.14688377,0,8,convnext_256
e7994e1a-60d5-4dab-a66d-110eea047d08.jpg,0,0,data/images/e7994e1a-60d5-4dab-a66d-110eea047d08.jpg,True,0,0.0351898,0,7,convnext_256
9bf73b44-ca88-4b90-9779-9824bd0c72d6.jpg,0,0,data/images/9bf73b44-ca88-4b90-9779-9824bd0c72d6.jpg,True,3,0.024123693,0,7,convnext_256
9e8d4c52-0e78-48ce-a8fd-aa55d848bf92.jpg,1,1,data/images/9e8d4c52-0e78-48ce-a8fd-aa55d848bf92.jpg,True,4,0.98142886,1,7,convnext_256
c596a1d4-dc86-4f62-9cf6-851684f9c478.jpg,1,1,data/images/c596a1d4-dc86-4f62-9cf6-851684f9c478.jpg,True,1,0.954581,1,8,convnext_256
ca54ac31-2091-4ee3-9f87-4bbbb004d354.jpg,1,1,data/images/ca54ac31-2091-4ee3-9f87-4bbbb004d354.jpg,True,2,0.9736502,1,8,convnext_256
015e751d-f902-41b8-bff1-c47fd87acfaf.jpg,1,1,data/images/015e751d-f902-41b8-bff1-c47fd87acfaf.jpg,True,0,0.97494805,1,7,convnext_256
7ef3faff-976e-4d8b-a5d3-4d2e7494fdd2.jpg,0,0,data/images/7ef3faff-976e-4d8b-a5d3-4d2e7494fdd2.jpg,True,3,0.016602697,0,7,convnext_256
cc1e2bf7-7f28-4767-a8c7-0950797a0f66.jpg,1,1,data/images/cc1e2bf7-7f28-4767-a8c7-0950797a0f66.jpg,True,4,0.9731637,1,7,convnext_256
3a2deefa-3bb1-46f9-888e-a6776cbc4743.jpg,1,1,data/images/3a2deefa-3bb1-46f9-888e-a6776cbc4743.jpg,True,1,0.96689177,1,8,convnext_256
d32ed5b7-912b-4a62-83d6-2ef87b6b531e.jpg,1,1,data/images/d32ed5b7-912b-4a62-83d6-2ef87b6b531e.jpg,True,4,0.27254227,0,7,convnext_256
4010cc82-e62b-4323-a689-4cdeb573df50.jpg,0,0,data/images/4010cc82-e62b-4323-a689-4cdeb573df50.jpg,True,3,0.020031437,0,7,convnext_256
42ecac5d-72b4-4b6a-b179-4798522ec1df.jpg,1,1,data/images/42ecac5d-72b4-4b6a-b179-4798522ec1df.jpg,True,1,0.9660321,1,8,convnext_256
5ca89474-3180-428a-9b22-025a5b9985e2.jpg,1,1,data/images/5ca89474-3180-428a-9b22-025a5b9985e2.jpg,True,2,0.05743585,0,8,convnext_256
e9869c53-abb9-4718-b976-22a709cd22b1.jpg,1,1,data/images/e9869c53-abb9-4718-b976-22a709cd22b1.jpg,True,0,0.97694814,1,7,convnext_256
25b222d6-709d-4af5-a1e7-308db1140f0d.jpg,0,0,data/images/25b222d6-709d-4af5-a1e7-308db1140f0d.jpg,True,3,0.02289496,0,7,convnext_256
25fc99b3-d64a-4db3-9dd4-e400343cc0da.jpg,0,0,data/images/25fc99b3-d64a-4db3-9dd4-e400343cc0da.jpg,True,0,0.024369387,0,7,convnext_256
125c303c-f7aa-47de-ab14-e037e28cda25.jpg,1,1,data/images/125c303c-f7aa-47de-ab14-e037e28cda25.jpg,True,1,0.97700137,1,8,convnext_256
fae0da00-c7c1-423e-bf13-bb338e15b52d.jpg,1,1,data/images/fae0da00-c7c1-423e-bf13-bb338e15b52d.jpg,True,2,0.16692424,0,8,convnext_256
fb76a6c0-aae4-490c-a62f-89bc8ad9f5f5.jpg,0,0,data/images/fb76a6c0-aae4-490c-a62f-89bc8ad9f5f5.jpg,True,4,0.21560584,0,7,convnext_256
d3db034e-5291-405c-ae8e-f1e970ee5e45.jpg,0,0,data/images/d3db034e-5291-405c-ae8e-f1e970ee5e45.jpg,True,0,0.019476991,0,7,convnext_256
d8dfcce4-39aa-4217-8cd0-0e4b802f5149.jpg,1,1,data/images/d8dfcce4-39aa-4217-8cd0-0e4b802f5149.jpg,True,1,0.9609185,1,8,convnext_256
f34e30e0-6316-457d-a913-a3f05ffff5d9.jpg,0,0,data/images/f34e30e0-6316-457d-a913-a3f05ffff5d9.jpg,True,3,0.026275536,0,7,convnext_256
76f9ea62-6658-48cf-928e-6feab3b99827.jpg,1,1,data/images/76f9ea62-6658-48cf-928e-6feab3b99827.jpg,True,2,0.90729576,1,8,convnext_256
dfc73aca-cd3c-4fda-96cb-d5874a64237c.jpg,0,0,data/images/dfc73aca-cd3c-4fda-96cb-d5874a64237c.jpg,True,4,0.061716337,0,7,convnext_256
b74f3af8-231a-4e8e-9b32-63a99e5e1d0b.jpg,1,1,data/images/b74f3af8-231a-4e8e-9b32-63a99e5e1d0b.jpg,True,3,0.98200697,1,7,convnext_256
9bc95e01-3c4b-4b0e-8917-be7a766ada31.jpg,1,1,data/images/9bc95e01-3c4b-4b0e-8917-be7a766ada31.jpg,True,4,0.02178003,0,7,convnext_256
5a6575cc-6bc0-4c36-bc00-69f80ec854f4.jpg,0,0,data/images/5a6575cc-6bc0-4c36-bc00-69f80ec854f4.jpg,True,1,0.035008542,0,8,convnext_256
ed69d30f-8e4f-44f0-9ec9-9c2a48264526.jpg,0,0,data/images/ed69d30f-8e4f-44f0-9ec9-9c2a48264526.jpg,True,0,0.26374364,0,7,convnext_256
22fe5eff-9d0b-448b-b7b5-2d2d0241cbae.jpg,1,1,data/images/22fe5eff-9d0b-448b-b7b5-2d2d0241cbae.jpg,True,2,0.05323492,0,8,convnext_256
e2964002-185d-494f-9f2d-e3e32b24db3f.jpg,1,1,data/images/e2964002-185d-494f-9f2d-e3e32b24db3f.jpg,True,4,0.97840446,1,7,convnext_256
694ad64d-1fea-4c79-841d-b36b88d95d00.jpg,0,0,data/images/694ad64d-1fea-4c79-841d-b36b88d95d00.jpg,True,0,0.031464785,0,7,convnext_256
c52bd3bb-e419-44ea-96ff-9c5e2e97ec21.jpg,1,1,data/images/c52bd3bb-e419-44ea-96ff-9c5e2e97ec21.jpg,True,2,0.9751133,1,8,convnext_256
0787ceca-6737-4c04-aa26-a82997caa8ac.jpg,0,0,data/images/0787ceca-6737-4c04-aa26-a82997caa8ac.jpg,True,3,0.023051951,0,7,convnext_256
f98aefcd-aa60-44a6-a9ef-11079040a5be.jpg,0,0,data/images/f98aefcd-aa60-44a6-a9ef-11079040a5be.jpg,True,1,0.025783438,0,8,convnext_256
3a81bb50-20e9-40e2-b1e2-154bbbd68706.jpg,0,0,data/images/3a81bb50-20e9-40e2-b1e2-154bbbd68706.jpg,True,1,0.026407866,0,8,convnext_256
ced753dd-2cfa-42cd-aa94-6213dc4cba0e.jpg,1,1,data/images/ced753dd-2cfa-42cd-aa94-6213dc4cba0e.jpg,True,2,0.9723149,1,8,convnext_256
7df4d5ea-1bf5-4e5e-8103-f79cce8f1b95.jpg,1,1,data/images/7df4d5ea-1bf5-4e5e-8103-f79cce8f1b95.jpg,True,4,0.9660081,1,7,convnext_256
e69bd16a-4967-441a-af0a-c7eab693853c.jpg,0,0,data/images/e69bd16a-4967-441a-af0a-c7eab693853c.jpg,True,0,0.042026777,0,7,convnext_256
0159c360-58ed-4bbe-a7b2-5efd7df03d21.jpg,0,0,data/images/0159c360-58ed-4bbe-a7b2-5efd7df03d21.jpg,True,3,0.017360505,0,7,convnext_256
90059913-1bc6-4523-a16e-a01891548f17.jpg,0,0,data/images/90059913-1bc6-4523-a16e-a01891548f17.jpg,True,0,0.44638702,0,7,convnext_256
bcb54aa6-4028-4378-8c52-b4776ea51c1f.jpg,0,0,data/images/bcb54aa6-4028-4378-8c52-b4776ea51c1f.jpg,True,4,0.016120927,0,7,convnext_256
55c72330-8100-49c4-8075-a52e640dd6ee.jpg,0,0,data/images/55c72330-8100-49c4-8075-a52e640dd6ee.jpg,True,1,0.041952208,0,8,convnext_256
f23d8d61-98fa-4f29-a5bb-8f0c4b3eecb2.jpg,1,1,data/images/f23d8d61-98fa-4f29-a5bb-8f0c4b3eecb2.jpg,True,3,0.9742691,1,7,convnext_256
28d59b42-64dd-42bd-9a51-0ede2fbcfc24.jpg,1,1,data/images/28d59b42-64dd-42bd-9a51-0ede2fbcfc24.jpg,True,2,0.97334915,1,8,convnext_256
f51337c6-1eb4-4763-8e5b-49d645a32117.jpg,0,0,data/images/f51337c6-1eb4-4763-8e5b-49d645a32117.jpg,True,4,0.011731039,0,7,convnext_256
ccf5dcee-06df-45ef-ada6-53584f2b3eda.jpg,0,0,data/images/ccf5dcee-06df-45ef-ada6-53584f2b3eda.jpg,True,0,0.03748626,0,7,convnext_256
c567d476-6545-4338-ae02-0efbab54cf98.jpg,0,0,data/images/c567d476-6545-4338-ae02-0efbab54cf98.jpg,True,1,0.03314283,0,8,convnext_256
897ff71e-c075-421d-9ae4-03f0dc99b521.jpg,1,1,data/images/897ff71e-c075-421d-9ae4-03f0dc99b521.jpg,True,3,0.97921664,1,7,convnext_256
5d0a76b0-e1a5-47ee-a2a4-916a004e0f8f.jpg,1,1,data/images/5d0a76b0-e1a5-47ee-a2a4-916a004e0f8f.jpg,True,2,0.59483176,1,8,convnext_256
582b1ed3-b216-4264-bf6b-cf3775548271.jpg,1,1,data/images/582b1ed3-b216-4264-bf6b-cf3775548271.jpg,True,3,0.884937,1,7,convnext_256
3b55b632-65dd-4ef7-b6a0-99fa5751e9aa.jpg,0,0,data/images/3b55b632-65dd-4ef7-b6a0-99fa5751e9aa.jpg,True,1,0.02992396,0,8,convnext_256
6dd7c210-3b43-4929-8007-027144a90a6c.jpg,1,1,data/images/6dd7c210-3b43-4929-8007-027144a90a6c.jpg,True,2,0.9752239,1,8,convnext_256
83566d98-b1cd-44af-873d-b35f7c393e4e.jpg,0,0,data/images/83566d98-b1cd-44af-873d-b35f7c393e4e.jpg,True,4,0.013859307,0,7,convnext_256
c7ac9a67-acd1-4cc6-89a0-b31c64da338f.jpg,0,0,data/images/c7ac9a67-acd1-4cc6-89a0-b31c64da338f.jpg,True,0,0.029814929,0,7,convnext_256
a08ae8c5-872b-4aea-8abb-50bb3a906acb.jpg,0,0,data/images/a08ae8c5-872b-4aea-8abb-50bb3a906acb.jpg,True,2,0.016080568,0,8,convnext_256
b348a18e-ca22-45f1-98cc-17badf926690.jpg,1,1,data/images/b348a18e-ca22-45f1-98cc-17badf926690.jpg,True,4,0.9739299,1,7,convnext_256
bb116e53-a200-4b45-94ca-fd89554c3e14.jpg,0,0,data/images/bb116e53-a200-4b45-94ca-fd89554c3e14.jpg,True,3,0.08158941,0,7,convnext_256
076f3fce-f2d1-415c-bc0e-da185dadccc0.jpg,1,1,data/images/076f3fce-f2d1-415c-bc0e-da185dadccc0.jpg,True,0,0.97869325,1,7,convnext_256
d0dff172-b7da-4e13-a004-d2fd985f640d.jpg,1,1,data/images/d0dff172-b7da-4e13-a004-d2fd985f640d.jpg,True,1,0.97675437,1,8,convnext_256
a57f4354-d828-4112-bb30-72fe1f52c4df.jpg,0,0,data/images/a57f4354-d828-4112-bb30-72fe1f52c4df.jpg,True,4,0.039193533,0,7,convnext_256
beabef96-3ea0-437a-94a9-165a802aff01.jpg,0,0,data/images/beabef96-3ea0-437a-94a9-165a802aff01.jpg,True,1,0.1259696,0,8,convnext_256
9cff70a7-d086-48a9-a875-95c8af0d87e7.jpg,1,1,data/images/9cff70a7-d086-48a9-a875-95c8af0d87e7.jpg,True,2,0.97548294,1,8,convnext_256
0ae9b757-35bb-47c2-b76b-dcae7872d11a.jpg,1,1,data/images/0ae9b757-35bb-47c2-b76b-dcae7872d11a.jpg,True,0,0.9737688,1,7,convnext_256
51a7094b-d25a-4830-b795-f9bd204b9e11.jpg,1,1,data/images/51a7094b-d25a-4830-b795-f9bd204b9e11.jpg,True,3,0.9689456,1,7,convnext_256
c5556741-9e97-4f10-933f-a848c7a651e9.jpg,0,0,data/images/c5556741-9e97-4f10-933f-a848c7a651e9.jpg,True,0,0.039991137,0,7,convnext_256
1a53ebec-a3be-45ec-9a23-79cac7aa0180.jpg,0,0,data/images/1a53ebec-a3be-45ec-9a23-79cac7aa0180.jpg,True,2,0.19846888,0,8,convnext_256
6d19ee6e-214f-49a5-af99-149432ff1913.jpg,1,1,data/images/6d19ee6e-214f-49a5-af99-149432ff1913.jpg,True,4,0.9772166,1,7,convnext_256
200bf004-0ded-4bb8-9038-75cf81208556.jpg,0,0,data/images/200bf004-0ded-4bb8-9038-75cf81208556.jpg,True,1,0.051309615,0,8,convnext_256
d05082b6-8ebc-42cc-9e0e-e4cbbcb35a93.jpg,1,1,data/images/d05082b6-8ebc-42cc-9e0e-e4cbbcb35a93.jpg,True,3,0.9846384,1,7,convnext_256
3e88512d-6e21-464d-b7ad-43d7bc3706cb.jpg,1,1,data/images/3e88512d-6e21-464d-b7ad-43d7bc3706cb.jpg,True,0,0.9699499,1,7,convnext_256
eb02ac6e-44a2-418f-9ec5-616ce7371b23.jpg,1,1,data/images/eb02ac6e-44a2-418f-9ec5-616ce7371b23.jpg,True,2,0.98104906,1,8,convnext_256
fbbf0caf-2d0d-4098-a835-10b51984cd6c.jpg,1,1,data/images/fbbf0caf-2d0d-4098-a835-10b51984cd6c.jpg,True,4,0.9834209,1,7,convnext_256
24290d88-af0d-4fea-bf4b-31468e2b82c4.jpg,0,0,data/images/24290d88-af0d-4fea-bf4b-31468e2b82c4.jpg,True,3,0.29162145,0,7,convnext_256
09574c68-03bd-4efe-aafc-b667e5866c47.jpg,1,1,data/images/09574c68-03bd-4efe-aafc-b667e5866c47.jpg,True,1,0.97716707,1,8,convnext_256
bf685ced-48f7-49d8-9068-ee923711edf2.jpg,0,0,data/images/bf685ced-48f7-49d8-9068-ee923711edf2.jpg,True,1,0.03873229,0,8,convnext_256
dc4dd989-fe62-465b-ba3d-763449a8494e.jpg,0,0,data/images/dc4dd989-fe62-465b-ba3d-763449a8494e.jpg,True,0,0.12901074,0,7,convnext_256
e1ca53f6-8e09-4985-a4bc-ac4f5f270f03.jpg,1,1,data/images/e1ca53f6-8e09-4985-a4bc-ac4f5f270f03.jpg,True,2,0.34453192,0,8,convnext_256
fe1f5062-571d-4281-99da-60067769f49c.jpg,0,0,data/images/fe1f5062-571d-4281-99da-60067769f49c.jpg,True,3,0.02422958,0,7,convnext_256
b66c4cd5-4d80-4624-bccd-a55a1ca60f89.jpg,0,0,data/images/b66c4cd5-4d80-4624-bccd-a55a1ca60f89.jpg,True,4,0.932627,1,7,convnext_256
8a9a5709-ec28-4766-b3da-8f9f98a120a4.jpg,0,0,data/images/8a9a5709-ec28-4766-b3da-8f9f98a120a4.jpg,True,4,0.02669834,0,7,convnext_256
7cb8c5a6-0ea2-4939-861f-4619771bb708.jpg,0,0,data/images/7cb8c5a6-0ea2-4939-861f-4619771bb708.jpg,True,2,0.26705807,0,8,convnext_256
41430988-99ec-47eb-9f65-4df87978230f.jpg,0,0,data/images/41430988-99ec-47eb-9f65-4df87978230f.jpg,True,1,0.028223317,0,8,convnext_256
9412b4f2-6e29-4dbe-8e0a-9b5a7a84c800.jpg,0,0,data/images/9412b4f2-6e29-4dbe-8e0a-9b5a7a84c800.jpg,True,0,0.017297082,0,7,convnext_256
792d6067-b84b-4dcd-945f-ca5ee49208ba.jpg,1,1,data/images/792d6067-b84b-4dcd-945f-ca5ee49208ba.jpg,True,3,0.956622,1,7,convnext_256
297e8f6e-d989-467b-8052-faea48a79d24.jpg,0,0,data/images/297e8f6e-d989-467b-8052-faea48a79d24.jpg,True,0,0.020896612,0,7,convnext_256
eb87ac2b-ccd9-4513-9752-7882c6640b59.jpg,0,0,data/images/eb87ac2b-ccd9-4513-9752-7882c6640b59.jpg,True,4,0.01701958,0,7,convnext_256
0454a47d-a779-4aa4-a945-32f0d834c47f.jpg,1,1,data/images/0454a47d-a779-4aa4-a945-32f0d834c47f.jpg,True,3,0.97059524,1,7,convnext_256
d3e58d77-2970-49a7-8c0f-ddff541282c4.jpg,1,1,data/images/d3e58d77-2970-49a7-8c0f-ddff541282c4.jpg,True,1,0.968529,1,8,convnext_256
8dc48856-850f-454e-92d9-5136dee1dc69.jpg,1,1,data/images/8dc48856-850f-454e-92d9-5136dee1dc69.jpg,True,2,0.40809017,0,8,convnext_256
6b222e72-c2ec-4179-9060-b05394aded6a.jpg,0,0,data/images/6b222e72-c2ec-4179-9060-b05394aded6a.jpg,True,1,0.035339564,0,8,convnext_256
07fa3ce3-1076-430e-8d8e-9b5e647bbab6.jpg,1,1,data/images/07fa3ce3-1076-430e-8d8e-9b5e647bbab6.jpg,True,4,0.99267524,1,7,convnext_256
72044935-3a98-4975-b454-69f366acfe7d.jpg,0,0,data/images/72044935-3a98-4975-b454-69f366acfe7d.jpg,True,2,0.90928966,1,8,convnext_256
1162e5e5-38e1-48fc-abd2-1f6fce3a7a66.jpg,0,0,data/images/1162e5e5-38e1-48fc-abd2-1f6fce3a7a66.jpg,True,3,0.18674918,0,7,convnext_256
61704e19-0096-429f-a040-c9a0789f6ace.jpg,1,1,data/images/61704e19-0096-429f-a040-c9a0789f6ace.jpg,True,0,0.9809606,1,7,convnext_256
52596e5d-024f-4b0d-812c-abb6fe123f9f.jpg,0,0,data/images/52596e5d-024f-4b0d-812c-abb6fe123f9f.jpg,True,2,0.020616958,0,8,convnext_256
1bc07b88-f0c7-4220-b5e4-60e4818e6c55.jpg,0,0,data/images/1bc07b88-f0c7-4220-b5e4-60e4818e6c55.jpg,True,4,0.57138246,1,7,convnext_256
9d946ad7-2843-4f2b-8519-c329855a3185.jpg,1,1,data/images/9d946ad7-2843-4f2b-8519-c329855a3185.jpg,True,0,0.9804673,1,7,convnext_256
5801c502-8c71-4e27-8f27-453943e4b358.jpg,0,0,data/images/5801c502-8c71-4e27-8f27-453943e4b358.jpg,True,3,0.016753303,0,7,convnext_256
6b756d67-dc79-4fd9-89b4-fdc51740598e.jpg,1,1,data/images/6b756d67-dc79-4fd9-89b4-fdc51740598e.jpg,True,1,0.97549,1,8,convnext_256
1cd133d6-3386-44ef-9e31-bb20f7680b30.jpg,1,1,data/images/1cd133d6-3386-44ef-9e31-bb20f7680b30.jpg,True,2,0.17736684,0,8,convnext_256
47a36a71-cd4b-4bbc-8e4e-fceddac47a93.jpg,0,0,data/images/47a36a71-cd4b-4bbc-8e4e-fceddac47a93.jpg,True,0,0.018261384,0,7,convnext_256
795f4a76-e2d1-4172-bdfa-c8710b525099.jpg,0,0,data/images/795f4a76-e2d1-4172-bdfa-c8710b525099.jpg,True,1,0.040814426,0,8,convnext_256
3265fec0-63ad-4350-a26f-daef4a5d8099.jpg,0,0,data/images/3265fec0-63ad-4350-a26f-daef4a5d8099.jpg,True,3,0.035200883,0,7,convnext_256
39a083a7-ddb0-451e-abd7-19df1edbf11c.jpg,1,1,data/images/39a083a7-ddb0-451e-abd7-19df1edbf11c.jpg,True,4,0.9810697,1,7,convnext_256
ed29a1a1-95cf-47f7-bc1d-1a985945528b.jpg,1,1,data/images/ed29a1a1-95cf-47f7-bc1d-1a985945528b.jpg,True,1,0.9795253,1,8,convnext_256
0e5af4c6-be7a-473d-a4f6-94b419863ee2.jpg,1,1,data/images/0e5af4c6-be7a-473d-a4f6-94b419863ee2.jpg,True,4,0.98331004,1,7,convnext_256
0681b4c2-73af-4d10-a8bf-7ccdc6a198d9.jpg,0,0,data/images/0681b4c2-73af-4d10-a8bf-7ccdc6a198d9.jpg,True,0,0.019219648,0,7,convnext_256
da47766d-4b23-4e48-8345-ff35b4c0dec6.jpg,1,1,data/images/da47766d-4b23-4e48-8345-ff35b4c0dec6.jpg,True,2,0.9724635,1,8,convnext_256
c5220289-09ec-4f6a-9509-66fe19ec505c.jpg,0,0,data/images/c5220289-09ec-4f6a-9509-66fe19ec505c.jpg,True,3,0.19220191,0,7,convnext_256
853d600a-0604-44a1-b762-368a289b3dc9.jpg,1,1,data/images/853d600a-0604-44a1-b762-368a289b3dc9.jpg,True,4,0.99090695,1,7,convnext_256
61043bb1-4ec8-446c-904c-4ae590de3a62.jpg,0,0,data/images/61043bb1-4ec8-446c-904c-4ae590de3a62.jpg,True,1,0.0686529,0,8,convnext_256
c6bf7672-7c2b-48ad-a217-f46f69c1aa87.jpg,0,0,data/images/c6bf7672-7c2b-48ad-a217-f46f69c1aa87.jpg,True,3,0.013586731,0,7,convnext_256
9d8a6e39-8dd2-4b18-bdc5-6534ae8e9cd4.jpg,1,1,data/images/9d8a6e39-8dd2-4b18-bdc5-6534ae8e9cd4.jpg,True,2,0.962648,1,8,convnext_256
5d3051d2-2830-4c64-a4e5-2fafd39f1418.jpg,1,1,data/images/5d3051d2-2830-4c64-a4e5-2fafd39f1418.jpg,True,0,0.90287143,1,7,convnext_256
f9236d43-010b-49e5-8f8b-26cba7af2daa.jpg,1,1,data/images/f9236d43-010b-49e5-8f8b-26cba7af2daa.jpg,True,4,0.97568375,1,7,convnext_256
6d9ba758-b746-484f-8f4a-7a8c8e3300f4.jpg,0,0,data/images/6d9ba758-b746-484f-8f4a-7a8c8e3300f4.jpg,True,2,0.016232688,0,8,convnext_256
3b93c336-f165-41d1-a427-97873c4876c2.jpg,0,0,data/images/3b93c336-f165-41d1-a427-97873c4876c2.jpg,True,3,0.020643884,0,7,convnext_256
2d0d8891-3db5-465b-9e96-46b0c6e78cea.jpg,0,0,data/images/2d0d8891-3db5-465b-9e96-46b0c6e78cea.jpg,True,1,0.026307426,0,8,convnext_256
bd28583b-eb2b-4826-8f1d-99c385928809.jpg,1,1,data/images/bd28583b-eb2b-4826-8f1d-99c385928809.jpg,True,0,0.9785187,1,7,convnext_256
cfb6f22d-0bf8-462f-805c-c139d6707571.jpg,1,1,data/images/cfb6f22d-0bf8-462f-805c-c139d6707571.jpg,True,0,0.962725,1,7,convnext_256
2ec623e0-f579-4bb5-8eaa-8c42c358ed67.jpg,0,0,data/images/2ec623e0-f579-4bb5-8eaa-8c42c358ed67.jpg,True,2,0.024401395,0,8,convnext_256
3ab2eac6-a51f-46a9-9b7c-eb8116e11725.jpg,1,1,data/images/3ab2eac6-a51f-46a9-9b7c-eb8116e11725.jpg,True,3,0.9708501,1,7,convnext_256
01b73324-977e-499d-8c8b-8fa063df6853.jpg,0,0,data/images/01b73324-977e-499d-8c8b-8fa063df6853.jpg,True,4,0.018858982,0,7,convnext_256
5d16cc9e-ce47-462a-8435-fbb8a2ad3e4f.jpg,0,0,data/images/5d16cc9e-ce47-462a-8435-fbb8a2ad3e4f.jpg,True,1,0.8956417,1,8,convnext_256
4f071240-4fcf-41d8-b43b-89bb2b8d6ad1.jpg,0,0,data/images/4f071240-4fcf-41d8-b43b-89bb2b8d6ad1.jpg,True,0,0.019260192,0,7,convnext_256
3be4034a-d12d-4049-b343-0877095db7d2.jpg,1,1,data/images/3be4034a-d12d-4049-b343-0877095db7d2.jpg,True,2,0.97803146,1,8,convnext_256
54ecdbc0-5011-4ad8-be94-502f7b2a7edb.jpg,0,0,data/images/54ecdbc0-5011-4ad8-be94-502f7b2a7edb.jpg,True,4,0.21778332,0,7,convnext_256
cd7023ee-c20d-449c-9660-67d099696cbd.jpg,1,1,data/images/cd7023ee-c20d-449c-9660-67d099696cbd.jpg,True,3,0.89739877,1,7,convnext_256
e4b1d48b-cb5e-4397-af14-ae860fe36712.jpg,0,0,data/images/e4b1d48b-cb5e-4397-af14-ae860fe36712.jpg,True,1,0.056629267,0,8,convnext_256
388d3841-cd20-4089-84bf-eba22ae0e992.jpg,0,0,data/images/388d3841-cd20-4089-84bf-eba22ae0e992.jpg,True,3,0.018829456,0,7,convnext_256
5637897f-36df-48fd-ab81-3415fe0be7c2.jpg,1,1,data/images/5637897f-36df-48fd-ab81-3415fe0be7c2.jpg,True,1,0.036650777,0,8,convnext_256
ed5c7518-c317-4e40-a53c-ea922b5f8714.jpg,0,0,data/images/ed5c7518-c317-4e40-a53c-ea922b5f8714.jpg,True,2,0.01972149,0,8,convnext_256
c6a6f1b6-8a9b-46f5-938b-8060c66a2612.jpg,0,0,data/images/c6a6f1b6-8a9b-46f5-938b-8060c66a2612.jpg,True,4,0.05897316,0,7,convnext_256
f2e2bb5f-077f-4cd6-9092-f1077e11b5ee.jpg,1,1,data/images/f2e2bb5f-077f-4cd6-9092-f1077e11b5ee.jpg,True,0,0.9790413,1,7,convnext_256
1106ddb4-8098-47a1-8f5a-a58e7aea281f.jpg,1,1,data/images/1106ddb4-8098-47a1-8f5a-a58e7aea281f.jpg,True,1,0.9771394,1,8,convnext_256
928bbbeb-7645-4211-84c7-24f27fa8b8d6.jpg,1,1,data/images/928bbbeb-7645-4211-84c7-24f27fa8b8d6.jpg,True,4,0.9454783,1,7,convnext_256
937e0a07-fe35-4e46-8edc-d88eaefcb7df.jpg,0,0,data/images/937e0a07-fe35-4e46-8edc-d88eaefcb7df.jpg,True,0,0.06936608,0,7,convnext_256
0b57b127-a411-4c78-bd93-6597f16f0016.jpg,0,0,data/images/0b57b127-a411-4c78-bd93-6597f16f0016.jpg,True,3,0.041580323,0,7,convnext_256
8c2d4ecd-8fd1-4c4d-87bb-8d2c82f10556.jpg,0,0,data/images/8c2d4ecd-8fd1-4c4d-87bb-8d2c82f10556.jpg,True,2,0.95566505,1,8,convnext_256
9f3597bf-efd6-425a-9e99-c8d0d2e35ec3.jpg,0,0,data/images/9f3597bf-efd6-425a-9e99-c8d0d2e35ec3.jpg,True,1,0.03631367,0,8,convnext_256
a182e722-5ffe-49fb-9816-c0dec3889ca1.jpg,0,0,data/images/a182e722-5ffe-49fb-9816-c0dec3889ca1.jpg,True,0,0.025140693,0,7,convnext_256
f0f748fe-d6e5-4f9d-a273-a350c0f5add0.jpg,1,1,data/images/f0f748fe-d6e5-4f9d-a273-a350c0f5add0.jpg,True,4,0.96677554,1,7,convnext_256
9e86d1be-54a1-45b7-a495-a9bdc371f36c.jpg,0,0,data/images/9e86d1be-54a1-45b7-a495-a9bdc371f36c.jpg,True,3,0.5490895,1,7,convnext_256
227f4d24-6926-4155-84a4-968fe2c8dfef.jpg,0,0,data/images/227f4d24-6926-4155-84a4-968fe2c8dfef.jpg,True,2,0.055813644,0,8,convnext_256
b40bc448-fbcd-4f07-9f87-62ee8a9eb1dd.jpg,1,1,data/images/b40bc448-fbcd-4f07-9f87-62ee8a9eb1dd.jpg,True,2,0.97758263,1,8,convnext_256
71ba159c-4e6b-4763-89fa-c783a662366e.jpg,0,0,data/images/71ba159c-4e6b-4763-89fa-c783a662366e.jpg,True,1,0.039086334,0,8,convnext_256
f06010ef-df0c-48a5-96c9-3b83dbd0bc52.jpg,1,1,data/images/f06010ef-df0c-48a5-96c9-3b83dbd0bc52.jpg,True,3,0.98033637,1,7,convnext_256
50b73a7a-8843-4e26-96b5-d04299745697.jpg,1,1,data/images/50b73a7a-8843-4e26-96b5-d04299745697.jpg,True,4,0.920696,1,7,convnext_256
96e69217-26fb-4069-bea6-b2be6ef8faff.jpg,0,0,data/images/96e69217-26fb-4069-bea6-b2be6ef8faff.jpg,True,0,0.12166448,0,7,convnext_256
669ca8d0-e9a9-477b-80f2-6ef092222108.jpg,0,0,data/images/669ca8d0-e9a9-477b-80f2-6ef092222108.jpg,True,1,0.98320585,1,8,convnext_256
6de64caa-b8f8-435a-80c7-8f80dd211730.jpg,1,1,data/images/6de64caa-b8f8-435a-80c7-8f80dd211730.jpg,True,3,0.93204147,1,7,convnext_256
b4fc3b16-53d2-40a5-a030-571f636eff0b.jpg,0,0,data/images/b4fc3b16-53d2-40a5-a030-571f636eff0b.jpg,True,0,0.042350903,0,7,convnext_256
826b6058-efee-4a9f-8729-06a54b89bf62.jpg,0,0,data/images/826b6058-efee-4a9f-8729-06a54b89bf62.jpg,True,4,0.01929612,0,7,convnext_256
1499f5b4-241f-4c61-beac-f63f4b66578d.jpg,0,0,data/images/1499f5b4-241f-4c61-beac-f63f4b66578d.jpg,True,2,0.029743798,0,8,convnext_256
a086113e-10b0-4286-bad0-0468d1d3a945.jpg,0,0,data/images/a086113e-10b0-4286-bad0-0468d1d3a945.jpg,True,3,0.027763346,0,7,convnext_256
24a532b3-7e3e-4368-bdd0-0fc28c91a61b.jpg,1,1,data/images/24a532b3-7e3e-4368-bdd0-0fc28c91a61b.jpg,True,2,0.8641467,1,8,convnext_256
6a9ecc6b-8cf0-4e4f-b24c-55ada3af963a.jpg,0,0,data/images/6a9ecc6b-8cf0-4e4f-b24c-55ada3af963a.jpg,True,4,0.025193054,0,7,convnext_256
5e902be6-f4aa-4222-9916-ab74d9b34f67.jpg,1,1,data/images/5e902be6-f4aa-4222-9916-ab74d9b34f67.jpg,True,0,0.9705848,1,7,convnext_256
9f78ca52-d4de-4b0e-93c7-34a4867b8292.jpg,1,1,data/images/9f78ca52-d4de-4b0e-93c7-34a4867b8292.jpg,True,1,0.9761598,1,8,convnext_256
78b636d5-5bc6-44bd-8b4d-97ab9f1c7283.jpg,1,1,data/images/78b636d5-5bc6-44bd-8b4d-97ab9f1c7283.jpg,True,4,0.7328246,1,7,convnext_256
733bb62a-2d12-4da1-baf8-8b96286ba59a.jpg,1,1,data/images/733bb62a-2d12-4da1-baf8-8b96286ba59a.jpg,True,3,0.27377823,0,7,convnext_256
6aba6748-bccc-42a9-8dd5-f3f53d7c7802.jpg,0,0,data/images/6aba6748-bccc-42a9-8dd5-f3f53d7c7802.jpg,True,2,0.035365935,0,8,convnext_256
e8212d63-7da1-4263-9aab-bae210fb7cef.jpg,0,0,data/images/e8212d63-7da1-4263-9aab-bae210fb7cef.jpg,True,1,0.031899035,0,8,convnext_256
9491e30c-8bef-414b-b482-28ffe5396997.jpg,1,1,data/images/9491e30c-8bef-414b-b482-28ffe5396997.jpg,True,0,0.9853689,1,7,convnext_256
cd8c3b6e-aab0-4caf-9e91-ed7af7787665.jpg,1,1,data/images/cd8c3b6e-aab0-4caf-9e91-ed7af7787665.jpg,True,3,0.9829761,1,7,convnext_256
c6b47437-192f-4940-9f1b-8c33f043620a.jpg,0,0,data/images/c6b47437-192f-4940-9f1b-8c33f043620a.jpg,True,1,0.019535298,0,8,convnext_256
afbfd54f-6753-47c7-9b6e-50982801df3f.jpg,0,0,data/images/afbfd54f-6753-47c7-9b6e-50982801df3f.jpg,True,0,0.024805486,0,7,convnext_256
3bd7448b-7411-4e8a-9220-6bf2129f37b5.jpg,1,1,data/images/3bd7448b-7411-4e8a-9220-6bf2129f37b5.jpg,True,2,0.8846618,1,8,convnext_256
dfd91132-aaef-435c-abff-0006c3d0be63.jpg,0,0,data/images/dfd91132-aaef-435c-abff-0006c3d0be63.jpg,True,4,0.026893193,0,7,convnext_256
9d71da80-ed50-4f54-b243-1f738c06ad12.jpg,1,1,data/images/9d71da80-ed50-4f54-b243-1f738c06ad12.jpg,True,4,0.9012934,1,7,convnext_256
c930710c-4ef3-4099-8380-88fc7a3bae59.jpg,0,0,data/images/c930710c-4ef3-4099-8380-88fc7a3bae59.jpg,True,3,0.020807523,0,7,convnext_256
e6e51010-a981-4ca9-afe1-341dd1c8dee0.jpg,0,0,data/images/e6e51010-a981-4ca9-afe1-341dd1c8dee0.jpg,True,0,0.045750577,0,7,convnext_256
2018f7e1-058a-46ef-9ba2-cce900661a55.jpg,1,1,data/images/2018f7e1-058a-46ef-9ba2-cce900661a55.jpg,True,2,0.94497615,1,8,convnext_256
fc7f2072-7f50-4704-9f3a-61955ef02410.jpg,0,0,data/images/fc7f2072-7f50-4704-9f3a-61955ef02410.jpg,True,1,0.12041443,0,8,convnext_256
b23833fc-c0f8-4ca0-9661-cea0f75b5828.jpg,0,0,data/images/b23833fc-c0f8-4ca0-9661-cea0f75b5828.jpg,True,4,0.02383295,0,7,convnext_256
d8be996c-d79b-4e98-802e-f2d449817537.jpg,1,1,data/images/d8be996c-d79b-4e98-802e-f2d449817537.jpg,True,1,0.9798528,1,8,convnext_256
7d02e73b-6d24-483a-b1ec-fe37a1a33cd3.jpg,1,1,data/images/7d02e73b-6d24-483a-b1ec-fe37a1a33cd3.jpg,True,3,0.16048157,0,7,convnext_256
55317741-4ef2-43ee-aebb-c192585611c0.jpg,0,0,data/images/55317741-4ef2-43ee-aebb-c192585611c0.jpg,True,2,0.2844345,0,8,convnext_256
bccca77e-c279-4476-b16e-a9bd6be02718.jpg,0,0,data/images/bccca77e-c279-4476-b16e-a9bd6be02718.jpg,True,0,0.5902822,1,7,convnext_256
5258c327-7860-4675-9ecb-daaf4aba3772.jpg,0,0,data/images/5258c327-7860-4675-9ecb-daaf4aba3772.jpg,True,0,0.03127861,0,7,convnext_256
4c054b8b-4fc1-4ee6-a798-80c9151dd3a7.jpg,0,0,data/images/4c054b8b-4fc1-4ee6-a798-80c9151dd3a7.jpg,True,3,0.025188241,0,7,convnext_256
3f3fee3c-9323-4172-88f1-dc145c5dd29e.jpg,0,0,data/images/3f3fee3c-9323-4172-88f1-dc145c5dd29e.jpg,True,2,0.28642836,0,8,convnext_256
0137512b-1192-43a4-8cfa-b70962af2ef2.jpg,1,1,data/images/0137512b-1192-43a4-8cfa-b70962af2ef2.jpg,True,1,0.97789335,1,8,convnext_256
038918dc-5469-4298-a705-edb990a66679.jpg,1,1,data/images/038918dc-5469-4298-a705-edb990a66679.jpg,True,4,0.9702002,1,7,convnext_256
819b070b-a957-4ddd-9bfb-823eab9eb455.jpg,1,1,data/images/819b070b-a957-4ddd-9bfb-823eab9eb455.jpg,True,2,0.98412955,1,8,convnext_256
4bf5497e-0097-4502-b35b-aab7b5a9baae.jpg,0,0,data/images/4bf5497e-0097-4502-b35b-aab7b5a9baae.jpg,True,4,0.02595133,0,7,convnext_256
29723308-fd33-4f6a-b9f7-d5b1d89621c1.jpg,0,0,data/images/29723308-fd33-4f6a-b9f7-d5b1d89621c1.jpg,True,1,0.04560221,0,8,convnext_256
d430bb07-cdb7-47c7-9df2-aec8b934d8be.jpg,1,1,data/images/d430bb07-cdb7-47c7-9df2-aec8b934d8be.jpg,True,3,0.9509539,1,7,convnext_256
538de755-eeb4-448a-b5c6-0300e9c38f5c.jpg,1,1,data/images/538de755-eeb4-448a-b5c6-0300e9c38f5c.jpg,True,0,0.8921708,1,7,convnext_256
f57227d8-3199-4e3b-895d-7075d3737623.jpg,0,0,data/images/f57227d8-3199-4e3b-895d-7075d3737623.jpg,True,0,0.022676565,0,7,convnext_256
99355267-5504-4254-8781-70c669733435.jpg,0,0,data/images/99355267-5504-4254-8781-70c669733435.jpg,True,4,0.017504137,0,7,convnext_256
3c86e748-c3f0-433b-a7d5-bbc5ee23f23f.jpg,0,0,data/images/3c86e748-c3f0-433b-a7d5-bbc5ee23f23f.jpg,True,1,0.2547622,0,8,convnext_256
cb195e56-f926-45b9-a7f8-0765a043ebbc.jpg,1,1,data/images/cb195e56-f926-45b9-a7f8-0765a043ebbc.jpg,True,3,0.9791819,1,7,convnext_256
80cf2db7-e8d0-418f-8069-ab1fd8b856e6.jpg,1,1,data/images/80cf2db7-e8d0-418f-8069-ab1fd8b856e6.jpg,True,2,0.9688035,1,8,convnext_256
e3df588b-446c-411d-b675-1e070dcf4bea.jpg,0,0,data/images/e3df588b-446c-411d-b675-1e070dcf4bea.jpg,True,3,0.1120489,0,7,convnext_256
7470d974-a175-4b58-957a-6764524b04aa.jpg,1,1,data/images/7470d974-a175-4b58-957a-6764524b04aa.jpg,True,2,0.9610269,1,8,convnext_256
b1aebf04-c403-46ba-b4c4-ea5db5c8b960.jpg,0,0,data/images/b1aebf04-c403-46ba-b4c4-ea5db5c8b960.jpg,True,1,0.039624717,0,8,convnext_256
71e341e5-924c-4e3e-851a-fdf82dab4abf.jpg,1,1,data/images/71e341e5-924c-4e3e-851a-fdf82dab4abf.jpg,True,0,0.9695967,1,7,convnext_256
0be373db-0fe8-4821-9d0c-d2a88ac687c3.jpg,0,0,data/images/0be373db-0fe8-4821-9d0c-d2a88ac687c3.jpg,True,4,0.060976304,0,7,convnext_256
e72e0b21-a626-490b-8ccd-406eec09abb7.jpg,1,1,data/images/e72e0b21-a626-490b-8ccd-406eec09abb7.jpg,True,4,0.9714896,1,7,convnext_256
f3b513d5-a3f1-4b25-b9fa-e7ed9ff9eed5.jpg,1,1,data/images/f3b513d5-a3f1-4b25-b9fa-e7ed9ff9eed5.jpg,True,2,0.97828716,1,8,convnext_256
b27a3edd-3491-4196-9741-953b917f08fe.jpg,1,1,data/images/b27a3edd-3491-4196-9741-953b917f08fe.jpg,True,3,0.9619102,1,7,convnext_256
08875681-6023-4c52-b10f-7ef212f690fe.jpg,0,0,data/images/08875681-6023-4c52-b10f-7ef212f690fe.jpg,True,0,0.025126778,0,7,convnext_256
c7505d1c-856e-4c87-baf5-7290813dada6.jpg,0,0,data/images/c7505d1c-856e-4c87-baf5-7290813dada6.jpg,True,1,0.13857411,0,8,convnext_256
ee27017c-8a0e-4ca2-bf10-4f4e6f076b90.jpg,0,0,data/images/ee27017c-8a0e-4ca2-bf10-4f4e6f076b90.jpg,True,2,0.14273268,0,8,convnext_256
8b4cd203-231c-4a45-8715-58a4c1d12259.jpg,0,0,data/images/8b4cd203-231c-4a45-8715-58a4c1d12259.jpg,True,0,0.017279735,0,7,convnext_256
f6ebacd9-49fa-464b-a05c-cd800b7362e9.jpg,1,1,data/images/f6ebacd9-49fa-464b-a05c-cd800b7362e9.jpg,True,3,0.33748892,0,7,convnext_256
575e5291-1745-40ab-800b-ad41004e946f.jpg,1,1,data/images/575e5291-1745-40ab-800b-ad41004e946f.jpg,True,1,0.9764395,1,8,convnext_256
6a1ba0ca-7f30-4cc8-87f0-5d0027a9821a.jpg,1,1,data/images/6a1ba0ca-7f30-4cc8-87f0-5d0027a9821a.jpg,True,4,0.059262123,0,7,convnext_256
c2fe066a-a814-4744-a08e-5280d84d955d.jpg,1,1,data/images/c2fe066a-a814-4744-a08e-5280d84d955d.jpg,True,4,0.97818726,1,7,convnext_256
a071370f-4c46-4a27-8f93-37bc0a907a5f.jpg,1,1,data/images/a071370f-4c46-4a27-8f93-37bc0a907a5f.jpg,True,0,0.9841846,1,7,convnext_256
99745826-54f3-4654-b54b-5b26217d2e35.jpg,1,1,data/images/99745826-54f3-4654-b54b-5b26217d2e35.jpg,True,1,0.9766236,1,8,convnext_256
8f04c473-fd4d-46ea-bb14-6a9cb23387cb.jpg,1,1,data/images/8f04c473-fd4d-46ea-bb14-6a9cb23387cb.jpg,True,3,0.2890042,0,7,convnext_256
c4f3066a-1b8e-4d72-8701-500bd2475440.jpg,0,0,data/images/c4f3066a-1b8e-4d72-8701-500bd2475440.jpg,True,2,0.018068723,0,8,convnext_256
483343fb-f07f-404d-bd0e-b8925a7b47df.jpg,1,1,data/images/483343fb-f07f-404d-bd0e-b8925a7b47df.jpg,True,1,0.98142576,1,8,convnext_256
1be48cde-206a-438e-8099-ec2bcfb88b02.jpg,1,1,data/images/1be48cde-206a-438e-8099-ec2bcfb88b02.jpg,True,2,0.9418792,1,8,convnext_256
95835f11-22c2-4e66-89b8-687f27b0e33a.jpg,0,0,data/images/95835f11-22c2-4e66-89b8-687f27b0e33a.jpg,True,4,0.028495282,0,7,convnext_256
e582265e-67b3-4203-85ff-99120959f3f4.jpg,0,0,data/images/e582265e-67b3-4203-85ff-99120959f3f4.jpg,True,3,0.17299333,0,7,convnext_256
eca41dbe-ae7a-4aa1-9455-65d3f1013c09.jpg,0,0,data/images/eca41dbe-ae7a-4aa1-9455-65d3f1013c09.jpg,True,0,0.93783,1,7,convnext_256
42865730-d510-47c8-9236-f60b6de629fa.jpg,0,0,data/images/42865730-d510-47c8-9236-f60b6de629fa.jpg,True,0,0.025531214,0,7,convnext_256
056cfde3-eb9f-4dc8-9c95-008ebb463bda.jpg,1,1,data/images/056cfde3-eb9f-4dc8-9c95-008ebb463bda.jpg,True,4,0.9773311,1,7,convnext_256
f8650026-21e0-4b1c-a5d0-aeae6ef76b5b.jpg,1,1,data/images/f8650026-21e0-4b1c-a5d0-aeae6ef76b5b.jpg,True,2,0.98162234,1,8,convnext_256
77b55b7a-3892-4ee1-ad48-96eb9e4cf6a6.jpg,1,1,data/images/77b55b7a-3892-4ee1-ad48-96eb9e4cf6a6.jpg,True,3,0.97794116,1,7,convnext_256
fbbe35e8-4056-47e8-bbcc-e2a6deee7044.jpg,0,0,data/images/fbbe35e8-4056-47e8-bbcc-e2a6deee7044.jpg,True,1,0.041008834,0,8,convnext_256
1962fd85-04d3-4623-b36c-90ebe9eb8191.jpg,0,0,data/images/1962fd85-04d3-4623-b36c-90ebe9eb8191.jpg,True,0,0.01531757,0,7,convnext_256
b2c80a93-e96a-43cb-bc20-ecff4d7d8ba2.jpg,0,0,data/images/b2c80a93-e96a-43cb-bc20-ecff4d7d8ba2.jpg,True,4,0.89023924,1,7,convnext_256
d31a0124-cfc1-4089-ab58-2077061e4cba.jpg,1,1,data/images/d31a0124-cfc1-4089-ab58-2077061e4cba.jpg,True,1,0.9751883,1,8,convnext_256
87e294d1-bcd3-4c1d-88d1-3c329c810b63.jpg,0,0,data/images/87e294d1-bcd3-4c1d-88d1-3c329c810b63.jpg,True,2,0.3594043,0,8,convnext_256
91cf38ec-9294-4447-bfd8-a6a01d4a3e2a.jpg,0,0,data/images/91cf38ec-9294-4447-bfd8-a6a01d4a3e2a.jpg,True,3,0.017896421,0,7,convnext_256
b0894337-0be1-4960-85f4-f963a1771a71.jpg,0,0,data/images/b0894337-0be1-4960-85f4-f963a1771a71.jpg,True,1,0.04630913,0,8,convnext_256
08e221bc-8f00-4504-bb85-b0225bdfec64.jpg,1,1,data/images/08e221bc-8f00-4504-bb85-b0225bdfec64.jpg,True,4,0.9768563,1,7,convnext_256
9c0a7bf1-6716-435c-bd2e-3664a3a9f2db.jpg,1,1,data/images/9c0a7bf1-6716-435c-bd2e-3664a3a9f2db.jpg,True,0,0.9746626,1,7,convnext_256
e1d330dd-2f07-4593-8972-19a6f938e51f.jpg,1,1,data/images/e1d330dd-2f07-4593-8972-19a6f938e51f.jpg,True,2,0.9729393,1,8,convnext_256
279ceb06-1fd0-4bc6-b8ee-ebf772b8f4f8.jpg,1,1,data/images/279ceb06-1fd0-4bc6-b8ee-ebf772b8f4f8.jpg,True,3,0.9426937,1,7,convnext_256
c4651197-0af0-48fd-bd4a-8b81605b5de9.jpg,0,0,data/images/c4651197-0af0-48fd-bd4a-8b81605b5de9.jpg,True,4,0.017151218,0,7,convnext_256
aec40ced-6d82-429e-a614-eb2501caf0f6.jpg,0,0,data/images/aec40ced-6d82-429e-a614-eb2501caf0f6.jpg,True,3,0.069125056,0,7,convnext_256
bd5361b2-9089-486d-b8f7-d9e10cc6d6c5.jpg,0,0,data/images/bd5361b2-9089-486d-b8f7-d9e10cc6d6c5.jpg,True,0,0.02447693,0,7,convnext_256
ab4d4834-0e94-423d-b155-fc97e732f2ff.jpg,0,0,data/images/ab4d4834-0e94-423d-b155-fc97e732f2ff.jpg,True,2,0.018482886,0,8,convnext_256
c76a8ff9-1394-4e48-8cf8-1f8aa0c54494.jpg,0,0,data/images/c76a8ff9-1394-4e48-8cf8-1f8aa0c54494.jpg,True,1,0.014624339,0,8,convnext_256
46c75edd-4569-4bb1-ab73-9d70408487fd.jpg,1,1,data/images/46c75edd-4569-4bb1-ab73-9d70408487fd.jpg,True,0,0.981754,1,7,convnext_256
339bbaf2-53fd-4ed5-99aa-4d6930ce648e.jpg,0,0,data/images/339bbaf2-53fd-4ed5-99aa-4d6930ce648e.jpg,True,3,0.023923786,0,7,convnext_256
f97a8768-64fb-464f-baab-79a4c22aa8e8.jpg,0,0,data/images/f97a8768-64fb-464f-baab-79a4c22aa8e8.jpg,True,2,0.023830922,0,8,convnext_256
4b373ec3-aea2-4999-bf2a-61f8c26c69eb.jpg,0,0,data/images/4b373ec3-aea2-4999-bf2a-61f8c26c69eb.jpg,True,1,0.9774604,1,8,convnext_256
f4ec90ff-3af9-4282-b2cd-e3ccc1b1c29a.jpg,0,0,data/images/f4ec90ff-3af9-4282-b2cd-e3ccc1b1c29a.jpg,True,4,0.10947254,0,7,convnext_256
fbee85ba-4761-4d34-ad18-fd182b1ccca4.jpg,1,1,data/images/fbee85ba-4761-4d34-ad18-fd182b1ccca4.jpg,True,4,0.95731765,1,7,convnext_256
203e963a-6740-4a56-a5ae-55fed087e068.jpg,0,0,data/images/203e963a-6740-4a56-a5ae-55fed087e068.jpg,True,3,0.18834598,0,7,convnext_256
35b57561-3ed8-424a-bf8a-e3ae9600cbdd.jpg,0,0,data/images/35b57561-3ed8-424a-bf8a-e3ae9600cbdd.jpg,True,1,0.02048824,0,8,convnext_256
5129fe2f-fcaf-494a-ab0f-5c182bf89ebe.jpg,1,1,data/images/5129fe2f-fcaf-494a-ab0f-5c182bf89ebe.jpg,True,0,0.98164314,1,7,convnext_256
4955d76f-28ee-4f36-9e8a-1c843eb3d8bc.jpg,1,1,data/images/4955d76f-28ee-4f36-9e8a-1c843eb3d8bc.jpg,True,2,0.976493,1,8,convnext_256
9a7571c2-25c2-4059-a692-2bb11881e585.jpg,1,1,data/images/9a7571c2-25c2-4059-a692-2bb11881e585.jpg,True,1,0.12131434,0,8,convnext_256
7ea6c6a4-e54e-4404-9328-4f3f6398bac4.jpg,1,1,data/images/7ea6c6a4-e54e-4404-9328-4f3f6398bac4.jpg,True,2,0.98100084,1,8,convnext_256
c0f36311-4bdb-40bf-8ce0-9867f985903f.jpg,0,0,data/images/c0f36311-4bdb-40bf-8ce0-9867f985903f.jpg,True,3,0.02805531,0,7,convnext_256
2fba33cf-c412-4cdd-980e-00510e0d9bb5.jpg,1,1,data/images/2fba33cf-c412-4cdd-980e-00510e0d9bb5.jpg,True,0,0.835605,1,7,convnext_256
03a30f35-3b79-4dd9-b23e-2fe16db2073c.jpg,0,0,data/images/03a30f35-3b79-4dd9-b23e-2fe16db2073c.jpg,True,4,0.14163923,0,7,convnext_256
5b22000b-55b1-4df2-b0df-5eb71161cb9d.jpg,0,0,data/images/5b22000b-55b1-4df2-b0df-5eb71161cb9d.jpg,True,0,0.04121495,0,7,convnext_256
67f25428-2aad-45d2-bea2-7041cd121be6.jpg,0,0,data/images/67f25428-2aad-45d2-bea2-7041cd121be6.jpg,True,1,0.039546024,0,8,convnext_256
6d0d57b9-8964-4790-b0ab-6aa71216607a.jpg,0,0,data/images/6d0d57b9-8964-4790-b0ab-6aa71216607a.jpg,True,2,0.016929263,0,8,convnext_256
92a12bfa-c69e-432c-a204-421a4df4e057.jpg,0,0,data/images/92a12bfa-c69e-432c-a204-421a4df4e057.jpg,True,3,0.05322491,0,7,convnext_256
aabf97aa-1789-4b06-a9c2-d9662f54f90c.jpg,1,1,data/images/aabf97aa-1789-4b06-a9c2-d9662f54f90c.jpg,True,4,0.97633743,1,7,convnext_256
6e8fb146-9aa5-48f1-83bb-f86760f59c07.jpg,1,1,data/images/6e8fb146-9aa5-48f1-83bb-f86760f59c07.jpg,True,4,0.9766386,1,7,convnext_256
43b59512-8e50-4ed8-8652-a25a2bec47d3.jpg,1,1,data/images/43b59512-8e50-4ed8-8652-a25a2bec47d3.jpg,True,1,0.67699224,1,8,convnext_256
b6715362-5e5d-4383-84d8-38356d5a7587.jpg,0,0,data/images/b6715362-5e5d-4383-84d8-38356d5a7587.jpg,True,2,0.01895818,0,8,convnext_256
57bc40ef-fd28-4d43-9eb0-4bbb5dbcc387.jpg,1,1,data/images/57bc40ef-fd28-4d43-9eb0-4bbb5dbcc387.jpg,True,3,0.72906286,1,7,convnext_256
63aa8518-bb11-44fa-a2f5-c863ab9eb310.jpg,1,1,data/images/63aa8518-bb11-44fa-a2f5-c863ab9eb310.jpg,True,0,0.9627252,1,7,convnext_256
52016109-c8b3-49c6-a12a-cddd56eb1494.jpg,0,0,data/images/52016109-c8b3-49c6-a12a-cddd56eb1494.jpg,True,3,0.030617636,0,7,convnext_256
27ac79eb-0e95-4bcb-8783-910ed5ebbf7a.jpg,1,1,data/images/27ac79eb-0e95-4bcb-8783-910ed5ebbf7a.jpg,True,0,0.95155376,1,7,convnext_256
0542a511-8459-4523-8290-26f7d5897ade.jpg,0,0,data/images/0542a511-8459-4523-8290-26f7d5897ade.jpg,True,2,0.022826396,0,8,convnext_256
0e1e2f0a-c485-4aa0-b72c-49b7bda68585.jpg,0,0,data/images/0e1e2f0a-c485-4aa0-b72c-49b7bda68585.jpg,True,4,0.028265627,0,7,convnext_256
660d717c-a505-4f6b-810f-22069eb03bec.jpg,0,0,data/images/660d717c-a505-4f6b-810f-22069eb03bec.jpg,True,1,0.033584148,0,8,convnext_256
a4a202c0-8f44-40dd-9ff3-366a86aba350.jpg,1,1,data/images/a4a202c0-8f44-40dd-9ff3-366a86aba350.jpg,True,3,0.9358921,1,7,convnext_256
930506c9-0c11-40e0-885b-db6cfc4d2501.jpg,1,1,data/images/930506c9-0c11-40e0-885b-db6cfc4d2501.jpg,True,1,0.9742244,1,8,convnext_256
4eec2d22-ebaf-462f-b869-59dfbcfba602.jpg,1,1,data/images/4eec2d22-ebaf-462f-b869-59dfbcfba602.jpg,True,0,0.96580863,1,7,convnext_256
378acedf-21ce-4bf6-a82b-e92461802774.jpg,0,0,data/images/378acedf-21ce-4bf6-a82b-e92461802774.jpg,True,4,0.013749832,0,7,convnext_256
b020a789-bbbf-4f5f-9037-2985941c2c53.jpg,0,0,data/images/b020a789-bbbf-4f5f-9037-2985941c2c53.jpg,True,2,0.9620398,1,8,convnext_256
cb207eae-9063-4290-bcce-a1130d60f289.jpg,0,0,data/images/cb207eae-9063-4290-bcce-a1130d60f289.jpg,True,2,0.026913147,0,8,convnext_256
c97c8357-7db8-428b-b47d-55d79c83a171.jpg,1,1,data/images/c97c8357-7db8-428b-b47d-55d79c83a171.jpg,True,3,0.98273736,1,7,convnext_256
1bb79979-fb4d-4724-8f91-7edd19cedc60.jpg,1,1,data/images/1bb79979-fb4d-4724-8f91-7edd19cedc60.jpg,True,1,0.3219391,0,8,convnext_256
45be88d7-29e9-446f-ba2b-451f7c6a687a.jpg,1,1,data/images/45be88d7-29e9-446f-ba2b-451f7c6a687a.jpg,True,0,0.96802986,1,7,convnext_256
252bc972-b6d5-492d-867d-da6318fd5530.jpg,1,1,data/images/252bc972-b6d5-492d-867d-da6318fd5530.jpg,True,4,0.51892114,1,7,convnext_256
2e325089-8304-46ff-9623-01fe9290873e.jpg,0,0,data/images/2e325089-8304-46ff-9623-01fe9290873e.jpg,True,4,0.9396574,1,7,convnext_256
cc7b24e0-a08a-49be-83da-622a5c8edaf4.jpg,0,0,data/images/cc7b24e0-a08a-49be-83da-622a5c8edaf4.jpg,True,3,0.07347568,0,7,convnext_256
315d7214-44ac-4fc0-b3ba-e37e3175af6d.jpg,0,0,data/images/315d7214-44ac-4fc0-b3ba-e37e3175af6d.jpg,True,2,0.014902583,0,8,convnext_256
4a14c311-4d4d-4b6d-bde2-a228f5ccbe62.jpg,0,0,data/images/4a14c311-4d4d-4b6d-bde2-a228f5ccbe62.jpg,True,0,0.019644193,0,7,convnext_256
66b5186d-fd8c-4f3c-9fad-6fe063af2978.jpg,0,0,data/images/66b5186d-fd8c-4f3c-9fad-6fe063af2978.jpg,True,1,0.014177264,0,8,convnext_256
790a03da-d45a-4a24-9e2f-81e11cc7ed92.jpg,0,0,data/images/790a03da-d45a-4a24-9e2f-81e11cc7ed92.jpg,True,4,0.021085018,0,7,convnext_256
c6b62efb-8eec-4fa1-8a55-3f52d4e4ef3e.jpg,1,1,data/images/c6b62efb-8eec-4fa1-8a55-3f52d4e4ef3e.jpg,True,3,0.7879568,1,7,convnext_256
c8587cbb-5949-4461-b18c-da2a1445fe71.jpg,1,1,data/images/c8587cbb-5949-4461-b18c-da2a1445fe71.jpg,True,0,0.7576724,1,7,convnext_256
bb538f53-bba5-4fb7-bf62-3741e5004d51.jpg,1,1,data/images/bb538f53-bba5-4fb7-bf62-3741e5004d51.jpg,True,2,0.973825,1,8,convnext_256
f56596cf-facc-4490-9af2-115ba02a40ce.jpg,1,1,data/images/f56596cf-facc-4490-9af2-115ba02a40ce.jpg,True,1,0.9827963,1,8,convnext_256
18a22df1-d9a4-405b-be7a-16f2b0ef6974.jpg,0,0,data/images/18a22df1-d9a4-405b-be7a-16f2b0ef6974.jpg,True,2,0.04511477,0,8,convnext_256
8594bcbc-3f6f-4c85-957e-662029b94bf0.jpg,1,1,data/images/8594bcbc-3f6f-4c85-957e-662029b94bf0.jpg,True,0,0.03716015,0,7,convnext_256
b99d39f7-f584-4877-a513-83bed0160c3e.jpg,1,1,data/images/b99d39f7-f584-4877-a513-83bed0160c3e.jpg,True,4,0.9702325,1,7,convnext_256
9faaa5d1-539d-42d3-bb3d-924a3ace5b1b.jpg,0,0,data/images/9faaa5d1-539d-42d3-bb3d-924a3ace5b1b.jpg,True,3,0.016832639,0,7,convnext_256
598ac525-ad4f-4185-9859-bfa80e6e4e17.jpg,0,0,data/images/598ac525-ad4f-4185-9859-bfa80e6e4e17.jpg,True,1,0.025815137,0,8,convnext_256
0bd0538c-4b29-4aff-b3e4-db97f9cf8fd1.jpg,1,1,data/images/0bd0538c-4b29-4aff-b3e4-db97f9cf8fd1.jpg,True,3,0.94174707,1,7,convnext_256
0c29cc32-1207-415e-b536-f173abc01d33.jpg,1,1,data/images/0c29cc32-1207-415e-b536-f173abc01d33.jpg,True,0,0.76269585,1,7,convnext_256
62de1b35-14cc-4850-b1c3-82754281f3d6.jpg,0,0,data/images/62de1b35-14cc-4850-b1c3-82754281f3d6.jpg,True,1,0.05090789,0,8,convnext_256
c4e3a219-bf6f-4b62-baed-7284bf17f705.jpg,0,0,data/images/c4e3a219-bf6f-4b62-baed-7284bf17f705.jpg,True,4,0.019227514,0,7,convnext_256
fe1eb190-4c25-434a-853a-353dfab044a3.jpg,1,1,data/images/fe1eb190-4c25-434a-853a-353dfab044a3.jpg,True,2,0.97193354,1,8,convnext_256
88f374e1-f926-491c-9569-8f7d72d0d195.jpg,1,1,data/images/88f374e1-f926-491c-9569-8f7d72d0d195.jpg,True,3,0.9820634,1,7,convnext_256
c867ef94-a7ab-43df-a911-15722300dc5a.jpg,0,0,data/images/c867ef94-a7ab-43df-a911-15722300dc5a.jpg,True,4,0.22114335,0,7,convnext_256
5a3ed3bf-11bf-4d00-b994-6668e5debc6b.jpg,0,0,data/images/5a3ed3bf-11bf-4d00-b994-6668e5debc6b.jpg,True,2,0.012612314,0,8,convnext_256
331ce818-96aa-4397-87f9-434fbbda44f3.jpg,0,0,data/images/331ce818-96aa-4397-87f9-434fbbda44f3.jpg,True,1,0.04028608,0,8,convnext_256
25a596c1-aca1-4583-8cc2-36d78bc06c0f.jpg,0,0,data/images/25a596c1-aca1-4583-8cc2-36d78bc06c0f.jpg,True,0,0.026188346,0,7,convnext_256
3bc576ba-38de-4c81-82e1-e56251086614.jpg,1,1,data/images/3bc576ba-38de-4c81-82e1-e56251086614.jpg,True,3,0.8360392,1,7,convnext_256
df927a35-7d59-4d3e-9ad0-75e573217945.jpg,0,0,data/images/df927a35-7d59-4d3e-9ad0-75e573217945.jpg,True,2,0.02042513,0,8,convnext_256
1d967bfa-89a7-4603-b08a-93199945c384.jpg,1,1,data/images/1d967bfa-89a7-4603-b08a-93199945c384.jpg,True,1,0.9760341,1,8,convnext_256
3cc24737-2772-47b0-bcac-23943a14f849.jpg,1,1,data/images/3cc24737-2772-47b0-bcac-23943a14f849.jpg,True,4,0.9887504,1,7,convnext_256
49e777fe-859f-4233-9dc0-529dfc98ac63.jpg,0,0,data/images/49e777fe-859f-4233-9dc0-529dfc98ac63.jpg,True,0,0.9446803,1,7,convnext_256
5138d88b-580d-41fa-b298-d1cb367fe9c9.jpg,0,0,data/images/5138d88b-580d-41fa-b298-d1cb367fe9c9.jpg,True,0,0.03727581,0,7,convnext_256
cb85738b-c1a8-42bc-ba0b-8dc69f8c6b99.jpg,0,0,data/images/cb85738b-c1a8-42bc-ba0b-8dc69f8c6b99.jpg,True,3,0.9700042,1,7,convnext_256
56dde685-c72f-4421-bb0b-69cfc8d73722.jpg,0,0,data/images/56dde685-c72f-4421-bb0b-69cfc8d73722.jpg,True,1,0.054942667,0,8,convnext_256
df0d48e8-4199-4abd-a67e-48a2780eeeda.jpg,0,0,data/images/df0d48e8-4199-4abd-a67e-48a2780eeeda.jpg,True,2,0.016474841,0,8,convnext_256
02c2a127-c46a-4c25-b8df-92bda3f97cb9.jpg,0,0,data/images/02c2a127-c46a-4c25-b8df-92bda3f97cb9.jpg,True,4,0.030313302,0,7,convnext_256
c18635bc-bf11-4a18-954f-9752d117d333.jpg,1,1,data/images/c18635bc-bf11-4a18-954f-9752d117d333.jpg,True,4,0.9832517,1,7,convnext_256
75e35a1e-b954-42ac-a724-8b55161e82aa.jpg,1,1,data/images/75e35a1e-b954-42ac-a724-8b55161e82aa.jpg,True,2,0.9686156,1,8,convnext_256
e09a35ec-162d-4e47-be52-06ee35d56749.jpg,1,1,data/images/e09a35ec-162d-4e47-be52-06ee35d56749.jpg,True,1,0.97149944,1,8,convnext_256
2de942a2-f5b2-4234-856d-fe4cbdc15724.jpg,0,0,data/images/2de942a2-f5b2-4234-856d-fe4cbdc15724.jpg,True,0,0.025015974,0,7,convnext_256
7e5e21e2-c63a-440f-a688-e9ecb726a53d.jpg,0,0,data/images/7e5e21e2-c63a-440f-a688-e9ecb726a53d.jpg,True,3,0.0636256,0,7,convnext_256
4efbc9e3-9182-4277-96ab-40e9d08c9bd6.jpg,1,1,data/images/4efbc9e3-9182-4277-96ab-40e9d08c9bd6.jpg,True,2,0.9785338,1,8,convnext_256
53c45fb9-4b6d-4c51-98d8-f20bfe021348.jpg,0,0,data/images/53c45fb9-4b6d-4c51-98d8-f20bfe021348.jpg,True,3,0.048536614,0,7,convnext_256
327637bf-a262-426a-bae6-004213394784.jpg,0,0,data/images/327637bf-a262-426a-bae6-004213394784.jpg,True,1,0.9525947,1,8,convnext_256
0825ac7d-f9f9-4b4c-8129-91235a2f5809.jpg,1,1,data/images/0825ac7d-f9f9-4b4c-8129-91235a2f5809.jpg,True,4,0.9786703,1,7,convnext_256
1d80f009-7a9c-4631-bbfc-7ff49504b9d0.jpg,1,1,data/images/1d80f009-7a9c-4631-bbfc-7ff49504b9d0.jpg,True,0,0.9435773,1,7,convnext_256
e5b15425-6ed4-4591-8784-011ef16b6cfb.jpg,0,0,data/images/e5b15425-6ed4-4591-8784-011ef16b6cfb.jpg,True,4,0.033438817,0,7,convnext_256
a9012cd8-6223-48db-8182-82ac862c1a33.jpg,0,0,data/images/a9012cd8-6223-48db-8182-82ac862c1a33.jpg,True,1,0.038719065,0,8,convnext_256
fe36bd48-049a-4dab-8509-a149d1e775f0.jpg,0,0,data/images/fe36bd48-049a-4dab-8509-a149d1e775f0.jpg,True,2,0.823325,1,8,convnext_256
6e23c41d-36ae-4c6c-a2bc-44e618c182d4.jpg,0,0,data/images/6e23c41d-36ae-4c6c-a2bc-44e618c182d4.jpg,True,0,0.1359131,0,7,convnext_256
365a47f4-0182-4602-a002-f5e9bf04e6ca.jpg,0,0,data/images/365a47f4-0182-4602-a002-f5e9bf04e6ca.jpg,True,3,0.018964952,0,7,convnext_256
3cbc2ca3-d9cb-4f5a-bf30-5c3898ad4351.jpg,1,1,data/images/3cbc2ca3-d9cb-4f5a-bf30-5c3898ad4351.jpg,True,4,0.98049885,1,7,convnext_256
7cfa002e-0e72-471d-8cb0-c10e2d816588.jpg,1,1,data/images/7cfa002e-0e72-471d-8cb0-c10e2d816588.jpg,True,0,0.98172987,1,7,convnext_256
39f66b17-d5b9-475d-a82f-a0bc0f427463.jpg,1,1,data/images/39f66b17-d5b9-475d-a82f-a0bc0f427463.jpg,True,3,0.9591179,1,7,convnext_256
342226d4-7298-40fe-a6fb-ff38f5f05b93.jpg,1,1,data/images/342226d4-7298-40fe-a6fb-ff38f5f05b93.jpg,True,1,0.9710805,1,8,convnext_256
ea6acf67-8ec0-429b-bf35-56acb288d51d.jpg,1,1,data/images/ea6acf67-8ec0-429b-bf35-56acb288d51d.jpg,True,2,0.09748857,0,8,convnext_256
339b73ec-64d6-4f6c-bd01-72dda457479b.jpg,1,1,data/images/339b73ec-64d6-4f6c-bd01-72dda457479b.jpg,True,2,0.97065383,1,8,convnext_256
f9d70cf6-ffda-43b1-a5b6-71dda8707223.jpg,0,0,data/images/f9d70cf6-ffda-43b1-a5b6-71dda8707223.jpg,True,4,0.020649007,0,7,convnext_256
5b79a0a8-c19b-4afa-84a3-86d2394bb843.jpg,0,0,data/images/5b79a0a8-c19b-4afa-84a3-86d2394bb843.jpg,True,1,0.026309775,0,8,convnext_256
b69340c4-ae17-42af-bc81-df806a315d87.jpg,0,0,data/images/b69340c4-ae17-42af-bc81-df806a315d87.jpg,True,0,0.013965897,0,7,convnext_256
8313c00a-8dbd-48b5-9e40-fc92cae4a0ab.jpg,0,0,data/images/8313c00a-8dbd-48b5-9e40-fc92cae4a0ab.jpg,True,3,0.01669011,0,7,convnext_256
52e0f517-974e-4cc4-bc1f-b4f83047fb45.jpg,0,0,data/images/52e0f517-974e-4cc4-bc1f-b4f83047fb45.jpg,True,2,0.013375333,0,8,convnext_256
8a22e646-c4e2-4f20-b58e-7229d280a235.jpg,0,0,data/images/8a22e646-c4e2-4f20-b58e-7229d280a235.jpg,True,4,0.12979355,0,7,convnext_256
c92c981d-35c4-4a6e-976e-b6c90cf3ae9c.jpg,1,1,data/images/c92c981d-35c4-4a6e-976e-b6c90cf3ae9c.jpg,True,0,0.97057706,1,7,convnext_256
9c185b6a-82a7-48d8-91bb-fd3ff2505ab2.jpg,0,0,data/images/9c185b6a-82a7-48d8-91bb-fd3ff2505ab2.jpg,True,3,0.017748889,0,7,convnext_256
36221a81-be19-404e-8ac9-f94f3b522cf9.jpg,0,0,data/images/36221a81-be19-404e-8ac9-f94f3b522cf9.jpg,True,1,0.02654734,0,8,convnext_256
45af86c9-5c59-423f-827a-c67fff3e117b.jpg,1,1,data/images/45af86c9-5c59-423f-827a-c67fff3e117b.jpg,True,1,0.97623616,1,8,convnext_256
7b920220-8602-4cad-a8fe-7544616dcda5.jpg,0,0,data/images/7b920220-8602-4cad-a8fe-7544616dcda5.jpg,True,0,0.09138362,0,7,convnext_256
d21c1dbb-21c6-42b8-84ab-b73dc41bbdeb.jpg,0,0,data/images/d21c1dbb-21c6-42b8-84ab-b73dc41bbdeb.jpg,True,3,0.015299414,0,7,convnext_256
3d993e75-2376-4a17-8dab-a0885e9f72d9.jpg,0,0,data/images/3d993e75-2376-4a17-8dab-a0885e9f72d9.jpg,True,2,0.009952499,0,8,convnext_256
736e3fe3-e01f-4d60-b709-259a4440d877.jpg,0,0,data/images/736e3fe3-e01f-4d60-b709-259a4440d877.jpg,True,4,0.022692997,0,7,convnext_256
57b81f41-c396-4807-bb48-cf0e181022a4.jpg,0,0,data/images/57b81f41-c396-4807-bb48-cf0e181022a4.jpg,True,0,0.083963804,0,7,convnext_256
287acbd5-35c1-465a-9b1c-080efc345f1e.jpg,0,0,data/images/287acbd5-35c1-465a-9b1c-080efc345f1e.jpg,True,3,0.013446277,0,7,convnext_256
fcc9791e-1083-4d28-907c-bebd3047b614.jpg,0,0,data/images/fcc9791e-1083-4d28-907c-bebd3047b614.jpg,True,1,0.06024063,0,8,convnext_256
266983e5-627d-408f-bed7-9ea980ae6ed2.jpg,0,0,data/images/266983e5-627d-408f-bed7-9ea980ae6ed2.jpg,True,2,0.9243014,1,8,convnext_256
4dab0da6-5aa8-4093-a836-bbb6e5aafd33.jpg,0,0,data/images/4dab0da6-5aa8-4093-a836-bbb6e5aafd33.jpg,True,4,0.021487705,0,7,convnext_256
641aeec9-23fe-4665-b675-0eb4bf981853.jpg,0,0,data/images/641aeec9-23fe-4665-b675-0eb4bf981853.jpg,True,1,0.022655234,0,8,convnext_256
1ba293b0-ca6f-4d88-821f-f14bde38b3a8.jpg,0,0,data/images/1ba293b0-ca6f-4d88-821f-f14bde38b3a8.jpg,True,3,0.27204582,0,7,convnext_256
8681bd82-df30-4203-86ba-9a0b5eca56d0.jpg,0,0,data/images/8681bd82-df30-4203-86ba-9a0b5eca56d0.jpg,True,2,0.8943065,1,8,convnext_256
6eb8924e-76c1-41f3-b231-9cd6b2a9531e.jpg,1,1,data/images/6eb8924e-76c1-41f3-b231-9cd6b2a9531e.jpg,True,4,0.9776743,1,7,convnext_256
963fb860-4ebf-40d9-bd05-c92fbcea1a79.jpg,0,0,data/images/963fb860-4ebf-40d9-bd05-c92fbcea1a79.jpg,True,0,0.013903653,0,7,convnext_256
2f171443-a984-4cf3-9cd8-a368f55a0ab2.jpg,1,1,data/images/2f171443-a984-4cf3-9cd8-a368f55a0ab2.jpg,True,1,0.5635246,1,8,convnext_256
c9f0067a-6be1-4916-8584-33a497948ee8.jpg,0,0,data/images/c9f0067a-6be1-4916-8584-33a497948ee8.jpg,True,3,0.05807443,0,7,convnext_256
5ebca025-d66e-43ed-bdce-721b5a2e609c.jpg,0,0,data/images/5ebca025-d66e-43ed-bdce-721b5a2e609c.jpg,True,4,0.13953933,0,7,convnext_256
576729be-02f6-4aa7-abce-063c0138a387.jpg,0,0,data/images/576729be-02f6-4aa7-abce-063c0138a387.jpg,True,0,0.6791945,1,7,convnext_256
ace6f263-1113-46b5-a18b-25a354cdbebb.jpg,1,1,data/images/ace6f263-1113-46b5-a18b-25a354cdbebb.jpg,True,2,0.9687583,1,8,convnext_256
b3325f16-a68b-4cee-9419-c515edaeb156.jpg,0,0,data/images/b3325f16-a68b-4cee-9419-c515edaeb156.jpg,True,4,0.02586596,0,7,convnext_256
2a623202-3a65-4e0f-874f-c33602926557.jpg,0,0,data/images/2a623202-3a65-4e0f-874f-c33602926557.jpg,True,0,0.95274574,1,7,convnext_256
ee58cea4-635c-4dba-a63b-94d66f876e6c.jpg,1,1,data/images/ee58cea4-635c-4dba-a63b-94d66f876e6c.jpg,True,3,0.9760852,1,7,convnext_256
48680433-637d-4455-b2f0-959c0cda06ae.jpg,0,0,data/images/48680433-637d-4455-b2f0-959c0cda06ae.jpg,True,1,0.028016819,0,8,convnext_256
2b937c42-f4e8-4731-b37a-5b2ff2e9b356.jpg,1,1,data/images/2b937c42-f4e8-4731-b37a-5b2ff2e9b356.jpg,True,2,0.976845,1,8,convnext_256
c3cabff4-d544-4e4e-b328-5981e280530e.jpg,1,1,data/images/c3cabff4-d544-4e4e-b328-5981e280530e.jpg,True,2,0.9819582,1,8,convnext_256
5c2defd5-b60d-44f5-a6cd-728c231b5493.jpg,1,1,data/images/5c2defd5-b60d-44f5-a6cd-728c231b5493.jpg,True,0,0.96483016,1,7,convnext_256
4566e8e4-184a-4fb3-9cc1-309d1cc2c955.jpg,1,1,data/images/4566e8e4-184a-4fb3-9cc1-309d1cc2c955.jpg,True,1,0.97537416,1,8,convnext_256
29422c50-3438-4926-bdcb-0f3caa9d0b3f.jpg,0,0,data/images/29422c50-3438-4926-bdcb-0f3caa9d0b3f.jpg,True,3,0.022993838,0,7,convnext_256
dba61650-16f8-4901-ba3c-31d8035f256b.jpg,0,0,data/images/dba61650-16f8-4901-ba3c-31d8035f256b.jpg,True,4,0.019229008,0,7,convnext_256
f9ee34ec-4d52-4bcd-b83f-8a0523f0c48c.jpg,1,1,data/images/f9ee34ec-4d52-4bcd-b83f-8a0523f0c48c.jpg,True,0,0.56678367,1,7,convnext_256
6a2cd2ec-e5d0-4339-8c7b-57ab4798d3eb.jpg,1,1,data/images/6a2cd2ec-e5d0-4339-8c7b-57ab4798d3eb.jpg,True,1,0.94744396,1,8,convnext_256
15010d7d-cc3c-4ec1-94a1-7a05957b1648.jpg,0,0,data/images/15010d7d-cc3c-4ec1-94a1-7a05957b1648.jpg,True,4,0.030698555,0,7,convnext_256
fc0057fd-a417-403e-ae18-1fff860699f0.jpg,1,1,data/images/fc0057fd-a417-403e-ae18-1fff860699f0.jpg,True,3,0.3940972,0,7,convnext_256
66f7bc14-241b-4fa9-ae5d-34a5fa5e4298.jpg,0,0,data/images/66f7bc14-241b-4fa9-ae5d-34a5fa5e4298.jpg,True,2,0.035420045,0,8,convnext_256
228a92b6-9152-48a2-928e-cde1a2d6e9fb.jpg,0,0,data/images/228a92b6-9152-48a2-928e-cde1a2d6e9fb.jpg,True,3,0.024496343,0,7,convnext_256
b33f6caf-67b6-46a4-8d7a-f5d184964d32.jpg,0,0,data/images/b33f6caf-67b6-46a4-8d7a-f5d184964d32.jpg,True,1,0.016171776,0,8,convnext_256
ba44d3f6-7b70-4d80-af7e-871efbf258a1.jpg,0,0,data/images/ba44d3f6-7b70-4d80-af7e-871efbf258a1.jpg,True,2,0.86737496,1,8,convnext_256
c370332b-d65d-486e-8007-699a5f74ed45.jpg,0,0,data/images/c370332b-d65d-486e-8007-699a5f74ed45.jpg,True,4,0.013440907,0,7,convnext_256
aa132fdb-cd60-4936-9044-fc26f21412d8.jpg,1,1,data/images/aa132fdb-cd60-4936-9044-fc26f21412d8.jpg,True,0,0.8163539,1,7,convnext_256
60a38fa6-7220-47ca-97a7-ceacd81a3169.jpg,1,1,data/images/60a38fa6-7220-47ca-97a7-ceacd81a3169.jpg,True,1,0.9853895,1,8,convnext_256
a01c7460-29f9-40ba-9a27-66bd61306fa8.jpg,1,1,data/images/a01c7460-29f9-40ba-9a27-66bd61306fa8.jpg,True,3,0.9728655,1,7,convnext_256
4e5bc9a4-316e-4785-a9a2-ef54ac85cfb7.jpg,0,0,data/images/4e5bc9a4-316e-4785-a9a2-ef54ac85cfb7.jpg,True,4,0.9420545,1,7,convnext_256
02b2e6ed-d9c6-4e99-82e4-fe9aa338c9c2.jpg,0,0,data/images/02b2e6ed-d9c6-4e99-82e4-fe9aa338c9c2.jpg,True,0,0.10315173,0,7,convnext_256
48f69519-35e8-4623-810f-19e9c88deb18.jpg,0,0,data/images/48f69519-35e8-4623-810f-19e9c88deb18.jpg,True,2,0.023334831,0,8,convnext_256
e36c6aab-13ad-479f-b333-e75b3fb4aded.jpg,1,1,data/images/e36c6aab-13ad-479f-b333-e75b3fb4aded.jpg,True,3,0.9817732,1,7,convnext_256
27229ab1-60f2-443d-8332-5fc94d703b8b.jpg,1,1,data/images/27229ab1-60f2-443d-8332-5fc94d703b8b.jpg,True,4,0.72473985,1,7,convnext_256
bd362ad2-e0d9-4046-99db-44f4dfdf590b.jpg,1,1,data/images/bd362ad2-e0d9-4046-99db-44f4dfdf590b.jpg,True,2,0.8086875,1,8,convnext_256
b2723bc7-f038-4259-9860-af097b27eb95.jpg,0,0,data/images/b2723bc7-f038-4259-9860-af097b27eb95.jpg,True,1,0.024972064,0,8,convnext_256
d787978c-ca46-43cc-a99e-ab4ee17cffcf.jpg,0,0,data/images/d787978c-ca46-43cc-a99e-ab4ee17cffcf.jpg,True,0,0.02677618,0,7,convnext_256
7a4c80a7-619e-41f2-a5ad-2231eae33fe8.jpg,0,0,data/images/7a4c80a7-619e-41f2-a5ad-2231eae33fe8.jpg,True,1,0.033681776,0,8,convnext_256
d947af65-3c14-4e55-b358-67b9b2dbb037.jpg,0,0,data/images/d947af65-3c14-4e55-b358-67b9b2dbb037.jpg,True,4,0.025470663,0,7,convnext_256
daae4627-3248-4d24-9811-ad4610acf27f.jpg,1,1,data/images/daae4627-3248-4d24-9811-ad4610acf27f.jpg,True,2,0.98500687,1,8,convnext_256
fdda1fb2-b07a-4b83-9883-a504e2a23207.jpg,0,0,data/images/fdda1fb2-b07a-4b83-9883-a504e2a23207.jpg,True,3,0.07529313,0,7,convnext_256
b19d5a72-7091-4f77-9935-555856d7c914.jpg,0,0,data/images/b19d5a72-7091-4f77-9935-555856d7c914.jpg,True,0,0.033868182,0,7,convnext_256
e67ad0a1-7f1c-43df-b1ab-3c74385e6ba7.jpg,0,0,data/images/e67ad0a1-7f1c-43df-b1ab-3c74385e6ba7.jpg,True,3,0.025629869,0,7,convnext_256
c37217ef-8f42-43f1-b17c-e95fa7593337.jpg,0,0,data/images/c37217ef-8f42-43f1-b17c-e95fa7593337.jpg,True,4,0.016749032,0,7,convnext_256
fbbc528d-d69e-431a-a9bc-0978d101d10e.jpg,0,0,data/images/fbbc528d-d69e-431a-a9bc-0978d101d10e.jpg,True,1,0.057384904,0,8,convnext_256
ae6eda6d-006d-4ce8-a175-276ef6b84bcd.jpg,1,1,data/images/ae6eda6d-006d-4ce8-a175-276ef6b84bcd.jpg,True,2,0.97640866,1,8,convnext_256
566ca24b-4225-4cea-9284-4de8bf19bfee.jpg,1,1,data/images/566ca24b-4225-4cea-9284-4de8bf19bfee.jpg,True,0,0.9786724,1,7,convnext_256
31d9a6cb-9307-4117-bbbd-95155d5938ac.jpg,1,1,data/images/31d9a6cb-9307-4117-bbbd-95155d5938ac.jpg,True,1,0.05951758,0,8,convnext_256
b8dd5504-2e43-4b20-810b-015aeaf92207.jpg,1,1,data/images/b8dd5504-2e43-4b20-810b-015aeaf92207.jpg,True,2,0.9821041,1,8,convnext_256
e2d34af1-94cc-43f3-a315-cf140bdb0de4.jpg,1,1,data/images/e2d34af1-94cc-43f3-a315-cf140bdb0de4.jpg,True,0,0.9822689,1,7,convnext_256
5d5d257c-26d9-46c0-8602-07c7f6b9b264.jpg,0,0,data/images/5d5d257c-26d9-46c0-8602-07c7f6b9b264.jpg,True,3,0.04667374,0,7,convnext_256
72253ea5-52c0-46fb-b68b-4db31f538caa.jpg,0,0,data/images/72253ea5-52c0-46fb-b68b-4db31f538caa.jpg,True,4,0.015655726,0,7,convnext_256
ccde1c96-e530-4d45-97dd-ed37adf8c560.jpg,1,1,data/images/ccde1c96-e530-4d45-97dd-ed37adf8c560.jpg,True,3,0.9751706,1,7,convnext_256
b89dc2be-cd2f-4fb6-8ce1-d37fd8cbd580.jpg,1,1,data/images/b89dc2be-cd2f-4fb6-8ce1-d37fd8cbd580.jpg,True,1,0.9791702,1,8,convnext_256
022a082c-f37c-4d6d-bc7e-e052c6e868ca.jpg,1,1,data/images/022a082c-f37c-4d6d-bc7e-e052c6e868ca.jpg,True,0,0.9870078,1,7,convnext_256
fce62a8f-7c86-44f7-823f-5cde18fdb4aa.jpg,1,1,data/images/fce62a8f-7c86-44f7-823f-5cde18fdb4aa.jpg,True,2,0.9744849,1,8,convnext_256
f146b3c7-6fb9-4973-844f-71c62b477d77.jpg,0,0,data/images/f146b3c7-6fb9-4973-844f-71c62b477d77.jpg,True,4,0.018235298,0,7,convnext_256
987f342c-fc6e-42d6-a3b7-234d12329b8d.jpg,1,1,data/images/987f342c-fc6e-42d6-a3b7-234d12329b8d.jpg,True,3,0.9698257,1,7,convnext_256
c1e9a224-3858-4b99-a1cc-1379c5187d6e.jpg,0,0,data/images/c1e9a224-3858-4b99-a1cc-1379c5187d6e.jpg,True,0,0.025935113,0,7,convnext_256
ab044281-69cf-4821-87ce-74f56c2690df.jpg,0,0,data/images/ab044281-69cf-4821-87ce-74f56c2690df.jpg,True,2,0.012773822,0,8,convnext_256
b5612e40-7c2e-4acc-a7b9-09a263c65463.jpg,0,0,data/images/b5612e40-7c2e-4acc-a7b9-09a263c65463.jpg,True,4,0.02328571,0,7,convnext_256
805378ff-a4e5-4974-94f3-4d20d166d73d.jpg,0,0,data/images/805378ff-a4e5-4974-94f3-4d20d166d73d.jpg,True,1,0.025533637,0,8,convnext_256
05d8ecb5-80f1-42c2-991a-f9e04f42553e.jpg,0,0,data/images/05d8ecb5-80f1-42c2-991a-f9e04f42553e.jpg,True,3,0.75838697,1,7,convnext_256
ad7652a6-e728-4a13-a036-6cf0920163bd.jpg,1,1,data/images/ad7652a6-e728-4a13-a036-6cf0920163bd.jpg,True,4,0.14089057,0,7,convnext_256
05235a71-51fc-4ae2-ae07-db6f278d34d3.jpg,1,1,data/images/05235a71-51fc-4ae2-ae07-db6f278d34d3.jpg,True,1,0.9395719,1,8,convnext_256
ab8a79fc-2363-4286-ab28-6fec85771bf5.jpg,0,0,data/images/ab8a79fc-2363-4286-ab28-6fec85771bf5.jpg,True,0,0.02639913,0,7,convnext_256
727307c2-b203-449e-a5d5-54d0eb159ed2.jpg,1,1,data/images/727307c2-b203-449e-a5d5-54d0eb159ed2.jpg,True,2,0.9522603,1,8,convnext_256
255baed3-ad99-4cc4-8206-8a8b4e62d2ea.jpg,0,0,data/images/255baed3-ad99-4cc4-8206-8a8b4e62d2ea.jpg,True,1,0.9136872,1,8,convnext_256
7c1bb5f6-a913-4a51-ae30-93c124ef1379.jpg,0,0,data/images/7c1bb5f6-a913-4a51-ae30-93c124ef1379.jpg,True,0,0.054736465,0,7,convnext_256
0e0d9599-22c7-47c1-8b62-a1211a6afc67.jpg,1,1,data/images/0e0d9599-22c7-47c1-8b62-a1211a6afc67.jpg,True,3,0.97375137,1,7,convnext_256
edcae207-dc2d-4c97-8227-0cfd1ad8b260.jpg,0,0,data/images/edcae207-dc2d-4c97-8227-0cfd1ad8b260.jpg,True,4,0.07004987,0,7,convnext_256
343e33ed-a1d2-469b-be2c-7a4d6bb657de.jpg,1,1,data/images/343e33ed-a1d2-469b-be2c-7a4d6bb657de.jpg,True,2,0.98312587,1,8,convnext_256
90f1f2e2-5b1e-4800-90bf-a1eb8e5de6b6.jpg,0,0,data/images/90f1f2e2-5b1e-4800-90bf-a1eb8e5de6b6.jpg,True,3,0.57977444,1,7,convnext_256
91d267db-535f-45ba-9cf8-0882e17f619c.jpg,0,0,data/images/91d267db-535f-45ba-9cf8-0882e17f619c.jpg,True,2,0.044702664,0,8,convnext_256
f2713b64-fdd1-4359-9ea8-77d9b9e61b77.jpg,0,0,data/images/f2713b64-fdd1-4359-9ea8-77d9b9e61b77.jpg,True,1,0.019587617,0,8,convnext_256
d81bb4e9-477a-4813-8f2b-3eb315146f53.jpg,0,0,data/images/d81bb4e9-477a-4813-8f2b-3eb315146f53.jpg,True,0,0.015425052,0,7,convnext_256
d86039a7-e136-4123-9ffb-ed8955257695.jpg,0,0,data/images/d86039a7-e136-4123-9ffb-ed8955257695.jpg,True,4,0.96689457,1,7,convnext_256
14cd6f56-c576-4c45-b956-9e8ca2505bb6.jpg,0,0,data/images/14cd6f56-c576-4c45-b956-9e8ca2505bb6.jpg,True,0,0.04381799,0,7,convnext_256
92e3f1a4-629f-4a14-bf49-6fb0844622b9.jpg,0,0,data/images/92e3f1a4-629f-4a14-bf49-6fb0844622b9.jpg,True,3,0.023016702,0,7,convnext_256
77c81186-0115-4e2e-b782-cba7680ef609.jpg,1,1,data/images/77c81186-0115-4e2e-b782-cba7680ef609.jpg,True,1,0.9725687,1,8,convnext_256
0cbf5c6d-bacb-4561-9a26-d98a3458bb77.jpg,1,1,data/images/0cbf5c6d-bacb-4561-9a26-d98a3458bb77.jpg,True,2,0.9803034,1,8,convnext_256
a6efafe8-8216-4746-9f4e-86955dc6b69d.jpg,0,0,data/images/a6efafe8-8216-4746-9f4e-86955dc6b69d.jpg,True,4,0.051778607,0,7,convnext_256
5a5f349a-1fd4-4fe0-8882-544d21ff3c0b.jpg,1,1,data/images/5a5f349a-1fd4-4fe0-8882-544d21ff3c0b.jpg,True,4,0.9782031,1,7,convnext_256
c4435160-9883-4d00-816b-43881e88d9cc.jpg,0,0,data/images/c4435160-9883-4d00-816b-43881e88d9cc.jpg,True,3,0.022730654,0,7,convnext_256
580245f1-1e56-4c76-a31d-1838423b21fe.jpg,0,0,data/images/580245f1-1e56-4c76-a31d-1838423b21fe.jpg,True,0,0.018884707,0,7,convnext_256
4cae4d38-0b53-404e-bf59-d5131dd78d1e.jpg,1,1,data/images/4cae4d38-0b53-404e-bf59-d5131dd78d1e.jpg,True,2,0.9794759,1,8,convnext_256
436bdc08-8a71-41e8-9f93-870d49e26f8c.jpg,0,0,data/images/436bdc08-8a71-41e8-9f93-870d49e26f8c.jpg,True,1,0.05140054,0,8,convnext_256
ba90b143-429f-4f06-acb1-53027bbc4358.jpg,1,1,data/images/ba90b143-429f-4f06-acb1-53027bbc4358.jpg,True,0,0.97852796,1,7,convnext_256
4bda0f0a-7ff9-4de2-959d-6a412ac1b65c.jpg,0,0,data/images/4bda0f0a-7ff9-4de2-959d-6a412ac1b65c.jpg,True,4,0.08120748,0,7,convnext_256
47676892-c213-46dd-8d45-3e8636a7a33c.jpg,0,0,data/images/47676892-c213-46dd-8d45-3e8636a7a33c.jpg,True,2,0.16402417,0,8,convnext_256
8e89395a-40d4-428a-9675-510e64b84708.jpg,0,0,data/images/8e89395a-40d4-428a-9675-510e64b84708.jpg,True,1,0.029735403,0,8,convnext_256
aae3c37b-2417-4b52-954f-c9889f8c46ed.jpg,1,1,data/images/aae3c37b-2417-4b52-954f-c9889f8c46ed.jpg,True,3,0.9768287,1,7,convnext_256
20dcdc2f-a866-4981-9394-c8f9a1ffab0b.jpg,1,1,data/images/20dcdc2f-a866-4981-9394-c8f9a1ffab0b.jpg,True,2,0.9497008,1,8,convnext_256
0c578d4e-893e-4050-9441-03c642545de1.jpg,1,1,data/images/0c578d4e-893e-4050-9441-03c642545de1.jpg,True,1,0.88634646,1,8,convnext_256
b2d4ec81-f1bb-48e0-99f0-98498879a84d.jpg,1,1,data/images/b2d4ec81-f1bb-48e0-99f0-98498879a84d.jpg,True,4,0.4951198,0,7,convnext_256
e86815be-5763-41b5-803f-94c3f849e148.jpg,0,0,data/images/e86815be-5763-41b5-803f-94c3f849e148.jpg,True,0,0.031546142,0,7,convnext_256
db439b70-5b21-4c37-a2e2-91af5889205b.jpg,0,0,data/images/db439b70-5b21-4c37-a2e2-91af5889205b.jpg,True,3,0.93857396,1,7,convnext_256
9901d195-43ce-4221-94ae-91aa81d02493.jpg,1,1,data/images/9901d195-43ce-4221-94ae-91aa81d02493.jpg,True,3,0.8089276,1,7,convnext_256
3241bd58-0237-44ac-b77e-aea82a8f86af.jpg,1,1,data/images/3241bd58-0237-44ac-b77e-aea82a8f86af.jpg,True,2,0.9738661,1,8,convnext_256
cfe6a5ba-b246-48e4-8232-2cff1a3deac9.jpg,1,1,data/images/cfe6a5ba-b246-48e4-8232-2cff1a3deac9.jpg,True,0,0.78147477,1,7,convnext_256
b47ac82c-253a-4b94-8102-ad30129411a4.jpg,1,1,data/images/b47ac82c-253a-4b94-8102-ad30129411a4.jpg,True,4,0.9887272,1,7,convnext_256
524e309f-3357-48a5-8d67-6e3385714ed4.jpg,1,1,data/images/524e309f-3357-48a5-8d67-6e3385714ed4.jpg,True,1,0.9775864,1,8,convnext_256
7ed680b8-8428-49a0-b86c-4a148b76ff4e.jpg,1,1,data/images/7ed680b8-8428-49a0-b86c-4a148b76ff4e.jpg,True,2,0.11356879,0,8,convnext_256
85892144-4afa-4ade-aca7-0cecb973b5c8.jpg,0,0,data/images/85892144-4afa-4ade-aca7-0cecb973b5c8.jpg,True,0,0.77091414,1,7,convnext_256
9fd5347a-ddb1-4481-acc1-f37e874670e5.jpg,1,1,data/images/9fd5347a-ddb1-4481-acc1-f37e874670e5.jpg,True,4,0.9762998,1,7,convnext_256
2fe50242-57f1-4169-aeb3-918338b4411e.jpg,1,1,data/images/2fe50242-57f1-4169-aeb3-918338b4411e.jpg,True,3,0.9857588,1,7,convnext_256
3f030815-0bdd-45f5-8ca3-e9d2462e85d4.jpg,1,1,data/images/3f030815-0bdd-45f5-8ca3-e9d2462e85d4.jpg,True,1,0.05854761,0,8,convnext_256
594ce897-e18b-4ff1-8d3b-e48fb114a84e.jpg,0,0,data/images/594ce897-e18b-4ff1-8d3b-e48fb114a84e.jpg,True,1,0.037870094,0,8,convnext_256
afa9e4f8-72a1-48e2-bc00-aa3f643ee719.jpg,0,0,data/images/afa9e4f8-72a1-48e2-bc00-aa3f643ee719.jpg,True,3,0.041743223,0,7,convnext_256
878819c6-f104-46e9-bceb-7bcb905cb3ca.jpg,1,1,data/images/878819c6-f104-46e9-bceb-7bcb905cb3ca.jpg,True,2,0.9555464,1,8,convnext_256
b13cfefe-1c9a-4de3-9a6a-ed59de932f60.jpg,1,1,data/images/b13cfefe-1c9a-4de3-9a6a-ed59de932f60.jpg,True,0,0.97085315,1,7,convnext_256
97cf3b3b-80f7-4b3a-b29d-fe0d613d2f74.jpg,1,1,data/images/97cf3b3b-80f7-4b3a-b29d-fe0d613d2f74.jpg,True,4,0.97802234,1,7,convnext_256
7c8efca1-d971-4c56-b3b8-51246792da92.jpg,0,0,data/images/7c8efca1-d971-4c56-b3b8-51246792da92.jpg,True,3,0.019343702,0,7,convnext_256
5325464d-ad87-49d3-89b9-a4a102d4a707.jpg,1,1,data/images/5325464d-ad87-49d3-89b9-a4a102d4a707.jpg,True,1,0.97120494,1,8,convnext_256
5e3e23f6-8edd-41d5-8a77-cf3169444148.jpg,0,0,data/images/5e3e23f6-8edd-41d5-8a77-cf3169444148.jpg,True,4,0.27278277,0,7,convnext_256
d7d3c16a-ead8-488f-8f05-2923efd7c869.jpg,0,0,data/images/d7d3c16a-ead8-488f-8f05-2923efd7c869.jpg,True,0,0.12006077,0,7,convnext_256
7f5437cd-592d-4e4c-99b9-fbf71704b798.jpg,0,0,data/images/7f5437cd-592d-4e4c-99b9-fbf71704b798.jpg,True,2,0.085095294,0,8,convnext_256
ab01a36b-d343-4236-ab38-27583a22d9b7.jpg,0,0,data/images/ab01a36b-d343-4236-ab38-27583a22d9b7.jpg,True,4,0.029784631,0,7,convnext_256
cf118353-2f59-440b-9268-b3d9b2ff04f0.jpg,0,0,data/images/cf118353-2f59-440b-9268-b3d9b2ff04f0.jpg,True,0,0.43865633,0,7,convnext_256
018fc466-1c3e-4c23-a227-c58b529c418a.jpg,1,1,data/images/018fc466-1c3e-4c23-a227-c58b529c418a.jpg,True,1,0.2063064,0,8,convnext_256
bf3a8059-20d8-4735-b8a1-39b974141d82.jpg,0,0,data/images/bf3a8059-20d8-4735-b8a1-39b974141d82.jpg,True,3,0.022413837,0,7,convnext_256
1c191983-fc01-4a75-ae73-d91581557dca.jpg,1,1,data/images/1c191983-fc01-4a75-ae73-d91581557dca.jpg,True,2,0.98685676,1,8,convnext_256
beeef7bd-9927-4c8b-bf98-8e032d6ef91d.jpg,0,0,data/images/beeef7bd-9927-4c8b-bf98-8e032d6ef91d.jpg,True,2,0.90519494,1,8,convnext_256
5d4765e2-7b92-4689-b56e-5524ef6dad6c.jpg,0,0,data/images/5d4765e2-7b92-4689-b56e-5524ef6dad6c.jpg,True,0,0.033438995,0,7,convnext_256
0023fb84-baee-4ae7-b63b-fe4b67afff15.jpg,0,0,data/images/0023fb84-baee-4ae7-b63b-fe4b67afff15.jpg,True,1,0.10082068,0,8,convnext_256
6d6c05b7-6cc3-4899-945e-10919f5589df.jpg,1,1,data/images/6d6c05b7-6cc3-4899-945e-10919f5589df.jpg,True,3,0.97347283,1,7,convnext_256
26c7f0bd-4027-4284-9b34-76c6e4c7340e.jpg,0,0,data/images/26c7f0bd-4027-4284-9b34-76c6e4c7340e.jpg,True,4,0.039314345,0,7,convnext_256
dd674d0f-85d6-4139-9f09-6dc418b57798.jpg,1,1,data/images/dd674d0f-85d6-4139-9f09-6dc418b57798.jpg,True,0,0.9603268,1,7,convnext_256
f4665bc7-c947-42bb-86fe-171795e4a307.jpg,0,0,data/images/f4665bc7-c947-42bb-86fe-171795e4a307.jpg,True,3,0.15410978,0,7,convnext_256
2d4ae2f6-b4de-4fa4-b09e-aae70f7fc6b8.jpg,0,0,data/images/2d4ae2f6-b4de-4fa4-b09e-aae70f7fc6b8.jpg,True,4,0.8618855,1,7,convnext_256
5faf9058-16b8-4383-99f8-660c4fe1c637.jpg,0,0,data/images/5faf9058-16b8-4383-99f8-660c4fe1c637.jpg,True,1,0.037113484,0,8,convnext_256
082cd980-284e-41dc-96e0-9c09cbfc880d.jpg,1,1,data/images/082cd980-284e-41dc-96e0-9c09cbfc880d.jpg,True,2,0.9791094,1,8,convnext_256
3747dcc7-7030-4b02-8bfb-f450b45ca06b.jpg,0,0,data/images/3747dcc7-7030-4b02-8bfb-f450b45ca06b.jpg,True,4,0.026799923,0,7,convnext_256
b2d695d7-19b6-4022-84e9-9dde0bae0f94.jpg,0,0,data/images/b2d695d7-19b6-4022-84e9-9dde0bae0f94.jpg,True,3,0.12215486,0,7,convnext_256
8eeed107-f89c-4bfc-a30a-df196b211e2d.jpg,0,0,data/images/8eeed107-f89c-4bfc-a30a-df196b211e2d.jpg,True,0,0.050125904,0,7,convnext_256
6b06510e-a9cc-46d4-9a65-f085f2c9d580.jpg,0,0,data/images/6b06510e-a9cc-46d4-9a65-f085f2c9d580.jpg,True,2,0.021374093,0,8,convnext_256
6e02e0ce-783d-4405-8902-bf05aeeb605f.jpg,0,0,data/images/6e02e0ce-783d-4405-8902-bf05aeeb605f.jpg,True,1,0.017355468,0,8,convnext_256
45d83f45-c045-48bc-81f5-a3bfc21f9ac1.jpg,1,1,data/images/45d83f45-c045-48bc-81f5-a3bfc21f9ac1.jpg,True,4,0.98493004,1,7,convnext_256
11d3625c-22d3-44fc-a58d-3f5ff98709a6.jpg,0,0,data/images/11d3625c-22d3-44fc-a58d-3f5ff98709a6.jpg,True,2,0.08411126,0,8,convnext_256
cc972846-455d-463a-9aae-90974c06d784.jpg,1,1,data/images/cc972846-455d-463a-9aae-90974c06d784.jpg,True,0,0.85016346,1,7,convnext_256
93b89d86-5775-4b5a-9616-e16915e3081d.jpg,0,0,data/images/93b89d86-5775-4b5a-9616-e16915e3081d.jpg,True,1,0.79063237,1,8,convnext_256
01ce133a-e6f0-455e-9991-dee5f710d50b.jpg,1,1,data/images/01ce133a-e6f0-455e-9991-dee5f710d50b.jpg,True,3,0.970146,1,7,convnext_256
eebf87e8-20a8-4cd9-b00f-5d3b348d8b89.jpg,0,0,data/images/eebf87e8-20a8-4cd9-b00f-5d3b348d8b89.jpg,True,3,0.0364069,0,7,convnext_256
1d7108b0-3720-4ae4-8393-d21ac26bff55.jpg,1,1,data/images/1d7108b0-3720-4ae4-8393-d21ac26bff55.jpg,True,0,0.9845205,1,7,convnext_256
7a41ad39-1bbb-4e7d-895b-6f4728f06b53.jpg,0,0,data/images/7a41ad39-1bbb-4e7d-895b-6f4728f06b53.jpg,True,2,0.0151110375,0,8,convnext_256
a4d8aae7-a695-47e6-99f5-c38091d27cac.jpg,1,1,data/images/a4d8aae7-a695-47e6-99f5-c38091d27cac.jpg,True,1,0.9711681,1,8,convnext_256
4e2b5786-fc63-4482-8a94-b3fcfb0f3990.jpg,0,0,data/images/4e2b5786-fc63-4482-8a94-b3fcfb0f3990.jpg,True,4,0.017703516,0,7,convnext_256
351f3d7d-3393-47ba-862b-b0ec1f9d7b02.jpg,1,1,data/images/351f3d7d-3393-47ba-862b-b0ec1f9d7b02.jpg,True,3,0.98008084,1,7,convnext_256
2c170199-b653-49ef-8f67-31237b21f080.jpg,0,0,data/images/2c170199-b653-49ef-8f67-31237b21f080.jpg,True,4,0.023468764,0,7,convnext_256
7892dcfa-f4e0-4f44-824c-81498233b406.jpg,1,1,data/images/7892dcfa-f4e0-4f44-824c-81498233b406.jpg,True,2,0.057024997,0,8,convnext_256
69d5b35d-71e4-44ba-996f-87c0ebf62e58.jpg,0,0,data/images/69d5b35d-71e4-44ba-996f-87c0ebf62e58.jpg,True,1,0.028292704,0,8,convnext_256
ba56ab37-df8d-43d8-8287-28a6825f36b5.jpg,0,0,data/images/ba56ab37-df8d-43d8-8287-28a6825f36b5.jpg,True,0,0.23157649,0,7,convnext_256
0e96e304-9483-4ea3-bc33-7d046801c1ad.jpg,0,0,data/images/0e96e304-9483-4ea3-bc33-7d046801c1ad.jpg,True,0,0.01347266,0,7,convnext_256
d1cb89e5-521b-45fc-8868-ab57c02d3aa3.jpg,1,1,data/images/d1cb89e5-521b-45fc-8868-ab57c02d3aa3.jpg,True,4,0.0289689,0,7,convnext_256
df51bca9-4e5c-4509-aff7-76b499049358.jpg,0,0,data/images/df51bca9-4e5c-4509-aff7-76b499049358.jpg,True,2,0.013653028,0,8,convnext_256
45767dd4-4f1d-4011-ba73-097b75df7991.jpg,0,0,data/images/45767dd4-4f1d-4011-ba73-097b75df7991.jpg,True,1,0.016022397,0,8,convnext_256
4781993b-aeb0-4994-bd0a-be7fa2c303fd.jpg,0,0,data/images/4781993b-aeb0-4994-bd0a-be7fa2c303fd.jpg,True,3,0.014699856,0,7,convnext_256
3c09f1d6-9edd-4e9e-b1c2-9b9e2bb2f3d2.jpg,0,0,data/images/3c09f1d6-9edd-4e9e-b1c2-9b9e2bb2f3d2.jpg,True,3,0.9095667,1,7,convnext_256
fb908017-cecb-41a7-9658-033ef01fe280.jpg,1,1,data/images/fb908017-cecb-41a7-9658-033ef01fe280.jpg,True,4,0.98539937,1,7,convnext_256
ea67ff96-b9a8-4956-b737-8f9d5644721f.jpg,1,1,data/images/ea67ff96-b9a8-4956-b737-8f9d5644721f.jpg,True,0,0.93447083,1,7,convnext_256
e8808e66-455d-4b91-a5bc-a8e08ac3f8fe.jpg,1,1,data/images/e8808e66-455d-4b91-a5bc-a8e08ac3f8fe.jpg,True,1,0.9387031,1,8,convnext_256
4cf1d6a5-8639-42df-9403-03b371fcd138.jpg,1,1,data/images/4cf1d6a5-8639-42df-9403-03b371fcd138.jpg,True,2,0.96939397,1,8,convnext_256
eb06f4cb-3880-4669-b8cb-f3080cf3ed3f.jpg,1,1,data/images/eb06f4cb-3880-4669-b8cb-f3080cf3ed3f.jpg,True,4,0.9822397,1,7,convnext_256
601c6532-7231-49e8-a4fe-3e06b4b85b84.jpg,1,1,data/images/601c6532-7231-49e8-a4fe-3e06b4b85b84.jpg,True,0,0.9799581,1,7,convnext_256
0b9c1e08-d55c-48d3-99b3-d1ef4e3573d6.jpg,1,1,data/images/0b9c1e08-d55c-48d3-99b3-d1ef4e3573d6.jpg,True,2,0.8743672,1,8,convnext_256
168b4694-2fb2-4c63-9bc5-4af404f5a33a.jpg,0,0,data/images/168b4694-2fb2-4c63-9bc5-4af404f5a33a.jpg,True,1,0.22393066,0,8,convnext_256
6555923c-b8bf-455d-8920-e6ae837ca2dd.jpg,0,0,data/images/6555923c-b8bf-455d-8920-e6ae837ca2dd.jpg,True,3,0.37466273,0,7,convnext_256
d617cdc4-3b3f-45eb-9478-b45546486035.jpg,1,1,data/images/d617cdc4-3b3f-45eb-9478-b45546486035.jpg,True,2,0.9545302,1,8,convnext_256
2f6c2882-3d4d-4873-804b-a6705cd27ae0.jpg,0,0,data/images/2f6c2882-3d4d-4873-804b-a6705cd27ae0.jpg,True,1,0.03415208,0,8,convnext_256
a2ae3b67-a2f3-4fa3-9c59-9c4599f24833.jpg,0,0,data/images/a2ae3b67-a2f3-4fa3-9c59-9c4599f24833.jpg,True,0,0.019477347,0,7,convnext_256
85422da8-9876-43ff-874c-fef57dcc54b7.jpg,0,0,data/images/85422da8-9876-43ff-874c-fef57dcc54b7.jpg,True,3,0.9541517,1,7,convnext_256
6fab79e6-1966-4760-af70-717e28938315.jpg,0,0,data/images/6fab79e6-1966-4760-af70-717e28938315.jpg,True,4,0.013408685,0,7,convnext_256
14be87ee-3587-4ae3-95cc-f8e9a65c5cc6.jpg,0,0,data/images/14be87ee-3587-4ae3-95cc-f8e9a65c5cc6.jpg,True,4,0.0184881,0,7,convnext_256
58cbe3f3-b2b1-4c21-95ba-ba3f58dc0459.jpg,1,1,data/images/58cbe3f3-b2b1-4c21-95ba-ba3f58dc0459.jpg,True,0,0.98000175,1,7,convnext_256
a0696850-0b42-4519-93a3-130e5a924716.jpg,0,0,data/images/a0696850-0b42-4519-93a3-130e5a924716.jpg,True,1,0.18501072,0,8,convnext_256
84fd11fe-24d9-4e88-9aa0-70093311476e.jpg,0,0,data/images/84fd11fe-24d9-4e88-9aa0-70093311476e.jpg,True,3,0.03646159,0,7,convnext_256
c5f91aff-9f60-483d-be47-1ce1fdc6d419.jpg,1,1,data/images/c5f91aff-9f60-483d-be47-1ce1fdc6d419.jpg,True,2,0.9618159,1,8,convnext_256
88719913-4509-4c55-8d5c-321fff6d5559.jpg,0,0,data/images/88719913-4509-4c55-8d5c-321fff6d5559.jpg,True,1,0.18947993,0,8,convnext_256
61444089-80ad-420d-bcf4-f84ae6b430e8.jpg,0,0,data/images/61444089-80ad-420d-bcf4-f84ae6b430e8.jpg,True,3,0.018776663,0,7,convnext_256
3ef3c3d7-f8ab-4626-b1d4-729044210dfb.jpg,1,1,data/images/3ef3c3d7-f8ab-4626-b1d4-729044210dfb.jpg,True,4,0.07250597,0,7,convnext_256
40ed10a8-358b-4986-aca4-4dca1a8cc587.jpg,0,0,data/images/40ed10a8-358b-4986-aca4-4dca1a8cc587.jpg,True,2,0.023535145,0,8,convnext_256
aa4d0b6b-d068-4df2-b7e0-f6e5d29c5b8b.jpg,0,0,data/images/aa4d0b6b-d068-4df2-b7e0-f6e5d29c5b8b.jpg,True,0,0.022912286,0,7,convnext_256
86c1cfbb-ac5b-4687-9d7e-764ee32058bf.jpg,1,1,data/images/86c1cfbb-ac5b-4687-9d7e-764ee32058bf.jpg,True,0,0.9756395,1,7,convnext_256
511ba0e7-09be-48f0-8cc6-6e2bd73a8cdd.jpg,0,0,data/images/511ba0e7-09be-48f0-8cc6-6e2bd73a8cdd.jpg,True,3,0.025157025,0,7,convnext_256
4fddefbc-671b-4b3d-92a0-bbd23694a804.jpg,0,0,data/images/4fddefbc-671b-4b3d-92a0-bbd23694a804.jpg,True,4,0.019672515,0,7,convnext_256
4d72fc10-c00c-4f90-80c2-873eb5fe520c.jpg,0,0,data/images/4d72fc10-c00c-4f90-80c2-873eb5fe520c.jpg,True,2,0.07673434,0,8,convnext_256
2c63d038-bb57-466a-87c5-05fe94f80d1c.jpg,1,1,data/images/2c63d038-bb57-466a-87c5-05fe94f80d1c.jpg,True,1,0.976065,1,8,convnext_256
59ec99e9-a05a-4824-8e81-52d4e18bcec2.jpg,0,0,data/images/59ec99e9-a05a-4824-8e81-52d4e18bcec2.jpg,True,0,0.65865666,1,7,convnext_256
4f499ded-95a1-41f0-94c9-1f498b435a81.jpg,0,0,data/images/4f499ded-95a1-41f0-94c9-1f498b435a81.jpg,True,3,0.038225353,0,7,convnext_256
5adb9398-528a-4f1e-8fcc-c4ec86686f95.jpg,0,0,data/images/5adb9398-528a-4f1e-8fcc-c4ec86686f95.jpg,True,4,0.95859057,1,7,convnext_256
8544a71f-f76e-4d30-8bff-8525670914fe.jpg,0,0,data/images/8544a71f-f76e-4d30-8bff-8525670914fe.jpg,True,1,0.029075759,0,8,convnext_256
07c42d67-2d7b-475d-a91e-dc93fe665b58.jpg,1,1,data/images/07c42d67-2d7b-475d-a91e-dc93fe665b58.jpg,True,2,0.9781043,1,8,convnext_256
159feb19-1152-4e49-a3ee-03310ba54a14.jpg,1,1,data/images/159feb19-1152-4e49-a3ee-03310ba54a14.jpg,True,1,0.96849245,1,8,convnext_256
92f70597-574f-4c31-9e8c-b219685e18f7.jpg,0,0,data/images/92f70597-574f-4c31-9e8c-b219685e18f7.jpg,True,0,0.2190175,0,7,convnext_256
42b5b288-fa0a-46fc-942e-e73caa34088d.jpg,0,0,data/images/42b5b288-fa0a-46fc-942e-e73caa34088d.jpg,True,3,0.023204831,0,7,convnext_256
041316fd-bc56-4e7c-97a4-c977f855864e.jpg,0,0,data/images/041316fd-bc56-4e7c-97a4-c977f855864e.jpg,True,4,0.038414218,0,7,convnext_256
0126b3d6-7319-474e-83fd-5fbacf8c0aaa.jpg,0,0,data/images/0126b3d6-7319-474e-83fd-5fbacf8c0aaa.jpg,True,2,0.025050197,0,8,convnext_256
ff365183-848b-4b2a-90f9-03d2ea2d3eb5.jpg,0,0,data/images/ff365183-848b-4b2a-90f9-03d2ea2d3eb5.jpg,True,1,0.8893064,1,8,convnext_256
19854089-118c-49a5-bc58-67e6df1fbbc1.jpg,1,1,data/images/19854089-118c-49a5-bc58-67e6df1fbbc1.jpg,True,4,0.97402656,1,7,convnext_256
a9675541-cc56-49a4-8430-60db82888b15.jpg,0,0,data/images/a9675541-cc56-49a4-8430-60db82888b15.jpg,True,3,0.012086895,0,7,convnext_256
eb442ec1-b697-4887-b790-921c1cc53ae6.jpg,1,1,data/images/eb442ec1-b697-4887-b790-921c1cc53ae6.jpg,True,2,0.75433826,1,8,convnext_256
18a7d0f1-74c1-453e-a24e-3832f292ed7b.jpg,0,0,data/images/18a7d0f1-74c1-453e-a24e-3832f292ed7b.jpg,True,0,0.02982828,0,7,convnext_256
104e4760-f9cc-4898-bcba-429c4ebbeff6.jpg,0,0,data/images/104e4760-f9cc-4898-bcba-429c4ebbeff6.jpg,True,0,0.017592212,0,7,convnext_256
a016fa53-cb71-41a4-8046-60217a05f33d.jpg,0,0,data/images/a016fa53-cb71-41a4-8046-60217a05f33d.jpg,True,1,0.05369682,0,8,convnext_256
adfd80ef-a0fc-4d9d-b48a-fae1a8ee354d.jpg,0,0,data/images/adfd80ef-a0fc-4d9d-b48a-fae1a8ee354d.jpg,True,2,0.029370693,0,8,convnext_256
9e4ed229-4347-404a-828f-f026698fe5db.jpg,1,1,data/images/9e4ed229-4347-404a-828f-f026698fe5db.jpg,True,4,0.97417665,1,7,convnext_256
a2b13d8d-d30d-4ed8-8fdc-e0764ed21b38.jpg,1,1,data/images/a2b13d8d-d30d-4ed8-8fdc-e0764ed21b38.jpg,True,3,0.92835057,1,7,convnext_256
c534e0b0-ae19-4af7-b943-1a4ca0f52095.jpg,0,0,data/images/c534e0b0-ae19-4af7-b943-1a4ca0f52095.jpg,True,1,0.03154952,0,8,convnext_256
396f96d7-f05e-415d-9107-f2202ebdb62b.jpg,0,0,data/images/396f96d7-f05e-415d-9107-f2202ebdb62b.jpg,True,2,0.049526922,0,8,convnext_256
222b6e4e-e92f-406c-af0f-b0993c2216be.jpg,0,0,data/images/222b6e4e-e92f-406c-af0f-b0993c2216be.jpg,True,3,0.060543463,0,7,convnext_256
45e9ba01-1731-44d1-b1f0-b6ee392c290b.jpg,1,1,data/images/45e9ba01-1731-44d1-b1f0-b6ee392c290b.jpg,True,4,0.9433968,1,7,convnext_256
a43c3e17-052c-473f-a69e-cdf4f009b603.jpg,1,1,data/images/a43c3e17-052c-473f-a69e-cdf4f009b603.jpg,True,0,0.9649357,1,7,convnext_256
712a3e7d-b3c4-4d91-ab64-c26118f8a5b0.jpg,0,0,data/images/712a3e7d-b3c4-4d91-ab64-c26118f8a5b0.jpg,True,2,0.068421215,0,8,convnext_256
0537a4b5-ebf1-463b-9b27-b7583e191f2c.jpg,1,1,data/images/0537a4b5-ebf1-463b-9b27-b7583e191f2c.jpg,True,0,0.98177767,1,7,convnext_256
8ff788a6-7836-49c8-abf1-10c7e95a9bec.jpg,1,1,data/images/8ff788a6-7836-49c8-abf1-10c7e95a9bec.jpg,True,1,0.89291054,1,8,convnext_256
d017d369-c45e-48a4-b5f5-d4f82c0ade8b.jpg,0,0,data/images/d017d369-c45e-48a4-b5f5-d4f82c0ade8b.jpg,True,3,0.05945902,0,7,convnext_256
0013a9a6-a0f7-4ecb-9165-3bf63ea66e6f.jpg,0,0,data/images/0013a9a6-a0f7-4ecb-9165-3bf63ea66e6f.jpg,True,4,0.023547513,0,7,convnext_256
827c2842-f013-4d69-b9fb-e4e4829cfa1c.jpg,1,1,data/images/827c2842-f013-4d69-b9fb-e4e4829cfa1c.jpg,True,1,0.97186905,1,8,convnext_256
2562300f-d637-4dfe-955a-960dc731e01c.jpg,1,1,data/images/2562300f-d637-4dfe-955a-960dc731e01c.jpg,True,4,0.97269803,1,7,convnext_256
20aa3e51-f4a4-490e-860c-51f1ecfda156.jpg,1,1,data/images/20aa3e51-f4a4-490e-860c-51f1ecfda156.jpg,True,3,0.94299835,1,7,convnext_256
969059e2-88cd-48bc-a4f5-563751aa615d.jpg,0,0,data/images/969059e2-88cd-48bc-a4f5-563751aa615d.jpg,True,2,0.018932931,0,8,convnext_256
af43ec63-80bc-4b5f-9389-faff7d2e317d.jpg,0,0,data/images/af43ec63-80bc-4b5f-9389-faff7d2e317d.jpg,True,0,0.019937905,0,7,convnext_256
a6354108-dc14-4c61-9835-3034edbc985c.jpg,1,1,data/images/a6354108-dc14-4c61-9835-3034edbc985c.jpg,True,1,0.9798908,1,8,convnext_256
7a9ad7f4-8fc8-417d-bdff-17fe6fd57aed.jpg,1,1,data/images/7a9ad7f4-8fc8-417d-bdff-17fe6fd57aed.jpg,True,2,0.9774965,1,8,convnext_256
a3db3a1e-02b6-4912-bf9b-16460f73a024.jpg,0,0,data/images/a3db3a1e-02b6-4912-bf9b-16460f73a024.jpg,True,4,0.02775723,0,7,convnext_256
a0fa343e-0f21-4c2b-8083-abebd8aab322.jpg,1,1,data/images/a0fa343e-0f21-4c2b-8083-abebd8aab322.jpg,True,3,0.931714,1,7,convnext_256
ad46be48-e819-4512-828e-de02e0f7051b.jpg,0,0,data/images/ad46be48-e819-4512-828e-de02e0f7051b.jpg,True,0,0.35563013,0,7,convnext_256
bfaf780e-3635-4547-b3bd-b39243275c99.jpg,1,1,data/images/bfaf780e-3635-4547-b3bd-b39243275c99.jpg,True,4,0.9673208,1,7,convnext_256
549c86ee-b694-4206-93bc-d2f0b189f429.jpg,1,1,data/images/549c86ee-b694-4206-93bc-d2f0b189f429.jpg,True,3,0.97521746,1,7,convnext_256
1636bc73-6a4a-4f0a-970c-ae220aaa10fa.jpg,0,0,data/images/1636bc73-6a4a-4f0a-970c-ae220aaa10fa.jpg,True,0,0.016815674,0,7,convnext_256
abbade29-c54f-41fe-a8f8-2500a8820358.jpg,1,1,data/images/abbade29-c54f-41fe-a8f8-2500a8820358.jpg,True,2,0.9756277,1,8,convnext_256
47d4858d-deb5-4254-a239-862999952756.jpg,0,0,data/images/47d4858d-deb5-4254-a239-862999952756.jpg,True,1,0.04347924,0,8,convnext_256
78dea620-a2a4-4644-bcc0-84c6b80e9a97.jpg,1,1,data/images/78dea620-a2a4-4644-bcc0-84c6b80e9a97.jpg,True,0,0.98236614,1,7,convnext_256
c5590f1e-9ceb-4509-9375-f2a0b2e3ea8e.jpg,1,1,data/images/c5590f1e-9ceb-4509-9375-f2a0b2e3ea8e.jpg,True,1,0.9724258,1,8,convnext_256
b2ff5bf7-8526-44c8-a0b8-e41ff891938a.jpg,0,0,data/images/b2ff5bf7-8526-44c8-a0b8-e41ff891938a.jpg,True,4,0.9474145,1,7,convnext_256
32f1985a-2e87-446d-bfbd-639d18510e06.jpg,1,1,data/images/32f1985a-2e87-446d-bfbd-639d18510e06.jpg,True,3,0.97813135,1,7,convnext_256
4ba3cf16-c775-4e00-9d61-c70ec6ae552b.jpg,0,0,data/images/4ba3cf16-c775-4e00-9d61-c70ec6ae552b.jpg,True,2,0.04651303,0,8,convnext_256
67cd8ad9-8640-4a18-9e7d-a79afaf48e68.jpg,1,1,data/images/67cd8ad9-8640-4a18-9e7d-a79afaf48e68.jpg,True,1,0.9697016,1,8,convnext_256
bfbd6153-4d04-461f-9c1a-fd937068713e.jpg,1,1,data/images/bfbd6153-4d04-461f-9c1a-fd937068713e.jpg,True,4,0.86206365,1,7,convnext_256
9152d485-661c-49bb-83ad-618fea90da8c.jpg,0,0,data/images/9152d485-661c-49bb-83ad-618fea90da8c.jpg,True,3,0.034064773,0,7,convnext_256
81e650b4-2f0f-4fcc-99bf-754b21800441.jpg,0,0,data/images/81e650b4-2f0f-4fcc-99bf-754b21800441.jpg,True,0,0.0280932,0,7,convnext_256
a7d9d36f-cbd9-486a-9b35-1e2d3f43c557.jpg,0,0,data/images/a7d9d36f-cbd9-486a-9b35-1e2d3f43c557.jpg,True,2,0.42634767,0,8,convnext_256
82850c87-1fd8-46ad-9b1e-d8c7f33a5207.jpg,1,1,data/images/82850c87-1fd8-46ad-9b1e-d8c7f33a5207.jpg,True,2,0.019819114,0,8,convnext_256
34ca3a3a-4e7b-474f-906d-bf6ec99a72af.jpg,0,0,data/images/34ca3a3a-4e7b-474f-906d-bf6ec99a72af.jpg,True,1,0.02504203,0,8,convnext_256
c8449d96-ce7c-4d62-95bc-ecc0bf28623b.jpg,0,0,data/images/c8449d96-ce7c-4d62-95bc-ecc0bf28623b.jpg,True,3,0.054753765,0,7,convnext_256
2c17b399-958c-4a9c-abc7-49c176101668.jpg,1,1,data/images/2c17b399-958c-4a9c-abc7-49c176101668.jpg,True,4,0.9099073,1,7,convnext_256
5a08b991-629c-4ee8-bb36-a392d277a0be.jpg,1,1,data/images/5a08b991-629c-4ee8-bb36-a392d277a0be.jpg,True,0,0.57276833,1,7,convnext_256
35d980c5-4f32-4138-987e-44ffd532fc75.jpg,0,0,data/images/35d980c5-4f32-4138-987e-44ffd532fc75.jpg,True,3,0.02612506,0,7,convnext_256
40d40563-1e65-4654-89f3-0fd24e8b8b00.jpg,0,0,data/images/40d40563-1e65-4654-89f3-0fd24e8b8b00.jpg,True,4,0.42195287,0,7,convnext_256
82a42977-9b1c-4432-992f-3b024da0c000.jpg,1,1,data/images/82a42977-9b1c-4432-992f-3b024da0c000.jpg,True,2,0.9741586,1,8,convnext_256
03d2c1e8-9a69-4971-a6c3-46473b78c50c.jpg,0,0,data/images/03d2c1e8-9a69-4971-a6c3-46473b78c50c.jpg,True,0,0.5668207,1,7,convnext_256
c2be9548-667b-49ac-be48-223e1dc833a5.jpg,0,0,data/images/c2be9548-667b-49ac-be48-223e1dc833a5.jpg,True,1,0.061427116,0,8,convnext_256
a13e3c38-b065-4c05-ae21-8ae6ab908d3b.jpg,0,0,data/images/a13e3c38-b065-4c05-ae21-8ae6ab908d3b.jpg,True,3,0.02046335,0,7,convnext_256
d239b7d3-2428-4c97-967e-be2d7f64fe4b.jpg,1,1,data/images/d239b7d3-2428-4c97-967e-be2d7f64fe4b.jpg,True,0,0.80932003,1,7,convnext_256
f6362e7d-40c9-42d1-a152-70a48e76a70a.jpg,0,0,data/images/f6362e7d-40c9-42d1-a152-70a48e76a70a.jpg,True,4,0.11142524,0,7,convnext_256
57e3a9d0-f8b7-4a81-8020-4b1c61fc9b46.jpg,1,1,data/images/57e3a9d0-f8b7-4a81-8020-4b1c61fc9b46.jpg,True,1,0.9296337,1,8,convnext_256
30c5744d-04fa-4a5f-851d-041af7a34386.jpg,0,0,data/images/30c5744d-04fa-4a5f-851d-041af7a34386.jpg,True,2,0.16410717,0,8,convnext_256
39879caf-3642-476d-977f-3f7bac070eeb.jpg,0,0,data/images/39879caf-3642-476d-977f-3f7bac070eeb.jpg,True,3,0.4714168,0,7,convnext_256
5cdbe3b4-bb20-4c34-879f-5f587f861475.jpg,0,0,data/images/5cdbe3b4-bb20-4c34-879f-5f587f861475.jpg,True,4,0.045263126,0,7,convnext_256
c33c7097-8803-4e3b-a87e-2d18f2c88fb5.jpg,1,1,data/images/c33c7097-8803-4e3b-a87e-2d18f2c88fb5.jpg,True,0,0.7204816,1,7,convnext_256
fc9fdb05-5c19-4e60-ade2-263021b8dbd2.jpg,0,0,data/images/fc9fdb05-5c19-4e60-ade2-263021b8dbd2.jpg,True,2,0.03582007,0,8,convnext_256
ebaf6a77-ffd6-42db-92ed-38445a130e2e.jpg,1,1,data/images/ebaf6a77-ffd6-42db-92ed-38445a130e2e.jpg,True,1,0.9794996,1,8,convnext_256
8cb98578-a1fd-480f-a873-bbb899a88758.jpg,1,1,data/images/8cb98578-a1fd-480f-a873-bbb899a88758.jpg,True,3,0.96443605,1,7,convnext_256
4e80c5b5-e7e1-4818-bea7-dd0c428ed335.jpg,1,1,data/images/4e80c5b5-e7e1-4818-bea7-dd0c428ed335.jpg,True,0,0.9573667,1,7,convnext_256
66223d19-32d0-4b2d-b3fc-5deee260e3ef.jpg,0,0,data/images/66223d19-32d0-4b2d-b3fc-5deee260e3ef.jpg,True,1,0.9735902,1,8,convnext_256
05c0d2e9-f1dd-41ca-87ac-a7f32a1553b0.jpg,0,0,data/images/05c0d2e9-f1dd-41ca-87ac-a7f32a1553b0.jpg,True,2,0.9742681,1,8,convnext_256
71c663f8-7f32-42ad-a6ef-83ecc622caae.jpg,0,0,data/images/71c663f8-7f32-42ad-a6ef-83ecc622caae.jpg,True,4,0.012473778,0,7,convnext_256
ebcfcadd-c045-4923-8b08-f899d617f681.jpg,0,0,data/images/ebcfcadd-c045-4923-8b08-f899d617f681.jpg,True,2,0.020789282,0,8,convnext_256
fa59e7d2-6b19-4661-b385-0687a969d83a.jpg,1,1,data/images/fa59e7d2-6b19-4661-b385-0687a969d83a.jpg,True,3,0.97384596,1,7,convnext_256
75b66b47-ff2a-4094-841b-72e2a9a39197.jpg,0,0,data/images/75b66b47-ff2a-4094-841b-72e2a9a39197.jpg,True,0,0.91761684,1,7,convnext_256
f8139596-3a57-4a85-990f-1ea7b3f41862.jpg,1,1,data/images/f8139596-3a57-4a85-990f-1ea7b3f41862.jpg,True,1,0.9776169,1,8,convnext_256
cb01a545-4169-4fc8-8c53-0fd77ebfb2f4.jpg,1,1,data/images/cb01a545-4169-4fc8-8c53-0fd77ebfb2f4.jpg,True,4,0.9809966,1,7,convnext_256
2f547ffe-bd45-425f-89e8-777f38715b06.jpg,0,0,data/images/2f547ffe-bd45-425f-89e8-777f38715b06.jpg,True,0,0.024073914,0,7,convnext_256
5afbb17c-779a-4e8f-b77e-3d5f6d057b91.jpg,0,0,data/images/5afbb17c-779a-4e8f-b77e-3d5f6d057b91.jpg,True,1,0.08723783,0,8,convnext_256
c0b1b813-d618-4799-bc42-4ce0832a0024.jpg,0,0,data/images/c0b1b813-d618-4799-bc42-4ce0832a0024.jpg,True,2,0.21729408,0,8,convnext_256
188de3d2-c186-4f28-9157-c50c405925fe.jpg,0,0,data/images/188de3d2-c186-4f28-9157-c50c405925fe.jpg,True,3,0.019846292,0,7,convnext_256
5854efcf-d292-4c18-8021-a57da6d9adde.jpg,0,0,data/images/5854efcf-d292-4c18-8021-a57da6d9adde.jpg,True,4,0.029425366,0,7,convnext_256
02acd34e-410c-421b-9f28-9bafdaa14776.jpg,0,0,data/images/02acd34e-410c-421b-9f28-9bafdaa14776.jpg,True,0,0.025928868,0,7,convnext_256
21ed2880-c693-4bde-86e6-726827cab280.jpg,0,0,data/images/21ed2880-c693-4bde-86e6-726827cab280.jpg,True,3,0.13796961,0,7,convnext_256
98f6232f-5400-4ae1-be95-8cc8b6162d58.jpg,1,1,data/images/98f6232f-5400-4ae1-be95-8cc8b6162d58.jpg,True,2,0.9773402,1,8,convnext_256
8483cc69-66a4-48ed-8b72-73b37db2e496.jpg,0,0,data/images/8483cc69-66a4-48ed-8b72-73b37db2e496.jpg,True,1,0.061896212,0,8,convnext_256
19a49cc0-b962-4dad-9bbd-3c1e8073f138.jpg,1,1,data/images/19a49cc0-b962-4dad-9bbd-3c1e8073f138.jpg,True,4,0.062396843,0,7,convnext_256
611b8c38-fc7e-4dd4-b08d-3d126e8ddc88.jpg,0,0,data/images/611b8c38-fc7e-4dd4-b08d-3d126e8ddc88.jpg,True,4,0.02189502,0,7,convnext_256
5eb6e4a3-5def-4593-929e-7e1ad0683991.jpg,0,0,data/images/5eb6e4a3-5def-4593-929e-7e1ad0683991.jpg,True,1,0.02347869,0,8,convnext_256
d8fe26a8-33b6-4df1-bd63-2532736f2ced.jpg,1,1,data/images/d8fe26a8-33b6-4df1-bd63-2532736f2ced.jpg,True,2,0.9889291,1,8,convnext_256
8fc8d230-ede4-4804-9b8f-34403b9f789b.jpg,1,1,data/images/8fc8d230-ede4-4804-9b8f-34403b9f789b.jpg,True,0,0.63511175,1,7,convnext_256
84210fb3-4538-42a9-be40-ebecd05d9571.jpg,1,1,data/images/84210fb3-4538-42a9-be40-ebecd05d9571.jpg,True,3,0.9732168,1,7,convnext_256
b9daeab8-06bd-4b09-b77c-9ca9bea961b8.jpg,1,1,data/images/b9daeab8-06bd-4b09-b77c-9ca9bea961b8.jpg,True,1,0.96091133,1,8,convnext_256
50a6140a-5bf4-4843-ab02-04c78bfe49df.jpg,0,0,data/images/50a6140a-5bf4-4843-ab02-04c78bfe49df.jpg,True,2,0.05433497,0,8,convnext_256
f30433cf-412e-4632-bd18-286613707ab2.jpg,1,1,data/images/f30433cf-412e-4632-bd18-286613707ab2.jpg,True,0,0.9684303,1,7,convnext_256
744ce569-8d94-45be-b25a-986e855a541f.jpg,1,1,data/images/744ce569-8d94-45be-b25a-986e855a541f.jpg,True,3,0.9781255,1,7,convnext_256
85743a5a-34c4-4920-a6bb-6d0f9f429b25.jpg,1,1,data/images/85743a5a-34c4-4920-a6bb-6d0f9f429b25.jpg,True,4,0.8100799,1,7,convnext_256
ed4ec4f9-d40f-46fc-8ec2-a1c1446cc36d.jpg,0,0,data/images/ed4ec4f9-d40f-46fc-8ec2-a1c1446cc36d.jpg,True,0,0.011993172,0,7,convnext_256
1150ae7b-64c4-44ad-8062-3245b6715755.jpg,1,1,data/images/1150ae7b-64c4-44ad-8062-3245b6715755.jpg,True,1,0.94534844,1,8,convnext_256
aaa27f63-233e-4d01-992a-44491b9f9bb1.jpg,1,1,data/images/aaa27f63-233e-4d01-992a-44491b9f9bb1.jpg,True,3,0.6829879,1,7,convnext_256
3765aa31-f7c6-4086-8eba-c37e703ca453.jpg,1,1,data/images/3765aa31-f7c6-4086-8eba-c37e703ca453.jpg,True,2,0.9791439,1,8,convnext_256
9a7db30d-c695-4b3f-9786-1bd0519a143d.jpg,0,0,data/images/9a7db30d-c695-4b3f-9786-1bd0519a143d.jpg,True,4,0.96008813,1,7,convnext_256
e6b414b1-ae6c-4c6c-a94b-42bc9414ac9a.jpg,0,0,data/images/e6b414b1-ae6c-4c6c-a94b-42bc9414ac9a.jpg,True,4,0.021768386,0,7,convnext_256
c126eae8-1aa1-4b0f-b800-3244a6125e44.jpg,0,0,data/images/c126eae8-1aa1-4b0f-b800-3244a6125e44.jpg,True,3,0.015959885,0,7,convnext_256
ac3c54aa-77a6-42bd-ab22-94e5009fc60d.jpg,1,1,data/images/ac3c54aa-77a6-42bd-ab22-94e5009fc60d.jpg,True,1,0.97525626,1,8,convnext_256
ccd5cb75-4585-400c-a710-84fd6c3def61.jpg,1,1,data/images/ccd5cb75-4585-400c-a710-84fd6c3def61.jpg,True,0,0.970132,1,7,convnext_256
2cfa1221-3566-4328-a9bd-942fa33f4062.jpg,0,0,data/images/2cfa1221-3566-4328-a9bd-942fa33f4062.jpg,True,2,0.050591506,0,8,convnext_256
1b7ad561-21e5-452a-a15c-5ad2a457891b.jpg,0,0,data/images/1b7ad561-21e5-452a-a15c-5ad2a457891b.jpg,True,2,0.03301367,0,8,convnext_256
2d2c34cf-ee6a-4508-978d-7aa921e29d2f.jpg,1,1,data/images/2d2c34cf-ee6a-4508-978d-7aa921e29d2f.jpg,True,4,0.9700113,1,7,convnext_256
5a54ab35-c910-40d4-8dce-ab432d4bfa68.jpg,0,0,data/images/5a54ab35-c910-40d4-8dce-ab432d4bfa68.jpg,True,1,0.021904947,0,8,convnext_256
ab41f63d-c1dc-4b18-b87d-8dc71493cfab.jpg,0,0,data/images/ab41f63d-c1dc-4b18-b87d-8dc71493cfab.jpg,True,0,0.05066053,0,7,convnext_256
1f34ecd4-2530-46f8-9d6b-9f9e09da4d24.jpg,0,0,data/images/1f34ecd4-2530-46f8-9d6b-9f9e09da4d24.jpg,True,3,0.6256911,1,7,convnext_256
945844b7-7e77-45da-8b6f-395e9d8598ed.jpg,1,1,data/images/945844b7-7e77-45da-8b6f-395e9d8598ed.jpg,True,4,0.93290156,1,7,convnext_256
1088565f-a507-4207-a606-bf98f9982ad5.jpg,0,0,data/images/1088565f-a507-4207-a606-bf98f9982ad5.jpg,True,2,0.031930305,0,8,convnext_256
a74f616d-82cb-45a5-b8c6-32316f52b511.jpg,0,0,data/images/a74f616d-82cb-45a5-b8c6-32316f52b511.jpg,True,1,0.017815536,0,8,convnext_256
69fe2390-92c0-4f81-a799-aceaa983daf1.jpg,1,1,data/images/69fe2390-92c0-4f81-a799-aceaa983daf1.jpg,True,3,0.59960675,1,7,convnext_256
e0acb422-9983-49fb-982a-9630bda5dbf8.jpg,1,1,data/images/e0acb422-9983-49fb-982a-9630bda5dbf8.jpg,True,0,0.984634,1,7,convnext_256
f68668c4-e6a5-4c25-b5c5-4bde6b52f628.jpg,0,0,data/images/f68668c4-e6a5-4c25-b5c5-4bde6b52f628.jpg,True,3,0.022164786,0,7,convnext_256
2871550b-5f54-4e71-9d11-993538aefedc.jpg,1,1,data/images/2871550b-5f54-4e71-9d11-993538aefedc.jpg,True,2,0.98525107,1,8,convnext_256
a298a912-760b-46c6-8663-2f96dab5fc86.jpg,1,1,data/images/a298a912-760b-46c6-8663-2f96dab5fc86.jpg,True,4,0.978689,1,7,convnext_256
d26eeed3-98e4-46ed-a436-4c424ec10bf0.jpg,0,0,data/images/d26eeed3-98e4-46ed-a436-4c424ec10bf0.jpg,True,0,0.018684648,0,7,convnext_256
d6294e4e-dbfd-4c82-8090-c7951fb4963e.jpg,1,1,data/images/d6294e4e-dbfd-4c82-8090-c7951fb4963e.jpg,True,1,0.9741847,1,8,convnext_256
6856fd59-15b4-4da4-a471-d3658767de14.jpg,1,1,data/images/6856fd59-15b4-4da4-a471-d3658767de14.jpg,True,1,0.9736241,1,8,convnext_256
c0379034-ce3b-46f8-8577-4f14b0f3d3ef.jpg,0,0,data/images/c0379034-ce3b-46f8-8577-4f14b0f3d3ef.jpg,True,2,0.04394923,0,8,convnext_256
592a1c9e-b614-4b0d-b1c6-f851d38db856.jpg,1,1,data/images/592a1c9e-b614-4b0d-b1c6-f851d38db856.jpg,True,0,0.9717738,1,7,convnext_256
36080ec7-af84-47d7-a233-0fc021dc4382.jpg,1,1,data/images/36080ec7-af84-47d7-a233-0fc021dc4382.jpg,True,3,0.9710985,1,7,convnext_256
1be8ffeb-6aab-4d13-9474-8b74b4ca8620.jpg,1,1,data/images/1be8ffeb-6aab-4d13-9474-8b74b4ca8620.jpg,True,4,0.10447088,0,7,convnext_256
bda34134-6aa7-4c3e-bc76-a0e1a3e34347.jpg,0,0,data/images/bda34134-6aa7-4c3e-bc76-a0e1a3e34347.jpg,True,4,0.018781008,0,7,convnext_256
c5898641-ec7c-4bdc-bf82-cfa679fd71ab.jpg,0,0,data/images/c5898641-ec7c-4bdc-bf82-cfa679fd71ab.jpg,True,3,0.9432396,1,7,convnext_256
35d110cb-9177-4c5d-bdf4-5eb6b98149a4.jpg,0,0,data/images/35d110cb-9177-4c5d-bdf4-5eb6b98149a4.jpg,True,2,0.020737646,0,8,convnext_256
ca38f013-e41c-475e-b338-bd74acebe25b.jpg,1,1,data/images/ca38f013-e41c-475e-b338-bd74acebe25b.jpg,True,0,0.96878505,1,7,convnext_256
911fa005-0fb2-4913-b201-e5da743e617a.jpg,0,0,data/images/911fa005-0fb2-4913-b201-e5da743e617a.jpg,True,1,0.8264964,1,8,convnext_256
d982ce36-34be-4594-a466-709ae58b9acc.jpg,1,1,data/images/d982ce36-34be-4594-a466-709ae58b9acc.jpg,True,3,0.08077023,0,7,convnext_256
24ae1de0-7f43-4714-bc58-c3939b7519ff.jpg,1,1,data/images/24ae1de0-7f43-4714-bc58-c3939b7519ff.jpg,True,2,0.9632574,1,8,convnext_256
24f1f937-d9ef-4d84-967a-dfd03ee605d2.jpg,0,0,data/images/24f1f937-d9ef-4d84-967a-dfd03ee605d2.jpg,True,4,0.22841837,0,7,convnext_256
ef8f77c8-0cbc-4c69-8ef0-016eae016d93.jpg,0,0,data/images/ef8f77c8-0cbc-4c69-8ef0-016eae016d93.jpg,True,0,0.8952393,1,7,convnext_256
ec5fc960-b1b9-4096-bc63-0924c419c41f.jpg,1,1,data/images/ec5fc960-b1b9-4096-bc63-0924c419c41f.jpg,True,1,0.95046204,1,8,convnext_256
f31a550b-eccb-4d22-b67d-6fed83a61917.jpg,0,0,data/images/f31a550b-eccb-4d22-b67d-6fed83a61917.jpg,True,3,0.12928733,0,7,convnext_256
22af25ca-faf5-4346-a4ae-492682a53354.jpg,1,1,data/images/22af25ca-faf5-4346-a4ae-492682a53354.jpg,True,2,0.9746401,1,8,convnext_256
2a285f4c-92c8-44ec-a195-5ae1a6b6d1a6.jpg,0,0,data/images/2a285f4c-92c8-44ec-a195-5ae1a6b6d1a6.jpg,True,4,0.021213263,0,7,convnext_256
8732ab13-f1b4-4984-9911-d971cdbe9882.jpg,1,1,data/images/8732ab13-f1b4-4984-9911-d971cdbe9882.jpg,True,0,0.39685956,0,7,convnext_256
b9c230d5-4693-44df-ac04-3ad860fd50a5.jpg,1,1,data/images/b9c230d5-4693-44df-ac04-3ad860fd50a5.jpg,True,1,0.920853,1,8,convnext_256
0e10059e-670c-4b46-940c-bc8ff1b6a79c.jpg,1,1,data/images/0e10059e-670c-4b46-940c-bc8ff1b6a79c.jpg,True,1,0.97724736,1,8,convnext_256
748e7ea2-48e7-4371-96a9-b793e00cbe0a.jpg,1,1,data/images/748e7ea2-48e7-4371-96a9-b793e00cbe0a.jpg,True,2,0.9787137,1,8,convnext_256
b45f269c-128a-4dab-87ef-767403161693.jpg,0,0,data/images/b45f269c-128a-4dab-87ef-767403161693.jpg,True,0,0.023713162,0,7,convnext_256
a12d4728-30f5-436e-a73d-a7ff04a48b7d.jpg,1,1,data/images/a12d4728-30f5-436e-a73d-a7ff04a48b7d.jpg,True,3,0.886918,1,7,convnext_256
d6ebf8c3-34e7-46c3-ae48-beddf3a2efda.jpg,0,0,data/images/d6ebf8c3-34e7-46c3-ae48-beddf3a2efda.jpg,True,4,0.02366151,0,7,convnext_256
79cdf9f1-8f42-49a5-8d19-9ccefa723f07.jpg,0,0,data/images/79cdf9f1-8f42-49a5-8d19-9ccefa723f07.jpg,True,1,0.048582993,0,8,convnext_256
c3638304-7b39-4f8d-8571-3ddfaa04a723.jpg,1,1,data/images/c3638304-7b39-4f8d-8571-3ddfaa04a723.jpg,True,2,0.90372425,1,8,convnext_256
40efcccb-6d2f-4499-8109-d57080dfb135.jpg,0,0,data/images/40efcccb-6d2f-4499-8109-d57080dfb135.jpg,True,0,0.032601397,0,7,convnext_256
ae17396f-ae60-4d2e-af43-03cb94934828.jpg,0,0,data/images/ae17396f-ae60-4d2e-af43-03cb94934828.jpg,True,3,0.065864764,0,7,convnext_256
c16e354f-a111-43e7-8276-f8884761b4ac.jpg,0,0,data/images/c16e354f-a111-43e7-8276-f8884761b4ac.jpg,True,4,0.027489472,0,7,convnext_256
9c950c72-a9ca-40e1-90dd-6dc7e5a61112.jpg,0,0,data/images/9c950c72-a9ca-40e1-90dd-6dc7e5a61112.jpg,True,2,0.016359054,0,8,convnext_256
4eadb131-ec27-4d97-a470-d316a49635a7.jpg,1,1,data/images/4eadb131-ec27-4d97-a470-d316a49635a7.jpg,True,0,0.9807874,1,7,convnext_256
d1dd011b-22df-4710-a4a0-964a847a1497.jpg,1,1,data/images/d1dd011b-22df-4710-a4a0-964a847a1497.jpg,True,4,0.9838742,1,7,convnext_256
63c81023-df74-4aeb-a3b3-245914de4f34.jpg,1,1,data/images/63c81023-df74-4aeb-a3b3-245914de4f34.jpg,True,3,0.96837336,1,7,convnext_256
7632128f-2c68-4a49-bb58-68ecad17d2aa.jpg,1,1,data/images/7632128f-2c68-4a49-bb58-68ecad17d2aa.jpg,True,1,0.96959174,1,8,convnext_256
99cd2c04-d015-4f67-81e9-3debf17443c1.jpg,1,1,data/images/99cd2c04-d015-4f67-81e9-3debf17443c1.jpg,True,0,0.098800905,0,7,convnext_256
92b94612-29a0-46d1-90ef-c261f95a3e47.jpg,0,0,data/images/92b94612-29a0-46d1-90ef-c261f95a3e47.jpg,True,4,0.98015577,1,7,convnext_256
c6ddf117-9f42-43f2-8dd3-471293046e08.jpg,1,1,data/images/c6ddf117-9f42-43f2-8dd3-471293046e08.jpg,True,1,0.9736486,1,8,convnext_256
7c19ee8c-7ec5-40f6-b272-131881b451eb.jpg,0,0,data/images/7c19ee8c-7ec5-40f6-b272-131881b451eb.jpg,True,2,0.083671756,0,8,convnext_256
52c18b3e-f1ea-437d-b2d4-895752863045.jpg,1,1,data/images/52c18b3e-f1ea-437d-b2d4-895752863045.jpg,True,3,0.7087096,1,7,convnext_256
e53cdbcf-a54b-4fbc-b12e-55369ec2ae1f.jpg,1,1,data/images/e53cdbcf-a54b-4fbc-b12e-55369ec2ae1f.jpg,True,0,0.986381,1,7,convnext_256
967bf491-a9f3-4162-a32b-d48b17c58752.jpg,1,1,data/images/967bf491-a9f3-4162-a32b-d48b17c58752.jpg,True,1,0.9645929,1,8,convnext_256
cfb545f4-a73b-47a2-a228-432ac12afa6d.jpg,1,1,data/images/cfb545f4-a73b-47a2-a228-432ac12afa6d.jpg,True,2,0.9864377,1,8,convnext_256
f665e553-cd0e-4e20-a6b7-f75f90b4c2d7.jpg,1,1,data/images/f665e553-cd0e-4e20-a6b7-f75f90b4c2d7.jpg,True,4,0.95761144,1,7,convnext_256
46616da4-a403-49ff-8e43-014fda5b0343.jpg,0,0,data/images/46616da4-a403-49ff-8e43-014fda5b0343.jpg,True,3,0.8640773,1,7,convnext_256
9bcba614-6399-4eee-9d3b-62be2a1035b5.jpg,1,1,data/images/9bcba614-6399-4eee-9d3b-62be2a1035b5.jpg,True,1,0.9809074,1,8,convnext_256
7df9b0cc-6fc9-4917-8a03-dc49e62f773e.jpg,1,1,data/images/7df9b0cc-6fc9-4917-8a03-dc49e62f773e.jpg,True,2,0.9755883,1,8,convnext_256
8bfcc034-2111-41c4-80af-4e3e586446b7.jpg,0,0,data/images/8bfcc034-2111-41c4-80af-4e3e586446b7.jpg,True,4,0.035288177,0,7,convnext_256
d1c88822-13c6-478a-acbf-092fb1fa818b.jpg,1,1,data/images/d1c88822-13c6-478a-acbf-092fb1fa818b.jpg,True,3,0.93993616,1,7,convnext_256
b45f2183-ce59-4d2a-b0b5-5e9348575019.jpg,1,1,data/images/b45f2183-ce59-4d2a-b0b5-5e9348575019.jpg,True,0,0.02722204,0,7,convnext_256
c0e44333-519e-4aed-a287-346e337e1307.jpg,1,1,data/images/c0e44333-519e-4aed-a287-346e337e1307.jpg,True,2,0.9710976,1,8,convnext_256
a0e86ba3-513f-4198-8a56-44aa7e942bd8.jpg,0,0,data/images/a0e86ba3-513f-4198-8a56-44aa7e942bd8.jpg,True,3,0.014895418,0,7,convnext_256
d6efb879-c8c2-4c9a-8093-14f88243b3dc.jpg,1,1,data/images/d6efb879-c8c2-4c9a-8093-14f88243b3dc.jpg,True,4,0.98443764,1,7,convnext_256
2cfaf045-f882-4efa-9223-1b00babb5661.jpg,1,1,data/images/2cfaf045-f882-4efa-9223-1b00babb5661.jpg,True,1,0.9840565,1,8,convnext_256
3cb3a0ca-d4da-4408-96e5-ccb565c74ef1.jpg,0,0,data/images/3cb3a0ca-d4da-4408-96e5-ccb565c74ef1.jpg,True,0,0.013323831,0,7,convnext_256
d99471f5-4159-4d9e-9a18-2950706766ea.jpg,0,0,data/images/d99471f5-4159-4d9e-9a18-2950706766ea.jpg,True,4,0.049746912,0,7,convnext_256
0ca5c492-b2d6-49d6-983a-146b450a3805.jpg,1,1,data/images/0ca5c492-b2d6-49d6-983a-146b450a3805.jpg,True,0,0.98601216,1,7,convnext_256
412f3da7-ea07-4399-920d-14c7455bcf05.jpg,0,0,data/images/412f3da7-ea07-4399-920d-14c7455bcf05.jpg,True,2,0.07664656,0,8,convnext_256
2222151d-50a7-4953-813a-b5752543f7fb.jpg,0,0,data/images/2222151d-50a7-4953-813a-b5752543f7fb.jpg,True,1,0.028456276,0,8,convnext_256
3b286636-e976-4a5a-94df-98461b8af1f1.jpg,1,1,data/images/3b286636-e976-4a5a-94df-98461b8af1f1.jpg,True,3,0.98117435,1,7,convnext_256
1a0e7e49-9277-4e77-9c1f-f3b1f70c8032.jpg,1,1,data/images/1a0e7e49-9277-4e77-9c1f-f3b1f70c8032.jpg,True,1,0.98319453,1,8,convnext_256
bca9f8a3-c289-4d0a-af11-819831536a41.jpg,1,1,data/images/bca9f8a3-c289-4d0a-af11-819831536a41.jpg,True,0,0.346172,0,7,convnext_256
70715e27-9b06-4cc7-8d20-0207e7dcc2ca.jpg,1,1,data/images/70715e27-9b06-4cc7-8d20-0207e7dcc2ca.jpg,True,4,0.9578184,1,7,convnext_256
a3693481-3f8b-43b1-8161-b35515b7108f.jpg,0,0,data/images/a3693481-3f8b-43b1-8161-b35515b7108f.jpg,True,3,0.013992965,0,7,convnext_256
703fb076-7712-4b3a-9000-9bac94ed5428.jpg,0,0,data/images/703fb076-7712-4b3a-9000-9bac94ed5428.jpg,True,2,0.013744169,0,8,convnext_256
8ad9146e-e059-4ee7-a750-5187c0526ecd.jpg,0,0,data/images/8ad9146e-e059-4ee7-a750-5187c0526ecd.jpg,True,1,0.027577085,0,8,convnext_256
0b021ef1-e382-4b0e-bfb5-052cc94c06ca.jpg,1,1,data/images/0b021ef1-e382-4b0e-bfb5-052cc94c06ca.jpg,True,4,0.9488579,1,7,convnext_256
03e7d7e2-b00b-40e6-aa25-8afdabcdf242.jpg,1,1,data/images/03e7d7e2-b00b-40e6-aa25-8afdabcdf242.jpg,True,2,0.96801656,1,8,convnext_256
73e884db-459f-452b-be81-99716377882a.jpg,0,0,data/images/73e884db-459f-452b-be81-99716377882a.jpg,True,0,0.04693796,0,7,convnext_256
bfbff3d0-3765-43d5-9375-2731becada84.jpg,1,1,data/images/bfbff3d0-3765-43d5-9375-2731becada84.jpg,True,3,0.98075414,1,7,convnext_256
b866ceda-334f-4d55-944c-99a18959b21d.jpg,1,1,data/images/b866ceda-334f-4d55-944c-99a18959b21d.jpg,True,0,0.97642195,1,7,convnext_256
c1c5dbce-1a69-4b75-90a9-6eb9c565f621.jpg,1,1,data/images/c1c5dbce-1a69-4b75-90a9-6eb9c565f621.jpg,True,1,0.95672566,1,8,convnext_256
80f1d2cb-53ab-4c24-aa45-6c086533ccec.jpg,0,0,data/images/80f1d2cb-53ab-4c24-aa45-6c086533ccec.jpg,True,3,0.17089963,0,7,convnext_256
9cbecdbd-f0c5-43de-8dd6-1659fc7f33b8.jpg,0,0,data/images/9cbecdbd-f0c5-43de-8dd6-1659fc7f33b8.jpg,True,2,0.16273446,0,8,convnext_256
2a845405-fd23-43c2-83d2-e1ce5069c3e1.jpg,0,0,data/images/2a845405-fd23-43c2-83d2-e1ce5069c3e1.jpg,True,4,0.011876483,0,7,convnext_256
cd90aee6-da25-4ba9-a58f-adb4403f4acb.jpg,1,1,data/images/cd90aee6-da25-4ba9-a58f-adb4403f4acb.jpg,True,3,0.9821622,1,7,convnext_256
189e6fd7-b0e5-4f3d-a09e-6bfc3c03fc72.jpg,0,0,data/images/189e6fd7-b0e5-4f3d-a09e-6bfc3c03fc72.jpg,True,2,0.08714913,0,8,convnext_256
5231511f-b66f-4a76-95f7-ff229bf6caed.jpg,0,0,data/images/5231511f-b66f-4a76-95f7-ff229bf6caed.jpg,True,0,0.018640721,0,7,convnext_256
32408e7d-abdc-4682-a393-3c0ddb34d8b0.jpg,1,1,data/images/32408e7d-abdc-4682-a393-3c0ddb34d8b0.jpg,True,1,0.96991426,1,8,convnext_256
41496d9d-760f-4501-8450-c4d851622ef1.jpg,1,1,data/images/41496d9d-760f-4501-8450-c4d851622ef1.jpg,True,4,0.9729522,1,7,convnext_256
fbdc14a3-ead7-4a24-8c57-d9327bc8feb0.jpg,0,0,data/images/fbdc14a3-ead7-4a24-8c57-d9327bc8feb0.jpg,True,2,0.01849464,0,8,convnext_256
40ce748e-8d24-4783-95af-c0bac30fbf7c.jpg,1,1,data/images/40ce748e-8d24-4783-95af-c0bac30fbf7c.jpg,True,1,0.98481953,1,8,convnext_256
710999ae-37ad-44e1-b6b5-8777797ca5cc.jpg,0,0,data/images/710999ae-37ad-44e1-b6b5-8777797ca5cc.jpg,True,3,0.35173994,0,7,convnext_256
11a38f55-8e39-43a5-8ed6-b160e58e2a5b.jpg,1,1,data/images/11a38f55-8e39-43a5-8ed6-b160e58e2a5b.jpg,True,4,0.9555822,1,7,convnext_256
b4a2a838-c927-4f1e-ab3d-e3982d2221d2.jpg,0,0,data/images/b4a2a838-c927-4f1e-ab3d-e3982d2221d2.jpg,True,0,0.026160482,0,7,convnext_256
0aa56456-8d3c-4c40-82af-6eb978096df9.jpg,1,1,data/images/0aa56456-8d3c-4c40-82af-6eb978096df9.jpg,True,4,0.978412,1,7,convnext_256
24f22691-cd85-4239-b757-6c81a1657a4b.jpg,0,0,data/images/24f22691-cd85-4239-b757-6c81a1657a4b.jpg,True,0,0.05665522,0,7,convnext_256
43b5b9fa-1a76-4e44-a0b7-046684e16322.jpg,0,0,data/images/43b5b9fa-1a76-4e44-a0b7-046684e16322.jpg,True,2,0.012722888,0,8,convnext_256
41963785-f507-434c-9b6b-159e5744d9df.jpg,0,0,data/images/41963785-f507-434c-9b6b-159e5744d9df.jpg,True,3,0.027539019,0,7,convnext_256
39d299b7-380c-4766-b8c9-44bfae010bbe.jpg,1,1,data/images/39d299b7-380c-4766-b8c9-44bfae010bbe.jpg,True,1,0.9763104,1,8,convnext_256
b76b75ee-845c-4ecf-9dc3-5faac227aa8e.jpg,1,1,data/images/b76b75ee-845c-4ecf-9dc3-5faac227aa8e.jpg,True,1,0.9708101,1,8,convnext_256
64fc99ab-67b5-46fa-9117-edfe394f1fc7.jpg,1,1,data/images/64fc99ab-67b5-46fa-9117-edfe394f1fc7.jpg,True,4,0.9747069,1,7,convnext_256
56816217-2909-451d-becd-f536b6f1c056.jpg,0,0,data/images/56816217-2909-451d-becd-f536b6f1c056.jpg,True,0,0.016799135,0,7,convnext_256
4a3bb184-4e8d-401b-ac47-841cd7c9f025.jpg,1,1,data/images/4a3bb184-4e8d-401b-ac47-841cd7c9f025.jpg,True,3,0.9606062,1,7,convnext_256
8eeeb3b9-1a84-4dc7-9827-e583e94b83b8.jpg,0,0,data/images/8eeeb3b9-1a84-4dc7-9827-e583e94b83b8.jpg,True,2,0.0234431,0,8,convnext_256
e292cb0d-631c-4673-82a7-db1d251b2d5a.jpg,0,0,data/images/e292cb0d-631c-4673-82a7-db1d251b2d5a.jpg,True,4,0.10959751,0,7,convnext_256
425293cf-e8df-439c-a97d-013855f06863.jpg,0,0,data/images/425293cf-e8df-439c-a97d-013855f06863.jpg,True,2,0.018105224,0,8,convnext_256
aa2983e1-21dc-4437-b21a-112ce40f266f.jpg,1,1,data/images/aa2983e1-21dc-4437-b21a-112ce40f266f.jpg,True,3,0.9768183,1,7,convnext_256
877cceca-7077-444b-979b-d06368787766.jpg,1,1,data/images/877cceca-7077-444b-979b-d06368787766.jpg,True,0,0.9820671,1,7,convnext_256
bdda2e7c-b6d4-4e76-9907-15cab0654c04.jpg,1,1,data/images/bdda2e7c-b6d4-4e76-9907-15cab0654c04.jpg,True,1,0.9721761,1,8,convnext_256
c8de4344-524b-408f-9205-504a58c98afa.jpg,0,0,data/images/c8de4344-524b-408f-9205-504a58c98afa.jpg,True,2,0.0389852,0,8,convnext_256
9b6c302c-b784-478b-8709-5faf18a8dbe5.jpg,1,1,data/images/9b6c302c-b784-478b-8709-5faf18a8dbe5.jpg,True,0,0.98087734,1,7,convnext_256
eb269bf5-0ee5-46bf-b4a8-7a8fb0f00803.jpg,1,1,data/images/eb269bf5-0ee5-46bf-b4a8-7a8fb0f00803.jpg,True,1,0.9714813,1,8,convnext_256
54c3d755-4f05-4d33-8b30-348656436253.jpg,0,0,data/images/54c3d755-4f05-4d33-8b30-348656436253.jpg,True,3,0.020536141,0,7,convnext_256
68362a00-6915-4352-901f-e12052bce4cb.jpg,1,1,data/images/68362a00-6915-4352-901f-e12052bce4cb.jpg,True,4,0.9813571,1,7,convnext_256
f5219609-ce37-411e-8688-a8e102278223.jpg,0,0,data/images/f5219609-ce37-411e-8688-a8e102278223.jpg,True,0,0.48821914,0,7,convnext_256
a0891f23-b1dc-47d0-bae6-914f85acdbf1.jpg,0,0,data/images/a0891f23-b1dc-47d0-bae6-914f85acdbf1.jpg,True,4,0.015071637,0,7,convnext_256
aa6337db-d1ab-4715-b28e-6522adcc7f8d.jpg,0,0,data/images/aa6337db-d1ab-4715-b28e-6522adcc7f8d.jpg,True,2,0.042080518,0,8,convnext_256
41cfb51a-ae9b-4dc1-afd4-eb705f911ee4.jpg,0,0,data/images/41cfb51a-ae9b-4dc1-afd4-eb705f911ee4.jpg,True,1,0.016612034,0,8,convnext_256
f8389100-2de2-4818-88ab-6f55f3c65da5.jpg,1,1,data/images/f8389100-2de2-4818-88ab-6f55f3c65da5.jpg,True,3,0.11092328,0,7,convnext_256
78820ca4-b2c5-47ff-a153-dc7ccad502e1.jpg,0,0,data/images/78820ca4-b2c5-47ff-a153-dc7ccad502e1.jpg,True,3,0.022356084,0,7,convnext_256
d3fce41d-a22c-4a60-800d-f57125c36165.jpg,0,0,data/images/d3fce41d-a22c-4a60-800d-f57125c36165.jpg,True,4,0.019538747,0,7,convnext_256
5888e25a-7b27-4763-8b7d-baa384a42773.jpg,0,0,data/images/5888e25a-7b27-4763-8b7d-baa384a42773.jpg,True,0,0.032333843,0,7,convnext_256
34280f62-48f4-49fb-8d95-a77840f9f722.jpg,1,1,data/images/34280f62-48f4-49fb-8d95-a77840f9f722.jpg,True,1,0.9325026,1,8,convnext_256
e309a978-a0fc-4f2f-8863-2cde39bee9e4.jpg,1,1,data/images/e309a978-a0fc-4f2f-8863-2cde39bee9e4.jpg,True,2,0.9711529,1,8,convnext_256
cb6e4151-d2c6-4be7-884d-38730a1374e7.jpg,1,1,data/images/cb6e4151-d2c6-4be7-884d-38730a1374e7.jpg,True,1,0.9660759,1,8,convnext_256
690d1d38-3d06-4cbb-a293-ccedefd6ce32.jpg,0,0,data/images/690d1d38-3d06-4cbb-a293-ccedefd6ce32.jpg,True,4,0.80125237,1,7,convnext_256
8b4553b2-ac48-45e5-96e1-a082e0c6cb71.jpg,1,1,data/images/8b4553b2-ac48-45e5-96e1-a082e0c6cb71.jpg,True,2,0.97525716,1,8,convnext_256
bf4843e8-bef0-4bd3-9fe8-1fe48f5f6b27.jpg,0,0,data/images/bf4843e8-bef0-4bd3-9fe8-1fe48f5f6b27.jpg,True,3,0.022118961,0,7,convnext_256
4e926805-f130-4237-b21a-69a3ba47504a.jpg,1,1,data/images/4e926805-f130-4237-b21a-69a3ba47504a.jpg,True,0,0.80300474,1,7,convnext_256
186ec960-3193-4113-a3d1-84a9064b0edb.jpg,0,0,data/images/186ec960-3193-4113-a3d1-84a9064b0edb.jpg,True,2,0.016341923,0,8,convnext_256
6ed11cb9-f94d-4d86-9949-d3a8db34252a.jpg,1,1,data/images/6ed11cb9-f94d-4d86-9949-d3a8db34252a.jpg,True,1,0.9762249,1,8,convnext_256
2e044ebd-ba99-4fb3-a47a-10e213c8489f.jpg,0,0,data/images/2e044ebd-ba99-4fb3-a47a-10e213c8489f.jpg,True,4,0.7759695,1,7,convnext_256
c289d542-3b76-4921-b4f5-4bf93fee9fad.jpg,0,0,data/images/c289d542-3b76-4921-b4f5-4bf93fee9fad.jpg,True,3,0.020125471,0,7,convnext_256
c59dc2de-c138-43c9-a9bb-63782df0c197.jpg,0,0,data/images/c59dc2de-c138-43c9-a9bb-63782df0c197.jpg,True,0,0.049472556,0,7,convnext_256
fee0e08c-1d76-4348-9fa6-bf9ca365dc5c.jpg,1,1,data/images/fee0e08c-1d76-4348-9fa6-bf9ca365dc5c.jpg,True,0,0.98279,1,7,convnext_256
5655b19a-9876-443b-8bc2-4eaf81aaf6af.jpg,1,1,data/images/5655b19a-9876-443b-8bc2-4eaf81aaf6af.jpg,True,2,0.97155267,1,8,convnext_256
2f1ce9de-ecb0-47d0-9952-2518dbe8dad5.jpg,1,1,data/images/2f1ce9de-ecb0-47d0-9952-2518dbe8dad5.jpg,True,3,0.9808492,1,7,convnext_256
e5c83314-77da-4b78-93aa-37577192ea87.jpg,1,1,data/images/e5c83314-77da-4b78-93aa-37577192ea87.jpg,True,4,0.9799944,1,7,convnext_256
78b672c3-8a9a-4e5f-9964-5b73decc15ad.jpg,0,0,data/images/78b672c3-8a9a-4e5f-9964-5b73decc15ad.jpg,True,1,0.027534254,0,8,convnext_256
54b9232c-c21f-452e-b083-74855ac67314.jpg,0,0,data/images/54b9232c-c21f-452e-b083-74855ac67314.jpg,True,2,0.008603728,0,8,convnext_256
46e47b2f-29a3-4f61-a170-c3523350235c.jpg,0,0,data/images/46e47b2f-29a3-4f61-a170-c3523350235c.jpg,True,0,0.016968759,0,7,convnext_256
93e046a0-a301-4038-ae48-1f2e893a339e.jpg,1,1,data/images/93e046a0-a301-4038-ae48-1f2e893a339e.jpg,True,3,0.97029257,1,7,convnext_256
ad4ae702-1211-4608-83df-ece7d490a431.jpg,1,1,data/images/ad4ae702-1211-4608-83df-ece7d490a431.jpg,True,4,0.98507833,1,7,convnext_256
e633b0de-ec24-48e1-9c6b-5c0b47e6450b.jpg,0,0,data/images/e633b0de-ec24-48e1-9c6b-5c0b47e6450b.jpg,True,1,0.08052911,0,8,convnext_256
c6a8f48f-ccf8-4461-acdc-5d8ae829f2b7.jpg,0,0,data/images/c6a8f48f-ccf8-4461-acdc-5d8ae829f2b7.jpg,True,2,0.022963641,0,8,convnext_256
0beca759-d57f-46af-95ec-53c77c2c9108.jpg,1,1,data/images/0beca759-d57f-46af-95ec-53c77c2c9108.jpg,True,3,0.02493166,0,7,convnext_256
52dbc3df-d0bf-4a33-8346-77279e319f22.jpg,1,1,data/images/52dbc3df-d0bf-4a33-8346-77279e319f22.jpg,True,1,0.97679967,1,8,convnext_256
def46aee-da4e-4a6b-af22-d0c8261f5eae.jpg,0,0,data/images/def46aee-da4e-4a6b-af22-d0c8261f5eae.jpg,True,4,0.12549278,0,7,convnext_256
cce9208c-9ba8-4fd6-9c20-5233bb95d981.jpg,1,1,data/images/cce9208c-9ba8-4fd6-9c20-5233bb95d981.jpg,True,0,0.9796091,1,7,convnext_256
54a1f0c1-53f8-4ba9-8090-9e891a9507fc.jpg,1,1,data/images/54a1f0c1-53f8-4ba9-8090-9e891a9507fc.jpg,True,1,0.9760701,1,8,convnext_256
9a0356df-60b6-4284-958c-3445329fb86a.jpg,1,1,data/images/9a0356df-60b6-4284-958c-3445329fb86a.jpg,True,2,0.03508832,0,8,convnext_256
b857c222-78d3-4a5b-be31-e6364ee46bed.jpg,0,0,data/images/b857c222-78d3-4a5b-be31-e6364ee46bed.jpg,True,4,0.03121527,0,7,convnext_256
b9cb58fd-7b29-41f0-8f8a-bdd175f0e465.jpg,1,1,data/images/b9cb58fd-7b29-41f0-8f8a-bdd175f0e465.jpg,True,0,0.9635693,1,7,convnext_256
ce5593f5-411b-48d5-b0cf-d4411e14b952.jpg,1,1,data/images/ce5593f5-411b-48d5-b0cf-d4411e14b952.jpg,True,3,0.9314865,1,7,convnext_256
e92e0761-f30d-4640-a7c0-cfdc4e426063.jpg,0,0,data/images/e92e0761-f30d-4640-a7c0-cfdc4e426063.jpg,True,2,0.08361746,0,8,convnext_256
4acc3f1d-cca0-4e1e-9a2d-796051c855bc.jpg,0,0,data/images/4acc3f1d-cca0-4e1e-9a2d-796051c855bc.jpg,True,0,0.016314581,0,7,convnext_256
7fcaf6a4-9b10-4f4f-9336-089b169aa0ad.jpg,0,0,data/images/7fcaf6a4-9b10-4f4f-9336-089b169aa0ad.jpg,True,1,0.11921429,0,8,convnext_256
f1012029-3aab-4541-af4a-e56c3fb287e7.jpg,0,0,data/images/f1012029-3aab-4541-af4a-e56c3fb287e7.jpg,True,3,0.02060875,0,7,convnext_256
d4840fc5-6dad-4636-a2c4-ef0607fddaff.jpg,1,1,data/images/d4840fc5-6dad-4636-a2c4-ef0607fddaff.jpg,True,4,0.88306195,1,7,convnext_256
fbe3c406-d0b0-4b3a-af26-fc72910a3b0d.jpg,0,0,data/images/fbe3c406-d0b0-4b3a-af26-fc72910a3b0d.jpg,True,0,0.02270217,0,7,convnext_256
38812d66-25e5-4d31-8e32-70483369b0d5.jpg,0,0,data/images/38812d66-25e5-4d31-8e32-70483369b0d5.jpg,True,3,0.0074406113,0,7,convnext_256
0ad09f23-5ac7-45a3-9fd6-4c7dc68f8f39.jpg,1,1,data/images/0ad09f23-5ac7-45a3-9fd6-4c7dc68f8f39.jpg,True,2,0.8924049,1,8,convnext_256
52f33a11-ea20-4d41-b48d-d5e4a37d1d2f.jpg,1,1,data/images/52f33a11-ea20-4d41-b48d-d5e4a37d1d2f.jpg,True,4,0.9581586,1,7,convnext_256
5a0b57f2-d31e-43d9-a094-18c16ed90ee4.jpg,0,0,data/images/5a0b57f2-d31e-43d9-a094-18c16ed90ee4.jpg,True,1,0.023354163,0,8,convnext_256
332ca2ed-4b14-461e-a71d-1c73021ddb65.jpg,1,1,data/images/332ca2ed-4b14-461e-a71d-1c73021ddb65.jpg,True,3,0.9516842,1,7,convnext_256
f70c4698-86a2-425b-ad3e-857209a23253.jpg,1,1,data/images/f70c4698-86a2-425b-ad3e-857209a23253.jpg,True,4,0.9662091,1,7,convnext_256
fa696e03-c9ea-4b73-b8ff-2f71dff16b9a.jpg,1,1,data/images/fa696e03-c9ea-4b73-b8ff-2f71dff16b9a.jpg,True,2,0.98635,1,8,convnext_256
1b9d240e-5366-46cf-a179-b58542cbdc25.jpg,1,1,data/images/1b9d240e-5366-46cf-a179-b58542cbdc25.jpg,True,0,0.9812788,1,7,convnext_256
dd235980-18c1-40b2-b42e-e38ab3f3868f.jpg,1,1,data/images/dd235980-18c1-40b2-b42e-e38ab3f3868f.jpg,True,1,0.9799386,1,8,convnext_256
c914bf03-db6e-44bb-b08d-79438e88a78d.jpg,0,0,data/images/c914bf03-db6e-44bb-b08d-79438e88a78d.jpg,True,3,0.014766444,0,7,convnext_256
9c6686cc-4239-4a9a-9937-80b439f64d7f.jpg,0,0,data/images/9c6686cc-4239-4a9a-9937-80b439f64d7f.jpg,True,1,0.019244693,0,8,convnext_256
4efea4e7-39f3-4d73-911f-672f8166838c.jpg,0,0,data/images/4efea4e7-39f3-4d73-911f-672f8166838c.jpg,True,2,0.047637653,0,8,convnext_256
70410af9-5267-46e2-9271-eaabb49b2f17.jpg,0,0,data/images/70410af9-5267-46e2-9271-eaabb49b2f17.jpg,True,4,0.022679478,0,7,convnext_256
7a0f4ed8-affc-4eb4-b485-7e007e25ed31.jpg,0,0,data/images/7a0f4ed8-affc-4eb4-b485-7e007e25ed31.jpg,True,0,0.042758744,0,7,convnext_256
d7628ecd-3856-4c05-b51e-a50c795cb67c.jpg,0,0,data/images/d7628ecd-3856-4c05-b51e-a50c795cb67c.jpg,True,2,0.014954951,0,8,convnext_256
4ea2b5ae-14c3-4322-aebf-58d637d4d1ba.jpg,1,1,data/images/4ea2b5ae-14c3-4322-aebf-58d637d4d1ba.jpg,True,4,0.97384924,1,7,convnext_256
94b89863-ea35-472f-85bb-f5a97d8f0d8c.jpg,1,1,data/images/94b89863-ea35-472f-85bb-f5a97d8f0d8c.jpg,True,3,0.9590551,1,7,convnext_256
bba35408-ac2d-4184-b86c-266abf04563f.jpg,0,0,data/images/bba35408-ac2d-4184-b86c-266abf04563f.jpg,True,1,0.015800474,0,8,convnext_256
9dbe4d04-cac5-422d-9032-86a579076254.jpg,0,0,data/images/9dbe4d04-cac5-422d-9032-86a579076254.jpg,True,0,0.033785947,0,7,convnext_256
a5a91c7e-b7fd-4417-9fd9-2caf61c66821.jpg,1,1,data/images/a5a91c7e-b7fd-4417-9fd9-2caf61c66821.jpg,True,1,0.9564545,1,8,convnext_256
cb2d6599-fa4c-4c68-bfe0-5d6d81840836.jpg,1,1,data/images/cb2d6599-fa4c-4c68-bfe0-5d6d81840836.jpg,True,4,0.98490727,1,7,convnext_256
cf90ab59-a44f-4a73-b59e-42c36a7edcd7.jpg,1,1,data/images/cf90ab59-a44f-4a73-b59e-42c36a7edcd7.jpg,True,3,0.98368466,1,7,convnext_256
dd4c4175-16c0-4dcc-a1c1-84e79aed0ed8.jpg,0,0,data/images/dd4c4175-16c0-4dcc-a1c1-84e79aed0ed8.jpg,True,2,0.64664775,1,8,convnext_256
c5b482f8-6b68-4a39-9f77-433404344023.jpg,1,1,data/images/c5b482f8-6b68-4a39-9f77-433404344023.jpg,True,0,0.98198545,1,7,convnext_256
5104758c-ba22-46a1-8152-e7f9e0dd1318.jpg,1,1,data/images/5104758c-ba22-46a1-8152-e7f9e0dd1318.jpg,True,0,0.9796012,1,7,convnext_256
c0352f99-f50f-499e-a5fd-f98c21742b52.jpg,1,1,data/images/c0352f99-f50f-499e-a5fd-f98c21742b52.jpg,True,1,0.97850466,1,8,convnext_256
4ecc7026-695b-4914-9697-e91b04139224.jpg,1,1,data/images/4ecc7026-695b-4914-9697-e91b04139224.jpg,True,4,0.08711804,0,7,convnext_256
44af660c-3c51-40b5-986c-9fdecedd31cd.jpg,0,0,data/images/44af660c-3c51-40b5-986c-9fdecedd31cd.jpg,True,3,0.038918175,0,7,convnext_256
551f361d-5a81-40ec-88f0-64df81d29268.jpg,1,1,data/images/551f361d-5a81-40ec-88f0-64df81d29268.jpg,True,2,0.82219905,1,8,convnext_256
f70b1705-5fc2-439a-9984-8d6607c813dc.jpg,1,1,data/images/f70b1705-5fc2-439a-9984-8d6607c813dc.jpg,True,2,0.97974294,1,8,convnext_256
30086e25-9c6e-4337-b489-4ed15cca29e3.jpg,1,1,data/images/30086e25-9c6e-4337-b489-4ed15cca29e3.jpg,True,4,0.97523934,1,7,convnext_256
d29332e5-a264-40ed-80cf-85e29e003a25.jpg,0,0,data/images/d29332e5-a264-40ed-80cf-85e29e003a25.jpg,True,1,0.038560368,0,8,convnext_256
f21980dc-0713-410d-a967-b69a7f4e8539.jpg,1,1,data/images/f21980dc-0713-410d-a967-b69a7f4e8539.jpg,True,0,0.95754224,1,7,convnext_256
d0d6be0c-790e-446d-8d6e-3d5fc68576da.jpg,1,1,data/images/d0d6be0c-790e-446d-8d6e-3d5fc68576da.jpg,True,3,0.9730057,1,7,convnext_256
7c6f3e30-efcf-46e1-866e-6287657ace08.jpg,0,0,data/images/7c6f3e30-efcf-46e1-866e-6287657ace08.jpg,True,4,0.028783226,0,7,convnext_256
690aae26-0a20-4a83-839f-13dfe56a9519.jpg,0,0,data/images/690aae26-0a20-4a83-839f-13dfe56a9519.jpg,True,1,0.17796855,0,8,convnext_256
0cdaf803-8626-496a-ab31-ec790f06e63c.jpg,1,1,data/images/0cdaf803-8626-496a-ab31-ec790f06e63c.jpg,True,0,0.6875532,1,7,convnext_256
08c13afe-e15b-4f14-b64c-fe4306dcbef7.jpg,0,0,data/images/08c13afe-e15b-4f14-b64c-fe4306dcbef7.jpg,True,3,0.9608982,1,7,convnext_256
476b8a6a-b8ec-4df9-8424-ba88e11b7d79.jpg,1,1,data/images/476b8a6a-b8ec-4df9-8424-ba88e11b7d79.jpg,True,2,0.9805386,1,8,convnext_256
fc71de4b-f498-41f7-ab30-6a4cb22a5b33.jpg,0,0,data/images/fc71de4b-f498-41f7-ab30-6a4cb22a5b33.jpg,True,4,0.023146361,0,7,convnext_256
a5a07ba4-807a-4d98-9388-3d1bcc3a2e61.jpg,0,0,data/images/a5a07ba4-807a-4d98-9388-3d1bcc3a2e61.jpg,True,1,0.030243943,0,8,convnext_256
545bb740-528f-4756-85ac-fe3c83c90c44.jpg,0,0,data/images/545bb740-528f-4756-85ac-fe3c83c90c44.jpg,True,0,0.030252013,0,7,convnext_256
8ba78a16-e771-4def-9a9f-14bc0ac8f0c0.jpg,0,0,data/images/8ba78a16-e771-4def-9a9f-14bc0ac8f0c0.jpg,True,2,0.06744062,0,8,convnext_256
245cbaeb-2f98-4c43-81df-e05ba476bf68.jpg,1,1,data/images/245cbaeb-2f98-4c43-81df-e05ba476bf68.jpg,True,3,0.9828791,1,7,convnext_256
e2d73aa2-fb62-4256-b436-8a17468687c3.jpg,0,0,data/images/e2d73aa2-fb62-4256-b436-8a17468687c3.jpg,True,0,0.026599707,0,7,convnext_256
c986bc8f-e8da-4bf0-b52f-eda129142ff8.jpg,1,1,data/images/c986bc8f-e8da-4bf0-b52f-eda129142ff8.jpg,True,2,0.077013224,0,8,convnext_256
228e7c9e-ff1a-476f-b2a0-bef3008d57e9.jpg,0,0,data/images/228e7c9e-ff1a-476f-b2a0-bef3008d57e9.jpg,True,3,0.023519015,0,7,convnext_256
9ccf5f67-4e0e-4459-aa72-d36dba5c395e.jpg,1,1,data/images/9ccf5f67-4e0e-4459-aa72-d36dba5c395e.jpg,True,4,0.46379977,0,7,convnext_256
d66087ec-9b99-4c9a-873b-c56b6507666b.jpg,0,0,data/images/d66087ec-9b99-4c9a-873b-c56b6507666b.jpg,True,1,0.019943327,0,8,convnext_256
100c269e-d7af-4f7d-b61d-044ac65f4ca4.jpg,1,1,data/images/100c269e-d7af-4f7d-b61d-044ac65f4ca4.jpg,True,2,0.9610889,1,8,convnext_256
63cf09f1-4bdd-461b-88fb-2d0328f56ad2.jpg,1,1,data/images/63cf09f1-4bdd-461b-88fb-2d0328f56ad2.jpg,True,3,0.9431603,1,7,convnext_256
218e5f0b-8e8d-4245-b546-7f0d77aea0e8.jpg,0,0,data/images/218e5f0b-8e8d-4245-b546-7f0d77aea0e8.jpg,True,0,0.025362058,0,7,convnext_256
be9cbc60-730e-4ba7-865d-8604ffae5772.jpg,0,0,data/images/be9cbc60-730e-4ba7-865d-8604ffae5772.jpg,True,4,0.18978949,0,7,convnext_256
1c48bb81-3bb1-489a-97f7-54dc40149a67.jpg,1,1,data/images/1c48bb81-3bb1-489a-97f7-54dc40149a67.jpg,True,1,0.9611407,1,8,convnext_256
dd65cbad-6f5c-4aaa-b9ab-4a6be637eb38.jpg,1,1,data/images/dd65cbad-6f5c-4aaa-b9ab-4a6be637eb38.jpg,True,2,0.97931826,1,8,convnext_256
c01a258b-1962-4bc4-9af1-bad649102490.jpg,0,0,data/images/c01a258b-1962-4bc4-9af1-bad649102490.jpg,True,1,0.018422535,0,8,convnext_256
5b0e3891-3440-404f-9d50-3d9d66339916.jpg,1,1,data/images/5b0e3891-3440-404f-9d50-3d9d66339916.jpg,True,3,0.9774649,1,7,convnext_256
648a32c5-384c-4732-8b3d-7bf7a47e22bc.jpg,1,1,data/images/648a32c5-384c-4732-8b3d-7bf7a47e22bc.jpg,True,4,0.97733706,1,7,convnext_256
06a79067-8c6b-4628-b82e-bbf5daedf5e5.jpg,0,0,data/images/06a79067-8c6b-4628-b82e-bbf5daedf5e5.jpg,True,0,0.027103608,0,7,convnext_256
293d0524-a13d-4b1b-9f9c-c6c105054b27.jpg,1,1,data/images/293d0524-a13d-4b1b-9f9c-c6c105054b27.jpg,True,0,0.9778045,1,7,convnext_256
e4b7871d-b2f4-4c64-83f5-1fa3cbe17e5b.jpg,1,1,data/images/e4b7871d-b2f4-4c64-83f5-1fa3cbe17e5b.jpg,True,4,0.9712942,1,7,convnext_256
70a6df72-8413-45b0-b4b5-00f843733e77.jpg,1,1,data/images/70a6df72-8413-45b0-b4b5-00f843733e77.jpg,True,3,0.9714228,1,7,convnext_256
dbf1cb0e-69c5-4489-84d8-9451b8733e1d.jpg,0,0,data/images/dbf1cb0e-69c5-4489-84d8-9451b8733e1d.jpg,True,1,0.25580263,0,8,convnext_256
625530ab-e732-4f01-9aee-f819db2309ed.jpg,1,1,data/images/625530ab-e732-4f01-9aee-f819db2309ed.jpg,True,2,0.9614375,1,8,convnext_256
73439700-36ff-4baa-b594-ce494f110a0d.jpg,1,1,data/images/73439700-36ff-4baa-b594-ce494f110a0d.jpg,True,3,0.9876022,1,7,convnext_256
724973cb-4ca1-4d99-8309-f607b83ef27e.jpg,1,1,data/images/724973cb-4ca1-4d99-8309-f607b83ef27e.jpg,True,4,0.72536445,1,7,convnext_256
d0e794fc-4bfa-4903-b9a7-0c25729c519b.jpg,0,0,data/images/d0e794fc-4bfa-4903-b9a7-0c25729c519b.jpg,True,2,0.026193904,0,8,convnext_256
997e94b9-7e77-4acd-9ca3-3aaaf6a8b814.jpg,1,1,data/images/997e94b9-7e77-4acd-9ca3-3aaaf6a8b814.jpg,True,0,0.9605282,1,7,convnext_256
26a9c51f-d4e9-44b1-a9a1-67121e2dc032.jpg,0,0,data/images/26a9c51f-d4e9-44b1-a9a1-67121e2dc032.jpg,True,1,0.02522093,0,8,convnext_256
4d5d407a-e50f-48f7-be8b-5f0f2a417ea8.jpg,0,0,data/images/4d5d407a-e50f-48f7-be8b-5f0f2a417ea8.jpg,True,3,0.024927115,0,7,convnext_256
c9762cd2-8053-48ef-9737-168aa9e64242.jpg,1,1,data/images/c9762cd2-8053-48ef-9737-168aa9e64242.jpg,True,1,0.9646792,1,8,convnext_256
e061a981-eb77-4c4b-86f2-af59066f78f6.jpg,0,0,data/images/e061a981-eb77-4c4b-86f2-af59066f78f6.jpg,True,0,0.027285928,0,7,convnext_256
9e0f79b9-5894-4d2f-96c8-ccd5f9a5fd22.jpg,0,0,data/images/9e0f79b9-5894-4d2f-96c8-ccd5f9a5fd22.jpg,True,2,0.27695027,0,8,convnext_256
5559fb9b-42bd-471b-85a3-e1c67234237a.jpg,1,1,data/images/5559fb9b-42bd-471b-85a3-e1c67234237a.jpg,True,4,0.9739853,1,7,convnext_256
0c6ece76-a030-4a04-9e5c-e4a2d1bc32fe.jpg,1,1,data/images/0c6ece76-a030-4a04-9e5c-e4a2d1bc32fe.jpg,True,0,0.9692851,1,7,convnext_256
26905b21-b955-434b-b1ea-846539b72c94.jpg,0,0,data/images/26905b21-b955-434b-b1ea-846539b72c94.jpg,True,3,0.04178251,0,7,convnext_256
beed57f0-bd4a-491d-90bf-139f65caadab.jpg,1,1,data/images/beed57f0-bd4a-491d-90bf-139f65caadab.jpg,True,1,0.55231583,1,8,convnext_256
1f8d39bc-012a-456f-9c32-c05e86363d27.jpg,1,1,data/images/1f8d39bc-012a-456f-9c32-c05e86363d27.jpg,True,2,0.9730863,1,8,convnext_256
db7e5e15-335c-4704-9c11-ec5ca3344aef.jpg,0,0,data/images/db7e5e15-335c-4704-9c11-ec5ca3344aef.jpg,True,4,0.024236754,0,7,convnext_256
e0f853a2-bf10-4d9d-828f-1cf49f0f0bde.jpg,0,0,data/images/e0f853a2-bf10-4d9d-828f-1cf49f0f0bde.jpg,True,1,0.97129905,1,8,convnext_256
38cd534e-9e4d-4588-885a-00a3f1a9d6da.jpg,0,0,data/images/38cd534e-9e4d-4588-885a-00a3f1a9d6da.jpg,True,0,0.026018921,0,7,convnext_256
fafbe131-22df-4264-8a4c-e64aa8891aba.jpg,0,0,data/images/fafbe131-22df-4264-8a4c-e64aa8891aba.jpg,True,4,0.028359711,0,7,convnext_256
3a4eaf40-0a04-477f-9faa-2789df9cc8f6.jpg,0,0,data/images/3a4eaf40-0a04-477f-9faa-2789df9cc8f6.jpg,True,3,0.81693864,1,7,convnext_256
29d497ba-109a-43d6-97b0-52b7f14b3a66.jpg,1,1,data/images/29d497ba-109a-43d6-97b0-52b7f14b3a66.jpg,True,2,0.9742087,1,8,convnext_256
a1d1b4c0-3a3b-40e0-a99a-8d334192b1f0.jpg,1,1,data/images/a1d1b4c0-3a3b-40e0-a99a-8d334192b1f0.jpg,True,4,0.96637595,1,7,convnext_256
86f021fc-3c91-4933-b2ce-b23fe8eb998f.jpg,1,1,data/images/86f021fc-3c91-4933-b2ce-b23fe8eb998f.jpg,True,3,0.9757656,1,7,convnext_256
dffafac9-6217-4724-9664-86d4b7a3abe4.jpg,0,0,data/images/dffafac9-6217-4724-9664-86d4b7a3abe4.jpg,True,0,0.040755033,0,7,convnext_256
d5e405b9-a14b-45ef-b606-5b4e22b5de60.jpg,0,0,data/images/d5e405b9-a14b-45ef-b606-5b4e22b5de60.jpg,True,1,0.040682465,0,8,convnext_256
8ab82576-042a-46a7-b9de-4e835375e2bf.jpg,1,1,data/images/8ab82576-042a-46a7-b9de-4e835375e2bf.jpg,True,2,0.97909856,1,8,convnext_256
9cab7f9a-19ee-4460-8137-31611939f5cb.jpg,1,1,data/images/9cab7f9a-19ee-4460-8137-31611939f5cb.jpg,True,1,0.7132841,1,8,convnext_256
8c6f32f0-99b8-4b09-97c1-4a599ede1281.jpg,0,0,data/images/8c6f32f0-99b8-4b09-97c1-4a599ede1281.jpg,True,4,0.06219754,0,7,convnext_256
30f6b385-718e-4c4f-8500-44150d5919d1.jpg,0,0,data/images/30f6b385-718e-4c4f-8500-44150d5919d1.jpg,True,3,0.016325925,0,7,convnext_256
1b54f88f-c706-483b-9e04-c8f629909d06.jpg,0,0,data/images/1b54f88f-c706-483b-9e04-c8f629909d06.jpg,True,0,0.018503433,0,7,convnext_256
3ae59e97-83e9-4ffd-96ea-7c0c12f5b19c.jpg,1,1,data/images/3ae59e97-83e9-4ffd-96ea-7c0c12f5b19c.jpg,True,2,0.97901094,1,8,convnext_256
4a18566b-8e6c-455f-b04f-a1957bd7549b.jpg,1,1,data/images/4a18566b-8e6c-455f-b04f-a1957bd7549b.jpg,True,3,0.04780318,0,7,convnext_256
f0813bc8-5f01-4efa-9e36-b7d50a749f07.jpg,0,0,data/images/f0813bc8-5f01-4efa-9e36-b7d50a749f07.jpg,True,0,0.016359147,0,7,convnext_256
cb391547-95f0-4ea7-812c-9035ef467116.jpg,1,1,data/images/cb391547-95f0-4ea7-812c-9035ef467116.jpg,True,1,0.97739476,1,8,convnext_256
bd0c9b28-9174-4b81-9379-fbe723f81440.jpg,1,1,data/images/bd0c9b28-9174-4b81-9379-fbe723f81440.jpg,True,2,0.98812544,1,8,convnext_256
ceeecf72-2b0b-4d72-9ddc-e40156b0bb69.jpg,0,0,data/images/ceeecf72-2b0b-4d72-9ddc-e40156b0bb69.jpg,True,4,0.019789506,0,7,convnext_256
2bf22276-2506-438a-9ae3-4fb14ca5341f.jpg,0,0,data/images/2bf22276-2506-438a-9ae3-4fb14ca5341f.jpg,True,0,0.052251387,0,7,convnext_256
e9ec2d28-c02d-48fe-8783-58852e42aa98.jpg,1,1,data/images/e9ec2d28-c02d-48fe-8783-58852e42aa98.jpg,True,4,0.9801908,1,7,convnext_256
fc0b3952-ae3e-4147-b3e5-bf531904ebd4.jpg,0,0,data/images/fc0b3952-ae3e-4147-b3e5-bf531904ebd4.jpg,True,1,0.032709237,0,8,convnext_256
1e105292-6e5c-4550-831d-01e044191ec6.jpg,1,1,data/images/1e105292-6e5c-4550-831d-01e044191ec6.jpg,True,3,0.97758365,1,7,convnext_256
e3e3fb4b-4999-42a8-a3ac-0c215d43a240.jpg,0,0,data/images/e3e3fb4b-4999-42a8-a3ac-0c215d43a240.jpg,True,2,0.15516059,0,8,convnext_256
cb1317ff-3613-4d00-b0fa-ab0de6bf3a71.jpg,1,1,data/images/cb1317ff-3613-4d00-b0fa-ab0de6bf3a71.jpg,True,4,0.97856563,1,7,convnext_256
142e3d13-abcd-4ba0-86ff-01df38221810.jpg,1,1,data/images/142e3d13-abcd-4ba0-86ff-01df38221810.jpg,True,3,0.9779588,1,7,convnext_256
c186375c-ec17-4a10-afd0-83225772fb2d.jpg,0,0,data/images/c186375c-ec17-4a10-afd0-83225772fb2d.jpg,True,2,0.017864764,0,8,convnext_256
9bdde6e7-e35e-4832-beca-7e9c46e4515b.jpg,0,0,data/images/9bdde6e7-e35e-4832-beca-7e9c46e4515b.jpg,True,1,0.038204852,0,8,convnext_256
eaecfade-8092-4672-a788-7d69c214d7f1.jpg,0,0,data/images/eaecfade-8092-4672-a788-7d69c214d7f1.jpg,True,0,0.9432269,1,7,convnext_256
a2732133-4dae-41f5-9675-ef0c2391ff2b.jpg,0,0,data/images/a2732133-4dae-41f5-9675-ef0c2391ff2b.jpg,True,4,0.021096941,0,7,convnext_256
5a2fa035-d583-4abb-9808-34e5349b8050.jpg,1,1,data/images/5a2fa035-d583-4abb-9808-34e5349b8050.jpg,True,0,0.96394765,1,7,convnext_256
136cc4bb-aca2-4dd1-99ac-0cdfab530fc0.jpg,1,1,data/images/136cc4bb-aca2-4dd1-99ac-0cdfab530fc0.jpg,True,2,0.9521033,1,8,convnext_256
481aaf80-cffe-4538-81b7-8e6a7ae2baf0.jpg,0,0,data/images/481aaf80-cffe-4538-81b7-8e6a7ae2baf0.jpg,True,1,0.020981638,0,8,convnext_256
8cc3b4f1-fb9c-48cf-838c-4edd6a9496d1.jpg,0,0,data/images/8cc3b4f1-fb9c-48cf-838c-4edd6a9496d1.jpg,True,3,0.19012767,0,7,convnext_256
446214a3-96c2-460d-a165-bda4f8fc555b.jpg,1,1,data/images/446214a3-96c2-460d-a165-bda4f8fc555b.jpg,True,1,0.9500321,1,8,convnext_256
9350cfdf-5c5f-4565-940e-15289c09c06f.jpg,0,0,data/images/9350cfdf-5c5f-4565-940e-15289c09c06f.jpg,True,0,0.026849022,0,7,convnext_256
9ffd1121-26d6-4871-ab15-91cc6f3a5db4.jpg,0,0,data/images/9ffd1121-26d6-4871-ab15-91cc6f3a5db4.jpg,True,4,0.110252336,0,7,convnext_256
fb7c3b28-8212-4fec-a27c-0b0bb67b6c0b.jpg,1,1,data/images/fb7c3b28-8212-4fec-a27c-0b0bb67b6c0b.jpg,True,2,0.980993,1,8,convnext_256
6dcf5560-a838-43de-9b7c-1704558774ea.jpg,0,0,data/images/6dcf5560-a838-43de-9b7c-1704558774ea.jpg,True,3,0.05957494,0,7,convnext_256
a4752a5c-c846-4e61-8438-c8dbaaa6c45e.jpg,1,1,data/images/a4752a5c-c846-4e61-8438-c8dbaaa6c45e.jpg,True,3,0.974458,1,7,convnext_256
eec78ab6-b5d2-4896-a867-d9d818eb4299.jpg,1,1,data/images/eec78ab6-b5d2-4896-a867-d9d818eb4299.jpg,True,0,0.9870394,1,7,convnext_256
87292749-08d7-47ff-9970-dc00e4911345.jpg,0,0,data/images/87292749-08d7-47ff-9970-dc00e4911345.jpg,True,4,0.019960582,0,7,convnext_256
41cf4104-ca4e-4e4b-af68-369eab4b062f.jpg,1,1,data/images/41cf4104-ca4e-4e4b-af68-369eab4b062f.jpg,True,2,0.9800121,1,8,convnext_256
3caad6b8-6b02-4336-b0af-ecb1709603c0.jpg,1,1,data/images/3caad6b8-6b02-4336-b0af-ecb1709603c0.jpg,True,1,0.8854741,1,8,convnext_256
0f565c81-767f-4006-8cd5-20340f05d4b1.jpg,1,1,data/images/0f565c81-767f-4006-8cd5-20340f05d4b1.jpg,True,4,0.9822213,1,7,convnext_256
521e6689-7ea9-44ea-b4c2-e246f0a99300.jpg,0,0,data/images/521e6689-7ea9-44ea-b4c2-e246f0a99300.jpg,True,0,0.018892027,0,7,convnext_256
72d0fb20-3088-4d8c-923b-892cd907984c.jpg,0,0,data/images/72d0fb20-3088-4d8c-923b-892cd907984c.jpg,True,1,0.06085895,0,8,convnext_256
13adbee9-f44d-45e9-88b9-6400e3ac3886.jpg,1,1,data/images/13adbee9-f44d-45e9-88b9-6400e3ac3886.jpg,True,3,0.8450578,1,7,convnext_256
2be3a163-c851-44a0-8a72-d14273561f65.jpg,0,0,data/images/2be3a163-c851-44a0-8a72-d14273561f65.jpg,True,2,0.020770617,0,8,convnext_256
8d717287-2344-404b-8500-69c6705d7471.jpg,1,1,data/images/8d717287-2344-404b-8500-69c6705d7471.jpg,True,3,0.9760944,1,7,convnext_256
3d029b4d-6b76-4ce1-94d8-ecbe76915749.jpg,0,0,data/images/3d029b4d-6b76-4ce1-94d8-ecbe76915749.jpg,True,0,0.022699071,0,7,convnext_256
c7232c8f-0159-438f-b145-e6cc2169726f.jpg,0,0,data/images/c7232c8f-0159-438f-b145-e6cc2169726f.jpg,True,4,0.024773708,0,7,convnext_256
561f6073-c09e-4b66-8890-06b79cc0edc0.jpg,0,0,data/images/561f6073-c09e-4b66-8890-06b79cc0edc0.jpg,True,2,0.029180508,0,8,convnext_256
4ca6fa30-b426-4886-b3c6-33020a10f4ba.jpg,0,0,data/images/4ca6fa30-b426-4886-b3c6-33020a10f4ba.jpg,True,1,0.020297388,0,8,convnext_256
baf2326f-f548-4dbe-a964-2c8371c3a9ea.jpg,0,0,data/images/baf2326f-f548-4dbe-a964-2c8371c3a9ea.jpg,True,1,0.023776943,0,8,convnext_256
3e9d9507-ef05-40cd-b335-14ba3ad9d632.jpg,1,1,data/images/3e9d9507-ef05-40cd-b335-14ba3ad9d632.jpg,True,3,0.9712269,1,7,convnext_256
8ce69baa-f33d-4a88-b00a-e0af20ec72ae.jpg,0,0,data/images/8ce69baa-f33d-4a88-b00a-e0af20ec72ae.jpg,True,4,0.01754743,0,7,convnext_256
d3df878d-72bb-41cb-8a00-6a1e6fee8c78.jpg,0,0,data/images/d3df878d-72bb-41cb-8a00-6a1e6fee8c78.jpg,True,0,0.14077751,0,7,convnext_256
543f5485-ec0f-44a6-947c-54020f6c1ce2.jpg,0,0,data/images/543f5485-ec0f-44a6-947c-54020f6c1ce2.jpg,True,2,0.025993938,0,8,convnext_256
408d7d6a-813b-4350-aa89-e3b653c78283.jpg,0,0,data/images/408d7d6a-813b-4350-aa89-e3b653c78283.jpg,True,0,0.021512432,0,7,convnext_256
93ebadea-04f6-4e22-aa60-ba75b54bc6bb.jpg,0,0,data/images/93ebadea-04f6-4e22-aa60-ba75b54bc6bb.jpg,True,4,0.01731562,0,7,convnext_256
3d577826-ef91-4895-a5a0-d4250796d31f.jpg,0,0,data/images/3d577826-ef91-4895-a5a0-d4250796d31f.jpg,True,1,0.050240025,0,8,convnext_256
fb644c95-3048-4140-ad17-51e5c96adda0.jpg,0,0,data/images/fb644c95-3048-4140-ad17-51e5c96adda0.jpg,True,2,0.017679244,0,8,convnext_256
56b3bc1b-8cd4-40d5-8250-d09b83b2c055.jpg,1,1,data/images/56b3bc1b-8cd4-40d5-8250-d09b83b2c055.jpg,True,3,0.9773651,1,7,convnext_256
1487eeaf-9447-4f9e-b1ec-4bf17ae8560c.jpg,1,1,data/images/1487eeaf-9447-4f9e-b1ec-4bf17ae8560c.jpg,True,0,0.8971687,1,7,convnext_256
d2504055-d8f3-4a26-bf9c-0d9fb434202b.jpg,0,0,data/images/d2504055-d8f3-4a26-bf9c-0d9fb434202b.jpg,True,1,0.44602612,0,8,convnext_256
5fcabd2f-2944-43c5-8335-f156c5bffd2d.jpg,1,1,data/images/5fcabd2f-2944-43c5-8335-f156c5bffd2d.jpg,True,4,0.97009426,1,7,convnext_256
e268dc70-b80b-48d8-8afc-ff53a1aebfed.jpg,0,0,data/images/e268dc70-b80b-48d8-8afc-ff53a1aebfed.jpg,True,2,0.021762848,0,8,convnext_256
c2099557-0fc2-4338-95b6-d564267c0928.jpg,1,1,data/images/c2099557-0fc2-4338-95b6-d564267c0928.jpg,True,3,0.9824265,1,7,convnext_256
350872b8-5eb9-49f6-ba4a-063721810092.jpg,1,1,data/images/350872b8-5eb9-49f6-ba4a-063721810092.jpg,True,3,0.97856987,1,7,convnext_256
0fcd0d98-c072-4ee8-a6b2-1f9375fc94b0.jpg,0,0,data/images/0fcd0d98-c072-4ee8-a6b2-1f9375fc94b0.jpg,True,1,0.015945507,0,8,convnext_256
6e12f5da-493c-4e32-872c-618de4a7c267.jpg,0,0,data/images/6e12f5da-493c-4e32-872c-618de4a7c267.jpg,True,4,0.046274357,0,7,convnext_256
43adf978-dc35-4a95-a632-2d71433250e4.jpg,1,1,data/images/43adf978-dc35-4a95-a632-2d71433250e4.jpg,True,0,0.0104431845,0,7,convnext_256
04a7eb46-7096-4a66-863a-bd454354a780.jpg,0,0,data/images/04a7eb46-7096-4a66-863a-bd454354a780.jpg,True,2,0.027145732,0,8,convnext_256
0c9b2d07-724d-46c1-9e97-40184423ce59.jpg,0,0,data/images/0c9b2d07-724d-46c1-9e97-40184423ce59.jpg,True,4,0.42137963,0,7,convnext_256
41b8b30c-1c54-4745-8817-9d66faf19d60.jpg,1,1,data/images/41b8b30c-1c54-4745-8817-9d66faf19d60.jpg,True,0,0.9783424,1,7,convnext_256
c91bbe5c-0e10-4e50-b85b-c2bc3104db0b.jpg,0,0,data/images/c91bbe5c-0e10-4e50-b85b-c2bc3104db0b.jpg,True,2,0.021554552,0,8,convnext_256
df6ba6a5-d04f-4430-84cc-b29f97fb4721.jpg,1,1,data/images/df6ba6a5-d04f-4430-84cc-b29f97fb4721.jpg,True,1,0.1144594,0,8,convnext_256
f8e14e83-0a9b-49c1-b031-fac9648e47b1.jpg,1,1,data/images/f8e14e83-0a9b-49c1-b031-fac9648e47b1.jpg,True,3,0.75787973,1,7,convnext_256
198f58a7-74ea-47a8-9c33-f9f289751559.jpg,0,0,data/images/198f58a7-74ea-47a8-9c33-f9f289751559.jpg,True,4,0.0055102413,0,7,convnext_256
73e316c5-6f07-418f-80e4-21348ffbc75f.jpg,1,1,data/images/73e316c5-6f07-418f-80e4-21348ffbc75f.jpg,True,2,0.75181913,1,8,convnext_256
157a7cbe-035b-4793-b9c8-05521f4cd4cf.jpg,0,0,data/images/157a7cbe-035b-4793-b9c8-05521f4cd4cf.jpg,True,3,0.038140777,0,7,convnext_256
bf145a17-5860-4014-bc1e-919606aede3e.jpg,1,1,data/images/bf145a17-5860-4014-bc1e-919606aede3e.jpg,True,0,0.960998,1,7,convnext_256
e94e235b-29a0-4972-bb8e-ba1485db4b78.jpg,0,0,data/images/e94e235b-29a0-4972-bb8e-ba1485db4b78.jpg,True,1,0.6627693,1,8,convnext_256
e79783e1-9396-4485-bffc-69da117af7d4.jpg,0,0,data/images/e79783e1-9396-4485-bffc-69da117af7d4.jpg,True,4,0.8525703,1,7,convnext_256
f1c8180f-cdc9-4f5a-b461-ef2ec408ae42.jpg,0,0,data/images/f1c8180f-cdc9-4f5a-b461-ef2ec408ae42.jpg,True,2,0.018123735,0,8,convnext_256
b786823b-6bdd-4cfd-8e56-605b9cc8603f.jpg,1,1,data/images/b786823b-6bdd-4cfd-8e56-605b9cc8603f.jpg,True,0,0.03658287,0,7,convnext_256
5157dcd8-a5f5-4b9c-9795-60a633780453.jpg,1,1,data/images/5157dcd8-a5f5-4b9c-9795-60a633780453.jpg,True,3,0.9717622,1,7,convnext_256
de1f6da7-fa31-404d-90d4-b094746aec73.jpg,1,1,data/images/de1f6da7-fa31-404d-90d4-b094746aec73.jpg,True,1,0.6757802,1,8,convnext_256
a985059c-524f-4b98-b7a7-d31364697c23.jpg,0,0,data/images/a985059c-524f-4b98-b7a7-d31364697c23.jpg,True,1,0.021255858,0,8,convnext_256
0e1804f3-5daf-495b-af6b-05bc8d623ada.jpg,1,1,data/images/0e1804f3-5daf-495b-af6b-05bc8d623ada.jpg,True,2,0.99161184,1,8,convnext_256
50901bef-9bd7-4b52-894c-8bc120e68254.jpg,0,0,data/images/50901bef-9bd7-4b52-894c-8bc120e68254.jpg,True,0,0.10073042,0,7,convnext_256
daa7a4ed-6c3a-4e96-b110-bad22ed8bc60.jpg,1,1,data/images/daa7a4ed-6c3a-4e96-b110-bad22ed8bc60.jpg,True,4,0.9166993,1,7,convnext_256
e37792dd-ab83-4e3d-bea6-1f1136cc1bf6.jpg,1,1,data/images/e37792dd-ab83-4e3d-bea6-1f1136cc1bf6.jpg,True,3,0.9805462,1,7,convnext_256
6f1354f5-86f8-4c8a-b3b3-1a58704b55a9.jpg,0,0,data/images/6f1354f5-86f8-4c8a-b3b3-1a58704b55a9.jpg,True,1,0.019122679,0,8,convnext_256
f3ebf7a4-6406-48a6-ad03-f184fb375d2d.jpg,0,0,data/images/f3ebf7a4-6406-48a6-ad03-f184fb375d2d.jpg,True,2,0.42818218,0,8,convnext_256
5ef49d27-9c65-49ca-8852-65362e9b863f.jpg,1,1,data/images/5ef49d27-9c65-49ca-8852-65362e9b863f.jpg,True,0,0.9784082,1,7,convnext_256
215ec22c-680e-4b21-ade1-e5ac4b3cfd08.jpg,0,0,data/images/215ec22c-680e-4b21-ade1-e5ac4b3cfd08.jpg,True,4,0.011124924,0,7,convnext_256
c324ab1c-3e8b-4ce2-90e6-6da120a720df.jpg,1,1,data/images/c324ab1c-3e8b-4ce2-90e6-6da120a720df.jpg,True,3,0.2407923,0,7,convnext_256
3e9dda8c-edc5-443d-98bb-74c6dce23dcc.jpg,1,1,data/images/3e9dda8c-edc5-443d-98bb-74c6dce23dcc.jpg,True,2,0.9218785,1,8,convnext_256
81399c48-c7ae-4d6b-90d0-9efbc6b05fc8.jpg,1,1,data/images/81399c48-c7ae-4d6b-90d0-9efbc6b05fc8.jpg,True,4,0.9683146,1,7,convnext_256
c9c39717-9461-4c00-8be2-ed84405e64c2.jpg,1,1,data/images/c9c39717-9461-4c00-8be2-ed84405e64c2.jpg,True,3,0.97744215,1,7,convnext_256
c2926ecd-4aed-4c1e-a070-838aa896175a.jpg,0,0,data/images/c2926ecd-4aed-4c1e-a070-838aa896175a.jpg,True,0,0.9693833,1,7,convnext_256
6e91e806-efef-4520-a452-fd0080e355a6.jpg,1,1,data/images/6e91e806-efef-4520-a452-fd0080e355a6.jpg,True,1,0.97686255,1,8,convnext_256
b6667bf4-e849-4a4b-9c34-c6bf3bcbe3b4.jpg,1,1,data/images/b6667bf4-e849-4a4b-9c34-c6bf3bcbe3b4.jpg,True,4,0.9820477,1,7,convnext_256
9530d1e4-247b-4e01-8f38-7d909899a76d.jpg,1,1,data/images/9530d1e4-247b-4e01-8f38-7d909899a76d.jpg,True,1,0.94602937,1,8,convnext_256
9409b477-f6bc-46ec-be19-dd49af8f2552.jpg,0,0,data/images/9409b477-f6bc-46ec-be19-dd49af8f2552.jpg,True,0,0.023596473,0,7,convnext_256
84c1ae45-2482-436c-a579-1cf5088d65e0.jpg,1,1,data/images/84c1ae45-2482-436c-a579-1cf5088d65e0.jpg,True,2,0.9748229,1,8,convnext_256
8b6bd697-1d37-4286-a782-e648677974a0.jpg,0,0,data/images/8b6bd697-1d37-4286-a782-e648677974a0.jpg,True,3,0.045087006,0,7,convnext_256
1ebea36b-a089-49b6-b70e-5a4cbb93c343.jpg,0,0,data/images/1ebea36b-a089-49b6-b70e-5a4cbb93c343.jpg,True,4,0.016689468,0,7,convnext_256
32face08-2206-4eb9-8fe2-44ec6f229654.jpg,0,0,data/images/32face08-2206-4eb9-8fe2-44ec6f229654.jpg,True,1,0.079781845,0,8,convnext_256
a33b6bee-f34b-4b13-98d5-53db2dabedc4.jpg,0,0,data/images/a33b6bee-f34b-4b13-98d5-53db2dabedc4.jpg,True,0,0.040986825,0,7,convnext_256
da5f7e94-d644-45e4-821f-2e20191c5dc7.jpg,1,1,data/images/da5f7e94-d644-45e4-821f-2e20191c5dc7.jpg,True,2,0.9815563,1,8,convnext_256
fd377868-6be6-497f-be20-0139baa43ce4.jpg,0,0,data/images/fd377868-6be6-497f-be20-0139baa43ce4.jpg,True,3,0.018153675,0,7,convnext_256
89e3d4c8-00f6-455c-b1e1-ff4447be6900.jpg,1,1,data/images/89e3d4c8-00f6-455c-b1e1-ff4447be6900.jpg,True,3,0.82649696,1,7,convnext_256
d0db72d8-5ad4-4803-8ff4-4c2f5008b8c2.jpg,0,0,data/images/d0db72d8-5ad4-4803-8ff4-4c2f5008b8c2.jpg,True,1,0.28003487,0,8,convnext_256
d24d5517-aacf-49e2-99a5-edf1a0f0aa53.jpg,0,0,data/images/d24d5517-aacf-49e2-99a5-edf1a0f0aa53.jpg,True,0,0.082268305,0,7,convnext_256
5c3a63b5-e7eb-4ef0-9b3c-880c61f29ae9.jpg,1,1,data/images/5c3a63b5-e7eb-4ef0-9b3c-880c61f29ae9.jpg,True,4,0.9670634,1,7,convnext_256
a191deb4-d345-450b-b812-d684dc6778a7.jpg,1,1,data/images/a191deb4-d345-450b-b812-d684dc6778a7.jpg,True,2,0.97624457,1,8,convnext_256
d3673eaa-4ae5-4a65-aa49-755fb1e2bd14.jpg,1,1,data/images/d3673eaa-4ae5-4a65-aa49-755fb1e2bd14.jpg,True,0,0.974038,1,7,convnext_256
2810ad3e-a616-4162-8759-9a245bfcb28f.jpg,0,0,data/images/2810ad3e-a616-4162-8759-9a245bfcb28f.jpg,True,1,0.02552493,0,8,convnext_256
08d597ca-5547-40cd-b2a9-0af17805a459.jpg,1,1,data/images/08d597ca-5547-40cd-b2a9-0af17805a459.jpg,True,3,0.9728105,1,7,convnext_256
85ed1d01-2ad9-4f1d-bb09-0f938426ffce.jpg,0,0,data/images/85ed1d01-2ad9-4f1d-bb09-0f938426ffce.jpg,True,2,0.022293169,0,8,convnext_256
ee1d5847-30f4-4e08-929a-e8d6c64569f5.jpg,0,0,data/images/ee1d5847-30f4-4e08-929a-e8d6c64569f5.jpg,True,4,0.4713953,0,7,convnext_256
0db2e7e2-d927-4d24-8138-29e5765c7d43.jpg,1,1,data/images/0db2e7e2-d927-4d24-8138-29e5765c7d43.jpg,True,4,0.64246035,1,7,convnext_256
8f5564a5-c2aa-4da6-a613-c6312f4541c7.jpg,0,0,data/images/8f5564a5-c2aa-4da6-a613-c6312f4541c7.jpg,True,0,0.58205193,1,7,convnext_256
84d6e91f-2f78-4b28-aa8c-b0b6268bc648.jpg,1,1,data/images/84d6e91f-2f78-4b28-aa8c-b0b6268bc648.jpg,True,2,0.9656447,1,8,convnext_256
810a2778-7dd6-4d49-8d60-82b8b4ff2781.jpg,1,1,data/images/810a2778-7dd6-4d49-8d60-82b8b4ff2781.jpg,True,3,0.98493564,1,7,convnext_256
ff5407cb-235e-45e5-a73e-5b8de41f6270.jpg,1,1,data/images/ff5407cb-235e-45e5-a73e-5b8de41f6270.jpg,True,1,0.97541887,1,8,convnext_256
2bb478d4-7fa8-45ff-b4ee-b0f5e7732238.jpg,0,0,data/images/2bb478d4-7fa8-45ff-b4ee-b0f5e7732238.jpg,True,1,0.030691871,0,8,convnext_256
3db10689-b51d-4462-ac6b-e7083050ce36.jpg,0,0,data/images/3db10689-b51d-4462-ac6b-e7083050ce36.jpg,True,0,0.019823974,0,7,convnext_256
4c84d74b-2707-4812-965f-d13f1c66e498.jpg,1,1,data/images/4c84d74b-2707-4812-965f-d13f1c66e498.jpg,True,2,0.8403336,1,8,convnext_256
d3fcee02-9304-4e42-8557-d2bab6e50d43.jpg,0,0,data/images/d3fcee02-9304-4e42-8557-d2bab6e50d43.jpg,True,3,0.026680512,0,7,convnext_256
998b7b26-795e-4a76-8055-ee088c01f16b.jpg,1,1,data/images/998b7b26-795e-4a76-8055-ee088c01f16b.jpg,True,4,0.96839494,1,7,convnext_256
d2f21ccc-7532-4453-a9e9-7c2882eff5fe.jpg,1,1,data/images/d2f21ccc-7532-4453-a9e9-7c2882eff5fe.jpg,True,1,0.97425985,1,8,convnext_256
81fa79a8-1193-428d-ab06-6e73f0aee8e6.jpg,0,0,data/images/81fa79a8-1193-428d-ab06-6e73f0aee8e6.jpg,True,0,0.059284452,0,7,convnext_256
064cfa5c-de1d-4a10-963d-e8edc8086fe0.jpg,1,1,data/images/064cfa5c-de1d-4a10-963d-e8edc8086fe0.jpg,True,4,0.13084467,0,7,convnext_256
c781c818-7aa8-4899-8818-cb6e0dc359c7.jpg,1,1,data/images/c781c818-7aa8-4899-8818-cb6e0dc359c7.jpg,True,2,0.9845846,1,8,convnext_256
2cad2dfd-b745-4fb9-9bff-70abfeb1871f.jpg,0,0,data/images/2cad2dfd-b745-4fb9-9bff-70abfeb1871f.jpg,True,3,0.02764845,0,7,convnext_256
bfc3a266-76d0-45c8-b467-d118dcb574c5.jpg,0,0,data/images/bfc3a266-76d0-45c8-b467-d118dcb574c5.jpg,True,0,0.73251194,1,7,convnext_256
1d1dad49-7287-4bb7-aa11-6279e83c715f.jpg,0,0,data/images/1d1dad49-7287-4bb7-aa11-6279e83c715f.jpg,True,4,0.021697074,0,7,convnext_256
40bad3a8-f39e-4392-ab1d-45a72bca092c.jpg,1,1,data/images/40bad3a8-f39e-4392-ab1d-45a72bca092c.jpg,True,3,0.9658708,1,7,convnext_256
6c84678f-d9c8-4971-b4eb-4f0feb7f46a5.jpg,0,0,data/images/6c84678f-d9c8-4971-b4eb-4f0feb7f46a5.jpg,True,2,0.017569326,0,8,convnext_256
4280c874-5b7f-412b-881b-8dff6f1d869f.jpg,0,0,data/images/4280c874-5b7f-412b-881b-8dff6f1d869f.jpg,True,1,0.7635389,1,8,convnext_256
7cfff638-5173-4e69-9cab-1d103864747c.jpg,1,1,data/images/7cfff638-5173-4e69-9cab-1d103864747c.jpg,True,0,0.91382647,1,7,convnext_256
6a59223f-1c2f-427a-b65f-72e234fed57f.jpg,1,1,data/images/6a59223f-1c2f-427a-b65f-72e234fed57f.jpg,True,3,0.34547508,0,7,convnext_256
b85755a5-91d6-4283-b114-d014b1d5c234.jpg,1,1,data/images/b85755a5-91d6-4283-b114-d014b1d5c234.jpg,True,2,0.9562448,1,8,convnext_256
5e92a630-cf54-4c04-a05f-7524ebcc8496.jpg,1,1,data/images/5e92a630-cf54-4c04-a05f-7524ebcc8496.jpg,True,1,0.85746014,1,8,convnext_256
bdad6833-1afc-4486-ac65-4b726d064ca8.jpg,0,0,data/images/bdad6833-1afc-4486-ac65-4b726d064ca8.jpg,True,4,0.010061464,0,7,convnext_256
cccda254-b40a-4922-81a7-2cdf39547877.jpg,1,1,data/images/cccda254-b40a-4922-81a7-2cdf39547877.jpg,True,1,0.972493,1,8,convnext_256
f8157838-0d6f-4d8d-ab18-436457177f64.jpg,0,0,data/images/f8157838-0d6f-4d8d-ab18-436457177f64.jpg,True,4,0.06567849,0,7,convnext_256
544f4b5b-cef5-4c6b-8db3-02ec61126ad1.jpg,0,0,data/images/544f4b5b-cef5-4c6b-8db3-02ec61126ad1.jpg,True,0,0.068483554,0,7,convnext_256
bb667f48-fb7d-48bf-a069-9742b01b3928.jpg,1,1,data/images/bb667f48-fb7d-48bf-a069-9742b01b3928.jpg,True,2,0.96767765,1,8,convnext_256
89cf9792-c5ec-4d19-b27a-47dde05690ed.jpg,1,1,data/images/89cf9792-c5ec-4d19-b27a-47dde05690ed.jpg,True,3,0.9780125,1,7,convnext_256
2598755e-c54e-4c9d-9080-49e3ebe34149.jpg,1,1,data/images/2598755e-c54e-4c9d-9080-49e3ebe34149.jpg,True,0,0.97903574,1,7,convnext_256
0c1f5c83-84f8-4b7f-a09e-0ffecdf9a198.jpg,1,1,data/images/0c1f5c83-84f8-4b7f-a09e-0ffecdf9a198.jpg,True,2,0.97861594,1,8,convnext_256
e4242248-fdf5-4a3d-8932-c745fe011764.jpg,1,1,data/images/e4242248-fdf5-4a3d-8932-c745fe011764.jpg,True,1,0.678403,1,8,convnext_256
df2d4e0c-5f85-43ad-8511-ac97097d6a20.jpg,1,1,data/images/df2d4e0c-5f85-43ad-8511-ac97097d6a20.jpg,True,3,0.9788913,1,7,convnext_256
e1db8928-ce6b-4fbb-a640-7770032f23f9.jpg,0,0,data/images/e1db8928-ce6b-4fbb-a640-7770032f23f9.jpg,True,4,0.041319072,0,7,convnext_256
22994eb6-4d0b-42bb-8f27-f38ef6daf3fc.jpg,0,0,data/images/22994eb6-4d0b-42bb-8f27-f38ef6daf3fc.jpg,True,4,0.067255236,0,7,convnext_256
7958dd82-9e19-4ae3-aeb6-2e22009eaa32.jpg,1,1,data/images/7958dd82-9e19-4ae3-aeb6-2e22009eaa32.jpg,True,3,0.97195214,1,7,convnext_256
f22c9418-fd39-474b-bfe3-b9d27993e1ac.jpg,1,1,data/images/f22c9418-fd39-474b-bfe3-b9d27993e1ac.jpg,True,1,0.97405326,1,8,convnext_256
df5b13e2-91cb-4ea2-bd3b-7cc30328a2e4.jpg,0,0,data/images/df5b13e2-91cb-4ea2-bd3b-7cc30328a2e4.jpg,True,0,0.018481601,0,7,convnext_256
e3f66d65-549b-46a2-9afa-dcb941354394.jpg,1,1,data/images/e3f66d65-549b-46a2-9afa-dcb941354394.jpg,True,2,0.96159077,1,8,convnext_256
bb21201a-01a0-433f-af53-14dbbb7c9cc8.jpg,0,0,data/images/bb21201a-01a0-433f-af53-14dbbb7c9cc8.jpg,True,4,0.022975048,0,7,convnext_256
e93900c0-5f3e-4688-8711-0aa19571cc1a.jpg,0,0,data/images/e93900c0-5f3e-4688-8711-0aa19571cc1a.jpg,True,1,0.5728342,1,8,convnext_256
dc73d1ef-09b3-48f2-81ec-74c6cc83ef7b.jpg,0,0,data/images/dc73d1ef-09b3-48f2-81ec-74c6cc83ef7b.jpg,True,3,0.021679172,0,7,convnext_256
ebfc6b9c-c8f0-4578-b60a-ab0435ab2ec5.jpg,1,1,data/images/ebfc6b9c-c8f0-4578-b60a-ab0435ab2ec5.jpg,True,0,0.963864,1,7,convnext_256
445873e0-f7d7-4d44-971c-d8b5fc3a3e8e.jpg,0,0,data/images/445873e0-f7d7-4d44-971c-d8b5fc3a3e8e.jpg,True,2,0.6446024,1,8,convnext_256
5c6155ee-134a-439b-8c45-a1493fafade8.jpg,0,0,data/images/5c6155ee-134a-439b-8c45-a1493fafade8.jpg,True,3,0.025058877,0,7,convnext_256
5f3a68cd-bc33-4c34-9f45-63b5f6790cb3.jpg,1,1,data/images/5f3a68cd-bc33-4c34-9f45-63b5f6790cb3.jpg,True,4,0.983594,1,7,convnext_256
f61dc496-0e4a-4ba6-b50a-7d733888df65.jpg,1,1,data/images/f61dc496-0e4a-4ba6-b50a-7d733888df65.jpg,True,1,0.94239295,1,8,convnext_256
60e4fb7a-4a53-4d29-a822-4e4cb4062189.jpg,1,1,data/images/60e4fb7a-4a53-4d29-a822-4e4cb4062189.jpg,True,0,0.9761184,1,7,convnext_256
c31591b2-8b6d-4d21-8a67-1898e4c9fcd8.jpg,0,0,data/images/c31591b2-8b6d-4d21-8a67-1898e4c9fcd8.jpg,True,2,0.92337716,1,8,convnext_256
b4274124-4496-4f78-98a5-1721c2a786f7.jpg,0,0,data/images/b4274124-4496-4f78-98a5-1721c2a786f7.jpg,True,3,0.012771616,0,7,convnext_256
6632501c-f8f9-487b-809f-0c31d58e3d30.jpg,0,0,data/images/6632501c-f8f9-487b-809f-0c31d58e3d30.jpg,True,0,0.026364941,0,7,convnext_256
cec56473-1a40-4c12-bae0-c697c48b41c7.jpg,0,0,data/images/cec56473-1a40-4c12-bae0-c697c48b41c7.jpg,True,4,0.04022779,0,7,convnext_256
1adb5001-e50d-4c24-a0f8-b57ed38a2b1c.jpg,1,1,data/images/1adb5001-e50d-4c24-a0f8-b57ed38a2b1c.jpg,True,2,0.11807341,0,8,convnext_256
dab9ede6-79c6-4c04-9f71-4221a5bd6f90.jpg,0,0,data/images/dab9ede6-79c6-4c04-9f71-4221a5bd6f90.jpg,True,1,0.026006218,0,8,convnext_256
1e2669c9-4c12-42c7-9afd-214c6aa584dc.jpg,0,0,data/images/1e2669c9-4c12-42c7-9afd-214c6aa584dc.jpg,True,4,0.71054083,1,7,convnext_256
1fee13ad-ea87-4c13-8c24-ffdeb94a23e2.jpg,1,1,data/images/1fee13ad-ea87-4c13-8c24-ffdeb94a23e2.jpg,True,2,0.9673354,1,8,convnext_256
b445bf78-686d-45be-85be-0a4ac5639178.jpg,0,0,data/images/b445bf78-686d-45be-85be-0a4ac5639178.jpg,True,1,0.022663798,0,8,convnext_256
90c7ecff-212a-4b7c-b58b-285d4308782c.jpg,1,1,data/images/90c7ecff-212a-4b7c-b58b-285d4308782c.jpg,True,3,0.9743009,1,7,convnext_256
cb7396e0-2b67-4790-8e3e-fd0ad5c5916b.jpg,0,0,data/images/cb7396e0-2b67-4790-8e3e-fd0ad5c5916b.jpg,True,0,0.020514045,0,7,convnext_256
e970d98e-a7b2-42f1-97a4-6bcdd5781c8c.jpg,1,1,data/images/e970d98e-a7b2-42f1-97a4-6bcdd5781c8c.jpg,True,0,0.97339916,1,7,convnext_256
ed04c191-aa9e-40b1-80a7-86815fe1cc1e.jpg,0,0,data/images/ed04c191-aa9e-40b1-80a7-86815fe1cc1e.jpg,True,2,0.9389889,1,8,convnext_256
3e127d80-32eb-4d9a-96fa-e309d91db9a4.jpg,0,0,data/images/3e127d80-32eb-4d9a-96fa-e309d91db9a4.jpg,True,1,0.01909817,0,8,convnext_256
530c8c4d-a99d-4fe6-b25e-7698aac5641c.jpg,0,0,data/images/530c8c4d-a99d-4fe6-b25e-7698aac5641c.jpg,True,4,0.017776959,0,7,convnext_256
4a761ffc-9ad5-4390-8c2e-1e1d9ac08374.jpg,1,1,data/images/4a761ffc-9ad5-4390-8c2e-1e1d9ac08374.jpg,True,3,0.9783497,1,7,convnext_256
c9c8a922-3fbe-479d-8675-3db9d94e6038.jpg,1,1,data/images/c9c8a922-3fbe-479d-8675-3db9d94e6038.jpg,True,4,0.9803538,1,7,convnext_256
7335a626-37a1-4781-935c-c13d067e1597.jpg,1,1,data/images/7335a626-37a1-4781-935c-c13d067e1597.jpg,True,3,0.974004,1,7,convnext_256
00329fac-20e5-41f7-92df-05b256fdf9e8.jpg,1,1,data/images/00329fac-20e5-41f7-92df-05b256fdf9e8.jpg,True,1,0.9482534,1,8,convnext_256
9a8b6931-c14c-4d8b-90d9-c7c3dfe8d710.jpg,1,1,data/images/9a8b6931-c14c-4d8b-90d9-c7c3dfe8d710.jpg,True,0,0.98366123,1,7,convnext_256
0278fd3b-26d4-48b2-aef1-5b8f11605bdc.jpg,1,1,data/images/0278fd3b-26d4-48b2-aef1-5b8f11605bdc.jpg,True,2,0.9737805,1,8,convnext_256
cce1d849-9317-40b3-a452-e0a4c07c33a0.jpg,1,1,data/images/cce1d849-9317-40b3-a452-e0a4c07c33a0.jpg,True,4,0.9574998,1,7,convnext_256
71834845-bbb1-4f99-8ed0-d51c2bd8a03e.jpg,1,1,data/images/71834845-bbb1-4f99-8ed0-d51c2bd8a03e.jpg,True,1,0.9762296,1,8,convnext_256
85408e85-ba3f-4e0f-bea6-46f52c1ec0e7.jpg,1,1,data/images/85408e85-ba3f-4e0f-bea6-46f52c1ec0e7.jpg,True,0,0.976274,1,7,convnext_256
a2811a03-75c6-42d5-ae97-902f43f596be.jpg,0,0,data/images/a2811a03-75c6-42d5-ae97-902f43f596be.jpg,True,2,0.017703325,0,8,convnext_256
92c4083a-b84a-4b62-82e4-57ff21bd73fb.jpg,1,1,data/images/92c4083a-b84a-4b62-82e4-57ff21bd73fb.jpg,True,3,0.97280735,1,7,convnext_256
320a00b8-b6f7-47ce-84ff-a9dae18925d1.jpg,0,0,data/images/320a00b8-b6f7-47ce-84ff-a9dae18925d1.jpg,True,2,0.024126265,0,8,convnext_256
91cd295c-d064-4d62-a5fc-01ad5642c60b.jpg,1,1,data/images/91cd295c-d064-4d62-a5fc-01ad5642c60b.jpg,True,3,0.9743498,1,7,convnext_256
f9e10763-b53c-45a3-be48-7efde7d9284d.jpg,0,0,data/images/f9e10763-b53c-45a3-be48-7efde7d9284d.jpg,True,1,0.037433244,0,8,convnext_256
4cfdf3fc-88ac-4ae3-8aa3-5f5625c14a2b.jpg,1,1,data/images/4cfdf3fc-88ac-4ae3-8aa3-5f5625c14a2b.jpg,True,0,0.97141707,1,7,convnext_256
183b437e-f6d5-4284-b09d-cb8421582fa7.jpg,0,0,data/images/183b437e-f6d5-4284-b09d-cb8421582fa7.jpg,True,4,0.10324792,0,7,convnext_256
b637a280-4eaf-4b70-95e5-8ca197f198b5.jpg,1,1,data/images/b637a280-4eaf-4b70-95e5-8ca197f198b5.jpg,True,2,0.97452503,1,8,convnext_256
70504d8a-50fb-441f-a3ee-337335c7e2ef.jpg,0,0,data/images/70504d8a-50fb-441f-a3ee-337335c7e2ef.jpg,True,0,0.9343917,1,7,convnext_256
c9ea4dd9-c0fc-41b2-ba65-2c1c6fe9abc8.jpg,1,1,data/images/c9ea4dd9-c0fc-41b2-ba65-2c1c6fe9abc8.jpg,True,4,0.9710777,1,7,convnext_256
5b11ec57-79bd-4ccb-ac4d-5d10273d20b3.jpg,1,1,data/images/5b11ec57-79bd-4ccb-ac4d-5d10273d20b3.jpg,True,1,0.96723527,1,8,convnext_256
0912c58c-3ece-4640-b225-2462b37a8ea5.jpg,0,0,data/images/0912c58c-3ece-4640-b225-2462b37a8ea5.jpg,True,3,0.016724572,0,7,convnext_256
53d4f524-a29b-451d-a165-dac6d7c32b6a.jpg,0,0,data/images/53d4f524-a29b-451d-a165-dac6d7c32b6a.jpg,True,1,0.01622792,0,8,convnext_256
22a72e3b-7f56-469d-b290-82c853f7538b.jpg,0,0,data/images/22a72e3b-7f56-469d-b290-82c853f7538b.jpg,True,2,0.054312676,0,8,convnext_256
2466de09-95d0-413e-85a7-8c280bf844e1.jpg,0,0,data/images/2466de09-95d0-413e-85a7-8c280bf844e1.jpg,True,0,0.011797116,0,7,convnext_256
09e79872-0c5e-45a8-9e4d-a7884c28cbb9.jpg,0,0,data/images/09e79872-0c5e-45a8-9e4d-a7884c28cbb9.jpg,True,4,0.16551588,0,7,convnext_256
a3469ef8-1851-44d8-af15-2cd9137cc6c9.jpg,1,1,data/images/a3469ef8-1851-44d8-af15-2cd9137cc6c9.jpg,True,3,0.9751262,1,7,convnext_256
9c391f02-de71-4342-b57b-c47a932767ff.jpg,0,0,data/images/9c391f02-de71-4342-b57b-c47a932767ff.jpg,True,0,0.01666905,0,7,convnext_256
ea086093-24bd-407f-8ac3-6641c540bef1.jpg,0,0,data/images/ea086093-24bd-407f-8ac3-6641c540bef1.jpg,True,2,0.6495118,1,8,convnext_256
e32a87e6-3a6e-4f12-b181-f1ae83380686.jpg,1,1,data/images/e32a87e6-3a6e-4f12-b181-f1ae83380686.jpg,True,1,0.9758655,1,8,convnext_256
f58ca88c-0770-48f8-b687-ad680c6daac8.jpg,0,0,data/images/f58ca88c-0770-48f8-b687-ad680c6daac8.jpg,True,4,0.017531442,0,7,convnext_256
86b17671-2870-4e41-b13b-c2b4a23ef99a.jpg,1,1,data/images/86b17671-2870-4e41-b13b-c2b4a23ef99a.jpg,True,3,0.742891,1,7,convnext_256
8ce951ec-4583-4c29-8321-39c0e8d60f0a.jpg,1,1,data/images/8ce951ec-4583-4c29-8321-39c0e8d60f0a.jpg,True,4,0.9613723,1,7,convnext_256
45450be4-986a-41f6-9c71-c8e2136d48ea.jpg,1,1,data/images/45450be4-986a-41f6-9c71-c8e2136d48ea.jpg,True,0,0.9492148,1,7,convnext_256
a8495d60-2e55-4194-be40-8a7932846d2a.jpg,0,0,data/images/a8495d60-2e55-4194-be40-8a7932846d2a.jpg,True,1,0.034390464,0,8,convnext_256
6796e462-ba83-466d-a5e1-074932eb737f.jpg,0,0,data/images/6796e462-ba83-466d-a5e1-074932eb737f.jpg,True,3,0.9206424,1,7,convnext_256
d8ed727d-35f3-48c0-9f2e-aeecaba5175f.jpg,0,0,data/images/d8ed727d-35f3-48c0-9f2e-aeecaba5175f.jpg,True,2,0.025814215,0,8,convnext_256
a8379688-bfbc-4f8f-b0cb-6bd90e191aa0.jpg,1,1,data/images/a8379688-bfbc-4f8f-b0cb-6bd90e191aa0.jpg,True,0,0.89469314,1,7,convnext_256
fbd41180-12d6-409e-a735-87b4b860cfc9.jpg,1,1,data/images/fbd41180-12d6-409e-a735-87b4b860cfc9.jpg,True,4,0.9772379,1,7,convnext_256
29c80be7-0c74-496f-8d8b-45cba3d265f1.jpg,1,1,data/images/29c80be7-0c74-496f-8d8b-45cba3d265f1.jpg,True,2,0.13843481,0,8,convnext_256
0b34b234-d9ab-468a-9f0e-bd1c58dd6b0f.jpg,1,1,data/images/0b34b234-d9ab-468a-9f0e-bd1c58dd6b0f.jpg,True,1,0.9739862,1,8,convnext_256
7708abe7-3c34-4671-bd0a-bfb1911fd79d.jpg,0,0,data/images/7708abe7-3c34-4671-bd0a-bfb1911fd79d.jpg,True,3,0.016622951,0,7,convnext_256
1fd6170a-e23a-43f4-b27d-7701c59cb0f9.jpg,0,0,data/images/1fd6170a-e23a-43f4-b27d-7701c59cb0f9.jpg,True,0,0.9044479,1,7,convnext_256
341c1742-f8ec-4c81-a2f2-cbdedc398982.jpg,1,1,data/images/341c1742-f8ec-4c81-a2f2-cbdedc398982.jpg,True,3,0.9804293,1,7,convnext_256
e1090476-a402-48c9-942e-a1594f42ffdb.jpg,1,1,data/images/e1090476-a402-48c9-942e-a1594f42ffdb.jpg,True,4,0.980357,1,7,convnext_256
c9f1d0ae-fabb-4fca-bdee-9b8445dd4913.jpg,0,0,data/images/c9f1d0ae-fabb-4fca-bdee-9b8445dd4913.jpg,True,2,0.3642221,0,8,convnext_256
46d4ba7d-1b18-4d0b-8325-505f2958e6f6.jpg,0,0,data/images/46d4ba7d-1b18-4d0b-8325-505f2958e6f6.jpg,True,1,0.6768685,1,8,convnext_256
7eee3797-4b59-49d6-a754-db1663656c92.jpg,0,0,data/images/7eee3797-4b59-49d6-a754-db1663656c92.jpg,True,4,0.39430553,0,7,convnext_256
6a0a6b46-f3fd-452b-baba-88ab56e9e2b0.jpg,1,1,data/images/6a0a6b46-f3fd-452b-baba-88ab56e9e2b0.jpg,True,1,0.979274,1,8,convnext_256
5895556d-f28b-494b-9090-4a2a3db37fc8.jpg,0,0,data/images/5895556d-f28b-494b-9090-4a2a3db37fc8.jpg,True,0,0.014611186,0,7,convnext_256
7585261e-4761-44c1-beb5-7f21e5abb862.jpg,0,0,data/images/7585261e-4761-44c1-beb5-7f21e5abb862.jpg,True,3,0.033027243,0,7,convnext_256
48642702-1b32-4f5c-89c7-8f1c8e7c6c58.jpg,1,1,data/images/48642702-1b32-4f5c-89c7-8f1c8e7c6c58.jpg,True,2,0.9767621,1,8,convnext_256
2891fc45-9c1e-4ecb-a715-b124edce3987.jpg,1,1,data/images/2891fc45-9c1e-4ecb-a715-b124edce3987.jpg,True,1,0.80217355,1,8,convnext_256
ca38f1ad-32a7-4b19-8ada-247bd116a3be.jpg,1,1,data/images/ca38f1ad-32a7-4b19-8ada-247bd116a3be.jpg,True,4,0.4333889,0,7,convnext_256
8b08f075-0b70-434d-9838-e9f3a64f815e.jpg,1,1,data/images/8b08f075-0b70-434d-9838-e9f3a64f815e.jpg,True,0,0.98055756,1,7,convnext_256
f242c9d6-d94f-4537-94bc-e0323e5a7742.jpg,1,1,data/images/f242c9d6-d94f-4537-94bc-e0323e5a7742.jpg,True,2,0.97438115,1,8,convnext_256
9c52a965-2966-4fba-b19e-c8825cb1fa00.jpg,0,0,data/images/9c52a965-2966-4fba-b19e-c8825cb1fa00.jpg,True,3,0.00934343,0,7,convnext_256
7127fd3b-605f-4ec7-8b16-860c943fabd8.jpg,1,1,data/images/7127fd3b-605f-4ec7-8b16-860c943fabd8.jpg,True,2,0.9874255,1,8,convnext_256
e64ca40e-47b6-4236-8430-243a74da2b31.jpg,0,0,data/images/e64ca40e-47b6-4236-8430-243a74da2b31.jpg,True,3,0.053100124,0,7,convnext_256
dc1543e3-0461-46b2-9fa7-0803ee4a4b85.jpg,1,1,data/images/dc1543e3-0461-46b2-9fa7-0803ee4a4b85.jpg,True,4,0.9847586,1,7,convnext_256
635abe2f-b3c0-4fd4-b61a-cfaac10a2eec.jpg,1,1,data/images/635abe2f-b3c0-4fd4-b61a-cfaac10a2eec.jpg,True,1,0.31904542,0,8,convnext_256
5e0d05d2-f477-42fb-a401-d5cff6c5e28f.jpg,1,1,data/images/5e0d05d2-f477-42fb-a401-d5cff6c5e28f.jpg,True,0,0.9805377,1,7,convnext_256
29da8001-7d8b-4151-bc3f-7b322fede2ea.jpg,0,0,data/images/29da8001-7d8b-4151-bc3f-7b322fede2ea.jpg,True,1,0.042001512,0,8,convnext_256
b5242f56-4f77-4a10-9480-bdae43654f59.jpg,0,0,data/images/b5242f56-4f77-4a10-9480-bdae43654f59.jpg,True,3,0.020755118,0,7,convnext_256
5fea5443-b544-4257-8b66-8e1f0394ee1a.jpg,1,1,data/images/5fea5443-b544-4257-8b66-8e1f0394ee1a.jpg,True,4,0.7632765,1,7,convnext_256
67f072e3-6708-4db8-b779-a32d4397a99a.jpg,1,1,data/images/67f072e3-6708-4db8-b779-a32d4397a99a.jpg,True,2,0.9884885,1,8,convnext_256
5494a37c-4dbe-48a1-960b-030fe9e3b1b0.jpg,1,1,data/images/5494a37c-4dbe-48a1-960b-030fe9e3b1b0.jpg,True,0,0.97820264,1,7,convnext_256
bb458a1b-63d3-4fca-93d1-682f566f6b0c.jpg,1,1,data/images/bb458a1b-63d3-4fca-93d1-682f566f6b0c.jpg,True,2,0.98530734,1,8,convnext_256
2ca8a04f-4bd0-48f3-a46b-1a12d90ab101.jpg,1,1,data/images/2ca8a04f-4bd0-48f3-a46b-1a12d90ab101.jpg,True,4,0.98106754,1,7,convnext_256
e38d26b1-3495-4ce5-a1af-1a1403f48971.jpg,1,1,data/images/e38d26b1-3495-4ce5-a1af-1a1403f48971.jpg,True,0,0.9699758,1,7,convnext_256
29d5ce6d-dadc-43f8-8cbd-72bbf7e561a1.jpg,0,0,data/images/29d5ce6d-dadc-43f8-8cbd-72bbf7e561a1.jpg,True,3,0.021783406,0,7,convnext_256
6c155d40-9551-481d-816b-b434ab5e4a5a.jpg,0,0,data/images/6c155d40-9551-481d-816b-b434ab5e4a5a.jpg,True,1,0.078961626,0,8,convnext_256
527b10ca-94a3-44b8-879b-8ab1c0bc2e4e.jpg,0,0,data/images/527b10ca-94a3-44b8-879b-8ab1c0bc2e4e.jpg,True,0,0.29180253,0,7,convnext_256
0e68d005-e740-43f3-90f8-076e50225bab.jpg,1,1,data/images/0e68d005-e740-43f3-90f8-076e50225bab.jpg,True,1,0.9759728,1,8,convnext_256
5116640f-343d-40d8-ab34-2fe5b2711f0a.jpg,0,0,data/images/5116640f-343d-40d8-ab34-2fe5b2711f0a.jpg,True,4,0.93726754,1,7,convnext_256
ce9c7e12-e160-44ce-a0d9-9836abca3cae.jpg,1,1,data/images/ce9c7e12-e160-44ce-a0d9-9836abca3cae.jpg,True,2,0.97784775,1,8,convnext_256
0896d9fe-d01e-47e5-941c-d5c3bd1d68be.jpg,0,0,data/images/0896d9fe-d01e-47e5-941c-d5c3bd1d68be.jpg,True,3,0.01273859,0,7,convnext_256
02c89ee0-482b-4c2d-92f2-d6d416e64f55.jpg,1,1,data/images/02c89ee0-482b-4c2d-92f2-d6d416e64f55.jpg,True,0,0.96597457,1,7,convnext_256
dd610e8f-e3dc-4689-b90f-7a2b3f471feb.jpg,1,1,data/images/dd610e8f-e3dc-4689-b90f-7a2b3f471feb.jpg,True,2,0.97577816,1,8,convnext_256
649269c4-6d9a-4396-b945-f963d520d22b.jpg,1,1,data/images/649269c4-6d9a-4396-b945-f963d520d22b.jpg,True,3,0.9816041,1,7,convnext_256
4842ac19-ee07-44ff-b2c8-aaa8ebd22f60.jpg,0,0,data/images/4842ac19-ee07-44ff-b2c8-aaa8ebd22f60.jpg,True,1,0.044720314,0,8,convnext_256
ab6e4c4c-1bd3-48c7-a39c-ef228e004926.jpg,0,0,data/images/ab6e4c4c-1bd3-48c7-a39c-ef228e004926.jpg,True,4,0.02057535,0,7,convnext_256
18dcc9a9-d007-4f23-b08e-fe8fea2bb91a.jpg,0,0,data/images/18dcc9a9-d007-4f23-b08e-fe8fea2bb91a.jpg,True,1,0.25134197,0,8,convnext_256
fb367c7c-b17b-468e-b762-7c9e26b0d505.jpg,1,1,data/images/fb367c7c-b17b-468e-b762-7c9e26b0d505.jpg,True,0,0.9706069,1,7,convnext_256
3e8fa888-5d3f-423f-ad29-7bdf23179737.jpg,0,0,data/images/3e8fa888-5d3f-423f-ad29-7bdf23179737.jpg,True,2,0.95106065,1,8,convnext_256
db6eee6d-ef90-480d-89bf-c635cc7f6e46.jpg,1,1,data/images/db6eee6d-ef90-480d-89bf-c635cc7f6e46.jpg,True,3,0.9613311,1,7,convnext_256
56a4a50d-6245-4b18-bee7-256581157b0f.jpg,1,1,data/images/56a4a50d-6245-4b18-bee7-256581157b0f.jpg,True,4,0.6381625,1,7,convnext_256
5da5c2c5-9cde-4cc8-93c8-a770a739553e.jpg,1,1,data/images/5da5c2c5-9cde-4cc8-93c8-a770a739553e.jpg,True,4,0.9667973,1,7,convnext_256
73a75f50-90aa-4032-a864-0c052e2e6093.jpg,0,0,data/images/73a75f50-90aa-4032-a864-0c052e2e6093.jpg,True,3,0.03594942,0,7,convnext_256
5019b499-bbb1-48ba-ba1d-bfafdf1d8a03.jpg,1,1,data/images/5019b499-bbb1-48ba-ba1d-bfafdf1d8a03.jpg,True,2,0.9853446,1,8,convnext_256
d5b600c7-739a-4908-a221-4348f3203c2a.jpg,1,1,data/images/d5b600c7-739a-4908-a221-4348f3203c2a.jpg,True,1,0.97507894,1,8,convnext_256
663ace63-7255-4ac6-85a1-109d9c0411d2.jpg,0,0,data/images/663ace63-7255-4ac6-85a1-109d9c0411d2.jpg,True,0,0.2757333,0,7,convnext_256
144ec98b-89e6-48b2-82e1-d90fc599215a.jpg,1,1,data/images/144ec98b-89e6-48b2-82e1-d90fc599215a.jpg,True,3,0.98056364,1,7,convnext_256
1bb4b128-d3ba-40db-9ae3-895c6ba578b7.jpg,1,1,data/images/1bb4b128-d3ba-40db-9ae3-895c6ba578b7.jpg,True,2,0.9831835,1,8,convnext_256
60de3b0c-2c08-4a95-a61f-e7326714e689.jpg,0,0,data/images/60de3b0c-2c08-4a95-a61f-e7326714e689.jpg,True,0,0.09375933,0,7,convnext_256
a79517d6-995c-4a74-95f1-30c40ff0324b.jpg,1,1,data/images/a79517d6-995c-4a74-95f1-30c40ff0324b.jpg,True,1,0.9615507,1,8,convnext_256
e396d952-0d66-43df-b973-e7343daf7ef6.jpg,1,1,data/images/e396d952-0d66-43df-b973-e7343daf7ef6.jpg,True,4,0.98277724,1,7,convnext_256
bc2de7cb-d35d-4fde-a554-2ebb8617337f.jpg,0,0,data/images/bc2de7cb-d35d-4fde-a554-2ebb8617337f.jpg,True,0,0.039736234,0,7,convnext_256
d63265ca-93ef-4249-b22c-bd39003b84af.jpg,1,1,data/images/d63265ca-93ef-4249-b22c-bd39003b84af.jpg,True,4,0.98051983,1,7,convnext_256
41778683-ab56-47ef-8e4b-5ef1035cad8c.jpg,1,1,data/images/41778683-ab56-47ef-8e4b-5ef1035cad8c.jpg,True,3,0.97356814,1,7,convnext_256
8be0f8e4-dfb1-4db7-a7da-0e0ad0e5d307.jpg,1,1,data/images/8be0f8e4-dfb1-4db7-a7da-0e0ad0e5d307.jpg,True,1,0.9822146,1,8,convnext_256
9e6400c7-5343-430a-b0a1-504e0c0de3ce.jpg,0,0,data/images/9e6400c7-5343-430a-b0a1-504e0c0de3ce.jpg,True,2,0.2229791,0,8,convnext_256
4facdeac-4f1a-47b0-a398-ade92b67321f.jpg,1,1,data/images/4facdeac-4f1a-47b0-a398-ade92b67321f.jpg,True,0,0.97175705,1,7,convnext_256
49cb7136-9d91-4f38-92cb-391603c3830e.jpg,0,0,data/images/49cb7136-9d91-4f38-92cb-391603c3830e.jpg,True,1,0.019650912,0,8,convnext_256
b33051c2-ecb9-4b04-b913-9f4a8fae6d25.jpg,0,0,data/images/b33051c2-ecb9-4b04-b913-9f4a8fae6d25.jpg,True,4,0.012759356,0,7,convnext_256
ac6b06ef-7181-42b6-9052-624be6327ede.jpg,1,1,data/images/ac6b06ef-7181-42b6-9052-624be6327ede.jpg,True,3,0.973018,1,7,convnext_256
e4aa23de-f35b-440f-acd6-3213339a0065.jpg,1,1,data/images/e4aa23de-f35b-440f-acd6-3213339a0065.jpg,True,2,0.9790906,1,8,convnext_256
94ffa75f-ea63-4d19-8ba4-085b50d6d7ae.jpg,0,0,data/images/94ffa75f-ea63-4d19-8ba4-085b50d6d7ae.jpg,True,3,0.07628324,0,7,convnext_256
3bb7288e-264e-41e9-a548-1fa2751b99bf.jpg,0,0,data/images/3bb7288e-264e-41e9-a548-1fa2751b99bf.jpg,True,0,0.04472954,0,7,convnext_256
bb9827d5-5785-43ff-875d-2216addb111e.jpg,0,0,data/images/bb9827d5-5785-43ff-875d-2216addb111e.jpg,True,1,0.025173463,0,8,convnext_256
3ff0d57a-84e9-40ec-affb-9a63bbe14a44.jpg,1,1,data/images/3ff0d57a-84e9-40ec-affb-9a63bbe14a44.jpg,True,4,0.9762211,1,7,convnext_256
380ffd9a-936e-48e7-b9f8-3251c664d9c9.jpg,1,1,data/images/380ffd9a-936e-48e7-b9f8-3251c664d9c9.jpg,True,2,0.9765644,1,8,convnext_256
129015a2-ff61-42a8-88b7-095247d6ab1b.jpg,0,0,data/images/129015a2-ff61-42a8-88b7-095247d6ab1b.jpg,True,0,0.5518007,1,7,convnext_256
bd69402f-9761-46aa-ab18-2b0b625a0dd1.jpg,1,1,data/images/bd69402f-9761-46aa-ab18-2b0b625a0dd1.jpg,True,3,0.9785003,1,7,convnext_256
0bbba16a-9331-4257-b3f9-a5bc223c2b72.jpg,1,1,data/images/0bbba16a-9331-4257-b3f9-a5bc223c2b72.jpg,True,4,0.9856107,1,7,convnext_256
72ad03d9-0fa6-43ef-88b6-b65f470c1314.jpg,0,0,data/images/72ad03d9-0fa6-43ef-88b6-b65f470c1314.jpg,True,2,0.14000802,0,8,convnext_256
33bc00f3-653e-4331-8c12-4deb7865c5dc.jpg,1,1,data/images/33bc00f3-653e-4331-8c12-4deb7865c5dc.jpg,True,1,0.8219643,1,8,convnext_256
21b39189-5b0b-472d-9ae5-a6dab075d600.jpg,1,1,data/images/21b39189-5b0b-472d-9ae5-a6dab075d600.jpg,True,2,0.7791605,1,8,convnext_256
7820a6fa-d395-4cdf-ac20-1fb7392386c9.jpg,1,1,data/images/7820a6fa-d395-4cdf-ac20-1fb7392386c9.jpg,True,1,0.03245926,0,8,convnext_256
edc38b66-30b7-4457-bfc3-0f690fdf2bff.jpg,0,0,data/images/edc38b66-30b7-4457-bfc3-0f690fdf2bff.jpg,True,4,0.93788093,1,7,convnext_256
248adcb8-b922-4ed3-8909-8fe7ca7add45.jpg,0,0,data/images/248adcb8-b922-4ed3-8909-8fe7ca7add45.jpg,True,0,0.08705616,0,7,convnext_256
293e962b-1672-47ad-ad4e-8c21d1018b20.jpg,0,0,data/images/293e962b-1672-47ad-ad4e-8c21d1018b20.jpg,True,3,0.2850836,0,7,convnext_256
e885b232-9eba-4eac-a021-d26e00912c77.jpg,0,0,data/images/e885b232-9eba-4eac-a021-d26e00912c77.jpg,True,1,0.054360013,0,8,convnext_256
00ac0b0a-75c7-4cdf-9540-cbceed1b8e00.jpg,1,1,data/images/00ac0b0a-75c7-4cdf-9540-cbceed1b8e00.jpg,True,4,0.7113187,1,7,convnext_256
232a5dbe-a007-4312-a0b8-dd5d1347c031.jpg,1,1,data/images/232a5dbe-a007-4312-a0b8-dd5d1347c031.jpg,True,2,0.97000575,1,8,convnext_256
8028afba-c99e-47c1-9ee8-32430fc67f15.jpg,0,0,data/images/8028afba-c99e-47c1-9ee8-32430fc67f15.jpg,True,3,0.0114702135,0,7,convnext_256
b97a1cd7-d3d1-4b81-bdc4-7df8c20f9b4f.jpg,0,0,data/images/b97a1cd7-d3d1-4b81-bdc4-7df8c20f9b4f.jpg,True,0,0.019812042,0,7,convnext_256
f8277933-dec0-4c03-8f16-1e142719ea38.jpg,1,1,data/images/f8277933-dec0-4c03-8f16-1e142719ea38.jpg,True,3,0.79338974,1,7,convnext_256
d30938ff-ae9b-47a0-bf06-3f3b03b13a3d.jpg,1,1,data/images/d30938ff-ae9b-47a0-bf06-3f3b03b13a3d.jpg,True,4,0.019168569,0,7,convnext_256
0adcd9e6-d190-4dd1-ad6a-80e9503d1981.jpg,1,1,data/images/0adcd9e6-d190-4dd1-ad6a-80e9503d1981.jpg,True,1,0.8555769,1,8,convnext_256
b1511e75-d1d7-4b80-bf6b-ca427a27c59e.jpg,1,1,data/images/b1511e75-d1d7-4b80-bf6b-ca427a27c59e.jpg,True,0,0.8491528,1,7,convnext_256
65cc9f35-c06a-42a8-80a9-a322460573c3.jpg,1,1,data/images/65cc9f35-c06a-42a8-80a9-a322460573c3.jpg,True,2,0.9750581,1,8,convnext_256
ca3a8a15-47d5-4785-bd52-0f3fe8aac9b5.jpg,0,0,data/images/ca3a8a15-47d5-4785-bd52-0f3fe8aac9b5.jpg,True,2,0.018648408,0,8,convnext_256
bd8a3e2b-e2a1-4898-8288-f258b66f6015.jpg,1,1,data/images/bd8a3e2b-e2a1-4898-8288-f258b66f6015.jpg,True,0,0.982485,1,7,convnext_256
f13f64ea-f555-4c9b-bba5-7cf831b16219.jpg,0,0,data/images/f13f64ea-f555-4c9b-bba5-7cf831b16219.jpg,True,3,0.014247592,0,7,convnext_256
bed6bcb8-12a2-4fd5-8fc2-558574e12c8f.jpg,1,1,data/images/bed6bcb8-12a2-4fd5-8fc2-558574e12c8f.jpg,True,4,0.93035746,1,7,convnext_256
f9c7e9d3-291f-4fef-a83a-ad2338069037.jpg,1,1,data/images/f9c7e9d3-291f-4fef-a83a-ad2338069037.jpg,True,1,0.8004523,1,8,convnext_256
f65b0134-6ec7-4f0f-b8ff-9edb11a66ac3.jpg,0,0,data/images/f65b0134-6ec7-4f0f-b8ff-9edb11a66ac3.jpg,True,0,0.042144056,0,7,convnext_256
7e1cacb2-6db5-4869-9db5-8d1b4ee3ef48.jpg,1,1,data/images/7e1cacb2-6db5-4869-9db5-8d1b4ee3ef48.jpg,True,2,0.96913147,1,8,convnext_256
627d1c8c-cfc5-4c77-b6bb-5380598169b0.jpg,1,1,data/images/627d1c8c-cfc5-4c77-b6bb-5380598169b0.jpg,True,1,0.97300905,1,8,convnext_256
6d94eec0-a35b-46c8-babc-caca261091c5.jpg,0,0,data/images/6d94eec0-a35b-46c8-babc-caca261091c5.jpg,True,3,0.35631683,0,7,convnext_256
41175a7b-7e1f-4320-911e-2486084d7422.jpg,1,1,data/images/41175a7b-7e1f-4320-911e-2486084d7422.jpg,True,4,0.97217137,1,7,convnext_256
1ad2ee30-fde3-410c-81a3-90248a667d65.jpg,1,1,data/images/1ad2ee30-fde3-410c-81a3-90248a667d65.jpg,True,4,0.9760953,1,7,convnext_256
5ce51cb5-d9ad-4d03-8029-af7529a64adf.jpg,1,1,data/images/5ce51cb5-d9ad-4d03-8029-af7529a64adf.jpg,True,2,0.6913376,1,8,convnext_256
629c5e85-7303-4a50-815c-a660952827a6.jpg,0,0,data/images/629c5e85-7303-4a50-815c-a660952827a6.jpg,True,3,0.012413774,0,7,convnext_256
76988b20-4abe-425a-9043-3bc35f5a8725.jpg,0,0,data/images/76988b20-4abe-425a-9043-3bc35f5a8725.jpg,True,0,0.018274935,0,7,convnext_256
0015c68f-d474-46df-baeb-7a7ea49488bf.jpg,0,0,data/images/0015c68f-d474-46df-baeb-7a7ea49488bf.jpg,True,1,0.035950094,0,8,convnext_256
a8413559-98dc-4eeb-bc68-e85bb1275c48.jpg,1,1,data/images/a8413559-98dc-4eeb-bc68-e85bb1275c48.jpg,True,3,0.98741895,1,7,convnext_256
60aa3d96-001b-4fcd-a0b9-0c3f892a6c75.jpg,1,1,data/images/60aa3d96-001b-4fcd-a0b9-0c3f892a6c75.jpg,True,1,0.9804857,1,8,convnext_256
bfba3cf3-2cee-4527-849b-337a6c6cbf40.jpg,0,0,data/images/bfba3cf3-2cee-4527-849b-337a6c6cbf40.jpg,True,0,0.03174282,0,7,convnext_256
f241c7cc-2834-4e2e-8c47-ad43516b37c4.jpg,0,0,data/images/f241c7cc-2834-4e2e-8c47-ad43516b37c4.jpg,True,4,0.24775216,0,7,convnext_256
61556cb6-1412-4f51-a457-8aaf05f46ac4.jpg,0,0,data/images/61556cb6-1412-4f51-a457-8aaf05f46ac4.jpg,True,2,0.016467974,0,8,convnext_256
0947d98f-d197-49df-94b7-0edff52af2cb.jpg,1,1,data/images/0947d98f-d197-49df-94b7-0edff52af2cb.jpg,True,2,0.9755316,1,8,convnext_256
fe75b3d0-47d1-4045-9e4c-f2beeb605a9a.jpg,1,1,data/images/fe75b3d0-47d1-4045-9e4c-f2beeb605a9a.jpg,True,3,0.9786709,1,7,convnext_256
594b0b5c-1a6e-4bf5-9012-9eb72937ea74.jpg,1,1,data/images/594b0b5c-1a6e-4bf5-9012-9eb72937ea74.jpg,True,4,0.9577635,1,7,convnext_256
abf03f13-0d25-4801-8c56-c1ca93a6bb48.jpg,0,0,data/images/abf03f13-0d25-4801-8c56-c1ca93a6bb48.jpg,True,0,0.021284897,0,7,convnext_256
1f3c35b6-95a6-49ad-a760-2c9b76bacb0e.jpg,1,1,data/images/1f3c35b6-95a6-49ad-a760-2c9b76bacb0e.jpg,True,1,0.96780115,1,8,convnext_256
c9e3962a-e505-4604-8b4d-138d2ed2c3bc.jpg,1,1,data/images/c9e3962a-e505-4604-8b4d-138d2ed2c3bc.jpg,True,3,0.90710837,1,7,convnext_256
c2dba1a5-81b3-4a8e-9c83-c712a463f1e1.jpg,0,0,data/images/c2dba1a5-81b3-4a8e-9c83-c712a463f1e1.jpg,True,4,0.047421694,0,7,convnext_256
e38c09a4-5483-4e84-9680-b94cda9ce289.jpg,1,1,data/images/e38c09a4-5483-4e84-9680-b94cda9ce289.jpg,True,0,0.9631428,1,7,convnext_256
5c812289-4fd1-46a5-b701-05cfdcd4ec0a.jpg,0,0,data/images/5c812289-4fd1-46a5-b701-05cfdcd4ec0a.jpg,True,1,0.033280402,0,8,convnext_256
4f464dcd-7ef3-4163-9a04-8d6e34d8f47f.jpg,0,0,data/images/4f464dcd-7ef3-4163-9a04-8d6e34d8f47f.jpg,True,2,0.109773144,0,8,convnext_256
fb91dda4-1130-4eef-a1fd-3a1d367b6c88.jpg,0,0,data/images/fb91dda4-1130-4eef-a1fd-3a1d367b6c88.jpg,True,3,0.7603696,1,7,convnext_256
2804e8f5-4aa9-44ac-9573-d185d1994b27.jpg,1,1,data/images/2804e8f5-4aa9-44ac-9573-d185d1994b27.jpg,True,4,0.9759932,1,7,convnext_256
536933d2-f2c0-4344-ba47-7c2056a04359.jpg,0,0,data/images/536933d2-f2c0-4344-ba47-7c2056a04359.jpg,True,0,0.023723729,0,7,convnext_256
7d1d00f0-55da-49ea-9eac-d2e88f9b46a7.jpg,1,1,data/images/7d1d00f0-55da-49ea-9eac-d2e88f9b46a7.jpg,True,1,0.9651553,1,8,convnext_256
180b7324-f469-4968-bfbb-173cd6d367df.jpg,0,0,data/images/180b7324-f469-4968-bfbb-173cd6d367df.jpg,True,2,0.01321794,0,8,convnext_256
c4bd3794-5b48-4b23-8009-a7bd0e354fac.jpg,0,0,data/images/c4bd3794-5b48-4b23-8009-a7bd0e354fac.jpg,True,2,0.069342785,0,8,convnext_256
a191d70b-99d0-4452-8e56-9842aeee6da8.jpg,1,1,data/images/a191d70b-99d0-4452-8e56-9842aeee6da8.jpg,True,4,0.9740046,1,7,convnext_256
6191bd03-cb55-48ce-ac84-edef0b1457a3.jpg,0,0,data/images/6191bd03-cb55-48ce-ac84-edef0b1457a3.jpg,True,1,0.8877688,1,8,convnext_256
ae5b902b-6f3b-4c4b-a1a7-f6ecf9bde683.jpg,0,0,data/images/ae5b902b-6f3b-4c4b-a1a7-f6ecf9bde683.jpg,True,0,0.018445155,0,7,convnext_256
bf8232fd-d56e-437b-bafc-91f501534ef4.jpg,0,0,data/images/bf8232fd-d56e-437b-bafc-91f501534ef4.jpg,True,3,0.030881455,0,7,convnext_256
20f61be5-9bbb-4eac-b852-f0d2017d73d4.jpg,0,0,data/images/20f61be5-9bbb-4eac-b852-f0d2017d73d4.jpg,True,4,0.14501172,0,7,convnext_256
d59aec8c-96d5-4d6b-8b8d-1638757e7728.jpg,1,1,data/images/d59aec8c-96d5-4d6b-8b8d-1638757e7728.jpg,True,2,0.98187685,1,8,convnext_256
4359ea35-8bc5-44a1-a3f4-c6feaad5b38b.jpg,0,0,data/images/4359ea35-8bc5-44a1-a3f4-c6feaad5b38b.jpg,True,0,0.017912213,0,7,convnext_256
bfa5eaa4-268e-4156-8e16-075d7badaebe.jpg,0,0,data/images/bfa5eaa4-268e-4156-8e16-075d7badaebe.jpg,True,3,0.02391211,0,7,convnext_256
f7b96a50-8d7b-4393-b6fc-8516c715c825.jpg,1,1,data/images/f7b96a50-8d7b-4393-b6fc-8516c715c825.jpg,True,1,0.9021223,1,8,convnext_256
e495eb06-1447-4887-afd1-28eead90b759.jpg,0,0,data/images/e495eb06-1447-4887-afd1-28eead90b759.jpg,True,4,0.025527528,0,7,convnext_256
fe53fb29-def1-441a-aba4-1b51d8a634fb.jpg,0,0,data/images/fe53fb29-def1-441a-aba4-1b51d8a634fb.jpg,True,3,0.020628875,0,7,convnext_256
a324f3eb-b125-4c6b-9d69-d451d3b639d3.jpg,1,1,data/images/a324f3eb-b125-4c6b-9d69-d451d3b639d3.jpg,True,2,0.972357,1,8,convnext_256
3014bbf4-0e94-45cb-b1da-36613bd23588.jpg,0,0,data/images/3014bbf4-0e94-45cb-b1da-36613bd23588.jpg,True,1,0.02709728,0,8,convnext_256
ad41b167-46e7-492c-b4a3-69102f81e727.jpg,0,0,data/images/ad41b167-46e7-492c-b4a3-69102f81e727.jpg,True,0,0.023699723,0,7,convnext_256
52e058c0-2c73-42c1-8f7b-57b08c8e9637.jpg,1,1,data/images/52e058c0-2c73-42c1-8f7b-57b08c8e9637.jpg,True,3,0.95459646,1,7,convnext_256
0279c669-5a6f-4ec7-b4d7-52ffe87e7e37.jpg,1,1,data/images/0279c669-5a6f-4ec7-b4d7-52ffe87e7e37.jpg,True,0,0.98126906,1,7,convnext_256
74fcd0f0-094e-4789-893d-80e8750c2650.jpg,0,0,data/images/74fcd0f0-094e-4789-893d-80e8750c2650.jpg,True,4,0.041243274,0,7,convnext_256
04d03884-0898-425a-ba62-1f7b5416a831.jpg,1,1,data/images/04d03884-0898-425a-ba62-1f7b5416a831.jpg,True,2,0.9696073,1,8,convnext_256
a22aa119-9c24-47db-a7f2-c87af4a89d5a.jpg,0,0,data/images/a22aa119-9c24-47db-a7f2-c87af4a89d5a.jpg,True,1,0.019391447,0,8,convnext_256
bfcb8b7b-2744-4a09-82b5-bc0cc7ad4000.jpg,0,0,data/images/bfcb8b7b-2744-4a09-82b5-bc0cc7ad4000.jpg,True,0,0.027766323,0,7,convnext_256
b9436d44-e3b6-4d43-b843-0860148c5575.jpg,1,1,data/images/b9436d44-e3b6-4d43-b843-0860148c5575.jpg,True,1,0.97889185,1,8,convnext_256
92dd4a6d-3c29-4f21-add1-1e3c7b24fdda.jpg,1,1,data/images/92dd4a6d-3c29-4f21-add1-1e3c7b24fdda.jpg,True,2,0.9749985,1,8,convnext_256
9d1330f1-1953-432d-84b7-9734371f4375.jpg,0,0,data/images/9d1330f1-1953-432d-84b7-9734371f4375.jpg,True,4,0.020946035,0,7,convnext_256
0560bdcd-24cd-4df0-ae25-e1083436f579.jpg,0,0,data/images/0560bdcd-24cd-4df0-ae25-e1083436f579.jpg,True,3,0.024225064,0,7,convnext_256
6054db04-4dd9-43b7-9c27-67d82e5eea86.jpg,0,0,data/images/6054db04-4dd9-43b7-9c27-67d82e5eea86.jpg,True,1,0.24066845,0,8,convnext_256
62782a28-479e-4f04-986b-d0a82e0a9784.jpg,0,0,data/images/62782a28-479e-4f04-986b-d0a82e0a9784.jpg,True,3,0.016181542,0,7,convnext_256
f7beaeb3-a8f5-48b8-90a1-01e1eb823c77.jpg,0,0,data/images/f7beaeb3-a8f5-48b8-90a1-01e1eb823c77.jpg,True,2,0.37404966,0,8,convnext_256
96c2e804-353a-4c2f-ac75-5ab9354cb9a2.jpg,1,1,data/images/96c2e804-353a-4c2f-ac75-5ab9354cb9a2.jpg,True,4,0.97038335,1,7,convnext_256
d4c2d9ca-3be7-4bfd-925f-681635368a94.jpg,0,0,data/images/d4c2d9ca-3be7-4bfd-925f-681635368a94.jpg,True,0,0.018229121,0,7,convnext_256
9cb5fe8c-16a8-4455-8cff-969e5293a7f9.jpg,0,0,data/images/9cb5fe8c-16a8-4455-8cff-969e5293a7f9.jpg,True,3,0.01815643,0,7,convnext_256
f9c39c23-729a-4e80-8d75-c9c2322b59d1.jpg,1,1,data/images/f9c39c23-729a-4e80-8d75-c9c2322b59d1.jpg,True,1,0.97542614,1,8,convnext_256
ea930e3d-25fc-4a97-91b5-c2bc3d993de4.jpg,0,0,data/images/ea930e3d-25fc-4a97-91b5-c2bc3d993de4.jpg,True,0,0.07984907,0,7,convnext_256
91f802cd-b76e-435b-82c1-0a6b54f2550b.jpg,0,0,data/images/91f802cd-b76e-435b-82c1-0a6b54f2550b.jpg,True,2,0.017281987,0,8,convnext_256
190fa060-49f6-40a9-8281-644456688b92.jpg,0,0,data/images/190fa060-49f6-40a9-8281-644456688b92.jpg,True,4,0.026352845,0,7,convnext_256
