image_id,label,conv_prob,eff_prob,ensemble_prob,ensemble_pred_label
a5f86ae3-b2f3-4026-b5e4-bb918d902c9a.jpg,1,0.9800639,0.97382814,0.97694602,1
c954e18f-8ab3-4bff-91d7-a0d7ff000e51.jpg,0,0.018167343,0.0074385363,0.01280293965,0
1c5fb5d5-75e0-431f-a03e-e50026f23fe3.jpg,0,0.028183637,0.019867782,0.0240257095,0
5755fdb9-e87b-4d1e-bc3e-3a415a4482b0.jpg,1,0.9779308,0.9939375,0.9859341500000001,1
e7ea0752-f24a-4dac-926c-371fda631a0f.jpg,1,0.9664524,0.4914962,0.7289743,1
d2d2b5e1-3e66-41b1-96d1-93a16f7d657a.jpg,1,0.9701599,0.21018901,0.590174455,1
c83a1e71-ffe7-46a1-9ec5-b235357c3e39.jpg,0,0.036382068,0.024130613,0.0302563405,0
fd0dd104-7300-4da3-a46f-6980531ead33.jpg,1,0.9797538,0.95606154,0.96790767,1
6a8eb48f-5a90-4606-9eae-08cfc637b39b.jpg,0,0.023479443,0.012550202,0.0180148225,0
cdc7b8e5-1609-4f88-a20d-0dd321f8f489.jpg,0,0.53098124,0.9160138,0.72349752,1
56b718b3-2f41-4331-a8d8-13fa11439752.jpg,0,0.063677005,0.04446635,0.0540716775,0
5c754abd-97cd-446e-a8a6-612f94657b37.jpg,1,0.545772,0.6991985,0.62248525,1
962a6f30-0f03-4ff8-b642-92cd37d8349c.jpg,0,0.93079805,0.28782636,0.609312205,1
291ddd03-aed3-4689-aeab-f53c76fc76b9.jpg,0,0.1393301,0.056592796,0.097961448,0
a68060d9-afb8-44be-b5dd-2bdb1183efb6.jpg,1,0.9809382,0.8888173,0.9348777500000001,1
3181a00e-2de2-477e-a8a1-6e9544798963.jpg,0,0.027542273,0.004241658,0.0158919655,0
826958f4-16f0-42e1-8adf-d25a0c8e900a.jpg,0,0.02748648,0.052214995,0.0398507375,0
c4f12410-102f-4311-98b4-0db3259e25dc.jpg,1,0.975579,0.634337,0.8049580000000001,1
1a4c2a7e-9dc9-4d95-8719-b78f384af12c.jpg,0,0.029119087,0.04715363,0.0381363585,0
f07473e3-9a1c-4d64-b8c2-c2ddb89f6848.jpg,0,0.010176808,0.008637913,0.0094073605,0
8c38ad8d-ced4-4c93-ba65-9e1c40cecea3.jpg,1,0.80907923,0.48843914,0.6487591850000001,1
d18a3646-048b-4a43-93ec-3590187584d5.jpg,1,0.989268,0.98878956,0.9890287799999999,1
f12d9916-e697-40bf-8336-08284672bc55.jpg,1,0.97033936,0.94094664,0.955643,1
8ebd946c-cc58-4711-8126-273f04ae8f18.jpg,1,0.6597405,0.26506776,0.46240412999999997,0
422b1dd5-5112-459d-90d5-d935023a1d24.jpg,1,0.9747874,0.96706367,0.970925535,1
ad7ee347-ec2f-4538-abfa-b624e6c82873.jpg,1,0.9338563,0.8319404,0.88289835,1
cfdc352a-bc56-4377-967c-912a733b60c3.jpg,0,0.19067903,0.4565578,0.323618415,0
703d2c3a-e388-4142-bab8-acea5df570fa.jpg,1,0.97616893,0.9782551,0.9772120150000001,1
2c2a4755-63e2-4bc0-b08d-ce68e34d02cf.jpg,1,0.98305756,0.86950004,0.9262788,1
f04237b1-eb33-469d-9123-32304c2f01e0.jpg,1,0.25377804,0.20672597,0.23025200499999998,0
edb98d28-4c16-42ed-b50b-1d1af1f2475f.jpg,0,0.8714914,0.20930839,0.540399895,1
451c68b0-1002-41a9-acb0-d64852d4556d.jpg,1,0.95481944,0.9639677,0.95939357,1
ba68ae77-72fc-42d5-b650-6a9e83e3cab8.jpg,0,0.09173931,0.118702784,0.10522104700000001,0
30c838bf-5369-4fb7-87b2-c54f614c6fd4.jpg,1,0.9680874,0.9164091,0.94224825,1
bbf1864c-98a2-4f21-9f29-c43383120638.jpg,0,0.8921538,0.9644676,0.9283106999999999,1
1df3d0b5-eeac-41d8-a1a3-e434b92c6f58.jpg,0,0.019608112,0.011939207,0.015773659500000002,0
945f9ea7-13eb-4c4a-96c3-f955278e5def.jpg,1,0.5279866,0.9444055,0.73619605,1
04680b17-eb0b-4633-8575-1fb449c78e7a.jpg,1,0.9859672,0.9882541,0.98711065,1
8eb3cdfd-d1d8-4c64-869b-e6b54b5a4f5e.jpg,1,0.88990307,0.4443165,0.6671097850000001,1
32359080-8693-4053-b1f5-0abaff86f308.jpg,0,0.03480315,0.031009758,0.032906454,0
d320a4d6-946d-446d-a8af-b46892a563dd.jpg,1,0.9297257,0.8532796,0.8915026500000001,1
b95b619e-cff1-4fd9-8dd1-4a5a27f6242d.jpg,0,0.20927452,0.31365842,0.26146647,0
4dbedb5a-3f7c-4a8b-a3cd-60b1fdb51194.jpg,1,0.70276785,0.18732853,0.44504818999999995,0
b430db3d-abb0-42d1-9db0-f0bc0376324c.jpg,1,0.9828743,0.980624,0.98174915,1
8e3ddd0a-e286-4b3d-863e-9a84edacf9d3.jpg,1,0.73658717,0.811452,0.774019585,1
23f4a446-5233-4284-8e33-fefa16cde080.jpg,1,0.9738568,0.9526584,0.9632575999999999,1
0aacbe5d-bce8-40bd-9886-41f23c3ed21e.jpg,0,0.030338483,0.057699423,0.044018953,0
48c098b3-ad7d-4769-a383-508ad54ed823.jpg,0,0.026591728,0.24362557,0.135108649,0
47788966-7dcb-4c20-8baa-6516f9a493bd.jpg,0,0.024877256,0.0061694984,0.0155233772,0
7c9d607e-192b-42bd-b34f-f13cd8d066ea.jpg,1,0.9806127,0.96897393,0.974793315,1
a98c8f3b-a1b7-46ba-baa7-91bf8094b793.jpg,1,0.9722315,0.4092005,0.690716,1
a4f522b8-bc30-4eba-b620-8402441ab72b.jpg,1,0.94694626,0.83217454,0.8895604,1
79fa83e6-e151-4e95-b9a2-788287e5d69b.jpg,0,0.0292936,0.035851613,0.0325726065,0
828b77bc-aefa-4254-8c8a-b3b7a4ae7a2d.jpg,0,0.020899028,0.024851773,0.0228754005,0
ef40129a-eb63-43ec-a159-4d37af527ccb.jpg,1,0.97965103,0.9363796,0.9580153149999999,1
851bd486-98a8-410b-be6e-149a6332af33.jpg,1,0.46637323,0.30126128,0.383817255,0
68de9d0d-fc79-4ba1-bd98-834f3f44af49.jpg,0,0.5850927,0.590895,0.5879938499999999,1
4b8f45e1-fae1-42ff-8cf9-2f8f411c6917.jpg,0,0.043865126,0.059068438,0.051466782,0
1b08f3ab-70ad-4720-81fd-499508ab643e.jpg,1,0.96868885,0.9793037,0.973996275,1
b9a8f8aa-deb1-49d5-a5ff-bf3ac7828a4d.jpg,0,0.6503777,0.20281017,0.426593935,0
50445a85-0789-4cbd-942a-c0eb942a19a1.jpg,0,0.41610134,0.015328248,0.215714794,0
e2981aa2-3669-4a1b-b0ad-6974f01afeaa.jpg,1,0.9772208,0.97352535,0.975373075,1
e994e528-f150-4803-b316-0193f4cf33bd.jpg,0,0.051992938,0.10263283,0.077312884,0
689b0df1-7b47-4af6-b25b-267feb6cccc2.jpg,1,0.9522546,0.9566305,0.95444255,1
dad7544e-dd63-472e-86e5-294a5207784e.jpg,1,0.9778041,0.9610148,0.9694094499999999,1
a386eb7b-5c30-4f7d-9943-8fb0bf2b6f3a.jpg,0,0.08904727,0.039287157,0.0641672135,0
87eb3967-ebe4-4be2-807e-395ac9dbef90.jpg,1,0.9833122,0.9242826,0.9537974,1
55124e35-a985-42f4-8f98-1310dd9106fc.jpg,1,0.97858524,0.9387633,0.9586742699999999,1
70472979-8ff9-403d-a607-e13db35a1bf4.jpg,1,0.96638006,0.8809417,0.92366088,1
b162b85a-1272-4ce8-b46c-68602c39c4e8.jpg,0,0.1781098,0.008067714,0.09308875700000001,0
b320b150-d193-4f75-89af-873d2dbadb1a.jpg,1,0.948477,0.60169685,0.775086925,1
0967c5f4-28ea-41d8-a7cc-067e5139cc61.jpg,0,0.047132242,0.18986565,0.118498946,0
d88ffaf6-defb-4327-ade8-728c1680a965.jpg,1,0.6601042,0.38825443,0.524179315,1
cfbee7db-097b-4c17-9ef1-36190150819f.jpg,0,0.93265617,0.40080324,0.6667297050000001,1
c0760163-8728-472a-b560-0f0af37d67d1.jpg,0,0.013540643,0.0116358185,0.01258823075,0
5799d65e-62db-42ef-acfb-fdea69aa255e.jpg,0,0.16384046,0.091990314,0.127915387,0
fb98a8ed-9ec0-447a-85d0-f89733c2426c.jpg,1,0.97968906,0.9045476,0.94211833,1
725ff707-3a4a-4e76-85dd-9fd52177035e.jpg,1,0.016814824,0.03353783,0.025176327,0
d110627c-1d02-4464-a010-d947180a464a.jpg,0,0.037468404,0.06539574,0.051432071999999995,0
5a13a923-fcca-449b-ba9c-dec6cfcf2be0.jpg,0,0.014227655,0.011312567,0.012770111,0
fcc73331-ec40-4213-905d-ac944127992e.jpg,0,0.8431557,0.32951078,0.58633324,1
599c551a-0c3d-44c5-b20f-5778e501d44c.jpg,1,0.13991468,0.9596204,0.54976754,1
64b6d155-4e9a-4292-b623-9b08246eaa82.jpg,1,0.9689558,0.9875239,0.97823985,1
48e820fd-f4dc-4fd8-b66a-d512ca5d1fde.jpg,1,0.9756157,0.9231909,0.9494033,1
41f66047-05f5-45b0-bc5c-7cc5fdf48475.jpg,1,0.94139946,0.54455256,0.74297601,1
9d479678-66ca-4f13-8b4a-e267089498eb.jpg,1,0.10197221,0.44658643,0.27427932,0
a194aca1-4935-41c2-9e36-efd4a1a0aa9d.jpg,1,0.9889952,0.9376345,0.96331485,1
26103acc-b7b6-46fd-beb0-427f3783a627.jpg,0,0.03198611,0.024736375,0.0283612425,0
eb4958d8-077f-4583-9b69-b2a33ee38ef1.jpg,1,0.8864346,0.1748764,0.5306555,1
38f2a643-499c-44bd-9039-8e6f2cedc235.jpg,0,0.02298803,0.1745226,0.098755315,0
6141f8cc-21d8-4d32-be4e-0c41128fc08b.jpg,1,0.983024,0.9823682,0.9826961000000001,1
3daca677-1cc2-43ad-b2cb-36fd7b4ccf1b.jpg,1,0.9578336,0.2830857,0.6204596499999999,1
4103491e-7959-46e6-a8de-78334167b06a.jpg,0,0.02869154,0.028912434,0.028801987,0
86855c69-0098-4e54-b039-6c3ac614ad3e.jpg,0,0.020744573,0.01643174,0.0185881565,0
f508bfc0-9cdb-4a8a-936a-20717c2ad311.jpg,0,0.17064847,0.011178369,0.0909134195,0
31a304b8-49ad-4bf1-8434-81a5433631f2.jpg,0,0.015463577,0.009304689,0.012384132999999999,0
67c06f73-3ac2-4d66-9d29-eef24839283d.jpg,1,0.93738306,0.8418763,0.8896296800000001,1
93740930-ad87-4023-b453-ae897b255396.jpg,1,0.91919607,0.95503163,0.93711385,1
8b96ccb7-06b0-4613-b764-2f43855900b7.jpg,0,0.4892404,0.94031113,0.714775765,1
63c3f064-37bc-47ea-a5fe-14c046146099.jpg,1,0.8209769,0.98670524,0.90384107,1
86bfe256-cc45-4ee7-8315-2bfd4c551f8a.jpg,0,0.8105558,0.06577415,0.438164975,0
d06cab63-517e-471f-b4fb-5d56db2b0da4.jpg,0,0.09845206,0.0249315,0.061691779999999995,0
8e8ca7ab-b719-4efd-8c33-a09b5d4cffc6.jpg,0,0.015940234,0.271385,0.143662617,0
7a8ffe0c-ce95-4412-945f-a433103e79cd.jpg,0,0.10966457,0.035664283,0.0726644265,0
b8acff07-76d1-4300-bdab-d263766fe4c2.jpg,0,0.039627176,0.14479598,0.09221157799999999,0
f22835b2-c056-4edc-ac3c-8659fb3bb855.jpg,0,0.040236082,0.62705475,0.333645416,0
fa726b53-a7a9-436c-ade2-8fd72326ecc0.jpg,0,0.017235871,0.036335494,0.0267856825,0
4caadc18-4bf7-4a8b-b580-71fb39be3df2.jpg,1,0.9685773,0.97497493,0.9717761149999999,1
68205e62-d89b-4d03-acb0-66c808c9b0ec.jpg,0,0.022514358,0.011998788,0.017256573,0
1bea7d77-1cfc-4827-88b2-ad96cb944f20.jpg,1,0.85851187,0.9845302,0.921521035,1
6fa802d9-826e-44f3-9f67-fc64cea48e23.jpg,1,0.66672814,0.08243823,0.374583185,0
63e95b50-e03b-4ada-8f3e-94b409665fe3.jpg,0,0.03353745,0.0811035,0.057320474999999996,0
649ac143-8c7b-49f9-9a36-11ab1438247c.jpg,1,0.98199916,0.976704,0.97935158,1
0a19e1e9-2e45-43e3-9608-af7d8c7a170d.jpg,0,0.20011984,0.07160125,0.135860545,0
4d60c986-bfbc-4e83-acfd-f73482932f71.jpg,0,0.18388884,0.23377511,0.208831975,0
f3b3f457-4bd0-47d7-a705-bc1f19991092.jpg,1,0.9801048,0.95842874,0.9692667699999999,1
2e5b170f-903e-48ea-9912-1d84e5fb1529.jpg,1,0.974238,0.98442626,0.97933213,1
6359b071-68ae-4da4-824b-ebc919b69986.jpg,1,0.03984756,0.013125384,0.026486471999999997,0
ba683b46-5683-40fa-a674-74c7a2663859.jpg,1,0.96404946,0.62299716,0.7935233100000001,1
7d84d462-9f23-4d88-9a3e-a883c58f0b4d.jpg,0,0.7224803,0.15496431,0.438722305,0
8e84c51e-b115-4393-ae5f-030e3a9cb953.jpg,1,0.98132575,0.96230215,0.97181395,1
5d8b1e0e-2892-4abf-8e1b-fbef4254f76a.jpg,0,0.98099935,0.817408,0.8992036750000001,1
b8eb87c8-957b-46c6-8405-470096cc149d.jpg,1,0.9540079,0.9239432,0.93897555,1
1e24ceea-ee4d-4b0f-80c6-79e4389b697b.jpg,0,0.43070883,0.07139005,0.25104944,0
74f1cabf-82eb-4a70-8ec4-45ee94b4c2e7.jpg,0,0.023785543,0.0073417528,0.0155636479,0
e9957479-09e0-4cdd-ba0b-e62117658ee0.jpg,0,0.032225024,0.0090098465,0.02061743525,0
68dd91bb-8873-4800-b0a7-6f7135c79cfa.jpg,0,0.021557705,0.028005185,0.024781445,0
0052c3ee-247e-49af-970f-144c2a498ea0.jpg,0,0.0329572,0.013918647,0.0234379235,0
78c4668c-c041-4fab-9504-ebac354f20b9.jpg,1,0.97973377,0.92486143,0.9522976,1
69d4612b-729f-4c74-b391-44b141b315fd.jpg,1,0.9639355,0.974882,0.9694087499999999,1
fd7bdfca-4f2a-4a1a-ae72-5ccbd1e7629f.jpg,0,0.023525758,0.015885701,0.019705729499999998,0
de5d5834-1476-40d0-a06f-53a1d00d4eb5.jpg,0,0.06876483,0.014774825,0.0417698275,0
6606297d-4905-49a7-974e-e52a48e91f98.jpg,0,0.12673242,0.21049042,0.16861142,0
26cffc8d-263f-4323-b921-d1278d7a8115.jpg,1,0.9810978,0.98650336,0.98380058,1
f754cbfb-d3b2-4550-a2f5-afc5a2eaae53.jpg,1,0.31028044,0.25537628,0.28282836,0
da89271e-67b8-48e6-adb6-c6f9cba861b6.jpg,0,0.57961506,0.11805624,0.34883565,0
15e50a53-2431-44a5-a58e-6bf529561694.jpg,0,0.033365503,0.10636895,0.0698672265,0
f2e75637-68db-4de9-b11b-f6bec6819681.jpg,1,0.9632377,0.7342454,0.84874155,1
78327f1a-2d56-4d6c-9ae5-ad200d499c2b.jpg,0,0.028407494,0.02753384,0.027970666999999998,0
167acb17-dac3-47e6-acde-3b9491d55d94.jpg,1,0.9812197,0.98758185,0.984400775,1
52fb547b-6c4d-4727-9165-aacf38bbfb5b.jpg,0,0.024942981,0.2546892,0.1398160905,0
2a8244b8-759d-4644-9e1a-644ee55360f1.jpg,0,0.9263391,0.066140726,0.496239913,0
9ac5cf49-3b7d-4f00-8e51-c0f925453834.jpg,0,0.84098953,0.039577488,0.440283509,0
ff94c012-28bb-437e-bd98-c14d28b9b675.jpg,1,0.95883495,0.97192657,0.96538076,1
accd6464-42b0-4089-b4b1-2a227bc1ec30.jpg,0,0.057688493,0.07010275,0.0638956215,0
a30ddf41-2135-4721-9e94-921f286bd5da.jpg,0,0.01920846,0.015165301,0.0171868805,0
d78faf7a-22a6-4ee7-96fb-c001c12fe53b.jpg,0,0.017302673,0.07778808,0.0475453765,0
2c5ec054-cfc7-4e4a-a570-590c9def5175.jpg,0,0.97735286,0.4328788,0.70511583,1
55bcbc6c-ff28-4790-922c-619bcf533c0d.jpg,0,0.16273937,0.017046532,0.089892951,0
b5b804f7-ba91-4934-b745-d531c7e74f94.jpg,0,0.031573508,0.02850763,0.030040569,0
071624e2-1eec-4837-ae59-f58d10989704.jpg,1,0.39363703,0.9264861,0.660061565,1
efb7c581-51d1-4e49-970d-4eeafc2241c4.jpg,1,0.59717464,0.6648796,0.6310271199999999,1
0b34e898-45e1-40eb-9ae2-8416908ac4e9.jpg,0,0.05918691,0.36162233,0.21040462,0
69eaba72-5374-4429-bed9-64a7895ed70e.jpg,0,0.013773208,0.01752845,0.015650829,0
b9c1dd95-4b30-4d18-b911-5c3dc9b8e40b.jpg,1,0.8542729,0.41530123,0.634787065,1
064c63a8-4f05-4a2f-b1c2-269952a12e0e.jpg,0,0.21660116,0.016505344,0.116553252,0
b36f3dfa-7961-4f56-9c4a-1a9276a0028a.jpg,1,0.97592336,0.91211784,0.9440206,1
0d0f117c-08f4-49c6-b6c9-44c5154c7675.jpg,0,0.021633796,0.25413117,0.137882483,0
27eea513-d8cc-45ae-be18-e0b09e8b357a.jpg,0,0.96431124,0.36803296,0.6661721,1
8f257d37-4df9-407b-8b63-2e242124bf10.jpg,1,0.97709125,0.9901389,0.983615075,1
4a31028f-8c21-46b5-82a9-ac12a379af46.jpg,1,0.95938027,0.9843932,0.971886735,1
1fd5038c-67dd-4919-b48e-c13620b9c689.jpg,1,0.94378763,0.800233,0.872010315,1
f3065fdc-8e7c-47f5-879d-8629936f0f88.jpg,1,0.9769951,0.971864,0.97442955,1
a1519f06-a24e-49b2-bade-1ce35035f16d.jpg,0,0.053452015,0.028818045,0.04113503,0
c666786b-d9c8-4c31-b341-99985ca8b514.jpg,1,0.22817923,0.57914627,0.40366274999999996,0
07ea4643-71d1-4ff7-b38d-312909c21605.jpg,1,0.98597324,0.9437253,0.96484927,1
3d825bd6-f2c0-43e2-96df-1f6cd096b3fb.jpg,0,0.017337475,0.009052389,0.013194932,0
6a56db2b-226d-4427-8d97-08e30434cb6e.jpg,1,0.86936843,0.6585973,0.763982865,1
a990e922-d954-4a3e-b627-1384275c0cff.jpg,0,0.023078619,0.008778619,0.015928619,0
b3d50dff-022b-402d-a283-8ef8e921008e.jpg,0,0.56034416,0.028626584,0.29448537199999997,0
d0fac19c-b4b1-4795-950f-df568bc79133.jpg,1,0.97192544,0.9397894,0.9558574200000001,1
a08eadf8-7a99-490e-a240-58654ffa63ce.jpg,0,0.06256951,0.2001144,0.131341955,0
3e80bb29-d3e3-46c0-bced-229dfcbccdaf.jpg,1,0.98929334,0.98927885,0.989286095,1
14df37ff-0cc5-43c5-b070-5d608e422993.jpg,0,0.022331137,0.008153318,0.0152422275,0
5226d232-f6f7-4aad-baa9-830d0e7a4f38.jpg,0,0.0119644245,0.014034242,0.01299933325,0
e7e7e1e7-f1d6-47a8-9ce5-f54a08d59275.jpg,1,0.97663957,0.9671301,0.971884835,1
60a82884-47a1-465c-ab62-e7d658584b64.jpg,1,0.9643354,0.8574561,0.91089575,1
2793a1f8-01d6-4fb5-a1b6-8186bc14d053.jpg,0,0.46417916,0.20422937,0.334204265,0
efbfc0b6-cb81-409d-8e72-5b716afd4774.jpg,0,0.8669856,0.19413985,0.530562725,1
b08ac83f-3b20-4bb3-93e1-dca24ac1f7ac.jpg,1,0.9727127,0.6397883,0.8062505,1
3a232cce-bc80-467d-af40-28e0221cce24.jpg,1,0.9831709,0.97607046,0.97962068,1
dbfb330c-27fe-4fe6-a4a6-0969ab008a23.jpg,1,0.45363763,0.26125625,0.35744694,0
af85d331-3809-4cf1-84b4-7be8e891f588.jpg,0,0.03337213,0.02542975,0.02940094,0
f779fff4-752e-4e7d-959c-5b6bc51ba8a6.jpg,0,0.95502585,0.44598085,0.70050335,1
a815d1bb-66bd-4f91-832a-7a6c0a8a3f96.jpg,1,0.97160274,0.7114202,0.8415114699999999,1
6d0de2e7-aceb-4cc0-9236-6a5de464f202.jpg,1,0.9829227,0.9720424,0.97748255,1
de22cc8f-6328-4448-ac7c-99c7a516573e.jpg,1,0.9759798,0.9822574,0.9791186,1
3e350cd4-eae5-409c-8fce-c8245ea59820.jpg,1,0.97355753,0.97199,0.972773765,1
62c433a2-eca8-4079-8cbf-8c094a2f8ced.jpg,0,0.105729654,0.07012044,0.087925047,0
9d59552f-207d-4fe0-a586-56ae046c57b8.jpg,1,0.98083246,0.9437857,0.96230908,1
a93ff3bf-2e5b-4e6a-b0f0-57b735894a1a.jpg,0,0.1421215,0.12394949,0.133035495,0
7a97f565-689c-467d-8fcf-93c036033b2a.jpg,1,0.95543855,0.73883784,0.847138195,1
ee51efcd-fc62-48d7-8736-3bdb6dc88e08.jpg,1,0.9641614,0.9703406,0.967251,1
c7f5622a-0dd3-49f6-adf9-91787b13feca.jpg,1,0.92276615,0.8398691,0.881317625,1
683428db-899e-4506-9193-b2ec6fa50597.jpg,1,0.92089534,0.7299468,0.82542107,1
9cad7b94-c8a3-4f7f-819b-a43a8b8d8a89.jpg,0,0.007920829,0.009518897,0.008719863000000001,0
40febecd-eae9-4412-a660-a553481ece62.jpg,0,0.019510102,0.02488521,0.022197656000000003,0
3916ca1d-41b9-4a9d-8af0-880426f4e24c.jpg,1,0.97771543,0.9795237,0.978619565,1
f6634c45-ebb5-49c7-9578-0435bee9262b.jpg,0,0.027124353,0.01771532,0.0224198365,0
84197a4a-149e-4d1a-b0f3-52b8d386b31c.jpg,0,0.020468544,0.041093104,0.030780824,0
c5bb4f59-fbb2-4f28-a027-afa67ad38c59.jpg,0,0.8543682,0.9823073,0.9183377500000001,1
da352f28-ad4f-4a97-ae21-61bfd07c1821.jpg,0,0.9418396,0.23075224,0.58629592,1
f8bdd648-8166-4720-961c-bcec383ec82b.jpg,0,0.040183548,0.022167943,0.031175745499999998,0
5392b2ac-f78c-4bd6-b70c-4bd9aa73de1c.jpg,1,0.98380995,0.27720454,0.630507245,1
9b4232ee-2015-4f7a-a42f-c8aaf97568ab.jpg,1,0.9708972,0.9854199,0.9781585500000001,1
9573f6cd-e693-4845-8125-25cf8d3151ea.jpg,1,0.9883922,0.9725592,0.9804757,1
a5d575c1-6b7d-44b1-ae50-31d55eff1a3f.jpg,0,0.044053018,0.117966376,0.08100969699999999,0
b83fdcc2-19d8-49cc-97af-e1036753ebfa.jpg,0,0.07575629,0.051108632,0.063432461,0
4621cf4e-6c8b-491a-ac1a-1b7551669797.jpg,1,0.9138128,0.85932827,0.8865705349999999,1
2fc6c2df-9f99-44d4-b323-0b819caa069a.jpg,1,0.97571635,0.80213827,0.88892731,1
6f57eaf6-c36c-47de-8f3b-2949927a6655.jpg,0,0.0050210883,0.026741741,0.015881414649999998,0
029bfe91-890f-453c-bfde-1519135246f0.jpg,1,0.7920709,0.9044511,0.8482609999999999,1
8fcd4448-b598-4d80-a41c-e40baa180a1f.jpg,1,0.9789798,0.9811591,0.98006945,1
437b2404-753b-4a17-8997-d04a2c24606d.jpg,1,0.52470094,0.06575038,0.29522566,0
08b0d134-13b7-405f-8680-90b9dc91e726.jpg,1,0.97640806,0.98578805,0.981098055,1
da43c99e-c541-4804-bf00-71037029303f.jpg,0,0.035376597,0.018193943,0.02678527,0
73a2faa1-bed6-40d4-b13f-fd8d0d01c3a4.jpg,0,0.061689265,0.049910218,0.0557997415,0
958a672c-a483-4344-aea7-7d013e7db750.jpg,0,0.021365423,0.042376094,0.0318707585,0
009ad604-af12-4c5d-b6a6-81da359c13a1.jpg,1,0.96938646,0.8600598,0.91472313,1
297512eb-d5ba-41e9-ab81-aa0e5fb7e6d8.jpg,0,0.9089054,0.04728886,0.47809713,0
578d4001-b487-4e4c-b2c2-e58077716f5a.jpg,1,0.9765595,0.9106994,0.94362945,1
8c431643-d39c-4226-bf9f-f3c8c0188367.jpg,1,0.97391087,0.97764015,0.9757755100000001,1
ddeb9d52-4657-4b91-8a80-28af6e609181.jpg,0,0.026910968,0.0055388515,0.01622490975,0
833ef125-6990-4d23-b227-46fae5cd7c51.jpg,0,0.04488797,0.010966748,0.027927359,0
415b82ae-e607-430a-8032-5600017c296a.jpg,0,0.030794494,0.027652193,0.0292233435,0
47dfe583-1f33-401b-b2a0-4ba44276cebb.jpg,1,0.97602844,0.86994046,0.92298445,1
ccf76d7c-3d31-4a23-b492-e27cfd4797fd.jpg,0,0.051562846,0.10777633,0.079669588,0
4aebc034-8c41-4233-aad7-050f66b2dc74.jpg,1,0.96726793,0.54902667,0.7581473000000001,1
ae6fde08-3ad9-461d-8a01-62d5b74ccb19.jpg,1,0.15243213,0.40611777,0.27927495,0
d00fa02b-99c7-4c20-befa-b1fa1f066df3.jpg,1,0.9497116,0.9348107,0.94226115,1
9837f622-09a4-42f8-955a-417b1d0ccce0.jpg,1,0.9840927,0.9692826,0.97668765,1
3c84ba01-c487-4b73-87d1-be0fdd84b0ce.jpg,0,0.95813227,0.41691065,0.68752146,1
75f7fe36-50f6-46e4-b0d8-34b98995bbd2.jpg,0,0.7699728,0.7686215,0.76929715,1
6661400c-4cd5-4256-b090-fd5fbbdb2465.jpg,0,0.044047154,0.02691876,0.035482956999999996,0
637c183b-7b54-4a0f-92fc-a8a48a3156c9.jpg,1,0.9838631,0.92894703,0.956405065,1
b957b9e8-77c2-4a94-843b-a794b082e4b4.jpg,1,0.58114827,0.12634838,0.35374832500000003,0
3cd08b76-728c-4bd6-b148-330a054a6eac.jpg,1,0.98042446,0.9869717,0.98369808,1
ee8cd898-8c2f-4212-b8ce-3b9008060a8e.jpg,0,0.9780953,0.3895602,0.6838277500000001,1
7081c8c9-1bff-4f91-b442-1590d8dce20b.jpg,0,0.017139984,0.01842544,0.017782712,0
f5031f9f-3903-4f7a-88c8-36170fbb29f7.jpg,0,0.95464706,0.85922575,0.906936405,1
04701562-875b-4bd9-9870-c1591801cd0b.jpg,0,0.030649783,0.056442168,0.0435459755,0
baec4786-bab2-4d2c-b809-81cc64c41203.jpg,1,0.8699669,0.74632484,0.8081458699999999,1
4eb573dc-b203-4f9a-89e0-a6c0da0ff405.jpg,0,0.054879934,0.03343973,0.044159831999999996,0
1811e893-bd9a-45e5-8b10-9421313c200f.jpg,1,0.9441618,0.75665313,0.850407465,1
99581dfd-1587-4c25-9708-4b01505b333b.jpg,0,0.017812766,0.012310714,0.01506174,0
097d5fb6-963d-44cc-88b7-cda150bae922.jpg,0,0.035910845,0.5772917,0.30660127249999997,0
b1740bce-a1b6-4299-ac5e-4fe3a681fcb5.jpg,0,0.010047872,0.037346702,0.023697287,0
c2921c9f-2c3a-4a29-8531-9f5ccccf40e9.jpg,1,0.9829814,0.9336432,0.9583123,1
0ada5e07-2400-4b0b-bcf2-935eac7dfe1d.jpg,0,0.031259086,0.07096784,0.051113463,0
755dcb11-b3fb-420d-bc14-eb96c8eb1ea4.jpg,1,0.98006755,0.7285366,0.854302075,1
e60c9a2a-7b81-4688-84c0-a1d04c592751.jpg,1,0.92373055,0.35501108,0.639370815,1
12e7f55f-9f9c-4f96-8e3d-f9a68095bf0c.jpg,1,0.97696334,0.9797116,0.97833747,1
8f80d81c-85ba-4b73-9150-6de97fa18b6a.jpg,1,0.9655034,0.9765686,0.971036,1
cd1e32b2-b76e-40fc-995a-4b838992da7c.jpg,0,0.24654534,0.031318527,0.1389319335,0
951962ff-502c-45a0-8a07-559f544c2a7e.jpg,1,0.9794788,0.93742234,0.95845057,1
fb78d0d7-a6fc-43ab-b44b-c51e91ac1f08.jpg,1,0.9653203,0.71803516,0.84167773,1
9a0e58f0-80ed-4582-97c4-cc99dad81d00.jpg,1,0.95257556,0.92465645,0.938616005,1
c77dc4ac-7069-4f2b-9f04-1f89ff2324da.jpg,1,0.9758985,0.9668264,0.97136245,1
70aaff91-fbd5-414d-b864-57471f716266.jpg,0,0.15390858,0.035548538,0.09472855899999999,0
874d2d77-630f-4135-8a72-2542f1c4666d.jpg,1,0.9676774,0.9650647,0.96637105,1
8afeb552-d5c7-4143-8926-882af55c0200.jpg,0,0.03293205,0.084566355,0.0587492025,0
bed59144-ba98-423e-b35f-434fb91884e3.jpg,1,0.96422267,0.9884821,0.976352385,1
9b5e50f4-d106-4e21-8482-27ffdd2677a4.jpg,0,0.046686433,0.1097275,0.0782069665,0
feb0c119-fdde-46ce-bd5f-9ca12e1d5476.jpg,0,0.018571673,0.017946048,0.0182588605,0
1e000f4b-f938-4707-ac8c-a5a72320aeb4.jpg,1,0.9706124,0.94732654,0.95896947,1
e1b097b0-0f42-4312-bad0-1ab9ed365c8c.jpg,1,0.97486544,0.9735171,0.9741912699999999,1
ca0e4397-91d3-4de0-b366-93c14fba0491.jpg,1,0.97397196,0.9662267,0.97009933,1
4cc5c821-ddd7-44aa-9fd5-21ce8b5b3d33.jpg,1,0.13235782,0.11654172,0.12444976999999999,0
8c6d170b-61a5-4739-a3c1-e9f805e96296.jpg,1,0.97361475,0.9620161,0.967815425,1
4c397d65-7e1e-4741-b861-b2b67048a09d.jpg,1,0.9702946,0.9479813,0.95913795,1
1a3b094f-12f8-41be-95f8-3801cb5f3529.jpg,0,0.15201402,0.01309012,0.08255207,0
da81b56c-ff42-4d57-a24e-997d2d2210a4.jpg,1,0.98171705,0.98769844,0.9847077449999999,1
afe26010-6d6b-4583-93ac-c0e9a7f9c0be.jpg,0,0.010794807,0.049562693,0.030178749999999997,0
230a4bc8-0e16-4bf7-aea8-0314a7ea993a.jpg,0,0.03402862,0.011504191,0.022766405500000003,0
66bca820-403e-4454-9ef6-e58e5534a8e1.jpg,1,0.97172,0.94332975,0.957524875,1
5d245c60-27af-473b-98ff-73bbc9eb329e.jpg,1,0.85927624,0.09100107,0.475138655,0
ac58b82d-fbbe-4d90-b392-fffe0e73abf4.jpg,1,0.9835259,0.9601079,0.9718169,1
f825f506-2d54-4fa0-9226-76176fe4fc97.jpg,0,0.033874728,0.06803895,0.050956839000000004,0
f90e1bd0-b805-4d71-8844-f0d2b9065012.jpg,1,0.97049195,0.83004594,0.900268945,1
06daeec5-c4be-4bdb-b527-ca7a4c61eff5.jpg,1,0.982066,0.97191113,0.976988565,1
d0edd232-dceb-4b11-9089-9a3c590dff66.jpg,1,0.97667277,0.92663604,0.951654405,1
0c65f54e-6920-4c95-9c47-d715ee212e88.jpg,0,0.019697744,0.014457048,0.017077396,0
53bd152e-1d46-4282-8902-bfbd399fc369.jpg,1,0.03171487,0.21176247,0.12173867000000001,0
4841834c-b1d4-4a56-9625-3b9213632ae3.jpg,1,0.96731144,0.9698118,0.96856162,1
10ee672f-28a4-48ba-a358-e79c83ed1041.jpg,0,0.040124692,0.026883448,0.033504070000000004,0
b5f68d57-2d7f-4876-b5a5-f3610dbc770d.jpg,1,0.9747453,0.98239005,0.9785676750000001,1
d0ba15f9-10a5-4e03-89a3-7252a9a335dd.jpg,0,0.42525676,0.79956645,0.612411605,1
2c56f82d-92cd-4533-bbe8-5983e415cfc1.jpg,1,0.96365124,0.7173938,0.8405225199999999,1
20e9b688-352e-41b9-9551-9f095ec168b5.jpg,0,0.21206403,0.036865,0.124464515,0
e3b9f6a5-0138-4c17-9097-492140829e70.jpg,1,0.9752829,0.97089964,0.97309127,1
e0297a63-3254-4546-8d4a-36da6807d081.jpg,1,0.9750611,0.96229947,0.968680285,1
096c3d81-db56-4a2a-8c43-06aa94ba96a5.jpg,1,0.9767072,0.96746325,0.972085225,1
b6e38cf6-0d9d-4aa9-85b5-4f155c9242af.jpg,0,0.009324873,0.022987291,0.016156082,0
efeab5a2-01dc-47d1-81f7-9b83287c298f.jpg,0,0.037324607,0.00939169,0.023358148500000002,0
f91d8ba1-2b32-40d5-b971-9a52ab9110f6.jpg,1,0.9881449,0.8771017,0.9326232999999999,1
c6204d99-bc58-475e-8e99-435297f4be67.jpg,1,0.9870259,0.8883542,0.93769005,1
30b47241-01fe-493d-a7a2-0a31e97ddab5.jpg,1,0.9478381,0.50060874,0.72422342,1
038a4373-d0fc-40ef-8c09-bc486e9e4e15.jpg,0,0.028588496,0.004417886,0.016503191,0
fd94a238-a72c-4863-8c3f-2110ecaaee2a.jpg,0,0.024399232,0.028552001,0.0264756165,0
c8d86cf9-8a0c-4a9c-84c6-73dc09ff8f88.jpg,1,0.6408342,0.21364777,0.427240985,0
d593a3de-67e4-4f0c-8a53-d811fc9db0d1.jpg,0,0.92949915,0.7866741,0.8580866250000001,1
92d4a379-ab90-40b2-8518-4a790b9ef0c0.jpg,0,0.034019377,0.023897959,0.028958668,0
8501dfc1-170e-453e-a59f-23c5d4b9c77a.jpg,0,0.030859377,0.09808034,0.0644698585,0
1aceebe5-b7a2-49f8-b0ec-f1fae7f3f097.jpg,1,0.92504597,0.88376963,0.9044078,1
fbc85b9e-001c-45bf-8aa3-2de3762c3284.jpg,1,0.98527825,0.5561965,0.770737375,1
7cf3703a-9295-47c2-8752-3a6e1dda135a.jpg,0,0.02411813,0.012941362,0.018529746,0
66cef3a1-6ba4-4e23-adfc-656495736fcc.jpg,0,0.0218703,7.785315e-06,0.0109390426575,0
6445c733-83cb-477b-9178-e0276dc3a596.jpg,1,0.9225892,0.79698414,0.85978667,1
08abebb6-035b-42e7-a463-69d1b48f99ef.jpg,1,0.93575776,0.8291486,0.88245318,1
eed9247c-8223-4b9a-a385-afd2420de08d.jpg,1,0.98336065,0.8655929,0.924476775,1
35df6710-ebbc-4402-9477-2838e7be485b.jpg,1,0.97797704,0.82740456,0.9026908,1
1bbcf375-8b0f-4669-b8c7-b23ca53723b0.jpg,1,0.9816139,0.9795935,0.9806037000000001,1
2e2f9eef-8010-48ee-89e1-037519cb2f13.jpg,1,0.93671554,0.88954014,0.91312784,1
896a9c45-8c9a-4013-91d9-25d6744a350a.jpg,1,0.05127504,0.034199387,0.042737213499999996,0
1ba9b835-8e6d-470e-a1e2-f296e7335009.jpg,0,0.027994595,0.02260565,0.0253001225,0
c237921d-b528-4e8f-8da5-dbbe6ed4f827.jpg,0,0.022149414,0.04180993,0.031979672,0
8e40c4aa-0727-4bad-8a8b-dafabaa3e720.jpg,1,0.9872421,0.9439604,0.96560125,1
fa81a8e3-ae84-4e06-b0db-61467025d352.jpg,1,0.9668523,0.97838736,0.97261983,1
243c17e0-6167-4e01-a22e-e21a1e1725da.jpg,0,0.7298718,0.10925829,0.41956504499999997,0
6b523d1e-211d-4328-b006-bbe5638e7fa0.jpg,0,0.026989307,0.02389112,0.0254402135,0
96e3e594-f0d4-4ddf-8b42-c0d7fad64198.jpg,0,0.14090845,0.9081153,0.524511875,1
f9ae1eee-cf11-4f25-9afb-9645df3e92af.jpg,0,0.95695716,0.6747464,0.81585178,1
34ed333c-6ca3-4332-9717-5c6814d2e596.jpg,1,0.82307994,0.3403142,0.5816970699999999,1
40651d16-d12d-4399-b091-1f16014d8f62.jpg,1,0.9465641,0.873178,0.90987105,1
34753c3f-3b77-4f6b-9b18-94b150aeec0f.jpg,0,0.31409812,0.09676651,0.20543231499999998,0
7b234d27-5564-40ca-8855-a5b6054906ec.jpg,0,0.56857866,0.26662663,0.417602645,0
0bb1f24c-7abe-47ff-a99d-3bbc17996c34.jpg,0,0.022666337,0.017325716,0.0199960265,0
69bed401-6f1b-42c6-93b4-4bdaf487356d.jpg,1,0.98831975,0.92593026,0.957125005,1
4e2fefd5-4bd9-4f27-9ca3-fa821c18e059.jpg,0,0.87257826,0.85425186,0.86341506,1
b38657d1-9617-4871-b6fc-ecf73161e6ff.jpg,1,0.9418198,0.27864093,0.610230365,1
d83aea2b-d606-4368-8d3b-cf76f8ded5ad.jpg,0,0.019880822,0.02030167,0.020091246,0
2b58fa60-750b-4333-b998-9e1ed19dcf02.jpg,0,0.0418704,0.014958464,0.028414432,0
228bf655-fb0b-4016-9480-3712c28a6bd5.jpg,1,0.9760125,0.98390216,0.97995733,1
f37ba9bc-d496-4049-82c0-1c8b156faae4.jpg,1,0.594488,0.4068461,0.50066705,1
898ff366-d34b-4663-b53f-472a04f61c22.jpg,1,0.96917534,0.8857877,0.92748152,1
ff0aebe9-3918-4378-ad9a-474ec0ca21b8.jpg,0,0.8615461,0.27225664,0.56690137,1
08250e39-cf86-4c47-811e-daa8447c12a4.jpg,1,0.9812308,0.9878995,0.98456515,1
31afc627-82b6-4cd3-8469-af9e1d0d3525.jpg,1,0.96225744,0.7757539,0.86900567,1
7fae99ec-d934-47d0-9bc1-52f4cc868e28.jpg,1,0.9782517,0.7905411,0.8843964,1
2b823f2f-0cc5-4bb8-a0e4-ae611e693812.jpg,1,0.98186547,0.9326887,0.9572770850000001,1
70711c46-9cf5-4aab-851a-9304653cea4c.jpg,0,0.051357485,0.0073422953,0.029349890150000002,0
b4fe48c6-8b2a-4782-84c0-85af96b4baf2.jpg,1,0.97097987,0.8360377,0.903508785,1
e223e1e2-7184-4479-88d2-a0e323c7513e.jpg,0,0.026723906,0.018442186,0.022583046,0
5d5753d0-3722-4d27-9c41-9bf92fccab9a.jpg,1,0.97313786,0.80776316,0.89045051,1
e51a4773-8cb3-4f62-b292-cdd8df76c916.jpg,1,0.974161,0.14867237,0.561416685,1
8f23c257-e180-4e7f-a3a7-69500af68789.jpg,0,0.027010243,0.019179707,0.023094975,0
34c3f705-0495-4a9a-b1b7-c78a678bbefc.jpg,0,0.014988918,0.15722077,0.086104844,0
3e202a79-c2d8-436a-96e0-4a2d8e807336.jpg,0,0.02947083,0.043137994,0.036304412,0
3f1f87a4-d434-4c02-8e38-c8fef5c8d161.jpg,1,0.97607726,0.9315036,0.95379043,1
0a108293-305d-4e42-afe6-3f6a4821f9e4.jpg,1,0.9590821,0.9553235,0.9572028,1
ac9b40f5-aab6-4560-ad6b-a904c8bea476.jpg,1,0.72925514,0.5509055,0.64008032,1
359b873f-0e19-461a-9f53-b845f6564ac6.jpg,1,0.9833175,0.9580862,0.97070185,1
a5edf389-b2de-4c15-891d-c347858cde71.jpg,0,0.020053102,0.054233536,0.037143319,0
eef60200-126f-449b-9342-916729ad4d95.jpg,0,0.017283289,0.054844525,0.036063907,0
37e950db-68f4-438f-aa7c-8c28d7c7d330.jpg,0,0.6178173,0.05298955,0.33540342500000003,0
ab88e607-425e-47fc-9e1e-91f9f4069f22.jpg,1,0.8199046,0.5898933,0.70489895,1
d7f98ec8-334a-42a9-b8a3-f87ec67d28f9.jpg,1,0.97183853,0.8649913,0.918414915,1
83091c6b-ae2b-4e65-a532-8d9cff2426c0.jpg,1,0.97389823,0.9660316,0.969964915,1
47915883-fb52-4df9-bd3e-86ab79f60757.jpg,0,0.015175467,0.022632545,0.018904006,0
f2d8eef3-5d23-450e-8a60-a1667115dd9d.jpg,0,0.4302988,0.06357445,0.246936625,0
05cc39eb-11e7-42c5-980d-dfbdf0166612.jpg,1,0.10119965,0.94052833,0.52086399,1
eef9570a-1a00-4231-950e-659112682ce6.jpg,0,0.02599904,0.010944785,0.0184719125,0
9162aad0-6852-4333-8642-0fc3ab540273.jpg,1,0.9824417,0.9796697,0.9810557,1
51340ff6-5e68-4d4e-af4e-a3049eb7ede0.jpg,1,0.9848595,0.89511675,0.939988125,1
f4092b66-72b6-4fca-af2f-f4e17abaa7aa.jpg,0,0.11000508,0.019894479,0.0649497795,0
374a2174-0509-4bd1-a3eb-ee69d6466b26.jpg,1,0.39430103,0.03330617,0.2138036,0
cecb3c89-1926-44e7-bbe0-ae3be70ba1ee.jpg,0,0.03619103,0.01978454,0.027987785,0
bd956009-3948-4a2b-a0bc-6544642e173e.jpg,1,0.9781603,0.9818964,0.98002835,1
16af03e8-d720-4873-a9c3-198537938530.jpg,1,0.29958108,0.19908287,0.24933197499999998,0
ee73a893-1c1e-457f-a69b-a523139df120.jpg,0,0.020495359,0.01477802,0.0176366895,0
b4c0414e-6842-4105-9a30-b2eb615692a1.jpg,0,0.5321543,0.67217034,0.6021623199999999,1
cc8bdb7d-d040-4635-bd93-e59799bd62d0.jpg,0,0.03387344,0.034698192,0.034285816,0
88b40ee6-11f0-4112-9b2f-12766be94c07.jpg,0,0.02190272,0.07740245,0.049652585,0
d1281edf-eafd-4333-8113-e2827b1670cd.jpg,0,0.93479395,0.391016,0.662904975,1
930e8552-7b7e-4e19-8df6-a4387b49d5f4.jpg,0,0.23499325,0.8375521,0.536272675,1
6dc51147-2834-4b36-8249-752ca6e833d1.jpg,1,0.9844155,0.9210706,0.95274305,1
bc2362f4-bd4b-4eff-97cc-1c403f22992c.jpg,0,0.12055251,0.059836797,0.0901946535,0
a74c65b7-ad8c-428f-859f-5b0eca316826.jpg,1,0.9758695,0.983401,0.97963525,1
9dc557ea-bc9b-469e-af7c-85c1c56f36f1.jpg,0,0.03752635,0.080105424,0.058815887,0
43128640-08bf-4ebd-ac61-c34a2d99b82b.jpg,1,0.9724769,0.99057335,0.981525125,1
110eac19-4034-4164-b44d-36d259477365.jpg,1,0.98408026,0.98394936,0.98401481,1
77e12b13-72a4-4112-a7d4-418c268c4918.jpg,0,0.027317557,0.02274744,0.0250324985,0
5e3e1311-a71e-4793-8aac-4b2b7834450e.jpg,0,0.0450634,0.026517037,0.0357902185,0
4be76de1-ccb1-45b1-be9a-5b98d1cd83c9.jpg,0,0.121131696,0.14694904,0.134040368,0
f94a4f5a-8eb9-40d7-8ec7-316796bac7d2.jpg,0,0.057243418,0.024153423,0.0406984205,0
744686d9-2714-49bf-9e59-839b529f44e8.jpg,0,0.015049357,0.21846145,0.1167554035,0
00f024f9-bd51-4d5d-aa23-c0033e7f8d15.jpg,0,0.052189197,0.03529226,0.0437407285,0
b82a4e0b-84e1-4869-9a01-6f914c05d773.jpg,1,0.87669694,0.6524235,0.76456022,1
93b458a1-4274-4e6f-bb13-1b6df17c712b.jpg,1,0.96842897,0.451466,0.7099474849999999,1
aa339c66-e666-45c3-bd41-f33e203af372.jpg,0,0.35983104,0.034115896,0.19697346799999998,0
6261fc95-d731-4268-b666-f47b7e17b918.jpg,0,0.011761837,0.012537712,0.0121497745,0
9bf00f89-98ca-4b87-b40c-5a8631f57088.jpg,0,0.012480746,0.021096552,0.016788649,0
0d78d2fb-d3df-4964-b51f-81fb3c985d25.jpg,0,0.018487342,0.0112817325,0.01488453725,0
035edac5-b850-4ef2-bb69-27606618783f.jpg,1,0.98885465,0.92178553,0.95532009,1
2e8feb1d-3382-4b64-bd57-2c740739edef.jpg,0,0.028454473,0.014407679,0.021431076,0
81646616-7ff2-490a-b5a8-3221a07ab952.jpg,0,0.030384472,0.016479818,0.023432145,0
2aac16e2-7072-43f6-a16d-6d9902bccf76.jpg,0,0.74849695,0.14157887,0.44503791000000004,0
5e1e8522-e65d-46a6-b2b1-6acb39322ef3.jpg,1,0.9682749,0.96848834,0.9683816199999999,1
5f6d96b0-2aa7-4448-98cc-d0fa8ca2490e.jpg,0,0.08548233,0.004763121,0.045122725499999995,0
a25a3d58-c1d6-4b7b-bfce-eca4b7949e4d.jpg,0,0.8319781,0.22436681,0.528172455,1
f8d66bd5-dc3b-476a-b85e-2c65290a3621.jpg,1,0.979517,0.97425294,0.97688497,1
2206d878-ac24-42ff-a35f-661e8c60d05e.jpg,0,0.018130688,0.0069821305,0.01255640925,0
8542fe45-11c4-46f7-ace6-729445bd4721.jpg,0,0.40678352,0.38862222,0.39770287000000004,0
ac327e50-5d07-416b-938f-59bfc33e2319.jpg,0,0.046466038,0.03550714,0.040986589000000004,0
06ba13c1-cef7-4f1e-9855-0dac4a47b77b.jpg,0,0.44817904,0.056029685,0.2521043625,0
ca58888c-8cbc-4814-87ce-d16eb557f090.jpg,0,0.016637776,0.0063224267,0.01148010135,0
0f36199b-71fb-492f-8934-e98eca88035e.jpg,1,0.98049563,0.9763556,0.9784256149999999,1
c5ed4004-61ad-4bd2-8efe-6a034d3854ea.jpg,1,0.9864514,0.9678678,0.9771596,1
8a105d5c-05be-41f1-b74b-416af1d7bfe0.jpg,0,0.038907133,0.04267053,0.0407888315,0
ade7d380-30a7-4735-b80d-3eca4779df09.jpg,0,0.0187051,0.012880543,0.0157928215,0
32732dea-4840-4486-be68-7706f75dc63d.jpg,0,0.14333524,0.43718952,0.29026238,0
8002f5d5-9aa4-4ba3-9cef-386fab6dcd0d.jpg,1,0.95424646,0.74418044,0.84921345,1
afbec110-fcfb-4deb-ae9d-64b516b60b34.jpg,1,0.9780833,0.95746267,0.967772985,1
651b63c7-f7ff-4457-b229-5c6f6066ced1.jpg,1,0.96770537,0.9886326,0.9781689849999999,1
c2a8cb0d-fc14-496a-b354-a89c3bea7177.jpg,1,0.99097764,0.97749704,0.98423734,1
d493106b-2755-4391-8fcd-5ddd054d78df.jpg,0,0.9694614,0.95418143,0.961821415,1
0ccc4aaa-4b1a-4461-b46a-62f59cd37fe3.jpg,0,0.027549375,0.012651302,0.020100338500000002,0
e4c8c097-8de8-4f47-9888-d1cb61951d3a.jpg,0,0.018153777,0.4365073,0.22733053849999998,0
89d6caeb-48a2-4fab-aef5-acd9b5566ba1.jpg,1,0.9672657,0.965647,0.9664563500000001,1
173b808e-be74-4211-a1e5-a60780c3d58d.jpg,0,0.019303063,0.016742546,0.0180228045,0
09b42fc5-0526-46fb-9268-75429da8063a.jpg,1,0.1490156,0.08359314,0.11630436999999999,0
c5692e43-7bfe-4a54-b2f2-205dedac070b.jpg,1,0.9750886,0.972875,0.9739818,1
cf6b84e6-3025-41da-b686-4e5f0c184682.jpg,1,0.9331738,0.651102,0.7921379,1
652af332-1428-4d9b-a926-0289645ccf6d.jpg,0,0.046874937,0.02453458,0.0357047585,0
b67dd212-16b8-4877-8c81-f47e1c5c7448.jpg,0,0.1072291,0.034310292,0.07076969599999999,0
3dbb7478-da3a-4f7b-aa1d-1fc848c538b5.jpg,0,0.03389013,0.007509475,0.0206998025,0
2c3fff98-092d-4107-aeb7-af504544a47f.jpg,0,0.7021127,0.97079855,0.836455625,1
d72654ba-3dbc-4b01-876f-9862dd7ef209.jpg,1,0.9761193,0.97991997,0.978019635,1
4081af66-a2c4-4cab-a187-bd702cd5b4cb.jpg,1,0.98316437,0.9292152,0.9561897850000001,1
64d122a6-968f-4e70-91cf-9c4089791eb9.jpg,0,0.9082823,0.08901239,0.49864734499999996,0
0fcb27f5-b227-4d1a-a637-81f4ae34d9a6.jpg,0,0.018021062,0.021990731,0.020005896500000002,0
35b13a34-0775-4657-bc48-bc314d1a5f9f.jpg,0,0.25527814,0.028869571,0.14207385549999998,0
3594335f-30cb-4f5b-b64f-232d0efa7eb7.jpg,1,0.01481983,0.025306301,0.0200630655,0
a54c9df8-1335-4984-8a87-1448496b3ce6.jpg,0,0.55238247,0.84479886,0.698590665,1
90f4d699-90a7-45d0-b09a-a9bbb57a34fd.jpg,0,0.02930914,0.02633109,0.027820115,0
b4917416-2a8a-4479-b776-30a0bae3d319.jpg,0,0.0162083,0.014373302,0.015290801,0
ee86132e-3534-4385-981b-2fbd34c8b44c.jpg,1,0.9782242,0.45224467,0.715234435,1
b9a0c4c0-e228-48f6-8509-3593c652f00c.jpg,1,0.97058,0.9693536,0.9699668,1
8ff4f26d-bbd0-4344-b5c6-139a2c5a7c02.jpg,0,0.020284822,0.009658058,0.01497144,0
2f5206ad-1905-44bc-b345-00543d868fc8.jpg,0,0.017916724,0.021511702,0.019714213,0
e5e0f6ce-793e-4674-999e-f688fc29b8f2.jpg,1,0.97774714,0.9966234,0.98718527,1
bd3ee2a8-118d-4e16-ab27-64b8124e61d0.jpg,1,0.97894096,0.9811313,0.98003613,1
b372f59f-7f5d-4f03-908e-2d8100dd5e07.jpg,1,0.9141571,0.89179206,0.90297458,1
4b653853-dc42-4bf4-8e5f-62fc5c096517.jpg,0,0.019638287,0.0075758426,0.0136070648,0
5dfebc72-719e-40f9-8111-fa5bd6d08d1c.jpg,1,0.9788639,0.9808169,0.9798404000000001,1
66f665e3-6cff-4b13-852a-f1604cfad947.jpg,0,0.036185566,0.02255446,0.029370013,0
90ee4700-b840-4a86-856e-862f1fc6e867.jpg,0,0.55745643,0.35666806,0.45706224500000003,0
26ff1506-1a86-4074-a4b8-8cfa2143d1bd.jpg,1,0.96659297,0.8456144,0.9061036849999999,1
5171095b-ac76-4a95-bbc5-2a0c38e0f75f.jpg,1,0.97257286,0.5933095,0.78294118,1
6ced7068-3722-4e0e-876e-32d94ce1f2ef.jpg,0,0.12477987,0.032168277,0.0784740735,0
167d67d7-3640-45de-911d-d937c9527d31.jpg,1,0.9788334,0.9674962,0.9731647999999999,1
87ca244d-efd4-41ee-a7f0-c82b0796ed15.jpg,0,0.020520847,0.015946195,0.018233521,0
ae395782-2ec3-405e-b0b7-52328ce98e4c.jpg,1,0.07146258,0.051494993,0.0614787865,0
85653f5e-f416-4bcb-87f5-597abe6167c6.jpg,0,0.12872885,0.0055567455,0.06714279775,0
c9c8dbdf-0c94-4015-a3ae-3a8d5f55fb20.jpg,0,0.22631611,0.024228076,0.125272093,0
6c3ea3b7-1e70-41c3-82e7-b09c3ffe5b76.jpg,0,0.022695238,0.018946605,0.0208209215,0
a7c40783-1570-450e-b751-a06efddb10ad.jpg,0,0.59825206,0.7926594,0.6954557299999999,1
084f192b-4405-478c-a414-485662bfd86a.jpg,1,0.9789146,0.969999,0.9744568,1
9255b756-dc1e-4154-949b-07caa12164c7.jpg,1,0.97406805,0.9888244,0.981446225,1
ee0bb327-f5c1-4e92-9641-1e0d4126890a.jpg,1,0.9561472,0.9124888,0.934318,1
a31ecc03-3ef8-467e-84f4-f9c2f3954311.jpg,1,0.886109,0.3258367,0.60597285,1
ae394945-bed7-44f4-9037-113260be65b3.jpg,1,0.57669264,0.95140237,0.764047505,1
06a09fbc-94be-404a-8843-0fb20d24b98f.jpg,0,0.021341443,0.027106501,0.024223972000000003,0
5410e667-3fae-4b1f-b985-2470939812f5.jpg,1,0.976313,0.97777313,0.9770430649999999,1
04dfca3a-0d98-449e-b5d7-f986608ba76e.jpg,1,0.9087037,0.4433577,0.6760307,1
6fcea86f-990e-414b-a7f7-c617fadf03db.jpg,0,0.023649944,0.012910917,0.0182804305,0
a93e3562-8761-41c0-987d-05ef2bbfa3b1.jpg,1,0.9491189,0.689492,0.81930545,1
09370803-0887-4111-be36-90e4272b40d3.jpg,0,0.037852168,0.0049871253,0.02141964665,0
c4f81136-8814-4fae-b9c5-32d7ca7ace57.jpg,1,0.97320765,0.9708689,0.9720382750000001,1
ddc6c28a-a7fb-45fc-ba8b-fe36295ca234.jpg,1,0.97312737,0.9419206,0.957523985,1
34371f09-6ee3-400c-a43e-913eeb87c252.jpg,1,0.98152566,0.94808227,0.964803965,1
df8b659f-d9e1-40dd-94e1-0941ebc272f3.jpg,0,0.96188647,0.2825347,0.622210585,1
b1761b1a-f2e5-4980-8079-22920042f36e.jpg,0,0.025610382,0.021300757,0.023455569500000002,0
f8b9d039-4888-4102-ab68-38b4fb4b1d45.jpg,1,0.9816927,0.9661297,0.9739112,1
2fafaf41-fa37-40e5-919e-b4e536341d74.jpg,1,0.9767174,0.95706636,0.9668918799999999,1
d9729724-5fee-4eb3-8e3f-7df1ae18528a.jpg,1,0.9778656,0.8791595,0.92851255,1
ae96cb2a-528f-4a5c-a00b-2621430aa9cf.jpg,1,0.8526613,0.87561625,0.864138775,1
4b26813a-daf5-440d-9f98-ae44d52e4c35.jpg,0,0.03516895,0.6755272,0.355348075,0
5d9852bc-bada-40e8-8f67-39013421abab.jpg,1,0.9773796,0.90789586,0.94263773,1
fc611763-2371-433a-aa8f-182ccc0ada94.jpg,1,0.97686565,0.9054857,0.941175675,1
9914a16b-4920-4bc8-a8dd-6df9cb9f5d1f.jpg,1,0.01672646,0.12279156,0.06975901,0
d0e5ee4b-e7c4-4e6f-ae28-821e6c9a777d.jpg,0,0.024677068,0.017833155,0.0212551115,0
6b1ceb40-64e0-4d99-9494-c60a7fd13e13.jpg,0,0.12666169,0.008882842,0.067772266,0
952a4d84-3d0b-46aa-a368-18dce6879a51.jpg,1,0.97859144,0.9894326,0.98401202,1
2711c4f0-afc2-405a-bcaf-88e436ed5609.jpg,0,0.24863797,0.09427376,0.171455865,0
63c53ffa-55c6-41e2-ac41-f8b03ae5d92e.jpg,0,0.031036835,0.023258505,0.02714767,0
b9ad1fde-366b-4260-8628-72ebe9c77130.jpg,0,0.03634195,0.034998924,0.035670437,0
346a60c0-3ad8-459d-b17d-db2f32260435.jpg,1,0.98672825,0.9796799,0.983204075,1
da53147d-864f-4f98-9184-1d1b1ce4e95a.jpg,1,0.9787254,0.97173506,0.97523023,1
96358e99-3fc4-40d9-854a-fd51c46cd9a7.jpg,0,0.036664244,0.04535047,0.041007356999999994,0
8587224c-ecbc-4c83-b107-0d2f490f34eb.jpg,1,0.96359175,0.9073415,0.935466625,1
17065028-68bf-492b-962c-d5473d699b26.jpg,1,0.97465396,0.9703305,0.9724922300000001,1
5c061076-9662-4abf-93ee-76cbbc67ac66.jpg,1,0.5559136,0.43816036,0.49703698,0
d3ab15ff-200f-47a7-97b4-2fa243c64ccd.jpg,1,0.23416059,0.020607408,0.127383999,0
4b657be9-d784-4267-9baa-82228aabbf05.jpg,0,0.025752962,0.050471853,0.0381124075,0
d9b5c440-9dc4-4a94-9170-711b8c0e2af7.jpg,0,0.014409364,0.016184866,0.015297115,0
7ba77aba-3de8-4820-b029-7d3bf2f2d602.jpg,1,0.95311034,0.8557842,0.9044472699999999,1
62877dda-207b-4d0e-8b02-fdd16fac7cfc.jpg,1,0.98508584,0.9840172,0.98455152,1
d5de9d99-6fbc-4b34-a475-d002dc678a0a.jpg,1,0.9734871,0.983889,0.97868805,1
836d31e1-fc27-4e21-9406-c4353b3bc461.jpg,1,0.038059756,0.090198755,0.06412925550000001,0
f19d0877-0947-493a-bc30-f5179db71539.jpg,1,0.9823177,0.5533247,0.7678212,1
8d52d84c-065a-4a29-99d3-cc903b1db5f0.jpg,0,0.039860964,0.10353901,0.07169998699999999,0
4c2c5383-043d-4d96-b33a-1dec91761633.jpg,1,0.12561177,0.17132254,0.14846715500000002,0
17ed8904-8f17-49c9-b716-1a8bdd30e518.jpg,0,0.024557205,0.040092297,0.032324751,0
fba50ac3-fdd6-42b4-8e24-7a6f21c11ff6.jpg,1,0.9863046,0.90851927,0.947411935,1
0cae5a50-52aa-4dce-b677-9a74bc9fc35d.jpg,1,0.9780749,0.87431735,0.9261961249999999,1
94d64bfc-2c20-442d-ba86-818f2c37216c.jpg,1,0.94924337,0.9342814,0.9417623850000001,1
6628aabd-ab31-4108-8ae3-3bc8cb1ec1f1.jpg,1,0.98469466,0.94373983,0.964217245,1
6bd3357a-4fcd-4dac-a71a-1eae26993048.jpg,1,0.9807942,0.98089635,0.980845275,1
e1837d54-2f9a-4599-8144-6af651999bf7.jpg,0,0.016869403,0.025993707,0.021431555,0
f07b804e-be23-4f96-9b91-ce6827d00750.jpg,0,0.025460806,0.027073555,0.0262671805,0
a7091e90-34f1-4a29-b990-36da16396d51.jpg,0,0.02405928,0.05544815,0.039753715,0
366320e1-1a93-461d-845b-02b6c0c513ea.jpg,0,0.056562793,0.057424203,0.056993498000000004,0
6e0edbe9-3af0-4d09-826a-9e0b57499fa1.jpg,1,0.6169965,0.2788502,0.44792334999999994,0
16bdfdd4-2009-406d-94ab-d8c1b1917f20.jpg,0,0.42747888,0.20919062,0.31833475,0
047b1662-0e14-47d0-9d19-5d048bcd4c77.jpg,1,0.9464652,0.758008,0.8522366,1
0a41b788-175b-4459-b45a-79be03ba5498.jpg,1,0.95477575,0.85421306,0.904494405,1
772ab9b1-9b0a-4d74-97b1-fe28b7ea52af.jpg,1,0.97848296,0.98901993,0.983751445,1
e49b75cb-36aa-4ef9-9e17-ae39f1c3a54d.jpg,1,0.9668045,0.95693225,0.961868375,1
f8de0ebd-a6c9-4b89-9742-9c8c05f7251a.jpg,1,0.9857124,0.99113137,0.988421885,1
27d10ddc-de47-4cf3-a220-2b69445fe804.jpg,0,0.98050827,0.29945514,0.639981705,1
99136946-5c15-4596-9b8c-6cdab19520b0.jpg,0,0.029857267,0.010260541,0.020058904,0
195a4c9d-27a5-4812-b6b1-e255fd8972ab.jpg,1,0.038778715,0.28202426,0.16040148750000002,0
a3627973-6fa2-4329-ba1b-719a8e91d506.jpg,0,0.14859606,0.949658,0.54912703,1
d55a3aa4-c4ef-4440-9f13-435145c29e73.jpg,1,0.94450116,0.9864421,0.9654716299999999,1
2eed83a3-8309-441c-bba6-12c1b6986ee2.jpg,1,0.98180586,0.9547193,0.96826258,1
47dcb63f-0a87-4810-807b-b66169af9bc9.jpg,1,0.3966387,0.54139847,0.469018585,0
5f228fcf-96df-4b03-83e6-5ee5414b5bfd.jpg,0,0.038929656,0.05652092,0.047725288000000005,0
67bc85d5-767c-485d-823f-959fe06740b6.jpg,1,0.97645503,0.61085206,0.793653545,1
15cf3b1b-f4e6-4828-bf39-9315a288ba2b.jpg,1,0.96145177,0.7221741,0.8418129350000001,1
9a71f886-8bc8-41b8-923e-9ca472b2df81.jpg,0,0.0398052,0.27820548,0.15900534,0
7dce1d40-bad4-4acd-8211-f421108d7f30.jpg,1,0.73829967,0.95897466,0.848637165,1
cd0aa8e8-d2d4-46b7-89c5-9cf93481f87e.jpg,0,0.040866803,0.06240844,0.0516376215,0
fe2a7199-db89-490c-97f3-5396470e85ed.jpg,0,0.01324969,0.0075306296,0.0103901598,0
fda280bb-21d2-4c57-a553-4482f02e192e.jpg,0,0.026068626,0.013130827,0.0195997265,0
81464619-8d58-40dd-a197-7c7e955b8311.jpg,0,0.028954169,0.02076382,0.0248589945,0
9d24389e-8d76-4fb9-bab4-6a61ee51c2ce.jpg,1,0.95989645,0.8676241,0.913760275,1
8420b118-3800-463b-bda2-7cbe132585ff.jpg,0,0.021120548,0.018062439,0.0195914935,0
28297be0-12c2-4592-a26a-034f47a0ffaf.jpg,0,0.015424162,0.0003280434,0.0078761027,0
c143c66c-73be-4c04-8f3d-7fb515dd000f.jpg,1,0.987336,0.91710407,0.9522200350000001,1
d59a4e88-6654-402f-92f4-e47a63b17e75.jpg,0,0.06923878,0.055915732,0.062577256,0
9a3e78bf-a973-48cf-8136-c3d53b46ad62.jpg,1,0.9809671,0.9480276,0.96449735,1
5c8d0f5f-747d-44c3-bc6e-aaeadfaed524.jpg,0,0.016386148,0.009530026,0.012958087,0
53c3c662-6622-4aba-92b4-6c688919ee4f.jpg,1,0.9688392,0.939374,0.9541066,1
606dbe5d-718b-40af-8a3a-0d8933f9f1ef.jpg,0,0.025734376,0.021599365,0.0236668705,0
2dbc8c0e-91f3-411e-b96d-23d22bd1ed2e.jpg,1,0.97280145,0.8332565,0.903028975,1
d37c78a4-4650-4e18-be06-6d0099eb990f.jpg,0,0.0041790577,0.1903264,0.09725272885,0
f3a621ef-78ee-4a60-a603-eb1c42e1748d.jpg,0,0.017483896,0.009334086,0.013408990999999999,0
afa80b5f-e11e-4d79-8ff6-28c7914e3180.jpg,1,0.48633295,0.8988962,0.692614575,1
4643e481-250b-40c2-8517-970939c6c8be.jpg,0,0.02236994,0.0076310583,0.01500049915,0
e3ba79ef-1aa8-410b-8e19-ccd51839c835.jpg,1,0.96282244,0.58397144,0.77339694,1
5c187071-3ce8-4ac6-9c2e-44e4af3d0010.jpg,0,0.31934977,0.35679814,0.338073955,0
de06c44d-608e-4eca-baa6-d451d6bbe869.jpg,1,0.9449541,0.72716016,0.83605713,1
e885965f-438e-4411-8d60-c812651566a7.jpg,1,0.97586924,0.93010485,0.952987045,1
4326ca5c-007e-4353-9ef1-2b656de7892a.jpg,0,0.09313426,0.035474814,0.064304537,0
da8b2ad2-1de9-448a-b0a4-1778400b2954.jpg,0,0.050470863,0.22251822,0.13649454149999998,0
2c452cbf-5128-4725-bf39-8cc5558ef9e0.jpg,1,0.033056658,0.07573591,0.054396284,0
55a6905f-c3ab-4e3d-9cd2-9774d0b007e4.jpg,1,0.9745409,0.9057523,0.9401466,1
cf22292f-2a74-4ca2-99a4-1f5b2882ca2e.jpg,1,0.96880364,0.92148155,0.945142595,1
12e94576-c779-4d8b-ad26-703d42f52fd3.jpg,0,0.00920669,0.03380335,0.02150502,0
7079fa43-7bae-4431-923c-ed5e858d474f.jpg,0,0.018226722,0.0076321634,0.0129294427,0
18052707-637a-45fe-a89f-7965ab42293f.jpg,1,0.6079534,0.9163621,0.76215775,1
fba4c7a3-0180-4fc4-821d-f548ff75727c.jpg,0,0.12341985,0.007001799,0.0652108245,0
0d135ce0-5b16-4591-962d-39f04c81febc.jpg,0,0.04722226,0.020754859,0.0339885595,0
6059a6d5-d19f-40be-a48b-ecfdc1adc581.jpg,1,0.97233295,0.84165365,0.9069933,1
d9125698-469c-4f65-80ac-b01ae38e968c.jpg,0,0.019826695,0.025438748,0.0226327215,0
425713c3-df7a-4b7f-916e-9280f580f8ba.jpg,0,0.027644949,0.012626632,0.0201357905,0
e086d046-f47a-45ee-aca5-f14b6c46d2fc.jpg,0,0.23991443,0.070223644,0.15506903700000002,0
0920ed18-bb68-4654-89c9-2e12880e2878.jpg,1,0.9730166,0.89365053,0.9333335650000001,1
7ef36649-fd54-4efe-8db9-f331b2bfc634.jpg,0,0.012904112,0.0044811503,0.008692631150000001,0
8223b921-8105-44b8-9585-9270ce336eec.jpg,1,0.96129984,0.91500366,0.9381517500000001,1
1ff417d5-2656-42cd-9a7e-3caa30efe4b2.jpg,1,0.9139953,0.10304958,0.50852244,1
4774c674-e547-41f4-92b2-ebefacb99b25.jpg,1,0.9810316,0.64333475,0.8121831749999999,1
37079e07-ab90-4d0d-9282-6ca863c3efc9.jpg,1,0.068890326,0.051656798,0.060273562,0
41ec3b52-3759-42a6-8917-c13739458ebd.jpg,1,0.9733439,0.9452675,0.9593057,1
7c9eca78-79d8-46ec-804e-9b16aa967fd8.jpg,1,0.911089,0.9503803,0.93073465,1
13b67936-78f6-4276-9f45-86c66d85bf6c.jpg,1,0.96928495,0.98995495,0.97961995,1
332e1a7f-07c2-40d8-be79-61868122ab0f.jpg,0,0.9297649,0.72638905,0.828076975,1
fea4e505-3265-4279-a1b0-28e198ff1ac7.jpg,1,0.5062525,0.95485985,0.730556175,1
28b262e5-74ed-4a11-a197-764cad6e6fe3.jpg,1,0.94762224,0.7441335,0.84587787,1
7accfe0d-cc9d-4faf-8338-14d6a403cbe1.jpg,1,0.7300775,0.11290683,0.42149216500000003,0
4344730b-852a-4b6f-b0fd-069a6e9a6b9a.jpg,0,0.01872037,0.016740402,0.017730386,0
9892d493-3eb6-430d-b012-bf333417f1e5.jpg,1,0.9845812,0.9641655,0.97437335,1
14a8948f-0edf-4ec0-aa5d-b6ef54fe25aa.jpg,1,0.77181286,0.6222027,0.6970077800000001,1
f94cdcdd-a281-414e-b303-05acd3f212cb.jpg,1,0.97615427,0.9755249,0.975839585,1
33432581-3151-4cf7-afed-59497988c3e0.jpg,0,0.60917646,0.50285256,0.55601451,1
4f725192-ebd0-4fa1-91d9-0336f69500b6.jpg,0,0.6501291,0.6840459,0.6670875,1
9286e8c6-f511-48c0-8880-dd64869f72de.jpg,1,0.94463485,0.92239064,0.933512745,1
9be1bc51-d15d-4333-89ba-aa128f1373e2.jpg,1,0.99126726,0.8239415,0.90760438,1
ae00b317-df0b-4a6b-b616-78a006857851.jpg,0,0.07570924,0.544152,0.30993062,0
a332dde9-8a7a-446a-a04d-f614514cf7f3.jpg,1,0.97671366,0.9602874,0.96850053,1
842e17f6-901b-45e8-8069-e5be5289549a.jpg,0,0.7233035,0.50346404,0.61338377,1
4449c4da-b87c-494e-a0cd-5e2a0a45c73f.jpg,1,0.9826164,0.9771384,0.9798773999999999,1
5b331362-9ff7-48f3-a9fb-baf323faea44.jpg,0,0.86908215,0.7695122,0.819297175,1
8cd1aa32-518d-4eec-93fc-5dcd81bc4837.jpg,0,0.60557574,0.53807604,0.57182589,1
d1a8719b-6d32-4177-8b81-311e9658c85b.jpg,0,0.031900536,0.33795598,0.18492825799999998,0
fb2691ac-30fe-4872-998a-ad00ec8b2ce8.jpg,0,0.050451633,0.012928381,0.031690007,0
bef8c0d4-2686-46bf-9c05-1e4204445665.jpg,1,0.98384064,0.91328293,0.9485617850000001,1
8df964e7-fc2b-49e8-9c64-4673faececb6.jpg,0,0.48658764,0.028359758,0.257473699,0
4c3b7608-b88d-482f-8bee-5801a6d944ac.jpg,1,0.8228243,0.2647397,0.543782,1
787aeebe-43d2-474f-a583-7c69c79f7e9c.jpg,0,0.08584136,0.071072504,0.07845693200000001,0
9039edc5-6de1-4385-8ff1-db754c61f55f.jpg,0,0.0056064418,0.052790437,0.0291984394,0
a6246e08-3c2c-4ea3-870e-986199693d7e.jpg,1,0.976001,0.9506725,0.9633367500000001,1
13c5d8cd-ca26-4b07-8e0d-9308e4f46390.jpg,0,0.024930596,0.13166782,0.078299208,0
f13e9c5f-1b91-4d8e-bfdb-f2ec5edfc67e.jpg,1,0.9632209,0.8439407,0.9035808000000001,1
8762b472-30e7-4121-ba78-a99ef748ca03.jpg,0,0.025201486,0.027453028,0.026327257,0
731ca5ac-ca3b-49a0-b9d3-38f08aa52725.jpg,0,0.040709116,0.05236093,0.046535022999999995,0
83826406-4d8c-4ed3-b8c6-ad96d8839867.jpg,0,0.04713308,0.040390585,0.0437618325,0
1acd9b08-03a5-4703-9652-6856e44b7899.jpg,1,0.9865297,0.9528585,0.9696941,1
a2d35530-bcdf-406c-9803-47000b0a8475.jpg,0,0.018434765,0.014528498,0.0164816315,0
57ee7961-f129-42a5-bf14-f2eb96cc37ff.jpg,1,0.95511067,0.97829765,0.96670416,1
26b58a90-87f4-4641-b443-1975ce1022d6.jpg,0,0.013556518,0.15036024,0.081958379,0
eb89e800-45b3-4932-8e61-68fb7732271f.jpg,1,0.9862574,0.81657755,0.9014174749999999,1
df8f08e9-c1cf-4da6-a5c3-53be962e1abb.jpg,0,0.07398203,0.2724399,0.173210965,0
3217adbe-633d-4b45-a7f9-92cc5cbf2ee3.jpg,1,0.9690137,0.8112572,0.89013545,1
84184b0c-7153-49df-8c92-c136bca11090.jpg,1,0.7792676,0.8565037,0.81788565,1
9df3edaa-6710-4f01-95ac-84b94be7591c.jpg,1,0.03802642,0.028369714,0.033198067,0
e0de688c-b31d-4c30-a088-ae188bfe7ed6.jpg,1,0.04574685,0.17794895,0.1118479,0
f66ccf07-2d43-4cc5-b86a-9d3eb4f7a530.jpg,1,0.9789586,0.9848637,0.98191115,1
e1424bc7-3c2d-4e31-b970-6c57452532f9.jpg,1,0.98319006,0.9173212,0.95025563,1
0cd6c725-864c-419f-bd57-0d43ded395bc.jpg,1,0.97645503,0.9370844,0.9567697150000001,1
d0a45624-4cc1-4500-bc3d-d90e80efd8f1.jpg,1,0.97251874,0.8636351,0.9180769200000001,1
1173362a-0cb3-42b7-aac8-f73767809c1b.jpg,1,0.968671,0.50398535,0.7363281749999999,1
d18f4ddd-927a-4596-99e3-1cac0974be99.jpg,0,0.02889074,0.027960775,0.028425757500000003,0
5b27639e-7d40-4c18-91ca-ce17b9c765e8.jpg,1,0.977029,0.86075723,0.918893115,1
7e3a088a-30e9-4f22-92bb-b04d126a0392.jpg,0,0.016890295,0.002929513,0.009909904,0
1dfeef46-c989-43d8-9352-a4637448b1b3.jpg,0,0.043057986,0.077084824,0.060071404999999994,0
3e41011b-168c-45a7-a937-d02b7a16ad4e.jpg,0,0.02128465,0.008658242,0.014971446,0
31fed326-3bac-49e7-b030-badada2eaece.jpg,1,0.97708035,0.96844435,0.97276235,1
d26ed7dd-2a2d-46f6-8376-d486c5215701.jpg,0,0.028182894,0.0122871725,0.02023503325,0
f5749eb4-9686-4642-bc3c-3aef4546ff62.jpg,0,0.017874537,0.057304278,0.0375894075,0
cfe25b07-15b1-4450-a7fb-a94eed50b444.jpg,0,0.018355425,0.0033780201,0.010866722550000001,0
2fb69ebc-be79-479e-b2ca-f674ad5e723f.jpg,0,0.04824016,0.043007392,0.045623776,0
1a4d0d00-d1c6-4990-9e00-86f7bc151081.jpg,0,0.09234411,0.08498828,0.088666195,0
b36010e7-4683-417b-a015-d2552ab8f2dc.jpg,1,0.9765999,0.96774375,0.972171825,1
33d8cb97-af9b-4919-9491-2f2edc11f214.jpg,0,0.7499034,0.9251036,0.8375035,1
dd3680be-ba22-4d0f-bee9-6d0393f8d5c0.jpg,1,0.9748047,0.7021085,0.8384566,1
b9d4c1e3-a620-4717-a499-8d4f5e1a0121.jpg,0,0.0402533,0.047167614,0.043710456999999994,0
4aeb5130-545e-4004-8a0a-7832ab385785.jpg,1,0.9838133,0.9970493,0.9904313,1
86459279-1ddd-4b4f-a752-b84c11d1220f.jpg,0,0.029242482,0.02028589,0.024764186,0
08f0172d-01c2-4fca-b39a-9b71773833c4.jpg,1,0.96776015,0.9724999,0.970130025,1
e89b163b-9076-446e-be63-97a1128f8bf4.jpg,0,0.009412362,0.00807002,0.008741191,0
93294f76-f158-4d05-8f00-0bb78929a7dc.jpg,1,0.9932934,0.98812675,0.990710075,1
57b0a401-12aa-4d0f-ae9e-3fdb68aa09b8.jpg,0,0.7564515,0.8564543,0.8064529,1
6fb4e065-5b07-4d85-af43-28fa785ffd18.jpg,0,0.033758,0.0967471,0.06525255,0
88fc69c9-97f2-4b3c-bcb7-af6a6590173c.jpg,0,0.008556195,0.23434564,0.12145091749999999,0
09d469b0-7f67-4b71-825a-5fb80634c22e.jpg,1,0.9749874,0.84078014,0.90788377,1
fd736ca4-2602-4c5c-a861-e22299912ad5.jpg,0,0.037758417,0.045919746,0.0418390815,0
9214a8e3-56e5-4c65-95f7-599a06fdb79a.jpg,1,0.97116315,0.7236908,0.847426975,1
6d4d0c05-5f24-4dd5-83e6-fce866cdaa79.jpg,1,0.9608377,0.97468436,0.96776103,1
725bc202-45d8-4485-b5c1-7d81c9f84782.jpg,1,0.74614614,0.86959535,0.807870745,1
d013705b-f6be-4980-9d94-d1eceb0a5542.jpg,1,0.96644384,0.9288461,0.94764497,1
371e3f4f-c1df-49c9-803b-9e56dc83eda1.jpg,0,0.017660407,0.025059301,0.021359853999999998,0
267dd357-a4c3-4319-a020-d01e1b6fcaf1.jpg,1,0.9781913,0.9764886,0.97733995,1
79be9602-0194-4ea1-b481-a044d3244592.jpg,1,0.9657776,0.37449202,0.67013481,1
7441ae9e-3521-4291-b2c2-6440fc25a9b6.jpg,0,0.030207379,0.027405173,0.028806276,0
d4e623fc-508b-4d3c-ab84-c6ae60ad0ecd.jpg,1,0.019583896,0.30277175,0.161177823,0
3c2f1ea6-a82f-45a0-9c0f-e906b9743e60.jpg,1,0.9770751,0.89997077,0.938522935,1
b0039ef5-3326-4253-b2be-4be501e76d06.jpg,1,0.9758816,0.9865363,0.9812089500000001,1
90aab833-1afc-4a8e-9ca9-e2c25842524c.jpg,1,0.9828221,0.96139777,0.972109935,1
83a7248e-6128-4e1c-85b7-39084d218515.jpg,0,0.02754641,0.034009825,0.0307781175,0
b7ef5f2e-2bc5-4eeb-a7f0-cf0ecaf99d3e.jpg,1,0.9702801,0.46153212,0.7159061099999999,1
b73122a0-555a-4e21-97ce-58099a163a83.jpg,1,0.9215524,0.9693467,0.94544955,1
f504599d-b697-48eb-9929-cf905541f0fb.jpg,0,0.025788715,0.049434733,0.037611724,0
24ee0e59-186f-469d-8e52-0e8469b1ba85.jpg,1,0.95528394,0.88330054,0.9192922400000001,1
10c63c1b-67a8-40c4-ade6-b667ef38359c.jpg,0,0.02662124,0.007825998,0.017223619000000003,0
fef04b82-7e08-4fa2-9180-06c26d11ae1a.jpg,0,0.019509641,0.018207934,0.0188587875,0
6a6351ce-587d-4ee0-9c45-cdfe26059958.jpg,1,0.21935587,0.47455433,0.3469551,0
286434aa-ae13-40d2-9761-6560e406ce49.jpg,0,0.009752895,0.003659144,0.006706019499999999,0
489fc6de-3a61-47b8-b7c9-636ea1282798.jpg,1,0.9816636,0.85017467,0.915919135,1
df4a4231-9211-4311-8364-f024de74630a.jpg,0,0.043339174,0.19173488,0.117537027,0
088ec88d-a51e-43da-850e-0ec6de60b135.jpg,0,0.029505601,0.018596428,0.024051014500000002,0
544d4a99-503b-4ab1-b26c-8880baf8926d.jpg,0,0.061785102,0.060721926,0.061253514,0
d9de4d5f-f7a0-41ed-b622-ee20b9a74cb5.jpg,1,0.9708309,0.9451648,0.95799785,1
f7eb1c70-62dc-42eb-84f5-5359bdc2a1a6.jpg,1,0.97500163,0.96479744,0.9698995349999999,1
6c47d6a4-baf7-4b9e-9407-142d222389d9.jpg,0,0.72016144,0.25427577,0.487218605,0
02c709e8-de29-4644-a297-fe015be3634b.jpg,1,0.8054091,0.36852726,0.58696818,1
f80f4e39-9ad6-4925-a002-236add3a01f8.jpg,1,0.95599735,0.2611848,0.608591075,1
2dbea1ce-9cac-4d28-927e-1a20da6db34d.jpg,0,0.020780424,0.5866416,0.303711012,0
558dab7e-2336-42a0-b12c-45994f9dabce.jpg,0,0.027430208,0.013909828,0.020670018000000002,0
9710852a-fda2-4b7b-9204-f61c30a1fbc2.jpg,1,0.9370755,0.46109793,0.699086715,1
36b6d75b-c9a6-4d43-b61c-55033cfd6ac6.jpg,1,0.96392685,0.498144,0.731035425,1
faf2c930-7f87-4a53-9a14-02bd7b0b0ad1.jpg,1,0.9704273,0.6446363,0.8075318,1
4c8612de-f131-4e11-85bf-e16478d75073.jpg,1,0.9591602,0.9485105,0.9538353500000001,1
e429d2b9-a02a-46a5-8b5e-e3ea5300817a.jpg,0,0.023997791,0.12178811,0.0728929505,0
746d8ed6-792d-49a3-a1af-1914fffcde80.jpg,1,0.98354244,0.96591026,0.9747263500000001,1
376325aa-0ecd-4951-9520-9e65715257bd.jpg,1,0.97458935,0.97409195,0.97434065,1
9cf8b972-7e2a-406d-9d24-906c63dc2ff6.jpg,1,0.91800576,0.3891343,0.65357003,1
a3fa897a-d674-4099-99a1-e5b9ff65c939.jpg,0,0.027671417,0.049029388,0.0383504025,0
97d162e2-6158-4493-8c75-5054ae24ebdd.jpg,1,0.95085216,0.59307575,0.7719639549999999,1
43eb845e-f396-41fd-b4fe-358d2cb684a0.jpg,1,0.9709806,0.970907,0.9709437999999999,1
5ee9210d-1cae-4e7c-b6b0-3683fc8bea45.jpg,1,0.49495444,0.35849735,0.426725895,0
e984dd73-8bb5-4d74-9e4b-d45cdacba7f7.jpg,0,0.060015272,0.04711428,0.053564776,0
7cde1922-095b-4485-810f-bb4ea8602317.jpg,0,0.5005992,0.84966177,0.675130485,1
5f50d233-ff7c-4f33-97e0-2476602a06b8.jpg,0,0.79075724,0.15699556,0.47387640000000003,0
7e75e21b-6f67-4b70-8b3b-6e16444ba006.jpg,1,0.8813018,0.78874314,0.83502247,1
52bba6b0-273a-4d26-a854-fa93a1355009.jpg,0,0.048192073,0.027523827,0.03785795,0
8ea5d75a-b36c-4764-96cb-0bd321b5b97e.jpg,0,0.04784712,0.02306929,0.035458205,0
9f242fed-b6f3-426e-a237-b237a5b66750.jpg,1,0.65792656,0.59687895,0.6274027550000001,1
b982e68b-dbfd-412b-ba5e-3b118235b9d7.jpg,0,0.30677828,0.06478121,0.185779745,0
6d7fb98b-dda7-4874-a5ff-a18921313468.jpg,0,0.03012553,0.017435474,0.023780502000000002,0
d5a591de-2b71-4745-bac0-89d1111b7202.jpg,0,0.018239945,0.027022399,0.022631171999999998,0
a50f4362-a246-4153-a0c4-abcc35661e16.jpg,0,0.95970106,0.61915654,0.7894288,1
ee054a69-1a89-412b-9f9d-d88606a7087d.jpg,0,0.10000614,0.02263649,0.061321314999999994,0
0b8134c4-5d24-4841-97b9-7d46211b5765.jpg,1,0.9775219,0.95705456,0.9672882300000001,1
0cee8230-e681-4212-bc17-48e697605186.jpg,0,0.032707877,0.1419311,0.0873194885,0
1dbbfbcd-450d-4fae-818f-bf2395adf8df.jpg,1,0.7778409,0.70505434,0.74144762,1
89750c7c-809b-46c1-8228-dd9391362d91.jpg,1,0.98120433,0.9785679,0.979886115,1
5ad83850-5b9e-41f5-9079-fe2447936e12.jpg,1,0.97869295,0.98440856,0.981550755,1
91ab5358-4849-45eb-8a37-0b748ebd65e2.jpg,0,0.011816841,0.025924947,0.018870894,0
94ab787d-1e5b-47e5-ac4a-94f1f8246067.jpg,1,0.95997214,0.969287,0.96462957,1
a34d8264-9d9b-4252-826a-7058d00c8d15.jpg,1,0.97475797,0.9730516,0.973904785,1
a40438f3-b271-41d6-898e-1800ea56ee16.jpg,1,0.9746595,0.9620441,0.9683518,1
0424385c-eec5-4200-9894-50d89b5c0bbd.jpg,0,0.88128287,0.6291168,0.755199835,1
b2c666b2-765b-404b-87d1-0dad269ddc22.jpg,1,0.9699119,0.9874163,0.9786641,1
8894d8b8-a309-46c0-a9ed-b8298a29a24b.jpg,0,0.2891424,0.34073386,0.31493813000000004,0
356d665d-fd4d-43e7-afe7-fc497e0345d5.jpg,1,0.96255124,0.7465621,0.85455667,1
d03f240e-ae53-4cc2-8de5-b7412773baed.jpg,0,0.086504854,0.025356814,0.055930834,0
0520335a-be31-4cf0-a2f6-e7e51433627d.jpg,0,0.14453334,0.23320822,0.18887078000000002,0
bd2cdb17-9da7-4080-a9b7-b1217a5a6293.jpg,1,0.027700165,0.20338304,0.11554160249999999,0
650689cb-c383-4abe-9f17-4e9e0ae8a41f.jpg,1,0.94924897,0.82516193,0.88720545,1
d091185e-0077-4619-8901-e142c5d05e09.jpg,1,0.97487813,0.98942614,0.982152135,1
b67dbde6-c9d0-4fd2-bd28-10d14c61d9d8.jpg,0,0.027912112,0.02883144,0.028371776,0
11587078-520c-474a-8fca-07ba386887eb.jpg,0,0.033186983,0.010227843,0.021707413000000002,0
3971bb05-6488-413b-965b-134783def96b.jpg,0,0.017671835,0.010406001,0.014038918000000001,0
850fda4e-9b86-4be1-807a-87875cb2ca9f.jpg,1,0.9856849,0.7577036,0.87169425,1
86045266-05a2-4453-b21d-bcd7fb54c4e9.jpg,0,0.44935635,0.13348335,0.29141985000000004,0
0a61ac0a-5dee-430b-9d1a-f076d7f1fb0d.jpg,1,0.9720729,0.9159809,0.9440269,1
3ea5c5a3-f406-49ca-9756-5854778abaaf.jpg,1,0.19893803,0.28098914,0.239963585,0
778ce9d5-7a45-4b5e-a0e0-9a660f76f9f5.jpg,0,0.032924965,0.11188964,0.07240730249999999,0
e05753c7-4e48-4ffd-9a73-42cafc973b01.jpg,1,0.97734284,0.9345523,0.95594757,1
4ef7778d-4ee6-44fe-b917-6a8036b1208a.jpg,1,0.93407226,0.8454436,0.88975793,1
2e8db7ad-5e90-4546-8de3-77c8a4ed60f6.jpg,0,0.032320026,0.031035917,0.0316779715,0
bc4f6351-d051-4f95-820a-528514067212.jpg,0,0.03153358,0.06873023,0.050131905000000004,0
816b2d9f-2af3-4a0e-bc0a-d6a36bde6562.jpg,1,0.9778491,0.8730701,0.9254595999999999,1
0152b9c6-23b4-4997-be14-592680b47252.jpg,0,0.15129983,0.1584217,0.154860765,0
d49daa07-aa9e-4207-912f-f96ec1574dd7.jpg,1,0.9812378,0.96727663,0.974257215,1
4ca6aaf1-2cc4-4479-a325-daac140dcd70.jpg,1,0.97672075,0.9181796,0.947450175,1
4f2f88f5-2a14-4613-a998-6f658a92cc14.jpg,0,0.098866075,0.05574144,0.0773037575,0
507599d6-9957-408d-9735-abaa66c4f53d.jpg,1,0.98223776,0.9468403,0.96453903,1
ac299666-da21-4bfc-8ec0-c2d5fc8bcba7.jpg,1,0.9764826,0.90379804,0.94014032,1
146cd1e7-c19c-415a-abee-114d31f09cf3.jpg,1,0.9805038,0.9490519,0.9647778499999999,1
a953f899-0f21-4d4f-aae3-2e9d8ae0a325.jpg,0,0.18473442,0.3057662,0.24525031,0
480e5f7a-f5a1-44ea-b466-ed0070db6a2e.jpg,0,0.01609761,0.034478966,0.025288288,0
3a1bdf8c-aded-49ad-abe3-3415be39d23b.jpg,0,0.089207664,0.07456825,0.08188795700000001,0
70a20fd2-2a0e-4a84-86f9-18c03a98bc13.jpg,0,0.056544494,0.016131533,0.0363380135,0
502e3ba0-d096-434e-9214-ef7dfb489d88.jpg,1,0.8584634,0.96314925,0.910806325,1
cbf9d59d-b999-462f-9f03-399967dd44d8.jpg,0,0.022500394,0.014007722,0.018254058,0
0c81f5da-b226-40fc-9964-6d0a4828ab58.jpg,0,0.024690859,0.0077962857,0.01624357235,0
5b2fac8b-85c9-4663-b63c-d8d8e48515f3.jpg,1,0.97509426,0.9264154,0.9507548299999999,1
7f31e14c-a6f8-4e97-b5e9-1b97c7d2c0f2.jpg,0,0.15507428,0.18378805,0.169431165,0
15ded8c7-5b58-4597-b60b-21000a048d33.jpg,0,0.9287455,0.38161796,0.65518173,1
d13903f8-f3c9-4b3f-8d33-4a283cbe8e06.jpg,1,0.9676389,0.95547813,0.961558515,1
b6cc0053-5667-45f1-83ac-4e75edd06f92.jpg,0,0.03958547,0.018814152,0.029199811,0
19ead207-b8a4-4325-a4e8-17f1c33c295d.jpg,1,0.9550452,0.9181069,0.93657605,1
649c6611-8cf4-416d-a350-07d6349e58bb.jpg,0,0.018557644,0.015700754,0.017129199,0
9fba90e2-e229-47d7-b503-eb051fcf4362.jpg,1,0.1980241,0.5464178,0.37222095,0
80f61a0b-89fa-4804-b123-09c74f51b2d8.jpg,0,0.009482112,0.08688728,0.048184696,0
64c7df26-dbb4-430f-9198-f204e3c8a8b7.jpg,0,0.05282015,0.049151648,0.050985899,0
4d437983-4a02-442a-89c4-0199a2b09e13.jpg,0,0.031861767,0.043314427,0.037588097,0
f2ed1dc3-89a8-4c07-9264-dcf6584e7d65.jpg,1,0.97796476,0.78312904,0.8805469,1
7ea2c85b-aa22-48a7-a7ef-48b34531d08f.jpg,0,0.9177366,0.26643482,0.59208571,1
428304aa-3038-40c6-a182-77fa7860aae0.jpg,1,0.9749425,0.9676109,0.9712767,1
02a7eaed-9fee-45f1-bd07-ac1a3e0c389a.jpg,0,0.07288495,0.010948289,0.0419166195,0
08edefe9-beaf-4435-83d5-dcbd1060b615.jpg,0,0.023975767,0.02161049,0.0227931285,0
f10e1318-cc9c-46e5-b969-0a5e753de5f1.jpg,1,0.9697752,0.964265,0.9670201,1
d5cbaa04-6fd6-4726-abaf-5fe13fa18273.jpg,1,0.9254315,0.8371817,0.8813066,1
edbed3d9-3fad-49e5-a060-73f7bfb7a009.jpg,0,0.03438325,0.019491695,0.026937472499999997,0
95da8800-7a68-4c14-ba34-bb6e4f3d3523.jpg,0,0.019816065,0.015298308,0.017557186500000002,0
253f79cc-3d9b-4460-a63e-805a73fb1261.jpg,1,0.98157597,0.9773392,0.979457585,1
bf3e4dcb-10d9-48fb-b9f6-00e7ab40c620.jpg,1,0.9030812,0.9843039,0.94369255,1
c0a0d745-3c88-46c5-a2a2-567373b7b567.jpg,0,0.020308178,0.0066708806,0.0134895293,0
faca9c23-e617-4bb0-8805-fce8205e931f.jpg,1,0.95239973,0.9749513,0.963675515,1
48d44436-6cf5-4d1a-94f7-5ab74f245891.jpg,1,0.069971345,0.13882497,0.1043981575,0
4186afaa-d88f-4766-976c-60be724c809b.jpg,0,0.034149732,0.014950568,0.02455015,0
9229e490-ff4a-4e81-b314-b3bf384546a5.jpg,1,0.97906905,0.9858991,0.982484075,1
2c74b02c-2152-4f56-8db4-c4b5ee13c790.jpg,0,0.61250395,0.3679054,0.490204675,0
cd7d5527-c2e8-4a4e-bb94-f233dcfae428.jpg,1,0.9115605,0.97156996,0.9415652299999999,1
aa2f25fc-21ec-4328-8ee1-6e5ae094c192.jpg,1,0.85375786,0.20764673,0.530702295,1
21b0160a-01c7-484d-9205-d89e7855b2ea.jpg,1,0.9634417,0.8277172,0.89557945,1
3e34751d-1e7f-4091-bfa0-01477e45c383.jpg,1,0.98087907,0.9733396,0.977109335,1
a481dd33-938f-420c-bcac-2df1717c486e.jpg,0,0.032748956,0.068706885,0.050727920499999996,0
d4158513-75df-487f-b4d5-6173a3da9b88.jpg,0,0.034347877,0.014358879,0.024353378,0
1f47cbe2-b04b-4ddd-81d1-5574be895042.jpg,1,0.9736274,0.95574474,0.96468607,1
ae01ebbe-9a83-4fe2-996a-b08ac6af2077.jpg,0,0.47139686,0.106802516,0.28909968799999997,0
2a726fb3-55d9-4cdf-aa11-1322196e2d1b.jpg,0,0.20156866,0.051852252,0.126710456,0
9727fdb6-ed49-43f6-aa93-e8453d21c488.jpg,0,0.97096425,0.7463558,0.858660025,1
aad95f3a-9d0f-4f40-b620-f70a3719a4b7.jpg,1,0.9799653,0.9622914,0.9711283500000001,1
e92bb1f7-79b0-4733-87b7-edd8d5186e4c.jpg,1,0.9793519,0.98122084,0.98028637,1
726c8964-c872-4039-a02f-456ad4dcb1da.jpg,0,0.09029868,0.13605177,0.11317522499999999,0
1a13942f-c0ba-4ace-88b2-36c864d09395.jpg,0,0.0163195,0.06899386,0.04265668,0
3a6b7d72-a379-4e5a-a133-fb7237696622.jpg,0,0.018855806,0.004640842,0.011748324,0
bcd65793-da49-462b-ae80-58b859a580fd.jpg,0,0.3906112,0.24782957,0.319220385,0
12adda08-f080-4c26-9fb4-afd5696981bd.jpg,1,0.49499053,0.1080734,0.301531965,0
55524c09-7a09-48e1-9b3f-f2ca66c818e4.jpg,0,0.04515147,0.030163573,0.0376575215,0
a396779e-13c4-4ae5-b192-420d8a6b1f36.jpg,1,0.77426976,0.56100535,0.667637555,1
e2cd66b9-ee2c-4f76-b07c-53d4fe1ec590.jpg,1,0.9479055,0.06607496,0.50699023,1
832216b3-fa58-4fb7-85a9-984183aea94f.jpg,1,0.98253757,0.7474696,0.865003585,1
4484de57-4270-452c-8ca0-3f3e95773c0a.jpg,1,0.9869199,0.97447646,0.98069818,1
2bace5cc-5196-4d1f-988d-a952845932a3.jpg,0,0.073004514,0.07008236,0.071543437,0
af1268b0-fd88-47f7-bddd-4b1fac2478a3.jpg,0,0.048516385,0.023503289,0.036009837,0
ea6a1873-8b27-474f-a9ab-a8a6008ffc89.jpg,1,0.98638386,0.8889085,0.93764618,1
ea5947b5-fa64-48a5-8089-74dce600643c.jpg,0,0.029799897,0.014425571,0.022112734,0
31dcc558-2341-40c9-b833-8dad03229ef8.jpg,0,0.91800326,0.04593598,0.48196962,0
476affe5-3ccf-4173-86e2-7d3506341302.jpg,0,0.028785309,0.010183943,0.019484625999999998,0
dcb67bf2-31e7-486f-95c9-0feb94fd76ac.jpg,1,0.3170438,0.732997,0.5250204,1
f9e135ca-aec1-4121-b1fe-b196ab887cec.jpg,1,0.5693798,0.7882486,0.6788141999999999,1
f6fd0fea-a1bb-4bc5-a475-f5afcb3adad9.jpg,0,0.04096059,0.014823584,0.027892087,0
ac99764a-707d-490b-83d6-f1ff76216c8d.jpg,0,0.95759547,0.26655307,0.61207427,1
c6fb467b-258e-4aba-b056-a62bddf6abbc.jpg,0,0.9502425,0.1510411,0.5506418,1
4bb89db2-e976-435d-81b0-9c613da8c3f1.jpg,1,0.8960952,0.5942113,0.74515325,1
a788cea0-9229-45b1-ad59-0bb4d31c6b49.jpg,1,0.9842861,0.9886841,0.9864851,1
ca042d96-41ad-4c7f-b6c1-06930901027f.jpg,0,0.027152557,0.029039407,0.028095982,0
e910d5db-f5ff-4478-975a-35cc6d259e64.jpg,1,0.9718732,0.80722463,0.889548915,1
5af16bf9-fab7-4f49-86bc-74b826b937be.jpg,1,0.95315105,0.19826512,0.575708085,1
d7be8af1-f217-4cb8-b042-ae19933fce35.jpg,0,0.016139051,0.045807026,0.0309730385,0
291bf9bc-2b93-410b-9798-724f4a3535ef.jpg,1,0.9803355,0.9800325,0.9801839999999999,1
b6964725-6636-497e-a451-f7d70aed2585.jpg,0,0.13284037,0.886102,0.509471185,1
a8f5e474-c89e-45c7-935e-3417583d9594.jpg,1,0.9792397,0.9887944,0.9840170500000001,1
d9f46c23-0e81-4e3b-9d06-6fd237aca8b8.jpg,1,0.95915055,0.30503985,0.6320952,1
401b340d-6dfc-49e4-b421-d7203221be34.jpg,0,0.02584886,0.011532693,0.0186907765,0
a23be806-1a34-4d7a-8ac3-6256afd4bbd9.jpg,1,0.028758349,0.03435682,0.0315575845,0
718aaa75-f374-4d78-8222-f751d6937b5f.jpg,1,0.96690595,0.93011504,0.9485104950000001,1
b5d5df57-4af8-45ae-948c-005fa273c785.jpg,0,0.042775966,0.029142385,0.035959175499999996,0
b73587af-a002-4c38-a50c-be20de093033.jpg,1,0.95823383,0.9670706,0.962652215,1
3436927c-cef4-4ef1-a5db-cf1cf7843f64.jpg,1,0.44718096,0.0333874,0.24028418,0
14fd1c84-e90e-4f5d-a06f-2e1c6acd07c0.jpg,1,0.97348815,0.89919394,0.936341045,1
3ea2a7ea-920d-4f54-8294-0decd592cc71.jpg,0,0.01801718,0.060953073,0.0394851265,0
16d9b809-392a-4ce0-8bfe-54021de1f7bd.jpg,1,0.9064829,0.58463174,0.74555732,1
98a6afb3-a22f-40e2-875d-b3f25880bdb0.jpg,0,0.51266116,0.034519967,0.2735905635,0
68db8027-865d-43bf-a088-53efacde567b.jpg,1,0.97757614,0.8601786,0.91887737,1
eb254494-ea42-48fb-9a39-466e498c94ab.jpg,0,0.02135272,0.0052854987,0.01331910935,0
aef1b4cd-17f5-4b63-8c6d-eec6a9c8cf28.jpg,0,0.024261972,0.015420129,0.0198410505,0
47117d15-3e95-407e-aed6-725f94d7ab2c.jpg,0,0.5548189,0.093912266,0.324365583,0
cec5a038-4bf0-40b9-87de-f902077721bb.jpg,0,0.10046363,0.46269625,0.28157994,0
db15fdc3-f51a-4bc0-85f1-5517d3859bd8.jpg,0,0.14373066,0.16722631,0.155478485,0
682ccb4d-9c3d-4563-a283-739818000909.jpg,0,0.0435204,0.018367812,0.030944106,0
d527b0ae-861f-4ff2-b059-9365e0c27dba.jpg,0,0.013591212,0.023201004,0.018396108,0
32a7b31a-23a3-463f-957d-a2d6dd6a3822.jpg,0,0.030157909,0.054914482,0.0425361955,0
bd97094e-30f4-4b0e-8eb0-6720904fe3fd.jpg,0,0.0034756253,0.038183987,0.02082980615,0
01ba2fb3-729e-4f49-8f5d-f4ee92fd2f16.jpg,1,0.9765439,0.8907193,0.9336316,1
f514428c-1a8f-4203-870e-94ccf67e2404.jpg,0,0.009690404,0.015837243,0.0127638235,0
9fc56d15-7a31-4797-861c-436a585407e5.jpg,0,0.015426565,0.008309388,0.011867976499999999,0
380850ee-3c83-4194-81a7-e6d47ff4feca.jpg,1,0.98319316,0.9637296,0.97346138,1
2d9d131c-4a9f-473a-88aa-e20d81d60a56.jpg,1,0.9744082,0.97305727,0.973732735,1
5c701dea-6d1d-4b53-9acb-ff50f98b49e3.jpg,0,0.031536598,0.06361807,0.047577334,0
bf67bc9d-d5a0-4649-8132-8a9fe52cd35f.jpg,0,0.022223953,0.009654082,0.0159390175,0
19f32361-852b-4d14-ae60-5f490b1e07f5.jpg,0,0.013956492,0.007849183,0.010902837499999998,0
757fcedd-2094-4b4e-8b33-6015d9184f72.jpg,0,0.016060058,0.017517846,0.016788952,0
c8c0161d-f121-4326-bf90-16023d9f9eb3.jpg,0,0.032506533,0.026588738,0.0295476355,0
f24fdef7-5bfe-438f-9675-5068236c3ff4.jpg,0,0.013286197,0.028993418,0.0211398075,0
4b66e156-47db-4ec8-afc2-778bd2e450ca.jpg,1,0.96875274,0.7978871,0.8833199199999999,1
f347e481-7b28-4b32-8b97-706cf6efd6dc.jpg,0,0.028291034,0.01735467,0.022822851999999998,0
02978c69-0c6c-44b3-b48b-ac8ea6efb63b.jpg,0,0.026875779,0.017127048,0.022001413499999997,0
52cb8ade-edfa-4ff4-b52d-fe6d5bd55913.jpg,0,0.05042987,0.054599684,0.052514777,0
19c5c01a-48d9-4e44-988e-1d3939c2d85a.jpg,0,0.039239332,0.009073519,0.024156425500000002,0
d7bd42d0-73f9-48b0-a474-f25c7ea5530e.jpg,0,0.9181394,0.54197973,0.730059565,1
3b0eac6d-d4c8-45ba-bf59-174d9fd9cb8e.jpg,1,0.92713726,0.38598815,0.656562705,1
588b52a2-4e92-4d1c-990a-b99d24f6abc3.jpg,1,0.9703156,0.9190499,0.9446827499999999,1
e775fdcd-3275-4b6e-b069-0b755b6170c4.jpg,0,0.045124136,0.020705214,0.032914675000000004,0
b583ec63-4555-4b73-8323-3849b850ee1c.jpg,0,0.061019327,0.012390167,0.036704746999999996,0
8111b48e-da39-40bf-8cd8-f743ab823db5.jpg,0,0.0120615,0.04782679,0.029944145,0
ba04ac81-1344-4b1c-a5ab-1b4aa26a0102.jpg,1,0.9565886,0.8073156,0.8819521,1
8b6521a3-25a2-489a-bc47-a785cc2f45d7.jpg,0,0.01622921,0.077989414,0.047109312,0
f1fe3571-5dd0-45dd-861b-58058d2c191a.jpg,0,0.9649062,0.18757086,0.57623853,1
95c8e092-2a25-45ab-8173-d3efef27bcdd.jpg,0,0.4332824,0.25268787,0.342985135,0
d0f1d4e1-ad3f-4077-8e70-e5ed75e3ab26.jpg,1,0.040974963,0.07317841,0.0570766865,0
f4dfc550-ccd9-4f42-93f7-48c301f363ef.jpg,0,0.018028127,0.107570246,0.06279918649999999,0
b148fd7f-3306-457a-82ac-316d4b28110a.jpg,0,0.023438873,0.044799723,0.034119298,0
c83c0c07-1eae-4959-9edf-43a636a4fe2e.jpg,0,0.08561494,0.3848686,0.23524177000000002,0
b9485bcc-2cda-41dc-93cb-f32637f6dc55.jpg,0,0.046152342,0.008881557,0.0275169495,0
14e4ed21-12a5-4446-b0c3-f1befd0f7c75.jpg,1,0.98001444,0.99364835,0.9868313950000001,1
81456966-75e8-49ea-85dc-0b94cf91b52d.jpg,0,0.026802594,0.014247551,0.020525072499999998,0
682e7ff1-536b-486a-b32b-6e2267484e31.jpg,1,0.73761576,0.36040902,0.54901239,1
3b8b2d52-0114-4651-bab9-1f88d8960810.jpg,0,0.017695475,0.012695295,0.015195384999999999,0
bf11d886-13bb-4443-945d-82ee4d0358eb.jpg,1,0.7019836,0.59429604,0.64813982,1
6cdc7e67-d2fb-41d5-9674-177e7846c560.jpg,0,0.009522653,0.022747725,0.016135189,0
1a246b39-68c4-4928-bb08-c0b04366b2da.jpg,0,0.11986647,0.13674557,0.12830602000000002,0
064a04b5-a0ad-450b-9856-418e81ecb924.jpg,0,0.37739104,0.0283283,0.20285967,0
c8948cbf-2c75-40bf-930b-0f40467dd5b2.jpg,0,0.24777466,0.015879178,0.13182691900000001,0
11b341cf-a467-4795-a92b-3f0123c67247.jpg,0,0.029762875,0.03949111,0.0346269925,0
d0f96fff-b8e1-4a69-a734-07c99045a380.jpg,0,0.044850215,0.22621703,0.1355336225,0
1363088c-0124-40cc-91c7-329a2dca50fb.jpg,0,0.13724579,0.2200857,0.178665745,0
bb0a5f23-76a3-4abb-ae48-dbe234d6116d.jpg,0,0.08801864,0.018609118,0.053313878999999995,0
8872dc29-2fba-4356-85d7-42a8e8449ce8.jpg,0,0.18233395,0.029361384,0.10584766699999999,0
1756262b-2aca-43b5-a193-ed537d816a58.jpg,0,0.045141812,0.018470814,0.031806313,0
e5641331-f856-477e-937c-5b29194ccd19.jpg,1,0.9802783,0.9926853,0.9864818,1
4f4dc8e5-ccaf-4bb7-a463-98d46e6cba6a.jpg,1,0.98028904,0.9761999,0.9782444699999999,1
bab25a22-f2ba-4725-ba11-dedc38b878b1.jpg,0,0.021959987,0.003272054,0.0126160205,0
8bbaa020-12db-4c61-be87-e068c8d39205.jpg,0,0.045251817,0.013731643,0.02949173,0
3f222421-31a1-4183-911f-3a6eb220f2fe.jpg,1,0.98141426,0.9878285,0.98462138,1
5a0b05da-3a22-4de1-9a2a-99cdffb203ed.jpg,0,0.117629334,0.091940746,0.10478504,0
41b2e572-9ec4-4800-844a-ba026b7da5f6.jpg,1,0.98008543,0.92107713,0.95058128,1
51facbd4-4c82-4ca9-995a-7233bfc6a2a6.jpg,1,0.96975595,0.9614827,0.965619325,1
24d0769b-01aa-40c5-ad4c-44a792ab5b8d.jpg,0,0.28155792,0.06233101,0.17194446500000002,0
a606f6ee-de8e-4937-82cf-8d2b9dffe9de.jpg,0,0.012538626,0.019755801,0.0161472135,0
c77078c2-10ab-449d-8c9d-fd80c32822b9.jpg,1,0.90820056,0.9706214,0.93941098,1
089aadf6-4a19-4dd0-bc26-b4f6f758ea89.jpg,0,0.0314026,0.010772812,0.021087706,0
8de738c9-c0c0-4f36-984d-f05f053b95f2.jpg,1,0.9821162,0.9863659,0.9842410500000001,1
3f2b5242-117e-4cb8-a6e7-e24eded5d961.jpg,1,0.9788573,0.91939634,0.94912682,1
af87aeb2-61e2-4b31-aca4-9399429c3a5c.jpg,0,0.028859979,0.17580564,0.10233280950000001,0
936732db-377c-4901-9cf4-38083b195d3d.jpg,1,0.93954647,0.96199566,0.9507710650000001,1
3e5673d0-2e01-49b7-945a-401b46239fe9.jpg,1,0.97893274,0.9561775,0.96755512,1
68c88590-9963-4345-bd3e-0690cc6e94cc.jpg,1,0.97803086,0.99999785,0.9890143549999999,1
0f63acf5-1013-46af-abde-e37b9949f182.jpg,1,0.4576666,0.116006,0.2868363,0
2c0051d3-11a4-4f92-829c-ee7e410fd4f4.jpg,1,0.9203518,0.932262,0.9263069,1
9ffd1194-4001-4f79-a0ab-dc9db61aceac.jpg,0,0.008182882,0.009778389,0.0089806355,0
8daa896e-4203-491d-bdd1-c3d31be58af6.jpg,1,0.9713817,0.9866403,0.9790110000000001,1
e7a0b470-5e28-4ebd-85f5-9bd3569e7af6.jpg,1,0.103073046,0.0124874115,0.05778022875,0
0909390f-6a61-4d3c-8ecf-86a76422481a.jpg,1,0.631487,0.13425219,0.382869595,0
af4d58c2-be71-4bba-a7cf-2b5055acbe22.jpg,1,0.96068233,0.849065,0.904873665,1
bac3ede2-33e7-4528-bd5b-2b4d19be571d.jpg,1,0.97753465,0.46905872,0.723296685,1
4cc81b7c-f9ed-4e5f-bd56-8dd96f4eb0e6.jpg,0,0.025756119,0.17471015,0.1002331345,0
1e735559-9f32-4141-b5b6-973efc846a06.jpg,0,0.87939733,0.019622596,0.449509963,0
5c94d8c8-7adb-4af6-a705-aebf9e9ffc70.jpg,1,0.926876,0.8199825,0.87342925,1
d3a03fa4-7106-4295-8b4a-163cf058a542.jpg,0,0.025682464,0.013687675,0.0196850695,0
0c6ade63-71f1-4e25-83e2-e9732a934859.jpg,0,0.9785559,0.454058,0.71630695,1
d7e60d40-37d2-4d6e-9b01-5ff7604b82ec.jpg,1,0.9543481,0.98898137,0.9716647350000001,1
67ea4872-3e59-4894-9b71-84b4ee5af4c3.jpg,1,0.98825806,0.66172934,0.8249937,1
2b493ddc-b685-4022-9d9f-a9a53e69285a.jpg,0,0.07068093,0.34440443,0.20754267999999998,0
6749c270-a889-48e0-8e1d-1990300c40cb.jpg,0,0.24452302,0.192812,0.21866751,0
aa04e7ca-71e3-414a-8d63-f8659777c08c.jpg,0,0.4070732,0.45854774,0.43281047,0
dbda4068-f61f-49e1-8a2a-ee8ad4721d5d.jpg,1,0.9423651,0.57454103,0.758453065,1
7dbdc177-248f-43f4-90a9-0819f5db6fbe.jpg,0,0.0066300174,0.00915292,0.007891468700000001,0
3662f11c-6030-4a6c-bcb6-75b3f30b8396.jpg,0,0.03209777,0.036958437,0.0345281035,0
4cfa03e3-49a9-45c6-801c-7d17db14deec.jpg,1,0.9546477,0.9522987,0.9534732,1
c10705f8-e094-4fb0-af51-e4ed466638e5.jpg,0,0.01827545,0.006236905,0.0122561775,0
2a8ce89d-9297-4ede-8aec-fbe46b8392e2.jpg,1,0.38018247,0.7385761,0.559379285,1
b0158b86-7661-4603-9330-3ccde83e3a4b.jpg,1,0.9768996,0.9957528,0.9863261999999999,1
fb923e5c-c354-4caf-b536-008a163a6b9d.jpg,1,0.97758013,0.7272247,0.852402415,1
4fb42ed0-b4a7-4a65-b03b-d04e2ea4a874.jpg,0,0.0111328745,0.018202282,0.01466757825,0
ac1105a5-8b87-4009-aa62-3d72e7c09785.jpg,1,0.98414433,0.93333316,0.958738745,1
3415988a-3949-4205-a2ad-ab8ccddb64f7.jpg,0,0.013379096,0.01869053,0.016034813000000002,0
4b738357-2ffc-41e2-8a6a-05247c7df9f7.jpg,1,0.9789225,0.96778136,0.97335193,1
82108e78-a9bf-44e7-ad2c-7be7bb7b9b63.jpg,0,0.9840448,0.82300323,0.903524015,1
de1ec666-9dbe-436b-b185-ada116c94d99.jpg,0,0.94526863,0.13058347,0.53792605,1
55c21f05-a781-4807-af53-4e7584a9043f.jpg,0,0.024165273,0.014465747,0.01931551,0
8dedb2ff-75bd-494d-a4dc-d7ee91424073.jpg,0,0.01657481,0.013639093,0.0151069515,0
74fc1c44-ac61-4420-8233-697c348acc15.jpg,0,0.03058368,0.018553188,0.024568434,0
dfbd8a6a-5109-4ebd-9f70-7d0fa455e760.jpg,0,0.05595478,0.08904136,0.07249807,0
ff462762-ecfe-4c44-a00b-e5ab22774da0.jpg,1,0.95933986,0.3946055,0.67697268,1
81169321-7d03-4e05-a7c5-f367b81faf78.jpg,0,0.009814776,0.010056185,0.0099354805,0
550d51ea-3203-4b6e-b65c-9af691716028.jpg,0,0.025888931,0.019033702,0.022461316500000002,0
1c942bf7-4d03-4553-88bd-47a984fe8d86.jpg,0,0.15706576,0.018033093,0.0875494265,0
a7325f5f-f2bb-4f0f-97cb-1dcf7882685b.jpg,1,0.9488475,0.9704884,0.95966795,1
cdedad34-3746-40a0-916e-ce496f0923c9.jpg,0,0.1286153,0.046652194,0.087633747,0
3f9804de-8aa5-48f7-8cf3-569277b78338.jpg,0,0.047483232,0.045232024,0.046357628,0
b55cc3a3-fd0c-4185-966f-d6926ee9ca21.jpg,1,0.9789027,0.9548217,0.9668622,1
03e03a35-b6c7-43a9-a689-a809371efdd6.jpg,0,0.40267965,0.17272928,0.287704465,0
7c126dc6-d878-40ee-8fb6-15a0a180da1f.jpg,0,0.023930438,0.012700537,0.018315487499999998,0
66b79298-9308-4889-9212-bf1803e22b7f.jpg,1,0.98443735,0.9702811,0.977359225,1
862b61b2-40f6-40c5-b601-b1bc0242a599.jpg,1,0.976704,0.92153525,0.949119625,1
80b9af83-c02f-48c8-8351-fe7601f557a8.jpg,0,0.028310902,0.118151575,0.07323123849999999,0
eb3c32a2-6731-4131-b086-687e54ddd62e.jpg,1,0.982566,0.98218185,0.9823739250000001,1
de7be727-fa03-4d76-8c3f-dde2b9367fe9.jpg,0,0.29910445,0.18330412,0.24120428500000002,0
5d2fdc8d-7b5a-43c0-96e0-fa4493c780ce.jpg,1,0.9712355,0.97188187,0.971558685,1
6625e051-df19-4be6-877f-2b7fe5ce2801.jpg,1,0.47157344,0.5680877,0.51983057,1
e70b70b6-0132-4b3a-8172-da29954d744f.jpg,0,0.93867373,0.13100295,0.53483834,1
53986d8a-817a-4eb7-8456-4eb00bb45631.jpg,0,0.02575708,0.24670935,0.136233215,0
7fc31626-cc62-4a24-be92-8cdbecf0a16d.jpg,0,0.029371545,0.013595925,0.021483735,0
d74efc1d-27df-4e02-8abe-a0325814980e.jpg,1,0.98935926,0.82730734,0.9083333,1
85acf84f-2f6f-4d0f-bc6c-1dd6be2e285a.jpg,1,0.98081,0.9868786,0.9838443,1
0a85e05c-3a7b-499a-b458-a88d6251d58e.jpg,0,0.025998186,0.036680855,0.031339520499999995,0
78182fe6-6283-42cc-9f9b-a1d4f4c3bc72.jpg,1,0.983163,0.8222447,0.90270385,1
f45855a4-d44b-4453-a2b1-c983ce6f7063.jpg,1,0.9764572,0.90299416,0.93972568,1
a563fa53-002f-4881-a9b0-c6e090a220db.jpg,0,0.014986722,0.034041528,0.024514125,0
77b19054-91d1-418a-9fb3-8fa9a0261eea.jpg,1,0.1383344,0.32401147,0.23117293500000002,0
8ba191c6-b93f-46cf-a976-95e71e37a2c3.jpg,0,0.049628537,0.018672377,0.034150457,0
ad66c2ec-e2a5-4e5b-ab54-efe5ee458758.jpg,1,0.40307695,0.96744585,0.6852614,1
58992752-037c-4a5b-8419-268853a8f35d.jpg,0,0.62372434,0.18703711,0.405380725,0
d1868874-81e6-444d-91ce-58feea67f4de.jpg,0,0.031041924,0.008897307,0.0199696155,0
c1e38c0c-904d-490f-bc5c-74fe05abf0d2.jpg,0,0.03126101,0.014545746,0.022903378,0
80056b71-36b1-4bfb-8a35-2ad6c334e9bc.jpg,0,0.012147055,0.032956693,0.022551874,0
192eeccd-4aad-4460-a3c3-218c951f105f.jpg,0,0.084944844,0.033179726,0.059062285000000006,0
2d7329c4-feeb-4c2c-8941-a472eee7a3be.jpg,0,0.38095358,0.21496825,0.297960915,0
596e07ef-cc0b-458f-9476-b32f953bc9d3.jpg,1,0.9704264,0.98573583,0.978081115,1
608b5132-d5c6-4c32-891b-287c6e64c2dc.jpg,0,0.1682759,0.00994019,0.089108045,0
3f7319cb-f8f6-436a-9d32-3f43bc0a9b67.jpg,1,0.96886975,0.97207505,0.9704724,1
82312c9a-abdb-414c-8a4b-d1506cf84738.jpg,1,0.97643375,0.97754,0.9769868749999999,1
ae12e7b9-05eb-4102-acde-63203e122556.jpg,0,0.02816039,0.06555791,0.04685915,0
5bcb7188-e530-42a5-8f56-ba8b6e7d1afe.jpg,0,0.138757,0.05071756,0.09473728,0
601b827e-bfce-4c7d-a690-31963e96c198.jpg,1,0.016889269,0.09288575,0.0548875095,0
899f1933-273b-4d87-bcb0-88cebe887135.jpg,0,0.2789732,0.028581398,0.15377729899999998,0
6e3f1b60-a5a7-438a-8fba-30e47aac8450.jpg,1,0.97616583,0.97381955,0.97499269,1
2faed0c3-aaa6-4c0c-a99c-8f1811c956ad.jpg,1,0.9482026,0.9806081,0.96440535,1
9e969b50-5b16-4f7b-a08e-06c14ce48f32.jpg,0,0.04645024,0.07483601,0.06064312499999999,0
60dd76df-6f51-4adb-851f-6616b889e07f.jpg,0,0.017629048,0.017215244,0.017422146,0
9c3dd9ab-13a4-4583-a461-8780096547f5.jpg,1,0.9779838,0.8860973,0.93204055,1
fe397aa1-34b0-4a4e-8b16-ce73342eb3f8.jpg,1,0.9642525,0.92157185,0.942912175,1
123090fa-fb48-4e74-bc53-9a60677ecb49.jpg,1,0.022724582,0.06029541,0.041509996,0
b1becce0-14b2-48be-9992-597d400fb580.jpg,1,0.9485104,0.785208,0.8668591999999999,1
64dffe48-78ea-44cc-8738-4e738218dc5b.jpg,1,0.97965944,0.9574565,0.96855797,1
e12e2deb-c4e6-4c70-88ed-435474a72b7f.jpg,1,0.40260264,0.17538975,0.288996195,0
0201731d-f838-4f6f-a69f-878b12dd9c86.jpg,0,0.878126,0.108853005,0.4934895025,0
ce3a2e6e-ca30-4cca-a445-2719e4a1c8b0.jpg,1,0.96956897,0.95873725,0.96415311,1
32f894b6-3689-4a1b-9703-adb8b90681ab.jpg,0,0.029163742,0.013813372,0.021488557,0
20af51f3-cef5-407c-9756-17bd0f9fa00b.jpg,1,0.13274613,0.92667925,0.52971269,1
96a082f5-b9f2-4a06-8ae8-677808b592ea.jpg,0,0.0120060835,0.16822644,0.09011626175000001,0
7f1eaea1-fe4d-4e8d-9a11-fde1d30533c6.jpg,1,0.95896846,0.84521574,0.9020921,1
a0c5838d-b68a-4cbb-9a26-718e41b8e848.jpg,1,0.9780034,0.45963535,0.718819375,1
1a9feaca-5459-40d9-9c0f-b1626a8d19ef.jpg,0,0.03279526,0.027039612,0.029917436,0
999065a7-0198-466a-a34d-8792044f201f.jpg,1,0.030621037,0.1598879,0.0952544685,0
5591329d-c14f-4133-a494-8bc19b758ad2.jpg,0,0.017451001,0.009361527,0.013406264000000001,0
d804df34-81e8-4c27-a809-f8234baf94ad.jpg,0,0.03376855,0.05857839,0.04617347,0
0c7332c2-c61f-4703-ab98-d0e4044d9b07.jpg,0,0.023728112,0.019449418,0.021588765,0
e458253d-1133-40c2-abbf-64afd5d1aaf0.jpg,0,0.032577112,0.021079153,0.026828132499999997,0
b38101a1-9036-4d29-9ef7-ec5510f122cf.jpg,1,0.024441957,0.9722261,0.49833402849999997,0
de3b55e0-933b-4f36-b7ed-522cdeb50960.jpg,0,0.9735252,0.68975633,0.831640765,1
7f5af45b-db8f-499f-b320-913b7209a401.jpg,1,0.9825743,0.9618975,0.9722359,1
ad61dfb8-f86b-43e3-94fa-309366004791.jpg,0,0.017779924,0.007932218,0.012856071,0
d1d9975a-ab42-465e-aee5-3a432a2c374a.jpg,1,0.9521783,0.7214825,0.8368304,1
59634f1a-90ae-46c5-89d2-64679051832a.jpg,0,0.03936745,0.039661344,0.039514397,0
84791b37-fe9d-4b7a-ac9a-e908914cdc89.jpg,1,0.9771802,0.91778576,0.94748298,1
0d04d10e-7445-4fcd-87bb-12dba3531a39.jpg,1,0.98020214,0.99244714,0.9863246400000001,1
4630a99a-041b-4e52-adb0-a6efdf286705.jpg,0,0.015877463,0.011817936,0.013847699500000001,0
36b53c66-2e63-43f7-adde-8ecde887aeb8.jpg,0,0.030976892,0.059853274,0.045415082999999995,0
16570736-4482-457c-8e50-9429a0e1f03c.jpg,1,0.97845876,0.77611774,0.87728825,1
1d656a52-a34d-46aa-a29d-dc93d6663765.jpg,0,0.019433528,0.008196185,0.0138148565,0
07e7420b-4512-475b-af29-6d25282f11e8.jpg,1,0.97352874,0.5630514,0.7682900699999999,1
ef05c726-7e7d-43a1-af1b-3eede841b5e5.jpg,1,0.9681157,0.97406715,0.971091425,1
ee292b83-02c1-4a58-b4f3-4f567d1eb0b0.jpg,1,0.9822734,0.82564527,0.9039593349999999,1
7582e17c-1937-4624-8770-cc50441d0d26.jpg,0,0.033346172,0.02969309,0.031519631,0
be1f7893-6ce5-4408-9c86-878aabee9189.jpg,0,0.897194,0.13600302,0.51659851,1
30aa2b99-e057-4958-a5d6-f8c9cf8d2d86.jpg,1,0.9743007,0.94735783,0.960829265,1
4ef54c3e-f3cd-4c4b-999a-63b11b3c01ed.jpg,0,0.9744814,0.27550662,0.62499401,1
3769adfc-d710-41ca-b731-034f539425a2.jpg,1,0.98791575,0.98532456,0.986620155,1
b1aaea4b-1406-433c-80e1-2741870e1378.jpg,0,0.02529657,0.025616122,0.025456346,0
87e57aac-afb5-451b-848b-caf30b2374d3.jpg,0,0.013255695,0.008553021,0.010904358,0
0f04f138-2e2e-4fe1-8b07-b34f488ddc59.jpg,1,0.96667695,0.9551249,0.960900925,1
88259b17-9a41-4f3b-ac69-2bfd6813f194.jpg,1,0.73002374,0.4268244,0.5784240700000001,1
d270163a-16a5-4449-8620-1180673a119e.jpg,0,0.015179701,0.01794114,0.0165604205,0
dc37c88f-1358-49e3-94b6-5c488aeb0052.jpg,0,0.033350945,0.04410736,0.0387291525,0
e73e983e-65fd-49be-a6a9-5e1bb3a73cf7.jpg,1,0.9740233,0.6557813,0.8149023,1
5ef4e09d-6687-4333-8a4f-6c228538c65f.jpg,1,0.5801883,0.92169756,0.75094293,1
9f930d0b-83bc-43c8-8be8-6ffd29efb722.jpg,1,0.8693887,0.44161656,0.65550263,1
47d4ee03-dc34-4efa-812a-1ce229d560ff.jpg,0,0.017720489,0.019721441,0.018720965,0
4a82a7d2-98dd-4323-8ae4-7c0f91fbe889.jpg,1,0.97879374,0.75380737,0.866300555,1
5a4c9e35-188f-472b-a427-317b9c7923f7.jpg,1,0.98540515,0.8271758,0.906290475,1
d98c9323-531a-4ca3-abb7-77e78e0d1a54.jpg,0,0.9824739,0.2523636,0.61741875,1
1a114300-1654-4d90-ae94-6af6e505e700.jpg,0,0.09613325,0.103785075,0.0999591625,0
5ba955df-5822-419e-9d8f-f2d58db95416.jpg,0,0.13379784,0.010971491,0.0723846655,0
86203df6-28a1-4597-9986-b79860f35678.jpg,1,0.97408175,0.68657714,0.830329445,1
fd0c70b8-058b-40de-8aaa-f6577970b1d6.jpg,0,0.022178024,0.012928302,0.017553163,0
f7b2ca4a-6784-4733-a828-31ad5944beeb.jpg,0,0.019922266,0.013537439,0.0167298525,0
0d8ef5f8-f1bd-4542-8934-65ed078a7b46.jpg,1,0.9331741,0.9385979,0.935886,1
b3d741fd-8883-4ad6-8690-a23e7971c00e.jpg,1,0.80997765,0.74513364,0.7775556450000001,1
dc934272-7ab9-4cde-8f26-cc30fa252c63.jpg,0,0.02131616,0.023189785,0.022252972500000003,0
b9714b30-02e6-4b6f-b8e9-abf5ded6cdac.jpg,1,0.89329594,0.82147413,0.8573850350000001,1
ead07220-5b60-4002-ab4f-35c449e7e655.jpg,0,0.014588878,0.011799641,0.0131942595,0
9306c7b0-ed5b-4825-b4b0-d966719afb4d.jpg,0,0.26192364,0.2582295,0.26007657,0
733ae187-399f-43ad-a335-45f729449dcc.jpg,0,0.010578975,0.005422035,0.008000505,0
7a7b64f0-3b2f-44df-af52-2b4896765ee1.jpg,1,0.48671857,0.036803346,0.261760958,0
af60bb48-0ea0-4d54-a932-7e9bcc970d7f.jpg,1,0.962683,0.73250705,0.847595025,1
110eb143-19a3-4071-acb2-970d8a68b452.jpg,0,0.91989774,0.82375205,0.871824895,1
7805f0c3-e62e-4b71-902a-3232f605a7ec.jpg,0,0.039196577,0.023127472,0.031162024500000003,0
de53cf5e-a1f6-4a7d-b37a-9519f0ad0284.jpg,1,0.97827506,0.96276766,0.97052136,1
900a9884-0f7f-402e-bf12-5bfc3ef5fe2a.jpg,1,0.9820226,0.98547953,0.983751065,1
f002f63b-23d4-471b-b502-3b09bcf740b4.jpg,0,0.01843009,0.4228849,0.220657495,0
e3456d82-45cb-41ba-bc7a-956c11b590d0.jpg,0,0.0802566,0.86629784,0.47327722,0
469f264f-6939-49f4-9d5a-a398e45d470b.jpg,1,0.98320687,0.97432125,0.97876406,1
0b4fb02a-6a21-4dd2-aecf-acc67fb1baab.jpg,0,0.0378329,0.05489824,0.04636557,0
2795a70e-71b5-4e56-a2e3-b99e00b5612d.jpg,1,0.9712415,0.97652256,0.97388203,1
64b8eaed-bf23-4cc4-a815-193c66820ea6.jpg,0,0.0094538005,0.013641903,0.011547851750000001,0
765b898d-c49f-41ba-8332-5279f82a406e.jpg,0,0.5949926,0.21349178,0.40424219,0
574a50bf-a0e5-4fe3-9397-4f80c85dd7e0.jpg,0,0.63851494,0.9486907,0.79360282,1
5f13942a-a1e6-445b-a1ac-e68c2c28eb42.jpg,1,0.96554637,0.94501394,0.9552801550000001,1
fdbe4b25-9402-4756-9508-f541d918697c.jpg,0,0.015592643,0.013460687,0.014526665000000001,0
5a8a7321-b26f-4d5b-ae62-cc0f5e53c43a.jpg,1,0.9337088,0.7988491,0.86627895,1
2dfeee0b-b97d-4486-942d-527d3f2fdb7e.jpg,1,0.69221956,0.8883087,0.79026413,1
0463578e-fdec-45f6-a119-61401e3999ef.jpg,0,0.0111063495,0.027057715,0.01908203225,0
79d2bf8e-ed49-4b5a-9377-a70753f4eb94.jpg,0,0.13407318,0.1685579,0.15131554,0
f6d3d1cc-e3b6-461d-958c-2717eb02e947.jpg,1,0.1317663,0.90013903,0.5159526649999999,1
4a85768a-62ac-4f56-ba66-20a0f910d42f.jpg,0,0.056177575,0.35745186,0.2068147175,0
0833fcba-297b-4cc6-b6ad-0c536004a3fc.jpg,0,0.025792845,0.008292767,0.017042806,0
dc4f23fb-e895-49b5-87cb-8742d92c7c2c.jpg,1,0.98057014,0.9656952,0.97313267,1
9ac440c9-1e4f-4b4d-a515-3a1149d5a293.jpg,0,0.019930776,0.00571791,0.012824343,0
63b55a82-6556-4b14-9e87-f8568e304e66.jpg,1,0.97850853,0.92159224,0.9500503849999999,1
ba942355-882d-4e9e-b29e-4e1826d1ebd1.jpg,1,0.98460394,0.904989,0.94479647,1
4cce918e-8220-4171-bfd7-9f07158da829.jpg,0,0.04844098,0.228859,0.13864999,0
16002d17-63a6-42f3-b7c6-68e27f781138.jpg,1,0.9720364,0.7577911,0.86491375,1
19b97717-f3f4-45e9-834b-2ebcf1b0d9dd.jpg,1,0.9886153,0.9648456,0.97673045,1
10f18af6-9ff9-4804-a61b-09905a8d99c4.jpg,1,0.026588913,0.34967554,0.1881322265,0
8a5ccd45-0965-4a18-adb2-1d30a07e2841.jpg,0,0.029061975,0.055366628,0.0422143015,0
3620eb5c-e92d-447f-91a6-36a85aba53b3.jpg,1,0.9828735,0.9396185,0.961246,1
230c2946-c86a-4178-8512-5628e3d5043e.jpg,0,0.025736533,0.011028275,0.018382403999999998,0
1609da1d-545d-42d2-b603-85407729bd05.jpg,1,0.97211695,0.9503612,0.9612390749999999,1
78a86797-5a3c-4dff-903e-615661f4a5e9.jpg,1,0.97377723,0.9913641,0.982570665,1
bb08eef1-aad8-4a81-a564-64620a50a060.jpg,1,0.9756805,0.9819365,0.9788085,1
45f89a38-f889-4a8d-a65a-0c01da4c37db.jpg,1,0.97657067,0.9703574,0.973464035,1
d73fb06c-3955-48d3-9f1a-403338c7d80b.jpg,1,0.8635655,0.13838148,0.50097349,1
80dbbce3-d770-4e4a-894d-5b8c6f9fd5fb.jpg,0,0.1216032,0.02392573,0.072764465,0
396f4836-2747-4840-b956-03fb781b3439.jpg,0,0.05323497,0.009664657,0.0314498135,0
95f95c7e-4c06-414c-bb6f-b38a91859d3e.jpg,0,0.038648777,0.28033575,0.1594922635,0
4a363343-ffae-4d34-ac19-3d398975ad0f.jpg,1,0.97155154,0.83915675,0.905354145,1
e6c65cee-70c5-4ff2-a1b1-3601a3e2048b.jpg,0,0.85296595,0.10270377,0.47783486,0
e989701c-007a-4b09-b101-6a418850b0f0.jpg,1,0.97463846,0.8314808,0.90305963,1
5de6d662-602f-49cb-88dd-b6be62dcb0f2.jpg,0,0.024692016,0.026750345,0.0257211805,0
5ba318b6-43c8-42be-9ce5-7b9de800f89a.jpg,1,0.9878647,0.9288354,0.95835005,1
5d86767e-f5d0-483e-bd45-ecce4a9c93a8.jpg,0,0.025430275,0.3849655,0.2051978875,0
0c36dcf2-9308-48e2-8f6a-160dc3499f36.jpg,1,0.40447873,0.9709245,0.6877016149999999,1
be0903b7-4982-4b59-8268-6ebe7b83ea0e.jpg,0,0.031784404,0.022742236,0.02726332,0
9bd4e0a5-85ae-4f8b-afa2-cfd731d4bc2e.jpg,1,0.9799619,0.98788387,0.983922885,1
9e119787-9831-480b-9888-6e93c33161d8.jpg,0,0.9235443,0.16612831,0.544836305,1
dd5a2684-f9b0-4b88-91b1-8e8588e970f1.jpg,1,0.9692069,0.96145904,0.96533297,1
369fee9d-31f7-4b2d-a421-4ea05caf05a9.jpg,0,0.029370656,0.012377617,0.0208741365,0
0a54a103-d613-403f-a49c-f6e361abfffd.jpg,0,0.13145079,0.021813514,0.07663215200000001,0
bddbaec9-1f5d-4516-8df5-bf03e2366242.jpg,1,0.9786574,0.98938227,0.984019835,1
baac543b-7519-40b4-9869-3f8145247d30.jpg,1,0.94730824,0.7331953,0.8402517700000001,1
88fafa53-455a-4fdf-9109-b471d049cc3b.jpg,0,0.022078417,0.013312019,0.017695218,0
5296ba21-7819-4c5a-938d-845a5ed8028d.jpg,1,0.94341874,0.98726195,0.965340345,1
29182626-658d-4a74-ab46-50fe48a9a386.jpg,1,0.9807319,0.98133415,0.981033025,1
d9ec04e5-c89a-4653-a697-38254307cac1.jpg,0,0.0056645395,0.013611057,0.00963779825,0
5434f639-5e5b-4b9f-9c6d-0ed134767121.jpg,0,0.020484842,0.007861994,0.014173418,0
a8c78017-c281-4f44-9ca7-d7f8b5a483b8.jpg,0,0.032915056,0.045428224,0.03917164,0
bb8ae99a-36b5-420e-91a6-4e39cc2e8099.jpg,0,0.96549034,0.9300613,0.9477758199999999,1
abc209ab-a621-4983-bcd9-e43321c9177d.jpg,0,0.19830672,0.059320476,0.128813598,0
5fb823e3-70b5-49fe-947b-7701b9cb8440.jpg,0,0.045177154,0.24228612,0.143731637,0
01708295-5d84-4b53-8070-03dd22ed3838.jpg,0,0.22633992,0.42661187,0.326475895,0
3d766dfd-9dd9-4704-b1b4-224ecda067a1.jpg,0,0.09437432,0.07817557,0.08627494499999999,0
8ac4bfb4-deca-48ca-aed7-4905152851cd.jpg,0,0.035195664,0.095254555,0.0652251095,0
c3fb1e1e-30e3-43c6-89d7-e27318ed6363.jpg,0,0.025233515,0.019458085,0.0223458,0
9bf5c2fa-9436-4f50-8c51-68b9525fbce0.jpg,1,0.9766104,0.9806897,0.9786500499999999,1
489c7a77-65d4-4bd8-bd08-08b72c374d43.jpg,1,0.9797593,0.98313016,0.98144473,1
032a87c2-dbd7-402b-b218-27787a063333.jpg,1,0.8419949,0.67362356,0.75780923,1
6b2b1f56-60bb-44b3-8b77-27f0e4e01600.jpg,0,0.03784302,0.29764122,0.16774212,0
be01bd9b-adee-44f9-b48b-346e09442e03.jpg,0,0.025244841,0.014303518,0.0197741795,0
6d6f5e9f-d82e-4a2f-b755-e57ea46896c6.jpg,1,0.98633504,0.55824286,0.7722889500000001,1
6ad4974b-b5d7-4b9f-9fa8-086d0756affd.jpg,0,0.15838327,0.40295148,0.280667375,0
24d47930-8ab1-4425-ba77-c436c0188d01.jpg,0,0.9620846,0.15136681,0.556725705,1
ee0ddd00-9342-493e-af29-43520bcdeb7c.jpg,0,0.027752245,0.010431404,0.0190918245,0
98a5aa01-3bd4-42e6-ba36-3da8f6a45840.jpg,1,0.9564949,0.57116735,0.763831125,1
a122d2bf-63e7-4f4b-8e93-4b41e2940bce.jpg,0,0.024483092,0.21624964,0.120366366,0
2108d651-83d4-4763-bb0a-344ebe96f871.jpg,1,0.9705432,0.85803574,0.91428947,1
84452947-b60a-4b22-8abf-0de9afa55b52.jpg,0,0.1164872,0.047410786,0.081948993,0
187e6598-3630-4dde-8e5b-4fca8de749cb.jpg,1,0.96842915,0.9577652,0.9630971749999999,1
f9ea0b09-b9ba-425c-b6ab-2e9bc145b9eb.jpg,1,0.97554475,0.9772981,0.976421425,1
1e3a60fb-fe88-4eab-993f-65e312f285e8.jpg,0,0.021992126,0.027926624,0.024959375,0
cf61b4f6-3392-4199-ad38-e752a4091abf.jpg,0,0.8890838,0.7875752,0.8383295,1
fd71ea46-c3e5-43ab-a8a8-a8c3ac66a566.jpg,1,0.9274439,0.8638827,0.8956633,1
a5c6a16b-79d2-400e-b66d-c2283074272a.jpg,0,0.02770263,0.03668485,0.03219374,0
c76fa7dc-da71-4291-8809-4fa7423d27cd.jpg,0,0.056706272,0.2087153,0.132710786,0
7c3cf0a7-50b8-4e2a-ab78-3bef791d234e.jpg,0,0.0091690775,0.13589609,0.07253258375,0
aa479f14-b7a2-49c0-8a53-7e13d0bcf00e.jpg,1,0.9708543,0.8821539,0.9265041,1
2be6d5cc-16a3-4935-8c59-809f157d3152.jpg,0,0.95939153,0.8574096,0.908400565,1
13684705-3e6d-4314-8909-f81a81f4d155.jpg,0,0.6636526,0.043068703,0.3533606515,0
fe18be6d-0d99-4f6d-99fa-b4026dd6f98e.jpg,1,0.97165,0.9796729,0.97566145,1
aa1a2eb5-d11e-48eb-b960-d4c4fbaf9ce5.jpg,1,0.97112536,0.988679,0.9799021800000001,1
fb0d20f8-24f9-4a75-951c-5f6c5d2b64ae.jpg,1,0.9813359,0.97938716,0.98036153,1
09b4ccbe-a88a-4ae4-945f-e2b5d5ef8971.jpg,0,0.024908064,0.008388256,0.016648160000000002,0
e0eea8b5-04f9-4b07-b443-7a7629c38679.jpg,0,0.45979196,0.20966272,0.33472734,0
41496774-b1f3-48f3-aa66-9c7f7eb16d04.jpg,0,0.17743836,0.82501376,0.50122606,1
a46ae6e3-a6b3-46ec-8477-9ab4fe9a1990.jpg,0,0.22918792,0.15867004,0.19392898,0
cba89533-a527-417a-9178-937637ae4ff4.jpg,1,0.98216736,0.98092926,0.98154831,1
489ae32e-fe9a-4f45-9b15-4ee67252c93e.jpg,1,0.77725095,0.9414363,0.8593436249999999,1
2b28c612-d327-4829-afbb-2b7defc699e4.jpg,1,0.98324573,0.6874587,0.835352215,1
bfa352d2-3d4d-4e2b-be89-840b2ff4497c.jpg,1,0.94714236,0.8119383,0.87954033,1
887ea533-f56e-43f6-8bbb-dda3e68056c3.jpg,0,0.024282318,0.039042015,0.0316621665,0
8b7cdf4d-101c-446a-a1f4-c1cf4f64ceee.jpg,1,0.97369957,0.9705062,0.972102885,1
dd5f9746-444e-4448-aef7-75c06c745879.jpg,0,0.027819728,0.059469894,0.043644811,0
3c581650-15a7-44f1-b76d-7e7bd1295768.jpg,0,0.014537335,0.01886265,0.0166999925,0
f47a211e-7aaa-40b6-b8d2-9b742964b08a.jpg,0,0.85937655,0.80746657,0.83342156,1
734f313b-8883-47ee-8b2f-2b3d2633e09c.jpg,1,0.9675731,0.97070014,0.96913662,1
fc83062a-dd4d-4490-a496-9ce1dd71c020.jpg,0,0.7545257,0.83478785,0.794656775,1
8d54001c-7061-4c6e-9fea-49feb8607790.jpg,0,0.038232714,0.034612026,0.036422369999999996,0
00bc8a95-bc51-4353-a424-908f772f6393.jpg,0,0.02843778,0.029495345,0.0289665625,0
4f4e74f2-e332-4d93-b859-c8ef68ff6703.jpg,1,0.96273917,0.8756727,0.9192059349999999,1
241bd748-7c3c-4d8e-abe1-2e8a1ae53478.jpg,0,0.83344024,0.06941618,0.45142821,0
5a9b75de-dd73-460e-8a94-d1aa335e3a9a.jpg,1,0.97210455,0.9479236,0.9600140749999999,1
61455f74-16e4-4346-8bc2-d864dab328c0.jpg,0,0.015413463,0.017351072,0.0163822675,0
2820c95a-f7ad-4e6c-917e-6b532e44fa3d.jpg,1,0.8844243,0.8781409,0.8812826,1
d75d7dec-5be3-4319-8fa7-fdaf73b3d649.jpg,0,0.8827586,0.12468118,0.50371989,1
6798a6a5-06e5-4b0c-ae87-3e4820c33fc3.jpg,0,0.012224175,0.058093533,0.035158854,0
a132a413-e7a6-45ab-8ccc-b866d6eae77d.jpg,1,0.95619524,0.44359383,0.699894535,1
02cfc65e-acab-4d9f-ab54-b55215535acf.jpg,1,0.6160232,0.6170484,0.6165358000000001,1
ef76d1cc-ae97-4e18-bd07-eb3fcdfea604.jpg,1,0.98386836,0.66772825,0.825798305,1
ae42e1b1-4c0a-4a09-8624-b5ff03ae5c9e.jpg,1,0.98319477,0.86373496,0.923464865,1
2dc98811-8a29-414d-8285-168782e1e871.jpg,0,0.0102252,0.009312412,0.009768806000000001,0
6b1f5a58-aba8-46df-8a77-9a6fa3261b71.jpg,0,0.91916496,0.1891709,0.55416793,1
3da61004-656b-458f-a71c-318f131e4c75.jpg,1,0.973438,0.9744912,0.9739646,1
2d335549-7e1f-45fd-bc1c-3202dd0b5fe6.jpg,1,0.9933422,0.981807,0.9875746,1
72a4cf82-cfcf-470e-9cf9-793cd87de1ba.jpg,1,0.98088557,0.9376302,0.959257885,1
4ca6ce39-1b46-4cdb-9ce2-3e3f31cf75ee.jpg,1,0.9655285,0.9447476,0.95513805,1
3df32ed1-5382-4f29-b8c3-e866e9677d1f.jpg,1,0.9847216,0.6371755,0.81094855,1
b2887e31-fdbb-42e6-b3a1-272e2b9c12be.jpg,1,0.65016466,0.8500926,0.75012863,1
eecabb83-0874-4d11-a31c-685098b9d918.jpg,0,0.036520243,0.07845806,0.0574891515,0
9f23acb3-b172-4f4a-86aa-59d1d6819147.jpg,1,0.9758902,0.9877407,0.98181545,1
384a8da7-36fe-4eb1-887f-142d0d30a0cf.jpg,1,0.9655048,0.5861413,0.7758230500000001,1
6c686832-8f93-4094-9caf-05b4b8cd0810.jpg,0,0.12567596,0.09180989,0.108742925,0
c12fef3d-fe83-4418-95e8-7b12d758e70d.jpg,0,0.016346797,0.0122835925,0.01431519475,0
6e6ed7a1-8c39-4b0f-be5e-709c9747a922.jpg,1,0.65496355,0.27043936,0.462701455,0
76fd6286-28d0-4023-a7f7-0e3d0eec4be9.jpg,0,0.030474786,0.042688403,0.0365815945,0
6cb25ecd-e376-48da-9128-31a465a15ad4.jpg,0,0.55401427,0.17017029,0.36209228000000004,0
789ff59d-1b9d-4c23-8b63-b338fe131d78.jpg,1,0.99521506,0.9654731,0.9803440800000001,1
e3e49b79-00a0-4852-9c8a-601dff07aa86.jpg,0,0.029062018,0.001325179,0.015193598499999999,0
54d46328-af94-47c7-80de-0c51e97770c5.jpg,1,0.975474,0.97344697,0.974460485,1
513f1e3a-192c-423a-af20-9f896e7c2fb5.jpg,0,0.023850633,0.011935683,0.017893158,0
238933e0-0882-4ed2-8705-3a4d8a1d02b5.jpg,1,0.27481145,0.020769961,0.1477907055,0
5bd76c9f-57ea-48ef-8b72-2621e011bbe0.jpg,0,0.13117321,0.10550487,0.11833904,0
a3b64ab9-61db-4800-babd-1e5a271913ed.jpg,1,0.87110436,0.65639967,0.763752015,1
ee61acdf-2aad-4f72-9a96-f3fa50920c1f.jpg,1,0.9859877,0.96994275,0.9779652249999999,1
c2b22956-ef57-4140-9c3c-66c40763dec9.jpg,0,0.043813955,0.0031244326,0.0234691938,0
11d3878a-c67e-4942-b325-fbbf5a219f2d.jpg,1,0.9834266,0.97800946,0.98071803,1
61ef197c-209b-4582-af55-941ca0064374.jpg,0,0.10245414,0.12779856,0.11512635,0
98cb6f89-bc7d-49e9-9969-0aa043f976a3.jpg,0,0.07097938,0.013619274,0.042299327,0
bfc09a8e-d4dd-49a9-b9cd-03afb2866d08.jpg,1,0.97793007,0.95332587,0.96562797,1
99a6094e-a8b5-4d1b-8255-88ed9ee270ea.jpg,1,0.8627817,0.18977214,0.52627692,1
ee1134b9-1c9f-4fc6-bbea-4778c73e8791.jpg,0,0.57289356,0.51500577,0.543949665,1
8f6304fa-0fd9-42e7-b8d3-bd0ffad01ac0.jpg,1,0.97932523,0.6683773,0.823851265,1
263e7cb7-f38b-48ab-90fd-47a208777a06.jpg,1,0.9732998,0.97216177,0.972730785,1
f684d59b-815f-4dd7-94d1-967623c3c23e.jpg,0,0.022417217,0.10923917,0.06582819349999999,0
aeb8a9c9-626f-4dbd-a12f-5eaca751372f.jpg,0,0.38156843,0.032507163,0.2070377965,0
ab5e57ab-25d4-4fc7-a1e7-c707b90ce610.jpg,0,0.04122578,0.01378469,0.027505235,0
ba8e2a8a-57bd-459d-809f-9ad298c87276.jpg,0,0.021810742,0.017066855,0.0194387985,0
e8dbe49a-49f0-4928-8b30-3f8d793b96fe.jpg,0,0.010137912,0.20601651,0.108077211,0
3bd41693-49df-4483-b784-8f52ff9ac1c2.jpg,0,0.025109494,0.028118761,0.0266141275,0
5a034686-f475-405f-bef1-cd7e401913b0.jpg,1,0.98445326,0.9621656,0.97330943,1
82c72152-77fd-45de-83b9-8caf4936ef6f.jpg,1,0.94519174,0.6379975,0.7915946199999999,1
1b2c2cce-5818-4cfb-8907-10c39d8ac0d4.jpg,0,0.17440052,0.027399411,0.1008999655,0
c27c6c60-22d8-4ea0-a558-90ff54e8feed.jpg,1,0.9876143,0.6830597,0.835337,1
01bc49c1-c1cc-4eb9-9b3a-5153c9953fbb.jpg,1,0.97196215,0.9557087,0.963835425,1
a8c8e3d6-3ac5-4337-870f-6c9be27e63e5.jpg,0,0.95565885,0.5390421,0.747350475,1
8acd79cc-a567-497b-a7d6-15c07f1770b4.jpg,1,0.96307933,0.97216225,0.96762079,1
b12b4666-ddd0-41f6-90af-951ce3564e20.jpg,0,0.028096557,0.016024532,0.0220605445,0
5f44ee55-ca09-47e0-9bd4-f18a210fb2ab.jpg,1,0.97427815,0.9526645,0.963471325,1
4f0e5a17-341b-45fc-9025-2837f1832ea3.jpg,0,0.8873966,0.026074905,0.4567357525,0
91eb7e7b-d3f5-42d1-a910-3577bc7978f3.jpg,0,0.21350127,0.053195257,0.1333482635,0
5eff189b-c4fe-4139-82a1-bcdcbe19c35e.jpg,1,0.972223,0.97505784,0.97364042,1
426cc3df-34a1-41f9-8eda-d584ccc92921.jpg,0,0.016779669,0.0138154505,0.01529755975,0
b75975f0-2702-4088-a230-0378b28fd79b.jpg,1,0.9830876,0.9667166,0.9749021,1
acc38d72-b217-4b15-bfa3-578f97571d77.jpg,1,0.94181526,0.85710514,0.8994602,1
de9b1ed1-c801-483c-b787-0416fe633534.jpg,0,0.016708259,0.021396404,0.0190523315,0
25129d1a-eaea-4943-8ae4-db77b44a2d7f.jpg,0,0.016705457,0.02452582,0.0206156385,0
59659b70-e204-4699-ba6e-e1d10a9d0607.jpg,0,0.17443201,0.027000055,0.1007160325,0
c32f0f60-0519-4cc0-9acb-ab9cd76e13e0.jpg,1,0.97393554,0.7453249,0.85963022,1
5c647d62-6121-48b4-952f-41c1c528f814.jpg,0,0.0216141,0.005509013,0.0135615565,0
701f9823-adac-43da-afca-03eab2d5bf47.jpg,1,0.97703016,0.76884735,0.8729387550000001,1
5fd67aa8-eb5c-4732-99ec-c835ba08bbf4.jpg,0,0.92225844,0.026866563,0.4745625015,0
819a9c68-ec21-4f2c-b2d6-7353876a8e42.jpg,0,0.036102235,0.030942393,0.033522314,0
8e418626-6fbc-4fc1-9344-4e1e5cfbe62b.jpg,0,0.1730752,0.017387263,0.09523123150000001,0
0b428239-4b91-4a03-b5f1-978b3a8a0ab1.jpg,0,0.3706434,0.1526,0.2616217,0
4b8734f9-a864-433b-a022-cbe3fd74f876.jpg,1,0.9729407,0.94338214,0.9581614199999999,1
8e6c3dfb-5fcb-4b4e-99fb-f79172b6c1be.jpg,1,0.8855956,0.9058041,0.89569985,1
0b6db2ce-b30a-49f4-b12b-667c4067d394.jpg,0,0.018300403,0.010392247,0.014346325,0
c0f426a3-4d1e-4024-8a90-41f9bdf3f985.jpg,0,0.03767839,0.016711066,0.027194728,0
95e8a026-0118-4aad-8ab0-8ef1a34aed86.jpg,0,0.0255867,0.027842017,0.0267143585,0
69fb0486-211f-4ce4-8eb9-f222ccd186bc.jpg,1,0.96562874,0.98801583,0.976822285,1
25ed6cd9-96fc-4216-9421-831742a8cfd2.jpg,1,0.9755657,0.8970108,0.93628825,1
64bbc790-9b05-4a27-8c6e-3bfcb831d01a.jpg,1,0.9781035,0.981533,0.97981825,1
0d177d0e-4820-47fc-8363-9c752eb46ffe.jpg,0,0.027878752,0.00664747,0.017263111,0
9866b466-49f8-4cc8-bad9-083d0a33be5a.jpg,1,0.97604305,0.9449493,0.9604961750000001,1
f1906723-3a4d-4f28-b0fd-18ffe5ca9614.jpg,0,0.03606887,0.15144603,0.09375745,0
4029e8d0-8b9f-4e6d-ac7d-4d7252b1322f.jpg,1,0.97460437,0.87602687,0.92531562,1
d2ceb7e5-4c16-461a-afcb-0722d00789e2.jpg,1,0.4489795,0.19286817,0.320923835,0
e21885b3-7894-40de-b27e-08ad9e676752.jpg,0,0.023629943,0.015453749,0.019541846,0
b688d2c7-871d-4117-827d-c6b64d1fdd8e.jpg,1,0.984565,0.9732491,0.97890705,1
b3313b2f-9b1e-4f75-82f5-7b3c40f1e68f.jpg,1,0.9930795,0.99377525,0.993427375,1
695cb266-028f-48e8-875c-3945937f56c1.jpg,0,0.04716493,0.007441882,0.027303406000000002,0
f4eb5936-0576-417a-bc0a-0a83f46f40d0.jpg,0,0.021527564,0.008755746,0.015141655,0
bd25cd10-bcff-4f17-a348-16a3bb497405.jpg,1,0.9832254,0.83436316,0.90879428,1
c6223eec-30ef-48eb-938e-c2419c3511e4.jpg,0,0.038319055,0.016959686,0.0276393705,0
90ee6e38-36b2-4961-8151-befc2add526f.jpg,0,0.016353754,0.011613727,0.013983740500000001,0
aacc52fa-9e2c-44ec-ae15-d0de7acac4e6.jpg,0,0.03892737,0.03153028,0.035228825000000005,0
4832f5f7-fc27-49f4-93a7-e582b33abd24.jpg,0,0.008074036,0.016597623,0.0123358295,0
710e467e-e025-40c4-b6e0-898ffb13195d.jpg,1,0.9775744,0.99117905,0.984376725,1
f2ec8a9d-beae-45ec-8256-592b63b0c629.jpg,0,0.10345687,0.47171506,0.287585965,0
664935ab-2e3d-4be2-932b-b51116659b87.jpg,1,0.9654067,0.782501,0.8739538499999999,1
95cd4c1f-836f-46ff-ab11-d98dc0850506.jpg,1,0.33624035,0.6842379,0.510239125,1
26de4515-0011-432d-9c79-a0ab9f755b64.jpg,1,0.97995764,0.94347864,0.96171814,1
33e2929f-7490-4795-a439-fe3abe672aa0.jpg,0,0.02516113,0.049634706,0.037397918,0
e47705a1-f27b-4007-bad5-3ebb4808aa09.jpg,0,0.01182928,0.00869802,0.01026365,0
e4f79840-aa7d-449d-ba6c-0839dd24d22a.jpg,0,0.0861495,0.3251666,0.20565804999999998,0
c228a5dc-c5fa-47be-9c80-7af07c5c561e.jpg,0,0.035628926,0.0448135,0.040221213,0
d2c02996-5cdc-4459-b7b5-83658cdab950.jpg,1,0.9780928,0.8434588,0.9107757999999999,1
93da35e9-6df6-4c40-aa77-b40fdc58c5f0.jpg,0,0.07651577,0.08580258,0.081159175,0
2be9f9f1-9e13-4a9a-9f02-70b2a1e4c962.jpg,0,0.011286749,0.021016786,0.0161517675,0
00a7efcc-c313-4a5c-ad7c-c377f0084e6e.jpg,0,0.089859284,0.6192795,0.354569392,0
68f91634-c67c-4ad0-8b41-5ff49d0cba79.jpg,0,0.0161295,0.033915147,0.0250223235,0
1962fb5f-b0d0-4dba-866b-4ba4f6f8c871.jpg,1,0.93736285,0.95030314,0.943832995,1
e7c55c4a-574c-4c26-a371-b583b6f20315.jpg,1,0.9743868,0.6949239,0.83465535,1
aead6837-8a01-41bf-8727-02a9dd4b0955.jpg,0,0.016989151,0.004864744,0.0109269475,0
f65d9c4e-ee85-4454-84a7-40c721897e0c.jpg,0,0.017750012,0.01658155,0.017165780999999998,0
7d279a65-67aa-4e9a-9d27-94fd29cc990f.jpg,0,0.03796703,0.033726797,0.0358469135,0
8453769b-b44c-4f40-8f22-596f05322cfd.jpg,1,0.025607632,0.1102418,0.067924716,0
df9fd94c-a146-486f-93ca-5e7ca0e9f1d6.jpg,1,0.9766675,0.97104305,0.973855275,1
4a7b5b55-c245-4926-b79a-a37a2e3f8548.jpg,1,0.9152551,0.98455566,0.94990538,1
c9e45420-6654-42dd-b958-193c98d4f806.jpg,0,0.12450246,0.039363485,0.08193297249999999,0
baa9f385-69e6-4f54-842c-03a5aa252d04.jpg,1,0.080708794,0.2549238,0.167816297,0
4138e04b-1b79-466d-900f-41d4915a1122.jpg,0,0.025280774,0.015750492,0.020515633,0
8a5c8a4d-b424-4849-adea-7d7091d287bb.jpg,0,0.018025871,0.008571349,0.013298609999999999,0
b09b26ac-2e4b-460a-b6e1-fed138dc6c67.jpg,1,0.98253286,0.5275805,0.75505668,1
2dfd1867-9db7-4848-afc6-91a518ab411b.jpg,1,0.18153119,0.036205765,0.1088684775,0
434eb513-ccfd-4949-a7bb-90aa8d1c75ae.jpg,0,0.29233384,0.33639723,0.314365535,0
12e9bbde-516d-421a-a184-1c189af169df.jpg,1,0.96753,0.97898346,0.97325673,1
6836d0be-67b6-438e-a33e-ce187b1fac47.jpg,0,0.022919914,0.16195574,0.092437827,0
3f213ec5-feda-4174-b7a4-49a18668f05a.jpg,0,0.13957854,0.013677264,0.076627902,0
b2029d59-d14c-4d28-8945-d120d47421ee.jpg,1,0.88782936,0.29295838,0.59039387,1
b7c0eb3e-4bfc-48e3-a816-bca9f74a7f66.jpg,1,0.9419991,0.9053619,0.9236805,1
eba4876e-b28c-44a9-85a4-a5c813736c2c.jpg,0,0.017321015,0.038674925,0.027997969999999997,0
d65b9839-4085-4fbf-9727-20d89c61bafd.jpg,1,0.9719937,0.88698983,0.929491765,1
ce123cc5-6948-451d-9b4b-f6e5c1cfd5ef.jpg,1,0.9470518,0.26402423,0.605538015,1
66301083-da3c-4ad0-87c8-df98bbfe5675.jpg,1,0.9839131,0.76383716,0.87387513,1
f876a513-db5b-4abe-9c71-8e9c00497fc4.jpg,0,0.749363,0.04247968,0.39592134,0
80e37a73-10c3-4cc4-8e48-e19f5e9d038e.jpg,0,0.9484702,0.88016003,0.914315115,1
bf61e861-be47-4c37-bc77-3cb92dfd37c3.jpg,1,0.987318,0.9095724,0.9484452,1
d23a6633-f9e6-4317-ab5f-4c26ac1ea6e4.jpg,0,0.105220534,0.5958877,0.350554117,0
575f9880-c01d-4382-b613-4c5f86508eb4.jpg,0,0.02771359,0.016946152,0.022329871,0
556eb41f-6171-4b18-8671-db5690bed58e.jpg,0,0.049218006,0.024218416,0.036718211,0
bead5cc1-6d8f-4820-9252-c7026353f012.jpg,1,0.9751304,0.9321683,0.95364935,1
6e0f1aec-f14a-4c92-a45a-15197fd2cac0.jpg,1,0.96928316,0.74451524,0.8568992,1
5e95f6ed-3d67-4db5-927c-f4510792cc3e.jpg,0,0.12402989,0.08452855,0.10427922,0
57723ada-9c3b-4c04-b636-6fb79db16d36.jpg,0,0.056995157,0.023292774,0.040143965499999996,0
6534e81f-b300-42c9-b620-4bb2335e379b.jpg,1,0.9732599,0.9057448,0.9395023499999999,1
21a6f66e-8818-4437-b1ca-ae2845d4bdef.jpg,1,0.97003317,0.9474068,0.958719985,1
5a1137c5-5315-4365-9421-793454f41093.jpg,1,0.96270347,0.6045152,0.783609335,1
b6cad44e-3e9d-45f0-b3d1-7f332db56f49.jpg,1,0.9704714,0.8940661,0.93226875,1
834f8d00-dc64-472b-b96e-1e90fb6461ef.jpg,0,0.3936026,0.2821507,0.33787665,0
70cfec12-72cd-4fea-9e22-558b284a6d4a.jpg,1,0.98554116,0.92906564,0.9573034,1
1111882f-b933-49ba-b17f-37e971935c5e.jpg,0,0.011211612,0.20155787,0.106384741,0
c1d13db6-56b6-4801-9f38-ce768ad9becb.jpg,1,0.9431502,0.3150377,0.62909395,1
94e5b22a-c065-49df-9f9a-531b50d035dd.jpg,1,0.9881108,0.958836,0.9734734,1
1b3c9366-7461-4276-b57d-ac3b2ea71589.jpg,0,0.051999755,0.051549703,0.051774729000000005,0
44d27360-8403-4147-a295-2e32f6eeef4b.jpg,0,0.047256816,0.08569012,0.066473468,0
53f17047-33d9-43e8-bc76-102cf0749e36.jpg,0,0.027556838,0.0073135886,0.017435213300000002,0
4dd456c0-ad97-4552-87c4-8edc9c3a103d.jpg,1,0.96864307,0.790634,0.879638535,1
584e64f4-ed48-4be4-9a32-072123956589.jpg,1,0.946009,0.98610723,0.966058115,1
bef38b37-9f4f-4f01-802d-b15e90adcb43.jpg,1,0.974101,0.9863325,0.98021675,1
d72b8360-dd04-4781-994b-1f3d0ab52eba.jpg,1,0.97376007,0.83234817,0.90305412,1
313e11c5-8007-47fc-8dc6-105ec394a9c1.jpg,1,0.95069635,0.9449385,0.947817425,1
bf664bad-0db7-4876-93e4-ca053d656622.jpg,0,0.022763435,0.014988453,0.018875944,0
63b7946d-e1f9-4420-b982-de2e626e79d4.jpg,1,0.97984344,0.9816704,0.98075692,1
dbceaabd-f7b4-4623-8ce9-575d317671e8.jpg,0,0.034354705,0.016816715,0.025585709999999998,0
e70ae34b-db09-4910-a10b-68e735a94780.jpg,0,0.008598988,0.02586051,0.017229749,0
1434bd6c-1057-4f8e-9f78-0dd5893d694a.jpg,0,0.01847639,0.03328617,0.02588128,0
8620d33f-2610-4f2c-a8fe-2e7d3e7e0d8b.jpg,1,0.14239743,0.49595812,0.319177775,0
745dbb23-ff50-4c57-9abc-e219be01645f.jpg,0,0.07390917,0.0756023,0.07475573499999999,0
0aa4df51-c5ee-46cc-926c-ba688f5f9bef.jpg,1,0.95519507,0.93895364,0.947074355,1
a77a7fc3-8cdd-46c1-b94c-d3c3265afdc4.jpg,1,0.97418153,0.5462389,0.760210215,1
15fc59d7-2f78-4303-905c-68ae9f8e6778.jpg,1,0.9669338,0.9770797,0.97200675,1
31156def-531b-420a-959c-7cb02d86b40e.jpg,1,0.9669524,0.98487943,0.9759159150000001,1
57d520c0-1957-4217-8878-4268a52407f9.jpg,0,0.016928202,0.024394874,0.020661538,0
c97c88a4-3a2e-460f-8650-d176bf5aafbe.jpg,1,0.16038796,0.70989674,0.43514235,0
f1f29cef-e37c-4b64-a12c-6edbb6e8b149.jpg,1,0.98080873,0.9734018,0.9771052650000001,1
f6603700-41ad-4514-9f9a-b1a50aa61781.jpg,1,0.9643867,0.89557564,0.92998117,1
2615c433-70e5-4c55-9512-61e81f51aac6.jpg,1,0.97970974,0.9895253,0.98461752,1
5f4ee6ae-1dcd-4085-b684-b6aaa6697bc3.jpg,1,0.045951806,0.15483181,0.100391808,0
415136a4-5b44-4396-88ce-8886fa30be11.jpg,1,0.013834838,0.029041624,0.021438231,0
d4d2d02e-d0e3-4727-b11c-d773200f0773.jpg,1,0.9684408,0.8766777,0.9225592499999999,1
b6db4f22-1deb-456a-a0bc-c91fd37c2090.jpg,0,0.5147494,0.044690035,0.2797197175,0
eef1f25d-6354-4adc-8c34-1ce73d66780e.jpg,0,0.009917453,0.0021231573,0.00602030515,0
da660877-d2b4-4071-8c03-222c6d08ef6f.jpg,1,0.018059395,0.032499745,0.025279569999999998,0
b3843702-b849-4bdf-8893-2d8b93d3c0c1.jpg,0,0.14361762,0.057955407,0.10078651350000001,0
4e044a22-e41e-49c8-afed-e75c61acf9fa.jpg,1,0.73116744,0.034896754,0.383032097,0
5ab86fec-2157-4e02-b16f-bf94665fba89.jpg,1,0.9632208,0.75868976,0.86095528,1
82d5b3db-fe68-4ec3-816f-c61e9734d139.jpg,1,0.94415927,0.94036335,0.94226131,1
21bb9bd9-f061-4fe3-af87-f5ee3e60549b.jpg,0,0.021727186,0.06171509,0.041721138,0
11673c36-29f6-4a32-a96b-3e17c75224e3.jpg,1,0.9745452,0.97600853,0.975276865,1
196dab34-dd6f-4a34-9c3c-00a74abee6c2.jpg,0,0.026995879,0.009185563,0.018090721,0
0b2ee655-2662-4ba9-b27b-c8a60ac1bfde.jpg,0,0.015109852,0.044953275,0.0300315635,0
d341089c-d92f-4814-839d-315f005d7f8d.jpg,0,0.09237387,0.083078496,0.087726183,0
95e37fac-38ff-4772-bfb5-129246d947f6.jpg,0,0.017453358,0.013945492,0.015699425,0
66bcf21e-42e6-4aad-9614-90750828db50.jpg,1,0.9801974,0.9660313,0.97311435,1
e9b862fe-f816-4b23-a186-2c1e056b7121.jpg,1,0.82439625,0.028167063,0.42628165650000005,0
a7c0b56b-2031-49f7-9baf-63a987a92141.jpg,1,0.9782382,0.96393096,0.97108458,1
bf7bf575-e502-4a53-810c-53dab23bf231.jpg,0,0.63737285,0.5573139,0.597343375,1
24e2f03e-628f-459f-8ce1-d7355b433e5c.jpg,1,0.9708825,0.2965298,0.63370615,1
79d59180-861b-4ef9-95c1-9ddef4e55a24.jpg,0,0.30276394,0.040726632,0.171745286,0
8faf917c-306d-4fef-ba05-4cdba5dd783d.jpg,1,0.9766598,0.858681,0.9176704,1
ae4cbd0c-fdf4-44a7-9e91-e560ae84fff5.jpg,1,0.9605172,0.4377038,0.6991105,1
81e7771b-fa69-4255-9c9e-82ac0b9380af.jpg,1,0.51291263,0.24143967,0.37717615,0
5d62144e-77c1-4f26-af3f-c8f7fa42617c.jpg,1,0.23439305,0.14840673,0.19139989,0
9717dbd7-f69e-42b4-b6f6-ef8ae772ed4c.jpg,0,0.06284162,0.08709583,0.074968725,0
7df69595-a2e2-41c7-8f77-6581682a96e0.jpg,0,0.5367428,0.5830375,0.55989015,1
2f44b745-08ff-47e1-b6d8-18e762f3bbf7.jpg,1,0.015161891,0.058998425,0.037080158,0
4e5cfe9a-263f-43e9-91cd-5c8f6cf9f292.jpg,1,0.982948,0.8637831,0.92336555,1
467c5224-2744-4c66-8b43-1cf55e542f75.jpg,1,0.58680207,0.9629246,0.774863335,1
353de9d9-c5bc-4428-ad21-6cceb292ff68.jpg,0,0.030714948,0.01130494,0.021009944,0
966da691-95a8-474a-8aca-03dcd0ca529d.jpg,0,0.022081017,0.02090359,0.0214923035,0
4ef8eaa1-59b2-4cf8-9a55-6a17f5cd5a25.jpg,1,0.9819255,0.96074736,0.97133643,1
c132851c-17a2-4c96-8e49-810a1dfd2bd5.jpg,1,0.24409951,0.07211438,0.158106945,0
b4e72aef-73cb-46ff-9bde-f613bda9e7bd.jpg,1,0.9623357,0.7466802,0.85450795,1
dab0a223-82c5-4bf6-b64c-17523e37e757.jpg,1,0.29264283,0.25799164,0.27531723500000005,0
69ef374d-dcf1-47e7-ac69-5c7697345b3f.jpg,0,0.010240006,0.010948707,0.010594356499999999,0
8b35f720-4738-4c45-a5de-436f6a96a2f3.jpg,1,0.99084187,0.4461154,0.718478635,1
4563f84c-bab2-4a1a-9535-b031b98e9511.jpg,0,0.810173,0.032096796,0.42113489800000004,0
6cc2b518-4d34-46ac-8dd6-2e67f98d4044.jpg,0,0.03647901,0.15662432,0.09655166500000001,0
24ca02a2-bbb8-4b79-9cd7-f30f81f1bf1f.jpg,1,0.98637635,0.9556753,0.971025825,1
a1739286-43be-451a-9218-6f1364442ae8.jpg,0,0.42150795,0.16658477,0.29404636,0
33fafce9-e51c-4f87-bf81-9dc377890a9c.jpg,0,0.49061823,0.5797784,0.535198315,1
6a5d3404-c8c0-46a0-9b28-d4318b6c006c.jpg,0,0.02411707,0.043621484,0.033869277,0
2ac6ba54-6cc2-46f7-9b40-12b66d37db8a.jpg,0,0.02302616,0.034990918,0.029008539,0
fd9bb393-0758-42bc-a4ed-73f685c1a0c1.jpg,0,0.01884302,0.016457252,0.017650135999999997,0
c9e30ca8-870e-4f85-81ee-6649f06925c7.jpg,1,0.98618907,0.8852341,0.935711585,1
21848bb4-96e0-4050-999f-2a270db295f9.jpg,1,0.9812169,0.16986394,0.5755404199999999,1
4ca100c6-603f-41ea-acea-f7a37a647214.jpg,0,0.65561914,0.29341662,0.47451788,0
84c1ce4b-0ecb-44cd-b415-aa47effc1105.jpg,1,0.7797525,0.58260655,0.6811795249999999,1
fef10581-c913-42a0-ac1c-ee43501e535c.jpg,0,0.031616274,0.05673398,0.044175127,0
62f2dea8-1d0c-4a93-98c2-207c63305189.jpg,0,0.024347335,0.47823402,0.2512906775,0
3a150fae-bf75-4fe3-9209-d892da3d2a88.jpg,0,0.027738627,0.007820624,0.0177796255,0
6a023d6c-7d08-43db-bee2-b86a34ce8e86.jpg,0,0.39339638,0.16626458,0.27983048,0
da560d7c-6296-4fdd-9c18-325c848342c3.jpg,0,0.06018193,0.5533211,0.30675151500000003,0
5c532685-c32c-4c03-8c29-6f7945ccfcab.jpg,1,0.63013566,0.8240322,0.72708393,1
e598a45d-18f9-4e1b-813a-4064507d8135.jpg,0,0.12357625,0.15972674,0.14165149500000002,0
de222a72-901a-4da1-927e-024d8dc8724a.jpg,0,0.03436657,0.027746623,0.0310565965,0
c26df6e0-5492-4629-9f93-5f4f7dfb458f.jpg,0,0.058433916,0.15238017,0.105407043,0
ea2d7756-4304-43cc-8b02-f0c337dd5d9b.jpg,0,0.0078249015,0.054232363,0.03102863225,0
74bb41ed-5276-4e7b-8720-df85b709e486.jpg,0,0.06568813,0.109430075,0.0875591025,0
f46009a5-c7ac-40cc-aca7-3ffa6ad6fd4b.jpg,0,0.028684666,0.07890994,0.053797303,0
b3a1181c-de15-4691-8833-1e8d24a9cfbe.jpg,1,0.03940649,0.20269643,0.12105146,0
d309ebe5-7cad-4f98-82d1-7e523bd30b26.jpg,1,0.98486125,0.6640243,0.8244427750000001,1
d8611313-aed5-4d5a-ad45-01444fcada6a.jpg,0,0.016978616,0.013789529,0.015384072499999998,0
bc557e74-cbdc-432a-bd36-0bccff8e9504.jpg,1,0.9725696,0.9656714,0.9691205,1
3b7de541-edc3-4e14-a087-6406145d808c.jpg,1,0.98848945,0.8826582,0.935573825,1
c1fc5c3d-daf7-45b6-a826-d14fb947f25a.jpg,0,0.03357473,0.02279366,0.028184195,0
9ff48d5c-9f4c-447a-9ee2-295b0091a259.jpg,0,0.26497093,0.026496334,0.145733632,0
ecac9990-f190-40ec-8d09-f08b7ad8dd2e.jpg,0,0.02768612,0.04067786,0.03418199,0
3174a70c-ecd8-414f-b44a-5bd1755efb6a.jpg,1,0.9605754,0.9753448,0.9679601,1
c9374471-0bd0-4be8-bc07-871293b2b4c0.jpg,1,0.9734838,0.97681034,0.97514707,1
8206349b-5f2c-4efa-b027-e8df6328fff8.jpg,0,0.75455445,0.029558461,0.3920564555,0
6ca21c4c-adf4-48f1-8a55-e43c8abfa9f2.jpg,0,0.12238713,0.20762832,0.165007725,0
aed18814-7213-45a1-9f87-185d7f72992a.jpg,1,0.9877389,0.9751769,0.9814579,1
69e8fe11-eab5-45d6-bc17-6749e595de1e.jpg,1,0.9761129,0.9485208,0.96231685,1
e5a521b1-62ea-4f1d-bf35-209a06f9c29f.jpg,0,0.1346391,0.019991942,0.077315521,0
b890750a-3f36-4f11-81a0-4c1e53894640.jpg,0,0.26067257,0.03364974,0.147161155,0
e9d6fdf5-3488-4d33-bc47-5d2ded48cd1f.jpg,0,0.032283563,0.026995076,0.0296393195,0
87f9c4c7-82fd-4383-acd1-0976983b485e.jpg,1,0.78337455,0.91849345,0.8509340000000001,1
67a20db7-8476-48c4-935c-cea6ffcd30dd.jpg,0,0.08795371,0.02546713,0.056710420000000004,0
1d463b60-6907-4c4a-893d-08f14662a249.jpg,0,0.040699564,0.043146007,0.041922785500000004,0
333e5185-0605-494f-aed9-5ace6eedd1e4.jpg,0,0.045063656,0.03475176,0.039907708,0
10a7e7e7-0db9-4d2e-a759-5edcc8ce7058.jpg,1,0.14386106,0.3074523,0.22565668,0
8bb6b6d1-6a73-4e7d-a5b2-7995148db89c.jpg,1,0.96706253,0.97539026,0.971226395,1
0b05de9a-a1d4-466a-b062-e8b49de8386a.jpg,0,0.050404817,0.018664235,0.034534525999999996,0
7324dafd-bd48-4a32-afc3-96342e0b2513.jpg,1,0.97577274,0.9883171,0.98204492,1
05c5e32e-1c31-49d8-b53d-663fd1df1453.jpg,0,0.017912572,0.017694902,0.017803737,0
3e31dbd8-6b78-4452-b172-51298e0dcce9.jpg,1,0.9714362,0.98729044,0.97936332,1
4342225f-3acd-4567-8a10-9f703c321993.jpg,0,0.2909794,0.078343205,0.1846613025,0
ec0f2b5e-3b1d-4e8b-8552-73f6473a92e9.jpg,1,0.9744915,0.9029991,0.9387453,1
ff879877-35bb-4c6c-ad5f-f353b6a9a1a6.jpg,0,0.67584276,0.86403054,0.76993665,1
633cd3bb-79e3-408c-878a-82658d7c05a3.jpg,1,0.96125215,0.9388553,0.950053725,1
52abf193-0af6-40ee-95b3-8618ae1617a2.jpg,1,0.93067735,0.9652026,0.9479399749999999,1
7f1f1464-098d-4005-8e80-a2c294777b53.jpg,1,0.9714087,0.9430831,0.9572459,1
3e935c77-c765-49ef-9add-d3a343479d56.jpg,1,0.28555462,0.5485626,0.41705861,0
b9973429-d1a7-4718-bda0-419d29a1b963.jpg,0,0.035540815,0.06582753,0.0506841725,0
a65788b8-c60b-4b46-8e3f-da06b3ddd469.jpg,0,0.027364813,0.01733006,0.0223474365,0
1fd71c91-d994-470a-a95f-b712768caef2.jpg,0,0.053059906,0.03197908,0.042519493,0
b85ad051-9c14-4d59-8e6a-7fb7489919d4.jpg,0,0.95839906,0.97369754,0.9660483,1
80afe9e0-b79f-4c95-a368-48442184de3f.jpg,0,0.02840202,0.031064266,0.029733143,0
0d8cf01b-05d7-4594-96f8-56fc1618783b.jpg,0,0.01605047,0.07614434,0.046097405,0
75114ebc-510c-40ac-a2d1-acf39e22775a.jpg,0,0.45054096,0.9387833,0.69466213,1
929e5d24-012b-4a8b-a24e-221cd69a2711.jpg,1,0.98502433,0.980642,0.982833165,1
08cbeb78-1641-4f48-a766-99646618a116.jpg,0,0.036138397,0.009626348,0.0228823725,0
f919f0bc-11ff-4d33-ab5d-cdf7c510d3ee.jpg,0,0.041174814,0.011217322,0.026196068,0
e492a299-535e-426a-a98a-1bc8327941bf.jpg,1,0.9701384,0.9848045,0.9774714499999999,1
0dd47108-de87-45d5-a8c7-66ecea552c5b.jpg,0,0.010557943,0.011377875,0.010967909000000001,0
da2e13fa-55b9-42c4-b126-2f63a8a7d86e.jpg,0,0.059184823,0.022594772,0.0408897975,0
37e5dd7f-d4c4-44f0-9866-4d829d8c47a3.jpg,0,0.025370227,0.25650653,0.14093837850000002,0
c87437a3-4ad2-41f2-b0d0-703cb52a6210.jpg,0,0.9400438,0.16511363,0.552578715,1
b2f03c9f-0c77-485f-9a8a-d75bd2172953.jpg,1,0.9765454,0.9522874,0.9644164,1
e4942ebd-0055-494f-9dd5-b701302f5dad.jpg,1,0.98165214,0.9679192,0.9747856699999999,1
15197e80-e5d8-4ce7-816e-3795776bb6e6.jpg,0,0.72196275,0.24642584,0.484194295,0
791f1d00-b1b0-436a-a48f-f7f3ba482da1.jpg,1,0.9825937,0.88329923,0.932946465,1
096dca85-f4f9-4ff5-b1eb-2075a141dcfa.jpg,0,0.1237595,0.030653752,0.077206626,0
fd282406-a66c-4093-964e-bfd0d187b6d0.jpg,1,0.9850971,0.6051506,0.79512385,1
630a03e0-52e2-4036-9cd1-1357296fa879.jpg,1,0.06440666,0.37167782,0.21804224,0
cbe73a9b-5e70-479a-bafb-d67feae5ebe1.jpg,0,0.027906032,0.012439112,0.020172572,0
b426ffd3-14bc-44f5-8a52-1bb1d0d062ab.jpg,0,0.09211318,0.040608272,0.06636072600000001,0
83be6ec1-d8c3-423c-acdf-04408236c6e0.jpg,1,0.2742129,0.23767473,0.25594381499999996,0
86a8f18b-af1f-4411-82bf-25604569692a.jpg,0,0.9073366,0.37774512,0.64254086,1
d0992e22-9d6e-4805-928a-3b5a94749dab.jpg,1,0.9756715,0.98590475,0.980788125,1
0283835b-ae98-4ab1-8c12-f7e9309421ce.jpg,0,0.25417492,0.17727967,0.215727295,0
efa09aae-803c-4036-984c-6ec6b1d1a996.jpg,1,0.88524854,0.9378707,0.91155962,1
ccbb421e-50d2-4ba6-b844-6ea4b2c59ffb.jpg,1,0.9800955,0.93391746,0.95700648,1
8bba1abd-9efd-4d12-9ae2-be94f263d5d2.jpg,1,0.8746227,0.15808971,0.516356205,1
acdba1c0-737e-4c52-aa5f-edbcbceaefcb.jpg,1,0.9753397,0.97894543,0.9771425650000001,1
d1109885-a98c-45a6-b7bc-d50a09dbe460.jpg,1,0.052360624,0.086500786,0.069430705,0
25d92f6c-bfa9-4ee0-8a47-70cb02b356e4.jpg,0,0.033040736,0.012387274,0.022714005000000002,0
023e0b38-1464-49c8-9dfd-c679dea7c3ef.jpg,1,0.91661775,0.057190508,0.486904129,0
2606bc78-3a99-4df9-b8e7-88121b50013e.jpg,1,0.978534,0.9189994,0.9487667,1
5fd45ad2-7278-4bbc-b7f0-cceacbe73e33.jpg,0,0.021364575,0.1359583,0.0786614375,0
bf7eaa3c-af59-4f79-a9d7-22ba65ae4215.jpg,0,0.028780706,0.007402559,0.0180916325,0
d946ab6a-00aa-4d20-92ee-c79a204fd676.jpg,0,0.023281807,0.15289575,0.08808877849999999,0
5d7e2ae0-00ef-498a-b35b-7305394b1074.jpg,0,0.042960767,0.03191248,0.0374366235,0
5da2a1ab-5a94-4f4a-9995-7964d7bfea8d.jpg,1,0.9644595,0.9625388,0.9634991500000001,1
29213c80-6050-4144-bd53-879e99c59432.jpg,0,0.06907049,0.045182295,0.0571263925,0
9cf1c363-93b1-4821-9251-3468e6b446dd.jpg,1,0.97470224,0.98175174,0.97822699,1
7540583c-7df5-41ff-a8c7-a2a6096a9e8f.jpg,1,0.9859242,0.7569647,0.87144445,1
4e453bf3-e429-487c-a592-fdecc31a3964.jpg,1,0.91804945,0.75801796,0.838033705,1
04d7b661-de0c-47a2-9bdf-e38cbc7eac49.jpg,1,0.9406758,0.9577619,0.9492188500000001,1
eb53ace9-88cf-4adf-b744-8d8100e8c922.jpg,0,0.045195978,0.055871315,0.0505336465,0
cb34f3fb-7ed9-4348-b497-faa8306b2d7a.jpg,0,0.19571273,0.251065,0.223388865,0
c91f9212-5574-4826-8bcc-54a47d8ef545.jpg,0,0.03709493,0.019130442,0.028112685999999998,0
473fb42a-74fa-4095-bc4c-259881379234.jpg,1,0.9650736,0.8930834,0.9290784999999999,1
5f367edb-89ab-401c-8cd7-4bcb92c76554.jpg,1,0.9784655,0.9302194,0.95434245,1
479468c2-bb3f-4304-8471-23de78f4f620.jpg,1,0.5501223,0.96551603,0.7578191649999999,1
979b1159-7ecb-4a32-918b-58e6fe78b06b.jpg,0,0.028065685,0.041120745,0.034593215,0
16e70a1f-e70e-44ad-ac43-e290e4c8b15e.jpg,1,0.97120595,0.9748712,0.973038575,1
4abeaf80-180c-4dcd-b453-70065d4e8efc.jpg,0,0.013831409,0.010964597,0.012398003,0
4503d3f9-af05-4b9c-bd5a-2091e4304158.jpg,1,0.9684516,0.9850508,0.9767512,1
e1bc6f99-9d56-42c2-8cd6-bbda2297c5f1.jpg,0,0.22423531,0.021153348,0.12269432899999999,0
81fc91fd-9c46-4c1f-80f6-843233b2cfe7.jpg,0,0.049381692,0.25327775,0.151329721,0
401115df-6046-4be6-ac8b-1a3f62fe81c2.jpg,0,0.025251804,0.024085848,0.024668825999999998,0
f20cc86b-5921-4f1e-b3f9-d857b93cbe00.jpg,0,0.47640103,0.07913035,0.27776569,0
f41e7e85-5bd0-4e7a-a758-24f34a09733d.jpg,0,0.09874515,0.30271882,0.200731985,0
0f4561b8-a11b-477a-8a69-b34efe63399d.jpg,1,0.93622243,0.65389293,0.79505768,1
2a87ba4a-85d6-4413-b515-8084d3b2c2bd.jpg,0,0.09627672,0.026716989,0.061496854499999996,0
0e698014-08cf-47f9-845d-75b0a64f2548.jpg,0,0.047760308,0.26469672,0.15622851399999999,0
c0f2ac3c-7792-42ec-924c-555d8bbfc6ac.jpg,0,0.08292178,0.009241181,0.0460814805,0
6323f3cf-620d-4401-adca-ae4a2f5239a4.jpg,1,0.9745446,0.9136526,0.9440986,1
ac0df6a6-e429-4e77-9e4d-1c420ad34373.jpg,0,0.029791033,0.012981856,0.0213864445,0
72333c9a-2ed6-413f-b9c6-502673eeee24.jpg,0,0.24422091,0.071387015,0.1578039625,0
6f5c5815-a114-469d-a4c6-424cd32da41b.jpg,0,0.10013608,0.62604094,0.36308851,0
1f9cd6c7-fdcf-4729-b3fc-6432777307d3.jpg,1,0.9792087,0.94634795,0.962778325,1
829faa92-8eee-40ee-9d9c-e865177f545d.jpg,0,0.7884306,0.019816248,0.404123424,0
315bf50c-ff54-46f2-9d55-cab0392673c2.jpg,1,0.98444843,0.94558716,0.9650177950000001,1
1d6b2650-a80e-4150-8031-9b06ff80472b.jpg,0,0.2272675,0.19265245,0.20995997500000002,0
d33b71af-38ef-4f7f-9929-7cf74ffd723d.jpg,1,0.9778832,0.97299993,0.9754415649999999,1
88d4d6ed-b0bb-48cd-9133-2c6d6079c9e1.jpg,0,0.022451393,0.006851213,0.014651303000000001,0
a5a804a0-e6e1-4085-b01e-63ead0731b34.jpg,1,0.046727635,0.055218566,0.05097310049999999,0
74efad39-1471-4ee5-9633-b1302c4eef88.jpg,1,0.97970665,0.9084345,0.944070575,1
f36bfe6c-1fdf-4f0f-9090-b8fa6237ff38.jpg,0,0.023165481,0.0062423716,0.014703926300000001,0
3f778db1-afc0-4d64-a610-b1e430306a00.jpg,0,0.031627335,0.050495572,0.0410614535,0
95139ba4-3f1b-4ee8-8dd1-d0826c0a4995.jpg,1,0.9797656,0.9725858,0.9761757,1
c04fa28c-f354-499d-8f50-cb0dced85804.jpg,0,0.092219874,0.013832756,0.053026315,0
4cfb6b84-27a7-4ba2-bee5-09ddc204adac.jpg,1,0.97216547,0.98165995,0.9769127099999999,1
433a5d86-876f-4afe-916e-b0b2131492fe.jpg,0,0.05217977,0.009703573,0.0309416715,0
cd732f93-9f27-4163-858d-8549f8d2a949.jpg,0,0.011045325,0.005919699,0.008482512,0
c4418133-e4fa-473b-b720-14b213f75a93.jpg,1,0.9384048,0.68687624,0.81264052,1
50a98e4b-864a-4aad-b3f7-33d07a44f3ab.jpg,1,0.046974942,0.060580686,0.053777814,0
cba64857-5c82-450a-b295-9034d90e7058.jpg,0,0.3353639,0.040578574,0.18797123699999999,0
fd6b84de-0fdd-48eb-9c95-b2ce1cea03ce.jpg,0,0.019199815,0.036116153,0.027657983999999997,0
8e058622-164e-4a79-ae06-170b7c89a920.jpg,1,0.9819885,0.97871244,0.9803504700000001,1
b31a565e-a3dd-40a9-8299-58efdb538d7f.jpg,0,0.012036831,0.17370668,0.0928717555,0
af4f04df-93eb-42a4-bb3f-b55773d16154.jpg,0,0.06213428,0.33788458,0.20000943,0
f64a0bb2-d5f6-4766-b4f2-e42a97c190d9.jpg,1,0.98002976,0.74617916,0.86310446,1
03ac27fb-3d1a-4ee1-aae9-e06276002b6b.jpg,0,0.0248562,0.022634579,0.0237453895,0
af5d4a88-9e3e-4163-b71f-3d8f63fa8e6c.jpg,1,0.98054343,0.9361947,0.9583690650000001,1
c286c85b-73fb-442f-ae31-0193a4623ff8.jpg,0,0.057553254,0.3049378,0.181245527,0
d2598a24-6c3e-4242-b811-494d533be21b.jpg,1,0.97885066,0.8984111,0.9386308800000001,1
36a38a62-c77f-40fe-8250-5661aa040e95.jpg,1,0.963275,0.948897,0.956086,1
e4567dd2-8816-4ad4-bbfb-356cd340dbab.jpg,1,0.9892601,0.976917,0.98308855,1
65f42ec5-8e02-471f-86c8-eababc607950.jpg,0,0.05570689,0.013034702,0.034370796,0
ccc00935-a3a0-497d-b531-e5cfb4d2490f.jpg,0,0.016379824,0.07255437,0.044467097000000004,0
e5380cbf-f8a4-43cc-96a8-279cf16d7a6c.jpg,0,0.044580046,0.05786433,0.051222188,0
1665cfb0-c066-4764-9535-7aa179179192.jpg,1,0.9727217,0.97508585,0.973903775,1
beee9b71-78f4-4299-8975-74fa132234e9.jpg,1,0.9027342,0.96882296,0.93577858,1
8c4fcea9-5805-48a6-9715-42b90c5e15da.jpg,0,0.05260331,0.022306357,0.0374548335,0
3bb2998a-a82a-483b-ab59-f162692fb9fa.jpg,1,0.9229225,0.88300383,0.9029631650000001,1
982b4c42-50fa-4fe6-a5f7-eecacc4a9e8d.jpg,1,0.9700116,0.97679067,0.973401135,1
7a65cfbd-ea44-4882-a3de-120f7e4a887e.jpg,1,0.9765628,0.4868339,0.7316983499999999,1
638060c6-1d28-433f-932e-10dd1a06dbfe.jpg,1,0.97488153,0.83584505,0.9053632899999999,1
9a2362fe-2c3a-4dbf-b57d-d753cde317d4.jpg,1,0.9844273,0.9472537,0.9658405,1
1c9e9ebb-e975-48ee-9ccf-a0ba2ca66385.jpg,0,0.04014051,0.01011508,0.025127794999999998,0
072c85ff-c13b-46de-9309-bb927626a7c8.jpg,0,0.40598315,0.332998,0.36949057500000004,0
2f903026-72da-4bcd-98dd-7853f6454687.jpg,0,0.017793886,0.019272346,0.018533116,0
67fc5bde-2e5f-4690-9de7-d15c9fcce78a.jpg,0,0.021113275,0.13621527,0.0786642725,0
b6965111-02cb-485d-9011-e652d2a09468.jpg,0,0.043116935,0.04737319,0.0452450625,0
d7565a3f-f4b3-4fc8-9dd2-eeb2c58e6e3d.jpg,0,0.09354483,0.088161446,0.090853138,0
4219f559-7a3c-4297-9bfe-e40ff658df67.jpg,1,0.95860165,0.34427157,0.65143661,1
be316280-7530-424b-8da2-73f82ff2e2f4.jpg,0,0.019902844,0.015697874,0.017800359,0
fde1fd68-a161-42e3-8089-aa3d38e6d3fb.jpg,0,0.021281632,0.009384612,0.015333122000000001,0
cc9957c6-348c-4699-998a-457c2a6c7bf8.jpg,0,0.2379606,0.055693112,0.146826856,0
bd57ced2-fb5d-4f8e-9215-b547c0d98683.jpg,0,0.021601392,0.3531611,0.187381246,0
38c7d449-e941-43c1-81d5-bff9b89cf0c5.jpg,1,0.98136055,0.9910993,0.986229925,1
91cc1fb2-5bcc-44e3-a6b0-b23b75591f38.jpg,1,0.98389775,0.98562026,0.984759005,1
60aad28f-3292-4b1d-ac9e-dc21ec9ede29.jpg,0,0.072844476,0.006469062,0.039656769,0
54d573e1-9c96-49d8-91f1-b4441aeb5141.jpg,1,0.98307014,0.88496155,0.934015845,1
61d2c8dc-d164-414e-88f5-fc5d296c46be.jpg,1,0.5328539,0.5758269,0.5543404000000001,1
5fe6b882-3b16-450a-8081-ced6dd4f4e32.jpg,0,0.050921254,0.16157436,0.106247807,0
a3f926a8-e866-4ff0-a72d-fa40facda527.jpg,0,0.6810263,0.19559132,0.43830881,0
22f02237-fd9f-4ace-9c7a-eff8093ee4eb.jpg,0,0.59400624,0.30355686,0.44878155,0
b47aff1e-923a-46fa-8f92-fb847b1886f5.jpg,1,0.98053896,0.61070985,0.795624405,1
ba659bfd-9841-470d-8524-9e00a5520134.jpg,0,0.026868084,0.0128810285,0.01987455625,0
2ebcb7f2-8532-4379-97a1-9f4a01111dda.jpg,1,0.9751568,0.9866636,0.9809102000000001,1
9130caad-73ef-4d61-a643-db08d4a3cd58.jpg,1,0.98246723,0.97982764,0.981147435,1
9ec3f9fb-be74-41a2-a98a-d34c82628404.jpg,1,0.9699461,0.98665047,0.9782982849999999,1
217d3e02-f8af-4eb3-9193-fe48db037427.jpg,1,0.19244279,0.121302664,0.156872727,0
ac874ecb-6aa5-47a0-8b7d-eaa7f979aac0.jpg,0,0.026429458,0.21837303,0.12240124399999999,0
1eb993ae-c06d-4edd-804f-6b4ba3b0eb6d.jpg,0,0.6651772,0.05492335,0.36005027500000003,0
54daeafb-2091-497d-9636-79d7fc825c50.jpg,0,0.11870982,0.06904483,0.093877325,0
71a9ee7f-6a0d-4249-b277-903d062f9d9b.jpg,0,0.09989034,0.32411906,0.2120047,0
e38e5314-05f1-4229-ae84-5b1b13d03c84.jpg,1,0.9828788,0.9656871,0.9742829500000001,1
14aec09a-873b-4f89-8735-02e008566f69.jpg,1,0.8960916,0.5798086,0.7379500999999999,1
a9c74abf-d68d-43a8-bbfc-3c6180a63039.jpg,0,0.040505342,0.07595023,0.058227786,0
f68687a2-6576-43dc-b7b6-c8857a996641.jpg,0,0.030438483,0.02035135,0.0253949165,0
05c24e08-d283-4467-b0eb-bed48bacc11c.jpg,0,0.009979358,0.02728831,0.018633834000000002,0
80b705c0-d239-439e-91d1-bca734173a54.jpg,0,0.06716721,0.38134772,0.224257465,0
73011c46-0bda-4da9-a32f-46ab7501ba9b.jpg,0,0.04292605,0.49111205,0.26701905000000004,0
f8b73226-3afc-4d49-96d2-f0d308e82a78.jpg,0,0.044062376,0.18722811,0.11564524300000001,0
3b138184-a67f-41f8-91af-a010752df370.jpg,0,0.14410087,0.03570839,0.08990463,0
df931743-8cc8-4bf8-a546-ac022d78629a.jpg,1,0.18455349,0.7522325,0.468392995,0
50b932b6-e512-4186-887f-a035235774a1.jpg,0,0.4334591,0.19829221,0.315875655,0
a51ea7e0-cce5-4a74-a485-b6098a4a62f2.jpg,1,0.95522875,0.91102403,0.93312639,1
1022d1a0-5760-4ef8-b575-d4a65afe18cf.jpg,0,0.015246739,0.02090884,0.0180777895,0
2e8d9295-6651-4c8b-8604-8602511e9e4f.jpg,1,0.9855817,0.97558457,0.980583135,1
bc30baf4-b1d2-446d-879a-b8f6de4ce7c4.jpg,1,0.95198673,0.79885983,0.87542328,1
f5ae0520-043f-4306-ad65-140654fbc5af.jpg,0,0.04635646,0.018773537,0.0325649985,0
56a8833b-e1b0-4e89-9ddd-09e77217e230.jpg,1,0.9843538,0.90636015,0.9453569749999999,1
459c5136-d005-405e-a246-b156ddee2da3.jpg,1,0.97530997,0.9930057,0.984157835,1
9308aea9-4569-40da-ae6b-2cba2b3c8e34.jpg,0,0.060013566,0.026338486,0.043176026,0
83c38e8d-06df-46b2-8d89-08ad4cb53ded.jpg,1,0.9875771,0.9252293,0.9564032,1
98a4b801-a936-428b-a0b0-a6472a0f40bb.jpg,0,0.0124539,0.0056688064,0.0090613532,0
d518662a-e502-4933-bbd2-153034eb9850.jpg,1,0.9845344,0.9583169,0.97142565,1
d3faf01a-7af0-49c4-98a6-c04228a662a0.jpg,0,0.97224414,0.86513853,0.918691335,1
25286fcb-b5f2-448b-b0d2-050e22aae66b.jpg,0,0.032533526,0.017403612,0.024968569,0
1be9b481-ce3b-494f-824d-af68b092b9e3.jpg,1,0.97057414,0.90834254,0.9394583400000001,1
c091808a-f417-49ee-b7d5-e40e92db0fca.jpg,1,0.9826668,0.8449458,0.9138063,1
6037570b-ce57-4d32-b641-6164b2434da3.jpg,0,0.03206989,0.03821261,0.03514125,0
965e4feb-1a7a-497a-a614-825e355bdbd1.jpg,0,0.028344117,0.012650893,0.020497505,0
5734afc8-ce87-4d3b-89c3-5275fd1f3af0.jpg,1,0.9770537,0.98726475,0.982159225,1
f08059ca-8b37-46c6-a83d-0027d20222ba.jpg,0,0.01588292,0.014980233,0.015431576499999999,0
0c0e3256-35d7-4e6b-87ea-28c12961372e.jpg,1,0.622542,0.9689474,0.7957447,1
68be98b1-e99d-4117-91dd-a1d7eed6c4d7.jpg,1,0.924121,0.8538406,0.8889807999999999,1
0b67e17d-3fce-488d-a1dc-b88e8b694d46.jpg,1,0.9844254,0.98732346,0.98587443,1
6bae4761-65e0-4bab-83f7-684ba53d5ee1.jpg,1,0.9527244,0.96674204,0.9597332199999999,1
637b37ce-0115-4bea-acd2-67351000b66d.jpg,1,0.968915,0.96702206,0.96796853,1
b1ba3497-5181-41b9-a950-56530faa4187.jpg,1,0.9792061,0.9766783,0.9779422,1
fcdca082-b9aa-4ca5-ba3a-23c707e4f6dc.jpg,0,0.059705593,0.014281612,0.0369936025,0
da4edc4c-0cff-46e0-afb1-0af57de522ae.jpg,0,0.04134971,0.010502755,0.0259262325,0
a2d316ac-62a4-46fb-84be-9e4851cf33fe.jpg,1,0.80260134,0.10573488,0.45416811,0
80f2747f-2c5e-43f4-bb1b-9c58a7412435.jpg,0,0.018473519,0.0062421467,0.01235783285,0
2c5ea2da-5bc2-46f5-94de-586060726a10.jpg,1,0.9750729,0.94623214,0.96065252,1
293daa42-d4fe-420d-adfc-6f70f9086425.jpg,0,0.048384286,0.036934603,0.042659444500000004,0
e2e79245-b5bd-4610-860a-bddacce7071f.jpg,1,0.9766972,0.9866824,0.9816898000000001,1
d6ffc87b-d02a-44fc-aae0-cd63bb0f5cb5.jpg,0,0.020058118,0.042459726,0.031258922,0
0d820953-888c-489a-a7b6-9726cb4da8c8.jpg,0,0.00360081,0.038777,0.021188905,0
d6bde8ac-9128-4f57-a7b0-4778e1d350e7.jpg,1,0.97462726,0.9555689,0.96509808,1
80245555-2ad0-4c03-bd3d-73a7821752ee.jpg,1,0.966958,0.9541275,0.96054275,1
0ca0d43d-e3b9-447f-bb3a-133f37cd0bc1.jpg,0,0.0112406695,0.023232508,0.01723658875,0
7715674e-ca44-47fd-92d6-049e49d08916.jpg,1,0.9780191,0.98800397,0.9830115349999999,1
9165b95f-0be0-48ea-a77b-281aba5b4e5b.jpg,0,0.10971675,0.040730216,0.07522348300000001,0
fa0b2015-4e11-4849-a975-b83e85b86129.jpg,1,0.9777159,0.98570895,0.981712425,1
1decdfbf-c412-41b2-9f83-701d9046e1c4.jpg,0,0.018316112,0.022707598,0.020511855,0
8bc7943e-90b3-43b7-86d3-63825d0a7ffb.jpg,1,0.96515435,0.95969206,0.962423205,1
d7b98668-9d34-4256-9dd6-f80211e38c28.jpg,1,0.98257035,0.43721676,0.7098935550000001,1
a3f18162-654a-48bb-b918-58b21534b72e.jpg,0,0.03192233,0.1301433,0.081032815,0
1c824f8f-9ac0-49b0-b174-c4cb016b388f.jpg,0,0.9381712,0.02936971,0.483770455,0
efbc4a0c-f724-4102-8d15-5af7d44cb0cd.jpg,0,0.042098727,0.014723246,0.028410986500000002,0
b0e7a7c0-9bd3-4c91-92f1-144812999e31.jpg,0,0.062822945,0.023950152,0.043386548500000004,0
03221697-b893-43c4-8426-0ce6502d161a.jpg,0,0.13052642,0.021292988,0.075909704,0
ad393b1c-a7b3-48ae-bf5f-10d062f7213f.jpg,0,0.0828682,0.2476799,0.16527405,0
4de77b41-e550-4965-8ec4-a813a5bbee5e.jpg,1,0.9544774,0.7122475,0.8333624500000001,1
ecddaf03-908e-401f-af4f-0dc4f4b72e5f.jpg,1,0.9612914,0.9323949,0.9468431500000001,1
c3bd02b2-435b-4277-89cc-a13a65385918.jpg,0,0.9730936,0.82538134,0.89923747,1
aa28d49b-2a87-4a00-8851-dd22f314a523.jpg,1,0.10402845,0.08072764,0.09237804499999999,0
9ce1f078-9a96-43a5-afd5-55a77a049a18.jpg,1,0.97835505,0.8961445,0.937249775,1
c58e07bd-dd7d-48bc-bb5f-8e4059b8ff2c.jpg,0,0.019039098,0.011923558,0.015481328,0
e777645b-41f6-4c4b-9bad-b4a4bd00f47e.jpg,1,0.0690956,0.23988071,0.154488155,0
88a38493-10e6-4881-a086-6e90fe096bc9.jpg,0,0.01678749,0.012477467,0.0146324785,0
f20347cd-9ca0-489e-ab7f-3d44e21d8162.jpg,1,0.98044866,0.970096,0.9752723299999999,1
caf11ad9-bf19-4619-9330-039fef65a814.jpg,0,0.011789621,0.0065280767,0.00915884885,0
e6c257f7-84fc-4a7f-a435-e45e6c23f146.jpg,0,0.6906172,0.9069321,0.79877465,1
75c043e5-bef8-46a9-bf3e-1a0201213b46.jpg,1,0.9828263,0.96104026,0.97193328,1
d226371a-ac39-4715-b54a-bd3e6f906b41.jpg,1,0.9793937,0.9775184,0.97845605,1
d9fa03e1-a7d0-4ab4-a8ca-8ea9f9219cae.jpg,1,0.9375666,0.9293033,0.9334349500000001,1
d67b4da9-9703-468a-9108-0f6d04ce585f.jpg,1,0.98114496,0.95767087,0.9694079149999999,1
f42c7c18-f5bb-489d-809c-6d0d780ab811.jpg,0,0.023548812,0.01863534,0.021092076,0
0187019b-407b-4053-ae28-6339d8cec2cc.jpg,0,0.0438956,0.26588756,0.15489158,0
b5e402ab-98b5-4854-9732-01d3c3495c0b.jpg,0,0.10540856,0.06568974,0.08554914999999999,0
256f8c15-24f5-4b89-8637-7fd7dc70da64.jpg,0,0.015753329,0.008523262,0.0121382955,0
7d075412-b92c-48a2-89a3-680862517b2e.jpg,0,0.13609102,0.16220556,0.14914829000000002,0
1e6d1ded-b780-434f-bfd5-2d3875c00e94.jpg,0,0.8757517,0.049882334,0.462817017,0
6c460d3e-652d-45ac-a133-abf9f67ceb27.jpg,0,0.37496248,0.43267804,0.40382026,0
baa155d2-2088-43cd-bd72-1a5511ad293f.jpg,0,0.97892797,0.078819975,0.5288739725,1
108be69c-42a2-438b-be50-d2d612426946.jpg,0,0.017765673,0.043708596,0.0307371345,0
466e3fb5-8718-41bb-96cf-bfe676c0a0ac.jpg,1,0.6896253,0.7662133,0.7279192999999999,1
eff725f0-3dec-412b-9cea-f6a6c5ee9284.jpg,0,0.019639658,0.011614877,0.0156272675,0
ad459e32-f6de-457f-94bf-255ae9ecc125.jpg,1,0.11361087,0.035787415,0.07469914250000001,0
afd721a5-aed1-4967-ad6c-efad36638448.jpg,1,0.9832314,0.9704752,0.9768532999999999,1
37057ab0-1207-472b-8ada-da6a69392d9d.jpg,1,0.9836965,0.86324453,0.923470515,1
e8e4d7ed-0ce8-4ef8-beb6-077c76d3bc8d.jpg,1,0.9518735,0.94970965,0.950791575,1
77ad5b75-8a5d-459c-a834-5834a8fc3503.jpg,0,0.10478118,0.6527626,0.37877189,0
98c6010e-d29a-4436-8cc8-50c2430be8f4.jpg,1,0.97561944,0.87121356,0.9234165000000001,1
b64e5222-5b3f-469c-bcc8-eadf4b3aa0d9.jpg,1,0.9750531,0.9559297,0.9654914,1
2af630bd-7d1e-4cf8-a7e2-ebb8e754be98.jpg,0,0.083561786,0.02232741,0.052944597999999995,0
fdc218de-5eee-4a6b-a77b-6be0273b143b.jpg,1,0.9183043,0.788146,0.85322515,1
6725f777-8563-417f-b1e7-75f5156d8701.jpg,0,0.01809984,0.01547237,0.016786105,0
d900d401-514f-44be-b368-f07f6e5b3a0f.jpg,0,0.023632733,0.028082013,0.025857373,0
633c6ee7-e11a-452a-bdeb-6e83b2489ded.jpg,0,0.027883893,0.022248263,0.025066078,0
6cc3d574-c14f-4432-9b17-a2d4e396ed99.jpg,0,0.97102094,0.19803718,0.58452906,1
a6a70dd6-89ed-4710-9c2b-fc43c8261dfb.jpg,1,0.96098334,0.9707233,0.9658533199999999,1
9ae13f54-2cf6-4484-8aee-69973b8074f0.jpg,1,0.98211414,0.95700747,0.969560805,1
ff8eaa69-6bbe-45b4-bf9f-0d5bc735f704.jpg,0,0.9460796,0.9725343,0.95930695,1
460e194b-163f-49b1-acd1-23134642a9e3.jpg,0,0.032650296,0.07154357,0.052096933,0
28708134-e172-4089-acd8-1ca7b5bb7205.jpg,0,0.02874765,0.87289745,0.45082255,0
b2aaa379-ea21-4900-9381-be1e3bc36934.jpg,0,0.07667787,0.11745264,0.09706525499999999,0
74ccaae2-14ca-4968-a15a-183062ea6959.jpg,1,0.981767,0.96770984,0.97473842,1
43a870f0-9838-49e4-9ac6-547c3b027acb.jpg,0,0.0380319,0.5791858,0.30860885,0
afe62f86-2318-4e4b-8971-6c5ddafd68dc.jpg,1,0.9837863,0.96278965,0.9732879750000001,1
df951e8b-cc9f-4b41-a3d1-aef66677cd04.jpg,1,0.9243389,0.46710488,0.69572189,1
c10d94a4-d6a5-4701-b175-cf1c89c22037.jpg,1,0.97648734,0.94615614,0.96132174,1
90eb3cf1-bdb3-48a5-91e7-4fb56c74e2bb.jpg,0,0.014965548,0.01549988,0.015232714000000001,0
df895a7d-bb7b-4beb-803e-899e065ddb20.jpg,0,0.038362965,0.041524723,0.039943844,0
8ea4a679-8748-427f-ae33-b386187d87dc.jpg,0,0.033119235,0.010502245,0.02181074,0
e2814df3-2bc4-4300-b26a-3e76dade361b.jpg,0,0.15086712,0.062219683,0.1065434015,0
0fc7048a-a40b-479b-9230-ffd06f5d0a30.jpg,0,0.015690126,0.0049323,0.010311213,0
66bf7515-4547-493f-8561-e8c3e08d6749.jpg,0,0.29214388,0.14915282,0.22064835,0
5efe8f1b-be6c-4fa0-8c13-4f1bcc6c8c4b.jpg,1,0.9746174,0.9328769,0.95374715,1
26602afe-ee25-4114-9046-888ee758cd06.jpg,0,0.09367221,0.016876975,0.055274592500000004,0
4ccaf5de-2948-44d4-bce1-6ab943295f29.jpg,0,0.70320874,0.5613257,0.63226722,1
c9c3d09f-7965-47de-88c6-a7b9de086776.jpg,1,0.9727931,0.77563465,0.8742138749999999,1
fcae37a8-0708-449a-b8d1-5599bc0aa346.jpg,1,0.9757194,0.9592704,0.9674948999999999,1
d2d00133-5c7c-4cd5-8f9d-e6754e241c4f.jpg,0,0.025469266,0.073690996,0.049580131,0
b292d25f-5f0d-4552-a43e-e388b134864d.jpg,1,0.9742166,0.98566335,0.979939975,1
d7dd9be4-91db-4f65-a765-d36211b52198.jpg,1,0.97679794,0.9854268,0.98111237,1
7df97a98-cfcb-4b98-9679-3380c98f34e4.jpg,1,0.95160645,0.9486346,0.950120525,1
d1939a4e-3cff-4a0d-824f-7ed898f21b3b.jpg,0,0.021914849,0.019230986,0.0205729175,0
37a0b848-fe13-4a64-a191-def34bc1259e.jpg,1,0.059802815,0.16139418,0.1105984975,0
bf91a4ae-f6cf-44c0-a791-2286c43e3794.jpg,0,0.04877741,0.018719783,0.0337485965,0
de8b6edb-2bf1-41cd-858d-ce22be7aa460.jpg,0,0.102389954,0.03654194,0.069465947,0
47afa7fb-4bf1-40ac-80a1-5621c48ce8bc.jpg,0,0.04768442,0.113352925,0.0805186725,0
f541089d-cbbf-45c5-94b8-23539e5be27f.jpg,1,0.9829912,0.31643397,0.649712585,1
ddfe75f5-c402-4752-be1e-52baeb6c9faa.jpg,0,0.03314144,0.10902131,0.071081375,0
0503ea22-e568-4b6f-b167-e4d497af37f5.jpg,0,0.943686,0.6733325,0.80850925,1
0a9934b8-89ac-4d98-b917-e6955dce4b8a.jpg,0,0.052318558,0.036537938,0.044428248000000004,0
2580652a-1483-4172-94b2-c3b9a54b7799.jpg,1,0.9755039,0.98625356,0.9808787299999999,1
fb8caafb-0a5c-439c-aeff-294dcbc02fd6.jpg,0,0.10580062,0.9202784,0.51303951,1
61940547-7dd5-47c6-b356-813837680f3a.jpg,1,0.95923465,0.88955086,0.924392755,1
bb664f04-544e-453f-89f2-9c21d402762f.jpg,0,0.042880543,0.005506947,0.024193745,0
975cd60b-b2f3-4454-aba3-055a2efd5a85.jpg,0,0.03132889,0.011055539,0.0211922145,0
25e9f23a-1cb0-4fe6-8a39-d1ac013e46c2.jpg,0,0.01612423,0.007790608,0.011957419,0
922c264c-5a53-4c19-8295-71e334ae3f41.jpg,1,0.09438079,0.0637813,0.079081045,0
f2cf7da5-0499-4ff2-a486-15a427b04c61.jpg,0,0.9634026,0.8436967,0.90354965,1
558c477c-c579-4e3b-a33a-c76cf948578c.jpg,0,0.029904332,0.044263784,0.037084058,0
7d718620-2606-4ebc-b590-8133d0b1ad45.jpg,0,0.013794159,0.007893657,0.010843908,0
0ce4e9b6-16fc-48ce-a415-40e5436adf44.jpg,1,0.981385,0.9807508,0.9810679,1
7d5f7227-d953-4f54-af62-9c45e7e94bb2.jpg,1,0.9817769,0.98122245,0.981499675,1
f2e36ebd-bf12-4aaf-8818-dabd19e061dc.jpg,1,0.9811189,0.9130098,0.94706435,1
c7a54142-d447-4bde-9c0d-baa95bcace4b.jpg,0,0.03730345,0.013139721,0.0252215855,0
78d24521-38ad-4acf-ae29-08e0521882ec.jpg,1,0.42462626,0.06554902,0.24508764,0
0b4ece6f-5b9f-4f71-9c62-eaa73f40d51a.jpg,1,0.9752813,0.97056973,0.972925515,1
7f7363b2-d60d-4850-b2d6-bf9d52092291.jpg,0,0.25271496,0.36384758,0.30828127,0
315fdcaa-b249-4121-9769-3ba95382fe4c.jpg,1,0.07494368,0.69494087,0.384942275,0
969508ae-093c-453e-b04c-0ed44e0f4a5d.jpg,0,0.9752064,0.90653723,0.940871815,1
e99ddae3-ac03-4d2d-a843-a2f981f293be.jpg,0,0.029902458,0.017807802,0.023855130000000002,0
802e2fa2-94c2-4302-84aa-173999bf2104.jpg,1,0.97629285,0.98671883,0.9815058400000001,1
f3629607-5689-4c21-a96b-27e4f3501c84.jpg,1,0.7952472,0.9597731,0.87751015,1
1eeb5a5a-1110-4eb8-b524-fd5afdb37999.jpg,0,0.044913534,0.05640483,0.050659182,0
0fe5dd85-4ea9-4363-b3d9-c299c63f7ad6.jpg,1,0.9893169,0.8054366,0.8973767500000001,1
011594ed-4b0a-4601-b601-21c32b71cfc0.jpg,0,0.17206933,0.051923133,0.1119962315,0
2f1fb757-90b4-4a4e-a868-7665bb6a0267.jpg,1,0.9770982,0.9813007,0.9791994500000001,1
b2dd96ae-664c-45de-8898-79a959b3bf87.jpg,1,0.9773232,0.9517311,0.96452715,1
f8951c91-91c1-44d8-9c3c-41dadac5fc48.jpg,1,0.7551955,0.8554893,0.8053424,1
c1691e20-9efc-4cfd-a978-243f581daf94.jpg,0,0.020328494,0.034170765,0.027249629499999997,0
34199302-44b4-4ca9-a6df-bf48c81d60d6.jpg,1,0.9696711,0.8944397,0.9320554,1
c0a0b7aa-90c7-4c69-9394-a271d83e0cc5.jpg,0,0.02882861,0.006212687,0.0175206485,0
039ea0f8-432c-4373-b103-ca9914086fe3.jpg,1,0.97060513,0.8813573,0.925981215,1
b1fec01d-f1d6-4e5b-900a-084735b79eb2.jpg,0,0.038041357,0.028445704,0.0332435305,0
e8ee3060-6b07-45c6-892e-eecd1579f11c.jpg,0,0.030142952,0.013407822,0.021775387,0
d9bd8368-d202-493b-ba4e-4d85db96d2d7.jpg,0,0.51969695,0.16937768,0.344537315,0
a36b8e63-18d5-4542-8138-9061939c1a07.jpg,1,0.9730171,0.24536349,0.609190295,1
2a075a30-7fca-44fc-8e29-93bc4e8cfa9e.jpg,1,0.9645312,0.87829465,0.921412925,1
b753b415-951d-441c-9bea-e48f19d32224.jpg,0,0.04476026,0.016233,0.030496630000000004,0
3809d676-abe1-4cba-95c1-aae6290bf922.jpg,1,0.9640995,0.975338,0.96971875,1
03039b60-df6b-4c3a-bcc5-5f3d1203f8b9.jpg,0,0.8720601,0.09344262,0.48275136,0
e97f648b-e590-4ba4-9b3b-53bd00f6bc5b.jpg,0,0.042658076,0.38248903,0.212573553,0
b15bbcb9-0269-4340-b9b2-bb8575e23cf5.jpg,1,0.97914165,0.98233324,0.9807374449999999,1
783295c3-7419-4207-8c98-6bbe8052e0a8.jpg,0,0.9595352,0.16206835,0.5608017750000001,1
1990cf42-7dc4-4794-943c-a57c203f22e1.jpg,0,0.015363883,0.010531879,0.012947881,0
bb1bb1f0-40e6-4139-91c7-1a93a4061f4a.jpg,1,0.87541616,0.9735004,0.9244582800000001,1
3219bd46-e081-438a-a094-442d3d59279c.jpg,0,0.027152406,0.010210438,0.018681422,0
2dc5a9fd-f680-46a5-8b04-232787f6234c.jpg,0,0.015182288,0.016042503,0.015612395500000001,0
d8e975c0-5036-404b-ab31-d1b267c24bc8.jpg,0,0.14283976,0.051519677,0.09717971850000001,0
a3c0cdf4-fd9d-4dea-8e5d-cb5a75b131cf.jpg,1,0.9079146,0.7625709,0.83524275,1
cf162752-9d61-465c-9fd6-7ad04328b322.jpg,0,0.018273478,0.036535703,0.0274045905,0
4dbc603d-692a-4637-965e-bd8d6763fe82.jpg,0,0.7402446,0.0746521,0.40744835,0
9ba83be5-15e3-426c-99f2-d9bb82bea46c.jpg,0,0.07110626,0.0127233425,0.04191480125,0
48831781-0890-4b2e-b447-5c99dc3fb2b4.jpg,0,0.20358776,0.045966264,0.124777012,0
4da4efd7-703c-4e21-9ac4-cdb9f7ef3646.jpg,1,0.98370993,0.71119845,0.84745419,1
b9763cae-3b89-48c0-8a4e-fa8b8e434d1a.jpg,1,0.9745627,0.87048185,0.922522275,1
29b07988-89f7-4230-a7cf-f090d19a1e68.jpg,1,0.98516244,0.8865149,0.93583867,1
f39ccbd2-1c82-457c-b4ec-b25ec37f984c.jpg,0,0.043416005,0.039587595,0.041501800000000005,0
f46bd7ad-daec-47f5-97a6-bde55b06d767.jpg,0,0.017213518,0.013652249,0.015432883500000001,0
6abb9344-9b11-414a-90bb-0c28f50bb1db.jpg,0,0.8412626,0.50134945,0.671306025,1
38620006-4364-4959-8b23-572e2efa908e.jpg,0,0.01585466,0.011475021,0.0136648405,0
73f474eb-8166-4b19-a432-8c72fcb3fd32.jpg,1,0.9816297,0.5529058,0.76726775,1
4da495ea-ced0-436a-b850-dd0dd5a368fd.jpg,0,0.023464728,0.06875886,0.046111794000000005,0
f2f65220-dcd4-4aca-8ce0-676faf7d920f.jpg,0,0.017657816,0.0035676328,0.0106127244,0
84fec93f-35e9-411f-a3b8-e9c2dd708989.jpg,0,0.075241074,0.023345584,0.049293329000000004,0
55f9e352-5a09-44e3-acdc-b84462a3bea3.jpg,1,0.6957776,0.28743678,0.49160718999999997,0
617380da-1d5d-4712-a65d-eb8629a66cac.jpg,0,0.10529756,0.10473158,0.10501457,0
551046f9-e441-485b-b188-d04aec3c2036.jpg,1,0.9857304,0.6485719,0.8171511499999999,1
b193cfca-0e43-41d9-b175-8400548764a7.jpg,1,0.9654308,0.6635996,0.8145152,1
165ca585-f72a-40da-89bc-738e7a013461.jpg,0,0.21990602,0.12873171,0.174318865,0
e9bf090c-dc5a-4d13-8c95-fff4fe109367.jpg,1,0.9823485,0.97038996,0.97636923,1
3d2b8701-7f9f-471d-b1aa-326c9a9c5cca.jpg,1,0.8855236,0.40175214,0.64363787,1
0386580b-017c-47a2-9017-c577dc660ae9.jpg,0,0.16939111,0.020429565,0.09491033750000001,0
5f4684f8-f6f2-4860-91db-1a43362e6846.jpg,0,0.02186188,0.11260809,0.067234985,0
554b87a0-3dc7-4f7e-9a49-6e920c0872c5.jpg,1,0.97829205,0.56755227,0.77292216,1
d7139c17-15f6-4d42-a8e1-8ea1546e7291.jpg,0,0.6417501,0.03359299,0.337671545,0
73d49bd4-2f19-464c-951e-4c0b504fd33c.jpg,0,0.03906653,0.14772895,0.09339774,0
86087c2a-93a8-4e33-84a7-df28afff045d.jpg,1,0.978729,0.97923034,0.97897967,1
8755428c-89e9-4740-81c9-42e8472ce6d7.jpg,0,0.038694266,0.013321915,0.026008090499999997,0
ad3ea4e5-cd48-4363-930b-c69e38081115.jpg,1,0.97028637,0.9778087,0.974047535,1
2868bd80-f8d2-469b-b5e4-c653faa3d267.jpg,0,0.008189149,0.018858772,0.0135239605,0
b05914ed-5b0f-4fa1-aa0e-1710b50a1014.jpg,1,0.9293665,0.9120951,0.9207308000000001,1
722eebc7-905f-4a4c-8e6c-70b2fab00b57.jpg,0,0.2157041,0.024059441,0.11988177050000001,0
ea3b1bc5-e0cb-4f87-b0d7-bd7c62179c09.jpg,1,0.9727127,0.8397927,0.9062527,1
5e5fc967-52bd-4560-830a-768c5992b8ae.jpg,1,0.970204,0.97153574,0.97086987,1
58cd3461-5131-451e-8bd9-7b1386391769.jpg,1,0.96492773,0.95313025,0.95902899,1
aacb009b-eb72-4dea-9ba1-4162eb5ded9b.jpg,1,0.97992146,0.990798,0.98535973,1
a1d0ae98-a3f1-4085-9c09-8cad816a2247.jpg,1,0.8150709,0.9936132,0.90434205,1
05d40748-9fa2-45ec-94b5-6b8ececa95e9.jpg,1,0.4282445,0.36087996,0.39456223,0
24cfab20-f9a3-4dd7-a75e-0d548faa1413.jpg,1,0.97486013,0.8932112,0.934035665,1
4f208827-7baa-4ace-84c5-113f2dcd6381.jpg,0,0.19102079,0.21452111,0.20277095,0
468d1a48-6158-40e2-b0cc-9b628caa4093.jpg,1,0.9836692,0.9735398,0.9786045,1
7bd39d46-b86d-494f-8d79-5073a45e2d41.jpg,1,0.9778701,0.9822986,0.98008435,1
00e74b62-90e9-4e2d-95c8-1e1c0541f839.jpg,0,0.023982195,0.01882589,0.0214040425,0
db937794-8201-4792-9104-818e19de3512.jpg,1,0.6235207,0.8945904,0.75905555,1
52dc2ce5-8063-470c-8544-b734dfe50858.jpg,0,0.066870175,0.40708813,0.2369791525,0
f0eb3bbb-fc14-4e4d-b0ac-9383382f102b.jpg,0,0.096236765,0.26088336,0.1785600625,0
7e323531-34eb-45b9-bd5f-b66c0ef1d5ad.jpg,1,0.9783875,0.5002372,0.7393123500000001,1
23760519-c243-4f77-8bee-b407fa33d283.jpg,1,0.97955567,0.9393207,0.959438185,1
6620f40a-807a-4133-a9f5-c93a026bb91f.jpg,0,0.37974685,0.09769237,0.23871961000000003,0
db4a679c-31d6-4ae3-bec7-a9bf10c498da.jpg,1,0.97950953,0.8811402,0.930324865,1
03c8117c-5365-43eb-8117-3e11ac4e5972.jpg,1,0.97515273,0.973344,0.974248365,1
f0d70755-1999-4769-8cd9-31e065137878.jpg,0,0.025744578,0.03714939,0.031446984,0
aa2889b5-f06e-4d4a-ad41-4a15617b93fa.jpg,1,0.91244227,0.483955,0.698198635,1
f0adc7ed-b609-4a5d-ad1f-144fc1bf13a8.jpg,0,0.016274728,0.018298406,0.017286567,0
ab4289d4-c00f-411d-b6b8-a64337c67d5c.jpg,1,0.9582188,0.5224201,0.7403194500000001,1
ac2178ce-509e-45c2-8fe9-05e3774a9770.jpg,0,0.042224396,0.37198612,0.207105258,0
70670322-37b9-46b8-aa05-2de3885d6a74.jpg,1,0.9740148,0.88397074,0.92899277,1
e21b09f6-486d-43a2-b3e8-6dae81274b67.jpg,1,0.9771539,0.98633623,0.981745065,1
9a708f7b-7edb-40a2-843e-fadd807728f5.jpg,0,0.1080599,0.012441467,0.0602506835,0
0e6ae017-ea0c-4aa0-b8dc-4c9ca833b14a.jpg,0,0.20233151,0.09865543,0.15049347,0
4e64666a-982f-4021-90dd-d42ae35d2ad4.jpg,0,0.042153034,0.03166251,0.036907772,0
02a78022-561c-4bfa-9490-e02f17211f77.jpg,1,0.9837257,0.9885904,0.98615805,1
d8413564-8275-4988-9c69-3f5f68646207.jpg,0,0.09055907,0.01990528,0.055232175,0
2532f4d5-55a8-476e-bf8b-fc82b7b8282c.jpg,0,0.06139098,0.15639122,0.10889109999999999,0
d2db554b-9672-4b06-aec0-631954233134.jpg,0,0.26052442,0.03973532,0.15012987,0
f9d990fd-451b-4998-a574-541a09e50520.jpg,1,0.95738286,0.7136045,0.8354936799999999,1
b761cc8f-f8d9-4d2f-be35-6405bff0069a.jpg,1,0.9556656,0.29775235,0.626708975,1
4a87650e-76c5-41da-bcc5-181e5530f5bf.jpg,0,0.012844513,0.038072377,0.025458445,0
eed0c993-b8c5-4018-8906-752fbec88fd3.jpg,1,0.4307384,0.6578938,0.5443161,1
51b40820-15b1-4992-bbb1-6d2c70fddfd6.jpg,0,0.022819057,0.033504933,0.028161995000000002,0
bb93550f-a882-4366-974d-772a795fd4ac.jpg,1,0.6790976,0.6154625,0.64728005,1
21b6e410-095b-45f6-8c46-0dccf612b6d7.jpg,0,0.060933694,0.007919113,0.0344264035,0
411f6274-6a23-4cd6-bcce-81e772eeb1a2.jpg,1,0.97622263,0.9857035,0.980963065,1
74d364eb-aa92-45dd-8010-a3d882005ad9.jpg,1,0.97824323,0.563594,0.770918615,1
cb78f028-dfe8-4bc4-ac32-b1ccbc1bf2cc.jpg,0,0.01996154,0.027074974,0.023518257,0
ebce2008-f897-4778-a20d-5b772521cc6f.jpg,0,0.01899627,0.013169,0.016082634999999998,0
2bfa3e8c-f3fa-4beb-a10b-a8947ac1806b.jpg,1,0.97401726,0.9723838,0.97320053,1
17003790-e26c-497a-9b10-5bb442ff8329.jpg,1,0.9151389,0.96543956,0.94028923,1
5beb86fa-c073-4b08-81c0-ea832000db89.jpg,1,0.98211575,0.9676666,0.974891175,1
b9df1100-a52b-4fb5-82bd-665ce3d831f5.jpg,0,0.9471366,0.5176042,0.7323704,1
5c296a29-d79d-4383-a67e-18ebd6c3fa1c.jpg,1,0.97478896,0.9926797,0.9837343300000001,1
35596300-104d-4bcd-9aa6-8212c294451e.jpg,0,0.04142807,0.4569229,0.249175485,0
e6d56700-f1e1-437b-8df1-677ddce6bd3d.jpg,0,0.025687756,0.009709705,0.0176987305,0
de18d288-b1b2-4fc6-a289-938bb7a65454.jpg,0,0.20495296,0.01657072,0.11076184,0
edcc00b0-2782-4a30-918e-96cc7b6d7ab2.jpg,1,0.97996855,0.95450014,0.967234345,1
99a96793-a6d7-449a-bbf8-207fb5b37265.jpg,0,0.013370035,0.012712135,0.013041085000000001,0
e8ca6fca-637e-4282-b3ca-7b927b19d7cd.jpg,0,0.028723465,0.0168913,0.0228073825,0
1c933242-ca4b-4b05-b3e7-b8c04dafa683.jpg,1,0.01658338,0.012597132,0.014590256000000001,0
770a9f90-7abc-45f5-be49-c1c62ecbefff.jpg,0,0.06356655,0.024504172,0.044035361,0
de2e3ce1-9d5e-45c4-b996-83f7bd4652bc.jpg,0,0.017352568,0.14248146,0.07991701400000001,0
5b93df86-d488-493d-b976-c0d685468a8e.jpg,1,0.921434,0.75305897,0.837246485,1
44b7972f-0579-4cdb-a079-1b2c16d0c755.jpg,1,0.4025281,0.6248209,0.5136745,1
0cdf3270-f0b2-4757-b0ca-67414de6414d.jpg,0,0.27078775,0.039778717,0.1552832335,0
711a75bd-06ef-4699-a88d-9d68f68e6cbc.jpg,1,0.9460785,0.91143084,0.92875467,1
d0dc3056-9b71-4058-b5fc-49744a0722d7.jpg,1,0.9784896,0.98594403,0.9822168149999999,1
10e39d5f-8190-49b8-bdce-37fb2d5b3f60.jpg,0,0.015254725,0.021265315,0.018260020000000002,0
1031d3cb-c512-4901-9900-e00a0a55fc93.jpg,1,0.94073504,0.9064226,0.9235788199999999,1
6347a534-1402-4b6a-a463-d5f3851f039d.jpg,1,0.9802618,0.9843667,0.9823142499999999,1
ac336fdb-ba63-4eb7-a758-5d4f3376e269.jpg,1,0.9820691,0.9894041,0.9857366000000001,1
dd822500-cd3e-4210-a6f1-55b24e344301.jpg,1,0.9744854,0.77538663,0.874936015,1
570f39ca-9de1-4593-94ae-a24097b64fc2.jpg,1,0.97575694,0.9760534,0.97590517,1
5b7b2caf-1bef-4fe1-97e5-6a0b4829a0c7.jpg,1,0.9213852,0.7225106,0.8219479000000001,1
5fc85b1c-2239-4101-9126-b9d2d038e9dc.jpg,0,0.4841444,0.19931117,0.341727785,0
fcdc5f51-2dd4-41bd-aca6-935965596083.jpg,0,0.037941273,0.025570806,0.0317560395,0
1a9682f8-34c8-48e1-8c3b-93b7bd475449.jpg,1,0.21545455,0.76142627,0.48844041,0
60bcaa9f-eb1e-44fe-8a96-dc5fca7a765f.jpg,1,0.9720096,0.97776526,0.97488743,1
8ac155a8-0ca1-4d16-bfcb-55a975a70b7d.jpg,1,0.9824111,0.96980256,0.97610683,1
51514b03-7647-437b-be5e-b2389a8541f6.jpg,1,0.9712721,0.9343795,0.9528258000000001,1
a69a4f2e-4dc5-4951-a130-0b7a472aa8d1.jpg,0,0.16715579,0.1471957,0.157175745,0
1edb42e9-28c5-4181-a9af-91fd7f96d1fa.jpg,1,0.93757254,0.96036077,0.948966655,1
54a0ea73-a201-4300-b7ca-a0f86f01d42e.jpg,1,0.9608857,0.97988266,0.9703841799999999,1
861e6c45-cee5-4dfe-9af8-b509f8d09f14.jpg,0,0.011484881,0.0076097287,0.00954730485,0
b75b6e1e-eb1b-422c-a7be-dfc974c911c5.jpg,0,0.06822462,0.112307735,0.0902661775,0
fe483fc2-372f-4fda-8064-b483d7db6432.jpg,0,0.013436721,0.05798465,0.0357106855,0
5bc57212-0b37-4be7-819d-32721b54f57b.jpg,0,0.02383241,0.027577836,0.025705123,0
f9d885d8-e8ff-479d-9340-530ba3430083.jpg,0,0.028271353,0.15467773,0.0914745415,0
8a1c8423-4c88-4560-b8ae-a169ba4ad0e7.jpg,1,0.9662779,0.9708137,0.9685458,1
cdcc60bb-3676-4f92-aaea-cfa81be8f1fa.jpg,1,0.92835283,0.97619575,0.9522742900000001,1
f96e57c7-b454-4305-bb6a-459a39fe3d7d.jpg,1,0.9757475,0.990982,0.98336475,1
a11ad8a0-c5d8-42b0-8a1e-aa12347d4f83.jpg,1,0.9799359,0.95282084,0.9663783699999999,1
da852b9b-c99e-4ead-af8a-6a63c27158bd.jpg,0,0.15293705,0.017528255,0.08523265249999999,0
48333126-2f5c-4fb9-bba2-ef489b99dbfa.jpg,0,0.015407211,0.039987113,0.027697161999999997,0
1f914c7d-3bb8-47c8-8d31-fe56a1948559.jpg,1,0.9742133,0.19012417,0.582168735,1
bc94015b-144e-4819-acbd-98f03954e105.jpg,0,0.06367967,0.096459106,0.08006938799999999,0
b6628d02-bedf-432e-bf47-95776c47de47.jpg,0,0.02286435,0.026573816,0.024719083,0
ab70de2e-3c16-4465-8238-8eb8ea5fadeb.jpg,0,0.025742758,0.020541832,0.023142295,0
255df8ae-2973-49d2-8208-5da714d92c6f.jpg,1,0.9759898,0.9506103,0.96330005,1
207a63c7-6ad4-4c19-a788-832560309642.jpg,0,0.02318115,0.8854012,0.454291175,0
1e2662a5-3292-4ede-bff7-fe42b17b49ad.jpg,1,0.9847238,0.97008306,0.9774034300000001,1
dcbc5dd0-993b-4a57-858f-735d4a3691e6.jpg,0,0.021122644,0.007864687,0.014493665499999999,0
59144cf3-7cc7-43fd-8480-b3b54ec0d356.jpg,0,0.024593195,0.090766385,0.05767979,0
599ce1c9-b96c-40ac-8728-8e4290b98a69.jpg,1,0.5943397,0.63777804,0.61605887,1
182a36d2-10f8-4147-9f0d-fb8430b214d3.jpg,1,0.98331475,0.8344549,0.908884825,1
a48ef5d2-f352-4f99-bad5-f6010432cf90.jpg,1,0.96953213,0.67744994,0.823491035,1
7df596b3-d1d5-41cc-814d-b1fcba3f3907.jpg,0,0.017101431,0.015347497,0.016224464,0
de5f4554-3992-4669-b294-4f1e21a946d0.jpg,1,0.98209745,0.98696077,0.98452911,1
845cefcb-8f3d-4974-91e6-9388d82cf67e.jpg,1,0.9877117,0.9397133,0.9637125,1
9cec8f1b-2662-4bec-89fb-b73d28046db0.jpg,1,0.27687588,0.32174143,0.29930865500000003,0
02085b0e-f67e-4be4-8a55-f46f298881a8.jpg,0,0.97319305,0.43086725,0.70203015,1
aed5e8b8-4509-4d47-acb5-fe901eb274af.jpg,1,0.97235525,0.9442642,0.958309725,1
1e5d246c-cbce-4046-b4a3-d441a25718ad.jpg,1,0.9911404,0.67058885,0.830864625,1
f5251ae5-275d-4620-9201-5cf8b6b7fa7e.jpg,0,0.02323384,0.059891924,0.041562881999999995,0
6e4e0732-21c8-4672-a9d6-23c602498b7d.jpg,1,0.9938811,0.7267694,0.86032525,1
adedc36e-97fa-454d-bba3-a4d368f4138a.jpg,1,0.032196168,0.019840954,0.026018561,0
000541e8-6ea3-4ae0-a79b-10bd3bc3a38d.jpg,1,0.9709798,0.9881315,0.97955565,1
4fb50885-4c20-4a5a-8fe9-90c6385dfdd4.jpg,0,0.007688867,0.009211337,0.008450102000000001,0
57c72eb4-59ed-4dd5-b1c8-db9462d9fa64.jpg,1,0.9819598,0.9423581,0.9621589500000001,1
70062380-9584-40be-be13-1ef80d4c4b86.jpg,0,0.7989974,0.13580813,0.467402765,0
3cb9e0d8-6cd3-4b61-b4c3-99cd5f363e47.jpg,1,0.9307811,0.9065658,0.91867345,1
c63b9228-83ed-4e78-9020-088dad8eb510.jpg,1,0.9850096,0.9853668,0.9851882000000001,1
a11b7bce-0277-4d8c-85ed-61c9dee8651d.jpg,1,0.18307416,0.046374746,0.114724453,0
fa77d481-b9df-4e25-accf-fa78c0cb3695.jpg,1,0.98194295,0.9735936,0.977768275,1
2c6b8ef3-916b-4bfd-8e6a-4b7e1da7b1b5.jpg,1,0.9715917,0.9871898,0.97939075,1
150847c9-ea5e-4b62-9ec3-ba8f758c1d01.jpg,0,0.9702757,0.2918103,0.631043,1
8c1eed52-442b-4809-a400-56380930f88f.jpg,1,0.9755123,0.9439021,0.9597072,1
8dc7776d-384d-43a3-9896-6647b71b126d.jpg,0,0.2586846,0.0005825274,0.12963356369999998,0
44f30c15-007e-470c-b131-fcf96c2df0ca.jpg,1,0.9748902,0.7770997,0.8759949499999999,1
17ef3505-d192-4640-95db-57a213df29ac.jpg,0,0.032880597,0.025586674,0.0292336355,0
294d7fa6-6401-4ea0-b2dd-591ee67a04e3.jpg,1,0.890885,0.77000606,0.83044553,1
7492c370-e161-419f-9867-8e9e5d929716.jpg,0,0.05456687,0.025867037,0.0402169535,0
36c55e2b-7266-4a14-b0b0-61c52fd6a2aa.jpg,0,0.28176183,0.2695166,0.275639215,0
8348c158-28df-4963-9b5b-ff709007e133.jpg,1,0.95923424,0.9662822,0.96275822,1
41ab332d-755c-41ab-a91d-1d945032f017.jpg,0,0.014046069,0.025368117,0.019707093,0
320dfde8-b2ea-4de6-b8e9-d7d7b2fc5d0e.jpg,1,0.9778846,0.9902659,0.9840752500000001,1
0a7ad37c-d816-42a1-818b-9cbd76b7bc79.jpg,0,0.20819691,0.27866617,0.24343154,0
0b0aed83-30d8-4320-a397-c2d5623ee8c1.jpg,1,0.9780749,0.97069687,0.974385885,1
c3373f0a-9ae7-468a-8999-2bb60165eb49.jpg,1,0.9716973,0.9638022,0.9677497500000001,1
f99989ac-3d08-4391-a43b-945391db0f44.jpg,0,0.0143435355,0.04034933,0.027346432750000003,0
4eab97f2-99d6-4770-9d13-c2fdb895c7f6.jpg,1,0.962104,0.22273171,0.592417855,1
2df723ae-2258-427d-8583-e69924cf4011.jpg,0,0.022055548,0.01347432,0.017764934,0
fda600ce-941a-4703-8eb5-53077ee7780a.jpg,0,0.03129828,0.012338547,0.021818413499999998,0
05852d02-6867-464b-b194-b48cfecdfefb.jpg,0,0.8250261,0.02465483,0.424840465,0
0318405c-b5d9-44d1-8ccc-f2f614769dc0.jpg,1,0.9709163,0.9775303,0.9742233,1
06d9dc08-3341-4e8e-86bf-7b7d154b67ac.jpg,1,0.01646996,0.1392074,0.07783868000000001,0
4c13aad7-5b4e-4a39-9e21-5550b8746adf.jpg,1,0.979761,0.8583252,0.9190431,1
eb27fc0b-2a06-4a7d-9edf-7581b4a6fcc0.jpg,0,0.026719544,0.023120407,0.0249199755,0
f392b9a0-da23-432a-ac46-c7e1e68a5ff7.jpg,0,0.07549814,0.12596096,0.10072955,0
0a3c3b38-9be3-4c1b-9c61-1408a8ed612a.jpg,0,0.019862784,0.018111125,0.0189869545,0
00db7baa-a8fe-4c79-8ccf-c38f2e09f423.jpg,0,0.036727,0.014581771,0.0256543855,0
c0cf101f-b904-4f99-91ed-a2ab6229e4d5.jpg,0,0.14858198,0.03527846,0.09193022,0
bff7b664-525e-416e-961d-3de1fab5a1f3.jpg,0,0.026752453,0.024718063,0.025735257999999997,0
d5ee8c2b-7d56-4da6-981e-f9c6126488e5.jpg,1,0.982599,0.9707828,0.9766908999999999,1
b4d34fbc-047d-4181-848d-86abfb38c62d.jpg,0,0.9587956,0.15466388,0.55672974,1
aa38efa6-3c5c-4e2b-81a6-4bba9617ada9.jpg,0,0.028227303,0.029651916,0.028939609499999998,0
ed617d33-ca42-421d-b64f-c68f1d8ebfce.jpg,1,0.9544164,0.8187132,0.8865648,1
b3474be0-158d-4eec-9f17-237eaf366a10.jpg,0,0.010126077,0.060142178,0.0351341275,0
6f27966a-8a53-4cd4-be8a-8c603cae6ed0.jpg,1,0.9753361,0.9589502,0.9671431500000001,1
82bd071a-e710-4716-90eb-6dc4b65bbcbd.jpg,0,0.019791784,0.011994856,0.01589332,0
07e170b5-140b-40fb-8a8c-d1cb90907d96.jpg,0,0.03584419,0.08258545,0.05921482,0
c8852b7f-cb32-4bff-b4a7-bb2fa5071cfb.jpg,1,0.78895605,0.9785517,0.883753875,1
71bec556-b116-4836-99aa-c7fc9a83b225.jpg,0,0.017686656,0.0073596924,0.012523174199999999,0
d9cdb5dc-85ac-412f-91ff-b5f13daa12da.jpg,0,0.01702214,0.02419315,0.020607645,0
b6e9ff3d-51d3-48eb-aba6-8a9e2b44c4a3.jpg,1,0.97440255,0.979167,0.976784775,1
7f69dfa1-88a7-43d7-b2f7-5fc5d3cc0cc5.jpg,1,0.921898,0.28794566,0.60492183,1
e5878ff6-cdb6-46bd-836a-c7b540bc03aa.jpg,0,0.055479262,0.019922877,0.0377010695,0
cd141363-bead-42c9-86c4-17cfeceac2ac.jpg,0,0.042169817,0.018032009,0.030100913,0
65ad0607-cd27-44e1-8b86-3c85e579da9e.jpg,0,0.01493312,0.011331097,0.0131321085,0
295c65c1-dda3-486d-9bb2-33314a3e7174.jpg,1,0.03370253,0.06790659,0.05080456,0
d6151d0b-0d46-4b2d-8620-55310e36ce92.jpg,1,0.9565103,0.9947619,0.9756361,1
104cdbd6-3975-4d3c-8e23-87f2e723320c.jpg,1,0.9815859,0.9181385,0.9498622,1
1d2364d6-3d3e-485f-aad5-c6ad696557e0.jpg,1,0.98433983,0.14063114,0.5624854850000001,1
d89ca244-54b2-40bf-8d4d-d7bede084ca5.jpg,0,0.46476054,0.5283918,0.49657617,0
58664bdd-ecaa-4356-8940-db2cc2f1037f.jpg,0,0.02087239,0.020475868,0.020674129,0
9f1086a3-1b57-497a-a441-efb12e5ea710.jpg,0,0.023433352,0.016050732,0.019742042,0
cbb122c3-4dd8-46b3-b9aa-6b2a037141f5.jpg,0,0.05052535,0.17185658,0.111190965,0
f1320842-271a-4715-9fd7-a751b631a5d0.jpg,0,0.022344701,0.021700248,0.0220224745,0
3d86bd42-bc95-46b5-97bb-8898d15bb041.jpg,1,0.9812262,0.9017239,0.94147505,1
238b265c-1deb-4571-9ac4-757edc26b089.jpg,0,0.079906546,0.012645282,0.046275914,0
eeb2d47f-72c6-46b5-9d70-27ad999212ae.jpg,0,0.084268734,0.011386948,0.047827840999999996,0
150c44ad-c2c4-44c4-b4a6-386b57d8417e.jpg,1,0.9569334,0.5283411,0.74263725,1
f4c7260b-1d48-47c8-bd0a-5af67e94de8e.jpg,1,0.116272174,0.03492661,0.075599392,0
b9cce903-2aa4-46c2-a3e7-29a1fea4b6b5.jpg,1,0.9758814,0.9654624,0.9706719,1
005af84d-d9ae-4842-a4a2-75fc8f590a94.jpg,1,0.77326244,0.89129126,0.83227685,1
982f3af9-c271-4d4d-921c-cfa2a93e3c5a.jpg,1,0.98280615,0.9865252,0.984665675,1
c08e93bc-8fe2-4bf1-8fc9-e3d4f6207ec8.jpg,0,0.01606595,0.01754637,0.01680616,0
9f25011f-b4f3-4320-b87f-d000aa25258c.jpg,1,0.9774334,0.82180893,0.899621165,1
47767351-80a7-490a-9d46-2c99abd6c99c.jpg,0,0.13112606,0.08655343,0.10883974499999999,0
2a24e213-62ca-457a-9bb4-8e22d62f1f48.jpg,0,0.78115267,0.085321985,0.4332373275,0
be3729d9-3566-4cbb-9969-0b6e9bf5d860.jpg,0,0.044833627,0.2737905,0.1593120635,0
eac13fac-cb50-46a8-b8c9-765d8195784e.jpg,0,0.02679118,0.0076408503,0.01721601515,0
d1aca19c-2e1b-485a-80d7-12fb4622deae.jpg,0,0.59119666,0.18646206,0.38882936,0
fa240e4b-3729-40e3-8195-0e1d4c86e2c2.jpg,0,0.022454247,0.030367536,0.0264108915,0
b51fdf31-5b45-4bf8-aeab-c5e2b26514aa.jpg,0,0.046578698,0.14693041,0.096754554,0
174d1c91-44a0-42f0-93b6-d952b6e7c407.jpg,1,0.016918246,0.13281113,0.074864688,0
01f8bff4-f65c-4847-ae73-d17297c9db79.jpg,1,0.29263893,0.9231782,0.607908565,1
a0996b94-e9e3-4400-9dc9-f91c967fe4db.jpg,0,0.013987426,0.012664044,0.013325735,0
5eee07f0-63eb-4581-bf0b-f7b9ff86b800.jpg,0,0.015617986,0.00497549,0.010296738,0
24307bdd-cd41-4f48-9c1b-ebcbfb856c6d.jpg,0,0.103049465,0.47387645,0.2884629575,0
5d13ff59-abfe-42c4-b3c9-761618d33a5e.jpg,0,0.5776793,0.17821752,0.37794841,0
708f527b-94d0-472d-a787-e30fbfba4d56.jpg,0,0.033939824,0.009203447,0.0215716355,0
8efecf9d-4dca-447a-8829-5789a0e32aff.jpg,1,0.9494875,0.30480945,0.627148475,1
af7237a9-3584-471c-a1bc-5315a1876464.jpg,1,0.965243,0.89546204,0.93035252,1
6a2894d3-0a23-4b89-a388-dc06d8abea10.jpg,0,0.07539893,0.1911039,0.13325141499999998,0
2c8ec2c4-5c39-4839-be03-3305cee54b60.jpg,1,0.020350128,0.46804124,0.24419568400000002,0
38bf5a9d-a2e4-469e-86ab-021a3c41aa64.jpg,0,0.015903817,0.015449383,0.0156766,0
f92e9175-55b9-4677-b77f-a514737c2ea0.jpg,1,0.9857307,0.5108942,0.74831245,1
2d56e13b-d89b-4b0f-b549-2b446f793a55.jpg,1,0.96103466,0.9780561,0.96954538,1
0bde1906-90ae-4920-a8c5-aa720b0f8b4c.jpg,0,0.018774608,0.02859174,0.023683174,0
859fa6e2-4615-46af-b1d1-78142b2c3a09.jpg,1,0.9015469,0.14538419,0.523465545,1
0a71584e-3fc7-4511-b54c-494a0de104af.jpg,0,0.9604394,0.52064145,0.7405404250000001,1
1b87b8bf-42d1-4475-9e0d-0ebfdc3b1b4f.jpg,1,0.9767287,0.98225003,0.9794893650000001,1
f66ff461-4978-405c-b2e8-0d3cb33abbaf.jpg,0,0.21333116,0.032232307,0.12278173349999999,0
d5ee3c02-4390-46f4-9998-3710b6d61ba8.jpg,0,0.13765983,0.10714514,0.122402485,0
21f111fb-9607-4a6d-8f63-dcf348a5239c.jpg,1,0.7920747,0.985044,0.88855935,1
1c089ec0-c40d-4888-93b1-6d8e7254f8ca.jpg,1,0.9740147,0.97869474,0.97635472,1
56134a60-1816-4750-b0af-e9dc536f6e6e.jpg,0,0.020915331,0.014346454,0.0176308925,0
61910991-c2a3-42a1-bc4a-1998e5de33a3.jpg,1,0.87635684,0.97118,0.92376842,1
ac0095a6-fa9f-430d-945c-05f3c36d6422.jpg,1,0.9756749,0.97340727,0.974541085,1
e59b0708-8d4c-491b-8328-18055dc80533.jpg,0,0.03007255,0.011109534,0.020591042,0
16e2f418-4e58-405a-87c5-81072df4a25f.jpg,1,0.918262,0.5967542,0.7575081,1
4c57d84d-1fdd-47f6-aef0-08e59bb9afd0.jpg,0,0.047543038,0.03773029,0.042636664000000005,0
499ee977-7716-4dbb-8110-d02b543f78eb.jpg,1,0.9833839,0.98421395,0.983798925,1
16f9dcff-f4a3-4baa-9431-b7aec4942df2.jpg,1,0.9669356,0.928015,0.9474753,1
9a9817d6-f5c5-4f22-bfe9-a3605f42fcfd.jpg,1,0.9774369,0.94909346,0.96326518,1
bb1e19cf-8a58-4030-a22f-035260e5cc18.jpg,1,0.94049025,0.53109664,0.735793445,1
34337e51-48aa-4bee-8ee4-78fa42c4fdab.jpg,1,0.97548455,0.9468713,0.961177925,1
39264b44-e30f-4aee-ac23-83c9c048b8ab.jpg,1,0.97954327,0.9735493,0.976546285,1
18d75780-d7b0-4e4b-b471-b20a8871d129.jpg,1,0.98771125,0.75544554,0.871578395,1
1e895746-e3d7-4abc-880e-80257aeb6cce.jpg,1,0.9282674,0.24666004,0.58746372,1
cfb625a4-0d1c-4b15-b1e0-074d2d900ead.jpg,0,0.9686538,0.78898585,0.878819825,1
7cd85a71-3067-4f3d-9020-113cf8dd7e35.jpg,1,0.97709787,0.9521811,0.964639485,1
e8f06b7f-e2d8-4408-9589-b9d12a87478d.jpg,1,0.9760661,0.97950965,0.977787875,1
55bb7d90-9029-4544-9ddc-88ddddb79eda.jpg,1,0.9748147,0.97758114,0.9761979199999999,1
c754bd7a-0c12-421d-8bf1-1c3150a30979.jpg,0,0.007891458,0.013563834,0.010727646,0
2635ab17-5c9a-4583-8ded-4cb70e377782.jpg,1,0.8662291,0.27965108,0.57294009,1
aceaa94c-a491-4ade-afb8-cd9d46a7cb3f.jpg,1,0.97617763,0.97730243,0.97674003,1
8e616bc8-a3d8-467f-a249-736e827724dd.jpg,0,0.017789312,0.0076825423,0.012735927150000001,0
5682f6cd-a29b-45c4-9209-7ea500bfd836.jpg,0,0.03418831,0.07642185,0.05530508,0
35e44e7d-a9de-43c0-8e8c-d6a346de981a.jpg,1,0.9838764,0.9930306,0.9884535,1
e647d156-64af-49b5-9fdb-c5588c4ed7db.jpg,1,0.96869814,0.9752641,0.9719811199999999,1
1b649c8d-9d75-4bb5-ab98-8e75abb0d665.jpg,0,0.018272642,0.0086244885,0.013448565249999999,0
1a25843c-01be-4fca-81e4-2f64901f3b3b.jpg,1,0.88661814,0.6641517,0.77538492,1
5cecdaa2-fa4a-474a-98f7-73c20266a24b.jpg,0,0.034347277,0.027865743,0.03110651,0
0358da46-3aa2-481b-b619-d96f6922e976.jpg,0,0.050330132,0.2722766,0.161303366,0
29ce36cf-1070-459c-bc54-1bd3a3c7e6ac.jpg,0,0.013922417,0.011274172,0.0125982945,0
c6469cab-81a4-4c75-876c-ec4b3051fda4.jpg,0,0.032766096,0.033431027,0.0330985615,0
8e973410-b1b2-4f02-9d0f-af7e33b31efb.jpg,1,0.9789555,0.916346,0.94765075,1
4dd9e10f-80a4-4400-bc15-f02fedcecf2c.jpg,1,0.98888177,0.15849985,0.57369081,1
732cb4eb-8bf8-4ce4-b3c4-e9311d0d5704.jpg,0,0.012980548,0.02176779,0.017374169,0
4f8de24c-6289-4c5d-861c-01a95779bf4d.jpg,0,0.0554125,0.020968009,0.0381902545,0
e945d4bf-bc1a-4c10-b795-7e1ba33aa078.jpg,0,0.104542665,0.005260144,0.0549014045,0
4efeba61-089e-4095-9438-f01ec0813728.jpg,1,0.9695422,0.9839505,0.97674635,1
526349e3-25f3-41cd-9c06-0f89dcfc3670.jpg,0,0.025875587,0.04879867,0.0373371285,0
c3a447ec-9b1b-4f77-b4e5-1c3d6bb9f464.jpg,1,0.9723446,0.95215076,0.9622476799999999,1
6949a1fb-9d9f-43b6-a7e1-7d3fb5ac8d3c.jpg,1,0.24432784,0.9763549,0.61034137,1
8d53dd9f-4a95-46fa-a305-d8ca7f524c62.jpg,0,0.13205327,0.033785492,0.082919381,0
32708251-5d7e-4832-ba7e-ae200089884f.jpg,1,0.98906237,0.9682864,0.9786743849999999,1
2b6194db-420b-4604-b27c-e0520d2ae841.jpg,1,0.78252614,0.6167453,0.6996357200000001,1
3d6ebecf-ace4-4d91-9755-b5b469f740af.jpg,1,0.95600265,0.77682525,0.86641395,1
de88d783-244c-4d19-a44d-31642ca694d0.jpg,0,0.033088006,0.09992239,0.066505198,0
071b41ce-0f98-4062-b8b9-5934bfd00445.jpg,1,0.96994025,0.96976525,0.96985275,1
81a4553d-e0ab-4fec-b23f-e8f7adac9279.jpg,0,0.84811014,0.05804081,0.453075475,0
49a0b42d-1813-4a47-99e4-7232fb4b17b7.jpg,1,0.29989958,0.055420034,0.177659807,0
49903b93-f5de-4d03-88ef-1f380f123df1.jpg,0,0.016684195,0.012857991,0.014771092999999999,0
ffb5fceb-f4b0-4d12-b93b-c05f75e73aa0.jpg,0,0.030820813,0.033805016,0.0323129145,0
8b17b471-0f87-4ec7-887a-ed48f1cd6829.jpg,0,0.077154055,0.020080466,0.0486172605,0
a9e3f0b0-2106-4f32-a9d3-5a4aaac38138.jpg,0,0.7611769,0.042378616,0.40177775800000004,0
e19c4b8f-a6f0-4d6f-b736-2f7cabdc0c2c.jpg,0,0.025766425,0.025141254,0.0254538395,0
b5937c08-2d07-4b86-b404-f3b114c46aa5.jpg,0,0.046428002,0.05645213,0.051440066000000007,0
e47d33ec-3d9e-45d3-8610-fdd1227c61f1.jpg,1,0.96496683,0.8805362,0.9227515150000001,1
642c05c7-52d1-431c-8496-f5d067d19dfd.jpg,0,0.02262977,0.0072306553,0.01493021265,0
7d9ea975-acf5-4548-a1d8-78ef6f0b8ae8.jpg,0,0.09936337,0.03766302,0.068513195,0
58f53138-a10b-4ae7-b794-8cee09c127f2.jpg,1,0.9753213,0.93077505,0.9530481749999999,1
f7936784-f54c-4f48-aa00-1d60e1506c4d.jpg,1,0.97593653,0.9672642,0.971600365,1
d2aa3b95-721a-4f3b-b95b-d2d747b82a65.jpg,1,0.45994353,0.4210363,0.440489915,0
25824e8d-b01f-4ede-9e8a-ea0b544a988f.jpg,1,0.973096,0.89229006,0.93269303,1
7c23578a-eb26-44ac-9ef2-5335a3097d75.jpg,1,0.968368,0.76521105,0.866789525,1
8ff66380-c6bd-4ed4-b595-b7febc4690cc.jpg,1,0.9815631,0.9676733,0.9746182,1
21cb7801-04f7-4fb8-b739-606f50f87683.jpg,1,0.97053146,0.6158271,0.7931792799999999,1
ecc03a4d-dfdf-47fb-9239-8121983f7146.jpg,0,0.9839516,0.21484114,0.59939637,1
1cf0ff6a-7200-4539-aae5-a841a57dc0bf.jpg,0,0.023352183,0.015497769,0.019424976,0
27366c9d-2a7c-41b4-b1c6-5761de3a75fb.jpg,1,0.5054662,0.08017699,0.292821595,0
d2515cbe-cf5d-420d-a3ec-e0bf367fe540.jpg,1,0.6576142,0.3252826,0.4914484,0
a0d0ffd5-b2ef-4227-aad8-5d0d84e0235a.jpg,0,0.6671998,0.47340822,0.57030401,1
71f021fc-853d-4cc5-a75b-dc5b47140f8f.jpg,1,0.9474421,0.8039843,0.8757132,1
9db153e4-6ff6-494b-97b8-35d0af5c3bbd.jpg,0,0.049294204,0.024497448,0.036895826,0
bb48548e-438f-472d-8e8e-9f419ae9e7ad.jpg,0,0.03236425,0.011471863,0.021918056499999998,0
76d900be-df12-4362-ab08-ec3cceadac6a.jpg,0,0.048601154,0.27109504,0.159848097,0
01da1d2f-2b50-417e-8abc-a0b859727825.jpg,0,0.052474163,0.15967278,0.10607347149999999,0
e069d15a-8735-4dff-bb1a-4b0b15a058c8.jpg,0,0.014917333,0.022225946,0.0185716395,0
e06061b8-bb05-4f9c-942c-39c7875523dc.jpg,0,0.023064675,0.26441517,0.14373992249999998,0
de3b2133-e424-4cab-8675-9e71ed1f371d.jpg,0,0.017741028,0.084072635,0.0509068315,0
dd9087a5-77cb-4c18-a2a1-8defb56bb33d.jpg,1,0.9768033,0.9907415,0.9837724000000001,1
8019e41d-bad8-4f14-97be-519492b94bdc.jpg,0,0.04461804,0.025873616,0.035245828,0
4ab803c2-1be9-4aee-bc7c-78aee4a9e84e.jpg,1,0.9754794,0.9797671,0.9776232499999999,1
59ac35b5-4e38-4d39-8ece-d6a486a1372c.jpg,0,0.023414144,0.014011055,0.0187125995,0
28781560-f45a-4787-b0ae-4f9415aec2a8.jpg,0,0.019265052,0.076005146,0.047635099,0
34816893-b661-4983-86ea-35c6f2777003.jpg,0,0.024312986,0.022577507,0.023445246500000003,0
bf1e164f-4569-409e-a836-7fb4b66a4cc2.jpg,0,0.025122613,0.016717272,0.020919942499999997,0
aa8fa1d2-61ec-429e-b740-c51c8d4bf075.jpg,0,0.0325483,0.007781037,0.0201646685,0
410d0fea-2215-4976-bf77-569a1498939c.jpg,0,0.017988829,0.08133485,0.0496618395,0
0816e489-1922-4e66-aee5-d044d287ee50.jpg,1,0.97143304,0.9632001,0.9673165699999999,1
8cba7ae9-f901-4f3c-8996-b12a7f6fffa3.jpg,0,0.094108514,0.02202908,0.058068797000000005,0
fc4ff449-d55c-434d-8859-48af4018c98d.jpg,0,0.031144826,0.14902234,0.090083583,0
200cfa87-2440-46b1-a91a-1ca0b5b98c2c.jpg,0,0.02102472,0.02198171,0.021503215,0
2298ec3d-0862-4157-be9d-ed3bb4c7a425.jpg,1,0.9755533,0.9641474,0.96985035,1
b6f60c3b-efaa-4301-a3da-494aa1355ee6.jpg,1,0.01589647,0.12976956,0.072833015,0
fc1c64fa-7aca-4193-bffb-07f93717181b.jpg,0,0.30917585,0.086067036,0.19762144299999998,0
f0143546-becb-4d6f-8174-c71c032a43c3.jpg,0,0.38469025,0.22656912,0.305629685,0
a0c1c321-f874-42ab-b51c-5b0ed74a3ebc.jpg,0,0.009265448,0.007868491,0.0085669695,0
aac0adb3-9c5f-42aa-9dcd-1c0b483c5707.jpg,0,0.05194461,0.1212482,0.086596405,0
04a5e5a0-41f6-4a9d-842e-15e7fae51e3b.jpg,0,0.12567793,0.49823138,0.31195465499999997,0
5c4262f6-6b6f-492a-ad3c-3439db79bf3b.jpg,0,0.016333232,0.034363765,0.025348498499999997,0
972c4cbe-4a4d-4cb0-a993-ba0963d66ecf.jpg,0,0.014688189,0.017664095,0.016176142,0
498f7461-02af-4ec3-87bf-3fad1ecd949a.jpg,0,0.98264784,0.15963255,0.571140195,1
f727122f-abf6-4e1b-babd-91127aae1870.jpg,1,0.97462046,0.98668736,0.98065391,1
3fff2dcc-3d9c-43c0-8029-4418894e1061.jpg,1,0.98312414,0.9925054,0.98781477,1
aa6f33d2-e330-4760-985d-55358a140e99.jpg,1,0.98122,0.8030005,0.89211025,1
5afb7dd9-0711-43f4-b0da-d9355de03ab5.jpg,0,0.01549795,0.0128721185,0.014185034249999999,0
16d68d75-869e-49b0-a49e-338c15549261.jpg,1,0.97720474,0.97009945,0.973652095,1
61d648c1-e738-419e-af51-cf20cfe6035e.jpg,1,0.9748515,0.9845011,0.9796762999999999,1
bdda5d04-8eee-4d26-9f60-7d3849ba4b83.jpg,0,0.013926188,0.14201881,0.077972499,0
92c5791b-72e2-410e-9db8-5bf8f6f6e5d7.jpg,1,0.30161598,0.20173457,0.251675275,0
009f1abc-0e75-4238-8510-604f45c6657c.jpg,0,0.021038206,0.038080323,0.0295592645,0
ec5419f7-04a4-4c6e-bcaa-1b50c71fee56.jpg,1,0.96276146,0.9737602,0.96826083,1
6037f69b-b396-46d0-b9e3-cdcfa25b8e90.jpg,0,0.017282635,0.010417192,0.013849913500000002,0
b535cbd0-fd5f-4ca9-a213-ad2a7df28305.jpg,0,0.019159665,0.019291904,0.0192257845,0
876b4c7b-5f3e-496f-a396-7ce0f7fa814d.jpg,0,0.019709943,0.003686028,0.0116979855,0
424c6349-ebad-495b-aca9-acb6822d93f6.jpg,0,0.023755923,0.020587185,0.022171554000000003,0
921a3df8-91d5-4432-b3ff-9af4bb0a047f.jpg,0,0.024178905,0.009373071,0.016775988,0
8ae904d9-e434-47de-9893-c4cf478c5db0.jpg,1,0.97534263,0.93999493,0.95766878,1
ccbecc14-bb8a-4cab-a545-b033e1398d15.jpg,1,0.9818002,0.8974535,0.93962685,1
6d6a89e7-57f4-4476-8772-38b147214715.jpg,1,0.982406,0.9897836,0.9860948,1
6cb39191-8549-4327-bb5e-b9538b14af26.jpg,0,0.25285092,0.16887017,0.210860545,0
ac23a35e-349c-41c0-96b6-432ad9e7fa69.jpg,1,0.9693756,0.98060626,0.9749909299999999,1
3188335b-a440-4911-8b8e-5f2fa9cb6fa2.jpg,1,0.95100415,0.9754344,0.963219275,1
667ebf0e-f0a3-461a-93a5-e79ecb5fc164.jpg,1,0.98301184,0.62303114,0.80302149,1
2fd7702b-49d4-4bd0-8516-078527a265c9.jpg,1,0.02029753,0.039006606,0.029652068,0
5108cc08-98de-45aa-b3b2-c63f1f33fe70.jpg,0,0.92849994,0.028286684,0.478393312,0
d3b84454-9a4f-4f05-a5c7-0b843cfe4da5.jpg,0,0.6773744,0.13880396,0.40808918000000005,0
559f7da2-e31f-45bc-b07a-85262e81eb15.jpg,1,0.97531325,0.2565064,0.615909825,1
4647a5bb-6c9d-43f5-80ac-2926cd981c54.jpg,0,0.024145884,0.011114774,0.017630329,0
8acfd566-c5fe-4e8f-b526-b2dce567449a.jpg,1,0.9717372,0.9520402,0.9618887,1
0c030240-e031-489e-a45a-e1fca617f658.jpg,0,0.01706316,0.015678825,0.0163709925,0
7f784eb7-13a1-41b2-be16-2d964da5a9b9.jpg,0,0.049425516,0.056160014,0.052792765000000005,0
4fd6f6cf-5fbf-4af3-a3e9-2a67c48f72b3.jpg,0,0.051416837,0.09685644,0.0741366385,0
0a12a373-d608-4241-8769-78e45ed1e909.jpg,0,0.015056511,0.010657256,0.0128568835,0
e626dd9c-af70-4d65-8ef8-39518b3821f1.jpg,1,0.9850472,0.9854917,0.98526945,1
05f01fe8-8b8e-4ed7-9600-1f59c397cd62.jpg,1,0.976599,0.9719937,0.9742963499999999,1
98079cac-7fd1-4153-9b1c-529281af63eb.jpg,0,0.22607273,0.066750206,0.146411468,0
6b954471-0d13-4e5b-9069-4b8c297cc1f7.jpg,0,0.066899575,0.00401408,0.0354568275,0
379e9e63-ac71-4d80-bf48-72873848168b.jpg,1,0.9582074,0.9593538,0.9587806000000001,1
b63582eb-4990-4ef5-9571-8b9d79681670.jpg,0,0.016731175,0.03955479,0.0281429825,0
e40693a7-72ad-4fe2-8438-4c956eb10061.jpg,0,0.049916916,0.033707622,0.041812269,0
4557fe91-0425-43cb-a192-6b3025dbe34c.jpg,0,0.035365153,0.035950404,0.0356577785,0
0f82637e-66bb-4bec-9f02-1f2b4900d3ab.jpg,1,0.9691123,0.97526836,0.97219033,1
878f0693-f1e5-48de-befd-0731e7465234.jpg,0,0.014378754,0.09071443,0.052546592,0
3ff18038-4332-4b91-a637-0da860c8ce44.jpg,1,0.21701737,0.25161415,0.23431575999999998,0
7e1394ff-9061-4d28-a2cd-39d60ae3d4ee.jpg,0,0.028070213,0.024246965,0.026158589,0
187fd077-bed6-46a3-b8fd-2e8e2b4ce9b5.jpg,1,0.84863687,0.059980072,0.454308471,0
e67a3e77-f810-44c6-951a-99555bc38150.jpg,1,0.98132414,0.98656785,0.983945995,1
3a21d2a4-797d-4f8c-ba7b-61eb53cc8a40.jpg,1,0.90613496,0.7093914,0.80776318,1
0e14bc17-9f9d-4b52-b20f-ee3202f7dc73.jpg,1,0.97545683,0.8975002,0.936478515,1
e6b77e09-e488-4a54-9ae0-ccdede21f16a.jpg,1,0.9896388,0.9032186,0.9464287,1
17b94e10-5fc4-4a5d-8377-5a314b53549d.jpg,1,0.62615156,0.13589051,0.381021035,0
0b127b45-fd1a-4291-8838-95c4cee0b488.jpg,0,0.02110487,0.012452509,0.0167786895,0
c074eeef-0851-4bf6-a251-458fee1cdfb9.jpg,1,0.5376112,0.7946932,0.6661522,1
fb1f39a2-e73e-463c-ab32-10d47fbd4874.jpg,0,0.9724851,0.5723163,0.7724006999999999,1
08746a62-3996-48fa-ab04-aa97ce7cc2ff.jpg,0,0.021427512,0.38302976,0.202228636,0
54c2aad9-55c2-41e9-947f-1ecb01ac37b9.jpg,0,0.032403663,0.03640243,0.0344030465,0
689b4575-3bdb-488f-92d9-509df0e04f98.jpg,0,0.009494597,0.43709058,0.2232925885,0
2bb892b3-ca26-4095-98c7-9aebc1b583b6.jpg,1,0.9813694,0.941528,0.9614487,1
528e6108-5bc0-476c-bacf-b78de9954b09.jpg,0,0.921797,0.89474916,0.9082730800000001,1
0d42d2cc-4d11-4603-899b-b04295e4a991.jpg,0,0.6635439,0.051400337,0.3574721185,0
4ee4a647-d66b-48f3-abb1-f5407379edcc.jpg,1,0.036434215,0.07718733,0.056810772499999995,0
d51cb20a-d698-4117-b0a6-ddb72054a8be.jpg,1,0.98290896,0.91517466,0.94904181,1
0fe90638-b3cb-40ab-97db-2f87e116b699.jpg,1,0.982576,0.9515648,0.9670704,1
fd9a2ca2-242f-4d82-82c5-8e28b12377af.jpg,0,0.97085243,0.89866847,0.93476045,1
a36bc136-3f44-4b52-8c1b-cbf99e86fe7f.jpg,0,0.010343625,0.01698754,0.013665582499999999,0
6a711c9b-c4ad-41ce-bc18-28d72e13c432.jpg,0,0.02347103,0.0027799467,0.01312548835,0
08352f75-28c0-4ac8-b558-c8a5d086aa62.jpg,1,0.81965303,0.8184771,0.819065065,1
915965f9-0877-4416-b597-98d184fa0073.jpg,1,0.24287312,0.94348454,0.59317883,1
f476d6fc-f612-4292-becf-79330bb46b36.jpg,0,0.017445248,0.018122647,0.0177839475,0
92369f8c-93f3-4fc6-82b1-923f200e7cff.jpg,0,0.74658597,0.33812353,0.54235475,1
a4c58c0a-339a-44c8-a8c5-d024e1581184.jpg,0,0.14073883,0.04103632,0.090887575,0
405dc518-87be-4c48-9e25-6a7f14ea5e01.jpg,1,0.93097544,0.6860495,0.8085124699999999,1
bd37811d-428f-4f1e-9118-2dbc429d849d.jpg,1,0.96529895,0.8490056,0.9071522750000001,1
1d129cc0-0861-44cd-9a28-7e61bd05895e.jpg,0,0.04265262,0.053206544,0.047929582,0
53a107ca-475c-47f1-9ffb-958115540494.jpg,1,0.98012275,0.9573979,0.9687603250000001,1
e377298c-9954-4eac-a74f-201b4d83afb7.jpg,1,0.98495275,0.93690616,0.960929455,1
4812fdd0-e210-48f5-a452-4ba4ca2192c7.jpg,1,0.9641706,0.97693926,0.97055493,1
1d9a8ea3-725f-4de1-8c55-5e73b6e0690b.jpg,0,0.016278105,0.0036962407,0.00998717285,0
f190d370-bf14-4bb1-9fb9-6887b5978c76.jpg,0,0.02736933,0.03784324,0.032606285,0
353f7864-62eb-4a67-b83e-5593c11f32fb.jpg,0,0.023101548,0.028170295,0.0256359215,0
d7029b06-6ed0-465b-bb86-63a50dfd5b19.jpg,0,0.61232966,0.6002183,0.60627398,1
7182d196-fe0e-4149-a879-88c5382a2159.jpg,1,0.9788336,0.98356277,0.981198185,1
5d4f3dae-d6f9-48d5-86dd-023a58319943.jpg,1,0.9776741,0.8065272,0.8921006499999999,1
d0bb1fa7-d8fb-446c-9330-2cb9fd7d68e6.jpg,0,0.016218584,0.008899936,0.012559260000000001,0
0ce3529e-6f3d-49ee-8689-53d890faaa2e.jpg,0,0.036856543,0.17691453,0.10688553649999999,0
23d25d70-dd69-490d-8e33-f6d6c1f96a3f.jpg,0,0.011865637,0.01820064,0.015033138500000001,0
9ae72ba0-e108-4536-87e3-bc945e68a7ac.jpg,1,0.694184,0.82718575,0.760684875,1
4b2dabf0-9ba0-487d-8be3-264de17a1a35.jpg,0,0.05241914,0.15895095,0.105685045,0
b622e12f-95e8-42b3-a9f7-a856c5fcdddf.jpg,0,0.013414453,0.015896589,0.014655521,0
9c8bb9dc-19d6-459b-87d7-0f8d69e0a6ee.jpg,1,0.74248886,0.9129927,0.8277407800000001,1
6f7575e3-9c8e-4b6c-986b-75f6889180d5.jpg,1,0.9771095,0.9712247,0.9741671000000001,1
1bdd6326-55e7-4b57-b7b7-0afabf3e9e3d.jpg,0,0.032614782,0.0076858513,0.02015031665,0
a991c942-c94e-48b4-a837-be15ee411a6e.jpg,0,0.0052479724,0.013612484,0.0094302282,0
e343d509-a9d6-4d4a-a6e3-fcbdb212445f.jpg,1,0.94638085,0.8688681,0.907624475,1
96ffab4d-f9f2-4b98-9ff0-6fbe4b112cd0.jpg,1,0.96171653,0.6088616,0.785289065,1
518fba2b-9710-49f2-9116-b661d9c54d2c.jpg,1,0.21412778,0.643295,0.42871138999999997,0
4542f426-db4a-42e0-93c4-6a667ad70e5a.jpg,1,0.976208,0.8890718,0.9326399,1
4be82cc9-9b28-47d7-a26b-8d91ecb5769b.jpg,1,0.9755224,0.96557605,0.9705492250000001,1
9ceb2016-a6ae-4df8-b973-9eb0ac2b5e9f.jpg,1,0.98499805,0.96914285,0.97707045,1
513a289b-f065-4af6-aff5-69ad10e7d081.jpg,0,0.9498189,0.57625043,0.763034665,1
da77c413-6705-4e1b-a968-cb59380ec874.jpg,1,0.9761728,0.9626381,0.96940545,1
4d29f749-c542-4c96-9d6c-951a2fc71d8b.jpg,1,0.977773,0.9627386,0.9702558,1
ca62cfdc-5884-4517-80da-a6a61baaae5c.jpg,1,0.96056265,0.9155672,0.9380649249999999,1
2d9d476b-1e5e-4a7b-9a6e-7b7c4ca49db0.jpg,0,0.01960435,0.010110797,0.014857573499999999,0
e9b615df-2b53-4433-a4f1-cb2f05108ae4.jpg,0,0.03268839,0.026833784,0.029761087,0
7e7ccf0f-04ef-4db7-b621-40dcfa4391aa.jpg,1,0.978365,0.9522975,0.96533125,1
a54cf628-ee3e-4c66-bdb8-d589a682944e.jpg,1,0.9723918,0.96951866,0.97095523,1
3d749862-4746-41cc-a04f-74c2826395f9.jpg,0,0.011323712,0.09518926,0.053256486,0
40bb6426-abc4-4ca6-8063-54102f8da1ba.jpg,0,0.19463742,0.24412337,0.219380395,0
1099e0ec-d642-4b27-9972-10b11ee81f6f.jpg,1,0.9103375,0.70525086,0.80779418,1
138e7879-f66b-4dc8-aea1-5caf44f0f44a.jpg,0,0.015413606,0.022530118,0.018971862,0
8694fab9-866a-4df2-b302-e6fc4032dec2.jpg,1,0.97424537,0.78796875,0.8811070599999999,1
0b5697a9-a32f-4df9-9337-e3f3cc5a04ba.jpg,0,0.030075332,0.026077708,0.02807652,0
46f6a873-fbc7-4afa-ad6f-6c7fce6250ce.jpg,0,0.2500026,0.028480303,0.1392414515,0
f79ca68f-8d60-4756-b477-81bfff0e9e2a.jpg,1,0.9883956,0.9743197,0.9813576500000001,1
60a0cf48-24a2-4f1a-a0e3-073d8e4fc3f4.jpg,1,0.47500947,0.56377125,0.5193903599999999,1
477d242a-582d-4206-8cec-78f7a4946f53.jpg,1,0.34411302,0.13825904,0.24118603,0
2db7c48d-688b-4396-8e7a-3ab0b909ebf0.jpg,0,0.07655339,0.06584543,0.07119940999999999,0
8a5179e5-31ae-4a2b-9859-57873e1abf13.jpg,1,0.9740161,0.972366,0.9731910500000001,1
bbaa157c-44e6-4d8b-b93e-eacf9f40fc7f.jpg,1,0.96634865,0.7905654,0.878457025,1
ab38dc34-7b13-40d8-8983-ff71b42c0e0d.jpg,1,0.03224921,0.9707926,0.501520905,1
27688bf9-48b8-4d11-81aa-2a9eff0f9719.jpg,1,0.9829569,0.9855823,0.9842696,1
8a60dbfe-f956-4f57-98f8-4b0730f10cdc.jpg,0,0.93754697,0.24214597,0.58984647,1
5639b83b-2a93-4f6a-a685-0e51192dc415.jpg,0,0.09449802,0.050869636,0.072683828,0
3b61dff6-8539-48da-8d91-31389328062c.jpg,0,0.10964027,0.9173952,0.513517735,1
59670736-1323-4463-91cc-dd5b29d3595a.jpg,1,0.6171345,0.13595016,0.37654233000000004,0
9aeb8280-22e2-459a-b617-e855198877bb.jpg,1,0.97984135,0.4303026,0.7050719750000001,1
832fbadd-d0f6-4839-9cde-2ae5ab3b68d8.jpg,1,0.9915645,0.97854304,0.9850537699999999,1
174b0cc2-654e-43f3-955d-05c61c0eaeed.jpg,1,0.9760901,0.9654619,0.970776,1
c10fde8c-f468-4386-aae9-8e3e0e3972d0.jpg,1,0.98274523,0.9430047,0.962874965,1
d8a2088c-cbea-4b7d-a696-8ebc77fd14d6.jpg,1,0.96167153,0.9440079,0.9528397150000001,1
d267c9c5-ab52-4feb-a3db-3b763ceac777.jpg,0,0.017392151,0.039695986,0.028544068500000002,0
75693d87-e748-4109-9f40-7dc5ce63d237.jpg,0,0.0062112003,0.0046328767,0.0054220385,0
db9fd694-7d93-44b2-ace8-046e9fc8018a.jpg,0,0.32146892,0.09798096,0.20972494,0
b1011772-6137-4565-b15f-657a614688f1.jpg,1,0.98424834,0.98955524,0.98690179,1
916c40e5-454e-44d7-9324-0b100f7126c7.jpg,1,0.97108126,0.82969517,0.900388215,1
6085ba70-b522-43e9-b221-20bc6992e31d.jpg,1,0.9388435,0.6392601,0.7890518,1
a863492d-cf31-4381-ba76-647cbda76f95.jpg,1,0.9738598,0.98540837,0.979634085,1
b1a10b29-bd04-4ed3-9fcb-33b4870f3a90.jpg,0,0.03678979,0.012212222,0.024501006000000002,0
aa9c114f-d8b1-4376-a82f-8e92bc9f129a.jpg,1,0.99171597,0.7081682,0.849942085,1
d91a6baa-77ab-4a0c-9b98-6040aa3ec389.jpg,0,0.14169897,0.02581948,0.083759225,0
7ab4ecba-e0d4-4b1c-948d-ce4120dbf50f.jpg,1,0.8432075,0.7589559,0.8010817,1
ae2fb455-138e-40f2-8ce7-a01086f18200.jpg,0,0.17763652,0.0060865474,0.0918615337,0
427b29fc-1507-45dd-858a-b4338bd62232.jpg,0,0.014372186,0.015053852,0.014713019,0
e5095cb9-3fca-4912-b267-ff87ffc6b6f4.jpg,0,0.07049655,0.013273282,0.041884916,0
1de420e3-08aa-4df2-8854-d147481dadd5.jpg,0,0.7769094,0.15835184,0.46763062,0
4273c156-8645-4e98-98ba-c57f9157ebfa.jpg,1,0.98134995,0.9812609,0.981305425,1
85017d89-c002-4d68-9491-9b34def5484b.jpg,1,0.9532988,0.9331936,0.9432461999999999,1
0fa89b23-8080-4e1b-a964-a64ab84d4642.jpg,1,0.98149616,0.87749755,0.929496855,1
40e7b428-4bb2-49f7-a56e-41d8d0effd8d.jpg,0,0.044444133,0.02328954,0.0338668365,0
1ebf6249-df49-4a31-9858-6da7e695e53e.jpg,1,0.94521636,0.93099505,0.938105705,1
f719eed7-3dbc-4278-aad5-d594d4eba15f.jpg,1,0.9750013,0.8605075,0.9177544,1
c5a4b21b-2cfa-4a67-a4c8-9ffd7ce09398.jpg,0,0.09558474,0.017760606,0.056672673,0
8d9a1c77-854d-4a71-83ea-385e5ffc4f2b.jpg,0,0.97579104,0.5528702,0.76433062,1
71667cff-b7eb-4c41-81a6-c9d26a0aa57d.jpg,0,0.037430055,0.07861776,0.0580239075,0
a3da6879-051d-448a-8b8a-ee6cac19a564.jpg,1,0.9800127,0.8480063,0.9140094999999999,1
f669e4c9-9bf4-40e0-9392-1aaa4f302d78.jpg,1,0.9762866,0.90597,0.9411283,1
e1d3e52e-e1f9-476c-aacc-d2e22b42138f.jpg,0,0.023430085,0.016800402,0.020115243499999998,0
9bacc5a5-bb66-484a-a5fc-10327b9ea955.jpg,1,0.28686684,0.25776947,0.272318155,0
ab77c924-17c0-4ba2-9879-f7e020a9788b.jpg,0,0.013701317,0.06632764,0.0400144785,0
e6784258-2810-4c1e-8278-ec529016b612.jpg,1,0.97103024,0.810314,0.8906721200000001,1
879194f5-f4bb-4236-92fb-87f89f14c65d.jpg,0,0.027521905,0.021975856,0.0247488805,0
036d8d19-2aa7-4159-9217-4aed6ab57305.jpg,0,0.1734566,0.012013089,0.0927348445,0
12ce02e3-e83c-48e1-8ab9-cf7e913d3eaf.jpg,0,0.061275076,0.015739217,0.0385071465,0
496202b5-6d6e-44da-89a0-348a6e93bf4f.jpg,1,0.69463027,0.81817424,0.756402255,1
96a0919b-8f52-4a68-9edb-1599fc5238b0.jpg,0,0.11574518,0.023046678,0.069395929,0
7626b009-962f-4b2f-8ee9-aedd457f6b76.jpg,0,0.15565152,0.042332884,0.098992202,0
4b8f71fc-4326-4543-b7a0-a6b78809394d.jpg,0,0.013737842,0.052708093,0.0332229675,0
63c36977-0639-4c31-b397-2b186539f344.jpg,1,0.9562565,0.3704048,0.66333065,1
6c953c61-314d-4636-b221-f445d2382866.jpg,0,0.019488487,0.00865148,0.0140699835,0
e89b2cfd-6361-4e37-a6d1-757288ac4e45.jpg,1,0.77893585,0.5995392,0.689237525,1
bb1dd9fe-8e3b-4ed3-ac7c-06e0f8ac6c56.jpg,0,0.076973915,0.07676346,0.0768686875,0
4497fb3f-1909-43cf-b361-dec5b336e6d4.jpg,1,0.79094326,0.8419756,0.8164594300000001,1
9e7e2594-70c1-4dd5-9650-acef260e7699.jpg,0,0.014946257,0.0076327915,0.011289524249999999,0
b439ed2d-966d-4bc5-b36c-dd6cda01d72f.jpg,1,0.9817224,0.9875542,0.9846383000000001,1
390cf5c6-22b8-4923-a9ad-aa96e78d41b3.jpg,1,0.1470705,0.95316046,0.55011548,1
3464a126-17ab-422c-ae48-a0d604a7cc69.jpg,0,0.02343799,0.08616201,0.0548,0
1bb2d358-9d5c-4f79-b990-e16bb701a6aa.jpg,0,0.018795157,0.050053664,0.0344244105,0
d10cb983-c6b5-43dd-b0cb-21d388d0f86a.jpg,0,0.973055,0.13967648,0.5563657399999999,1
a8cabab3-a6fc-41cc-8cfe-9eaa835231d1.jpg,0,0.048507977,0.0118527515,0.03018036425,0
0166b313-6aa6-4623-8e35-1f4977dd3582.jpg,0,0.49547356,0.44253367,0.469003615,0
80fe47ca-76da-464d-a065-24627a987a4b.jpg,0,0.14444406,0.022064026,0.083254043,0
9295ca33-29ae-4cf1-9a33-c6f0d4a80a62.jpg,0,0.0060347444,0.019198278,0.0126165112,0
dac60dc4-aabb-434d-bf51-f8c5ec1b439d.jpg,1,0.38795468,0.86819935,0.628077015,1
6f906a53-0f94-4b7e-94ab-0918a21253cb.jpg,0,0.025901543,0.0040169917,0.01495926735,0
0e0dcbf4-af70-4a01-ac44-9272cf5fcd0e.jpg,1,0.9752144,0.93168837,0.953451385,1
44d99e33-28b7-46c3-97da-375c1e571d1d.jpg,0,0.026226532,0.0119304145,0.01907847325,0
ddd892a5-cb16-4db2-a9d0-b9ae46304c2a.jpg,1,0.9851628,0.65086293,0.818012865,1
e13ee2d9-9400-42d8-80c5-c9dc3e01020a.jpg,0,0.018079722,0.016992556,0.017536139,0
f0927a0b-e569-4b59-9181-c41d9eb42b8b.jpg,0,0.025444519,0.20650782,0.1159761695,0
9ed9ecb6-e17a-4704-9692-bff103fe666f.jpg,1,0.9713032,0.98658633,0.978944765,1
458e6062-a1af-47c2-8a3f-ba92b42fd631.jpg,0,0.003975432,0.114697225,0.0593363285,0
e63c81af-32bf-4505-ba45-132600577ba0.jpg,1,0.9664384,0.9619876,0.964213,1
fca385d2-2c38-4cf4-bf5d-488a01b7689d.jpg,0,0.04058375,0.017140035,0.0288618925,0
6cfb8b70-f453-4cfa-ae50-0ba9b0fdb8da.jpg,1,0.98159504,0.7750578,0.87832642,1
442f52d1-34fd-4962-84b9-71e1960830f7.jpg,1,0.98108804,0.95720536,0.9691467,1
d73fa80a-f16b-43a2-8b39-1392aa66b37e.jpg,0,0.29450884,0.24400476,0.26925679999999996,0
e0a7b6d2-c45d-4c0f-b033-fc0a6e1a4547.jpg,0,0.47949693,0.54450315,0.51200004,1
30a01428-e573-4d0e-832b-634fb7a610c0.jpg,1,0.6599178,0.54454565,0.602231725,1
29ca581d-c5df-4635-baa0-fb4bce144924.jpg,1,0.79702353,0.9712038,0.884113665,1
4d3f1473-d953-48fb-a98e-fba01ce0dedc.jpg,0,0.019656256,0.05053159,0.035093923,0
7b952a2e-2e08-4902-97e1-06001f8eccad.jpg,1,0.969217,0.97221845,0.970717725,1
5a57d35c-b6eb-4102-9a46-3c08d410789d.jpg,0,0.96312004,0.9597381,0.96142907,1
1f84f273-8549-427b-ab94-1a942c18e114.jpg,1,0.9795726,0.9433986,0.9614856,1
6aef9420-5cac-47c7-807f-6a2d3af7f0f6.jpg,0,0.9476,0.4616679,0.7046339500000001,1
07d080e0-3d97-480c-b2ab-2d5ae2f5211e.jpg,0,0.29679924,0.03939031,0.168094775,0
b3e7ad9b-e08e-4fb9-85b8-bf63f17eefaf.jpg,0,0.028458875,0.037106488,0.0327826815,0
5ae8de93-a84a-4ca2-8b63-3f561f3172e6.jpg,0,0.011610017,0.028624378,0.0201171975,0
baae8ef0-a8f6-44b5-b716-8ff41721c9f5.jpg,1,0.52625334,0.8782813,0.70226732,1
2b422851-a999-4676-9300-51a9b41a8496.jpg,0,0.026292399,0.004625868,0.0154591335,0
456f5bc6-cf4d-4990-9a6c-77bed90e2d2f.jpg,1,0.9717765,0.9481806,0.95997855,1
8f674795-6b81-42a7-9047-1f8947c30285.jpg,0,0.034860425,0.006687233,0.020773829,0
489321d3-e168-40a0-805b-c2f34e11c5de.jpg,0,0.026318364,0.0140821,0.020200232,0
6e1a73e3-89e9-49a4-9fd8-077e49c9fe2a.jpg,0,0.97110087,0.99206054,0.981580705,1
b0854c0c-d3a1-42e4-b76d-719c05263eee.jpg,0,0.66210175,0.10995961,0.38603068,0
381a5f00-0865-42ff-a334-d9c7a2cf2c51.jpg,0,0.015259417,0.017700406,0.0164799115,0
aa14b5c6-f8c4-4727-864e-76c5a1adc8dc.jpg,0,0.044773992,0.028919555,0.0368467735,0
cfffd5e5-a537-4ccd-9f0b-27295fe6a61b.jpg,0,0.17109111,0.0022860528,0.08668858139999999,0
2bb5db51-29e8-416c-b84c-934e7cfb43bc.jpg,0,0.050119665,0.24106868,0.1455941725,0
244fb800-3654-459c-ac52-d613c9466590.jpg,0,0.022811275,0.012360182,0.0175857285,0
8534f73f-099f-40f3-96e5-81ebccab637c.jpg,1,0.97448856,0.9720639,0.97327623,1
86621bd3-2b8a-418f-bc65-cc86efe56c02.jpg,0,0.952185,0.6880094,0.8200972,1
1b629512-3e55-4b70-869f-2bb88c11283d.jpg,0,0.03657604,0.045301452,0.040938746,0
9a585d45-cbac-46d1-8327-ccde8727172c.jpg,0,0.026329419,0.1467554,0.0865424095,0
9071c5c5-266e-4960-a8f8-f643abad797a.jpg,1,0.97149366,0.9089524,0.9402230300000001,1
31a5913c-94c7-4377-9922-d2c7920db1bb.jpg,1,0.93045115,0.94607544,0.938263295,1
413544ac-729e-4405-a2a0-feaf171943f4.jpg,0,0.014395077,0.018038662,0.0162168695,0
deff3672-4d7c-4ebc-96da-dc6542c65a6b.jpg,0,0.037211657,0.08762875,0.06242020350000001,0
ba7835a4-14e0-4b83-9a4a-e002989f1e4d.jpg,0,0.11579882,0.05347487,0.084636845,0
abbb1a49-7a0e-435e-879b-f6edce7ebfaa.jpg,0,0.032703098,0.072560556,0.052631827,0
76fe2fa9-a7b9-4de8-954a-7df4116e5f72.jpg,1,0.90786177,0.5838398,0.745850785,1
80bd4909-5d8c-440d-97ba-ac4aeba9513d.jpg,1,0.98254114,0.9190894,0.95081527,1
0e58944a-7391-4307-bd58-d071fcdfcc8d.jpg,1,0.9724477,0.8674398,0.9199437500000001,1
5f0141ab-7029-4b36-8fe6-9a3bcc7b60e0.jpg,0,0.06339356,0.16962124,0.11650740000000001,0
4ebbffb5-ce3a-4534-bb7a-fa15667472e5.jpg,0,0.11260395,0.039796248,0.076200099,0
f9c5b6f2-94e7-4229-82bc-c308bfe073d6.jpg,1,0.9791539,0.9677845,0.9734692,1
33cfdf8e-516e-46f5-ac44-6a407848149b.jpg,0,0.018082175,0.28546616,0.1517741675,0
4e18ffa6-d704-4461-b881-caa8dea041a5.jpg,1,0.98665863,0.9818216,0.984240115,1
8f113695-f469-4b5e-8f88-8293f345f6d3.jpg,0,0.059560638,0.41680083,0.238180734,0
ac2cd56a-4ed6-467b-90ad-c13e47979258.jpg,1,0.97519535,0.9719353,0.973565325,1
4b197fc2-a70f-45be-9bce-1d1754bdf926.jpg,1,0.98409754,0.99281836,0.98845795,1
0eb7a46a-d1e1-4196-85b4-19568a05ccbf.jpg,0,0.05060076,0.031064136,0.040832448,0
69388acf-3093-4a32-bd45-2ccb58a653a1.jpg,1,0.9797135,0.9814798,0.9805966500000001,1
6feb6168-6f4d-4ac0-a516-1b08d1ffb904.jpg,0,0.013569398,0.0056057237,0.00958756085,0
1bfd4d1a-fe01-4559-a344-5ff137ec6ed7.jpg,0,0.020680385,0.025762858,0.023221621499999998,0
d681da53-26a1-4f2e-8d88-93162e0e89c7.jpg,0,0.0162725,0.06669121,0.041481855,0
ab047ac8-2fc6-4554-a35e-e7d364f7603e.jpg,1,0.96636224,0.9809537,0.9736579700000001,1
96db6151-17c4-4047-b81a-043b09099fab.jpg,0,0.047165282,0.02609662,0.036630951,0
ead0ee26-b5b4-4965-a9f7-7c992fa5047f.jpg,1,0.9775419,0.96683615,0.972189025,1
3d0aed00-c38d-4d6c-912f-de1f7defd466.jpg,1,0.96746504,0.97971606,0.9735905499999999,1
8b536112-5496-46de-a666-3f4a1839321a.jpg,1,0.93091476,0.80460614,0.86776045,1
8762820e-4087-4db4-afb0-a77c903fbd20.jpg,1,0.96929693,0.9991072,0.984202065,1
0e1ace36-08ff-412b-bfd6-e1bc43526a3a.jpg,1,0.431483,0.7881834,0.6098332,1
48edf5c1-43f0-40da-9912-e8b36650f006.jpg,0,0.022912376,0.014566129,0.0187392525,0
2995de34-c947-4be0-8ecb-f61dd2e3f526.jpg,0,0.17899714,0.1344732,0.15673516999999998,0
f4c58530-b076-48d5-bf80-cfd1544a764a.jpg,1,0.97551745,0.9890359,0.982276675,1
12f683e9-d712-4711-8114-19e27652043c.jpg,1,0.98790085,0.6509465,0.819423675,1
1cf054c2-c984-4cb7-b33f-4f9bf3f064c3.jpg,1,0.80062944,0.18511759,0.492873515,0
364e018a-569e-4f3c-9f0e-7c41f3229627.jpg,1,0.97476804,0.9840148,0.97939142,1
ad26b032-d517-472f-8706-3512105eeba0.jpg,1,0.6246269,0.52637243,0.5754996649999999,1
d4139375-012f-4ae2-8c9e-e74714166da4.jpg,0,0.02596699,0.018637402,0.022302196,0
226932f6-a213-43eb-ab14-5480d3284aff.jpg,1,0.9796438,0.8631295,0.92138665,1
a0a90afc-19ff-4aa1-8a03-33b45c2d62ff.jpg,0,0.12172275,0.047346707,0.0845347285,0
9c9a7f1e-55e4-4a0a-aea8-82af24d9459b.jpg,1,0.9661835,0.9993331,0.9827583,1
ce309b3b-d471-42e0-b62d-55087982c42f.jpg,1,0.9257914,0.94267166,0.93423153,1
fff814c3-d972-4bec-8ad1-875f8eff28e0.jpg,1,0.584606,0.22128786,0.40294693,0
4613a5fb-9fcc-40f1-8e1d-89db845109ac.jpg,1,0.9745704,0.9710154,0.9727929,1
53ab2558-2ccd-4e8f-aca1-ac20d38a7250.jpg,0,0.9338975,0.036158275,0.48502788750000003,0
8648a25b-5a55-488c-a1b5-138f1a235377.jpg,1,0.1091705,0.53487206,0.32202127999999997,0
d033cc7b-2a20-403f-bfe1-e45873fabb2a.jpg,1,0.9647097,0.95003784,0.95737377,1
deeef137-8948-4d4b-824e-0abd2a148796.jpg,1,0.8603081,0.8873877,0.8738479,1
1e50eb39-4cf5-417c-b4e4-da8cba04d7a7.jpg,0,0.027230823,0.015614539,0.021422681,0
77eb9044-37fa-47aa-9d90-91539bce13f8.jpg,1,0.9821363,0.7274712,0.85480375,1
501948a8-0587-4c14-a833-11b314542014.jpg,1,0.7547759,0.819295,0.7870354500000001,1
fa6b7e75-80d1-464d-8288-ac3d99afeb44.jpg,0,0.041045286,0.10088235,0.070963818,0
ff2af874-2596-494f-b14c-05c73ce26848.jpg,1,0.98336697,0.95920515,0.97128606,1
b03c1684-55b1-4473-9d62-0da19ab9fe6a.jpg,1,0.038857035,0.2799833,0.1594201675,0
c8fb45ca-ea8c-4327-9db6-e1f2184d31f9.jpg,0,0.16045679,0.039179295,0.0998180425,0
4a3acf0d-d528-4148-931f-893acbb4fea8.jpg,0,0.24126174,0.015946016,0.128603878,0
53da7bc3-bd39-407f-97c5-bf9657f272b8.jpg,1,0.97180206,0.90949935,0.940650705,1
a7853cf6-ead8-48f0-bdc8-5232e2859b42.jpg,0,0.10536007,0.039514177,0.0724371235,0
c7da5ae0-92b4-475d-a415-912142778a96.jpg,0,0.041734103,0.025892561,0.033813332,0
ebbda517-dd8d-4053-8c2a-a6ec8dd5da89.jpg,1,0.86758316,0.50951934,0.68855125,1
97bf17a0-5055-4086-a4e9-bed7f422243f.jpg,1,0.028838359,0.03668832,0.0327633395,0
320e4a68-82a1-4917-a5af-ce69f2413372.jpg,1,0.9520419,0.9755661,0.963804,1
0b65e96f-2678-42b8-88e8-57c7b0af5524.jpg,1,0.578908,0.2506609,0.41478444999999997,0
e687240f-cbdf-4a1e-a286-2a297b2aa3f9.jpg,1,0.98194134,0.98335105,0.9826461950000001,1
77320b29-8352-415f-8093-8e618133e514.jpg,1,0.982128,0.94867015,0.965399075,1
eba6ea61-f890-41cc-bd69-29aeafe72e5d.jpg,0,0.92574495,0.030151157,0.4779480535,0
0ecb2d4c-bd0e-4c08-b540-15ee7cf0ffa5.jpg,1,0.9176195,0.9298439,0.9237317,1
e5080d60-dbbd-437f-a715-5913fcc4b92d.jpg,0,0.9237682,0.9664109,0.9450895500000001,1
9c2d2e8e-1fe7-4481-8b4b-66a12e247517.jpg,1,0.9661776,0.9309218,0.9485497,1
51a0ca93-c5b4-4154-be9d-dd707ab7a0c5.jpg,0,0.014018357,0.019089194,0.0165537755,0
0fb4c96a-b340-41e4-8c95-c5416351b2dd.jpg,1,0.9753209,0.9715803,0.9734506,1
496bda92-550c-40b3-a941-13ca0c9ef4d8.jpg,0,0.022403395,0.70132357,0.3618634825,0
22f27f58-03ce-4c5f-aa20-95c84fde07d3.jpg,1,0.96788424,0.9477392,0.95781172,1
58ab6dcb-8e7e-4b05-9695-baca12dc9780.jpg,0,0.7923716,0.39204416,0.5922078799999999,1
38ae2d37-7a1a-4aef-837e-2b632390f48c.jpg,0,0.9840374,0.1268506,0.5554439999999999,1
2921fd85-ed6c-4d29-be20-5f2636e6f858.jpg,0,0.6719929,0.015018494,0.343505697,0
cf605a69-179f-4d63-8c69-530ff6cfde79.jpg,0,0.018727247,0.013988951,0.016358099,0
4113804e-5dc3-4bd4-b6ce-3f847b0679c6.jpg,1,0.9788906,0.7348518,0.8568712,1
3b5948d9-653c-43b1-800a-1e6ac2087ae5.jpg,1,0.98252845,0.9863512,0.9844398249999999,1
76c9d0ab-9a35-491d-80fe-393ad7a7e5df.jpg,0,0.03000632,0.027556008,0.028781163999999998,0
a5953a3d-c6fa-41d1-922f-468febe89212.jpg,1,0.96537906,0.9691677,0.96727338,1
74824ecd-b2e6-42bb-aefe-648f4663291a.jpg,1,0.78824055,0.72153276,0.754886655,1
e3601f6c-6256-47ff-9a50-6e17c0cb4a47.jpg,0,0.03764979,0.027621042,0.032635416,0
ff7479e4-1e4d-47eb-b5ce-cd3fc2a9e829.jpg,0,0.019526009,0.17816043,0.09884321950000001,0
c663b0b0-c649-46e0-a0b5-a30b8c99edd5.jpg,1,0.9735414,0.7570673,0.8653043499999999,1
f3fc5f61-6e45-42f9-9054-e7de2519f485.jpg,0,0.040213563,0.013138916,0.0266762395,0
71c1ee60-42d3-4b0c-b1dc-84b1f7830e5f.jpg,1,0.9532995,0.1857529,0.5695262,1
f5122cd9-4b2d-4a0d-a294-a1f1d7beda27.jpg,1,0.9764857,0.96092236,0.96870403,1
90810a1e-39a9-4785-a4de-55a872b87110.jpg,0,0.3600966,0.33749363,0.348795115,0
ccb71b03-6bb3-449a-9fdb-3a49a2621cc8.jpg,0,0.61238545,0.89539707,0.7538912600000001,1
b1f70dd1-ca5c-488b-b505-29f14c76f693.jpg,0,0.84119695,0.01841341,0.42980518,0
27b6aa52-5422-463b-8382-ed395ba78325.jpg,1,0.9742227,0.9840397,0.9791312,1
1e585371-6f85-4247-b2ca-98712ed2cad0.jpg,0,0.025824044,0.013489301,0.0196566725,0
8a64c121-0e0d-4505-894e-40e1968902d2.jpg,1,0.98414385,0.8608074,0.922475625,1
4b18f9e5-8672-44de-8801-84eb69e457fb.jpg,1,0.60811,0.50199944,0.55505472,1
0ce4ec4e-d943-4c60-aec4-f404d45c8836.jpg,0,0.94448334,0.7642284,0.85435587,1
5f89be84-af55-4e93-8fe9-0a79a0a4a8a9.jpg,0,0.15268952,0.003801571,0.0782455455,0
1e9e2efe-5996-4832-b884-c84e89e51d9e.jpg,0,0.064727165,0.016072433,0.040399799,0
5ec45f94-fdea-4098-9a52-9b5ec230aaee.jpg,1,0.9790988,0.9776183,0.97835855,1
596de9a7-0b5e-4e97-9a80-91dc7157c54c.jpg,1,0.9747557,0.9590534,0.96690455,1
aa1eb74f-f01d-4d0f-838a-ad1d05b69a61.jpg,1,0.8758392,0.37120473,0.623521965,1
532974aa-75c1-43c6-a1c4-82e785182912.jpg,0,0.039496645,0.052768383,0.046132514,0
d30ccfa6-bab9-45ba-8fd6-45b43900f415.jpg,0,0.029399458,0.031593785,0.0304966215,0
81a2329a-d86d-4ca3-a553-ecff3306b019.jpg,0,0.08500272,0.008476326,0.046739523000000005,0
68d5db23-8775-4cf8-bf15-27e4997dcd29.jpg,1,0.9789221,0.95538163,0.9671518649999999,1
612f0eec-81b2-416a-acee-546b277f03f5.jpg,0,0.022015646,0.10191792,0.061966783,0
b317feeb-0ed9-45c1-8852-9545b180e143.jpg,1,0.9026092,0.9556594,0.9291343000000001,1
b80cac20-208f-4674-acba-edad54337aea.jpg,0,0.020937335,0.0070541897,0.01399576235,0
2d10d27a-1dfa-4837-90c1-5f91713b61ea.jpg,0,0.1792297,0.30866057,0.243945135,0
386955a6-839f-4c4a-90cb-2d9cf44d3d45.jpg,1,0.98279774,0.9311507,0.95697422,1
a4e83dfc-1ec1-4444-a140-c4a5cfa979b0.jpg,1,0.9759789,0.9920671,0.984023,1
cb356de2-54a9-4b70-9448-32e4bbdde2fd.jpg,0,0.016131615,0.028856909,0.022494262,0
3871f5a7-1b66-4cbd-8107-dbb3247e5449.jpg,0,0.29346123,0.19743744,0.245449335,0
9ebdf927-b2a2-47a0-913c-7fdf50b8eabc.jpg,1,0.9800591,0.98201215,0.981035625,1
34fc6ed8-f444-45e6-8d30-0a822d68add5.jpg,0,0.18027942,0.041089177,0.1106842985,0
e09a81a8-f8ce-4490-a3fd-5b65bbf3f753.jpg,1,0.97809666,0.7895299,0.88381328,1
832ff9cb-b132-41aa-ae71-ddb35c34607e.jpg,0,0.5943796,0.6521605,0.62327005,1
8b191ce4-b7e9-4887-aa42-31166b0bfc15.jpg,1,0.9799929,0.8948336,0.93741325,1
0ce8dd5c-731e-49d3-9dbe-e0f4da0f17e9.jpg,0,0.02210699,0.0095084645,0.01580772725,0
ee28f3e8-efd9-4691-ab53-1c9065a9c69b.jpg,1,0.97806704,0.94595236,0.9620097000000001,1
69b50c67-c9ea-460e-92d2-85e6659766c4.jpg,1,0.97512823,0.9158728,0.945500515,1
b2a0281b-b06b-4a62-9bdd-b4a16321a9c8.jpg,1,0.97630715,0.9660827,0.971194925,1
30a8e867-0d70-4f31-acb6-4db8f9b0c928.jpg,0,0.02091794,0.007934833,0.014426386499999999,0
6328f07e-862c-4785-9242-e5f2ccd29bdb.jpg,1,0.97136575,0.91364634,0.942506045,1
ee88d79b-49e4-4a23-8d10-6c8ee3bc8f8f.jpg,1,0.91247994,0.87331873,0.8928993350000001,1
4b791c00-8cb7-4538-9e66-c9adead36434.jpg,1,0.027206497,0.08458121,0.0558938535,0
36242797-5c51-4510-acff-58c429351849.jpg,1,0.9703296,0.98538893,0.977859265,1
f495a90f-46a7-45f2-9e47-57ecbe3b670a.jpg,1,0.972529,0.9143536,0.9434412999999999,1
d5adcd5b-4f82-4db3-8176-695033239f95.jpg,1,0.9726016,0.98370624,0.97815392,1
811ff1fd-d6ad-4eb7-89b1-1c09f11b7b14.jpg,0,0.41772762,0.012574962,0.21515129100000002,0
0b06d7e6-c474-410c-a27e-93c89f2a26fe.jpg,1,0.9748413,0.2456906,0.6102659500000001,1
69413141-8d10-47f6-929f-b281340cc6be.jpg,1,0.8200683,0.9576722,0.88887025,1
43e29b37-a676-4a16-85c2-0db318e05242.jpg,0,0.98018473,0.8408072,0.910495965,1
f76f7a61-b999-4f3b-aec4-a95d427eef25.jpg,1,0.9790871,0.9879682,0.98352765,1
1643774a-09a5-4676-939b-3a18ef3eb2f0.jpg,1,0.09649496,0.3836632,0.24007908,0
dbfe1efb-800b-4b05-a797-d11f61d5a888.jpg,1,0.98322874,0.9829752,0.9831019700000001,1
8ccff6d1-06df-4bf5-9db6-368ac497a44e.jpg,0,0.016934432,0.030252865,0.0235936485,0
65a23054-2b0e-4948-b23a-cb483047fcff.jpg,0,0.22395399,0.39367437,0.30881418,0
d801ca02-313b-4b9b-adac-77b47ee48090.jpg,1,0.80680174,0.42941093,0.618106335,1
9ba072ed-36f6-4974-9e1c-5562ce5ae8c7.jpg,0,0.025270483,0.029642353,0.027456418,0
b15e225e-116a-410b-8473-454c96ae91bc.jpg,0,0.05778371,0.032158736,0.044971223000000005,0
2e379d0d-5d5b-49f8-bc16-6407f0dbc5c7.jpg,1,0.9745711,0.8849819,0.9297765,1
a9c0ef70-de83-4b01-bc0f-ab63702f6f64.jpg,0,0.05385109,0.03559671,0.0447239,0
9406aa98-a587-4624-99ac-f225d98f74a3.jpg,0,0.018392025,0.0060807145,0.01223636975,0
9f201892-2af2-4b38-9ca1-ad35c59b1ade.jpg,0,0.019688249,0.0060880794,0.0128881642,0
39c646df-11e8-4fb8-a2e3-81aba913c767.jpg,0,0.1574526,0.2109483,0.18420045000000002,0
5ddf4fd2-1522-46a7-a4d7-64b692adb26f.jpg,1,0.97193885,0.97598344,0.9739611450000001,1
3b9ce43a-153c-4e20-9baf-b0ce86308aa9.jpg,1,0.98949987,0.9834231,0.986461485,1
f125996e-811c-4fb8-b1fa-df8c1111cb6c.jpg,0,0.8523806,0.11291953,0.482650065,0
44c7b095-17ed-40f8-bb65-206042d2e918.jpg,0,0.02527153,0.019809373,0.022540451500000003,0
313a8166-4528-4d3c-afbb-25314e4fdf88.jpg,1,0.9752033,0.2526314,0.61391735,1
8ed1e704-10c8-4310-8f6d-ce5e210ad829.jpg,1,0.9672504,0.8716761,0.91946325,1
e525b372-1775-48bc-be5b-df2b19740dfc.jpg,0,0.0064235115,0.013402576,0.00991304375,0
6a819690-9d8e-461a-adac-3aa072219d94.jpg,0,0.036122557,0.037249297,0.036685927,0
97d0a0b5-ca76-432c-8f9d-e021846b6507.jpg,0,0.023940537,0.009495769,0.016718153,0
fd7f54f3-503f-4d06-905c-f516537837f4.jpg,1,0.9753107,0.8171875,0.8962490999999999,1
0f345e68-5871-41f7-86c1-4fd683be4b51.jpg,0,0.044941142,0.019296298,0.03211872,0
aa9ca430-2662-48ce-b521-9bfa8c346997.jpg,1,0.9833362,0.9861544,0.9847452999999999,1
74dc15d7-8a97-4fdd-b4e2-9412fe23ce8d.jpg,0,0.024422387,0.37173495,0.1980786685,0
7121cb59-f543-4257-9316-1dfdb7c325d3.jpg,0,0.9745788,0.26062548,0.61760214,1
2ab93f00-6d2f-42d3-b0e4-067d97798ec5.jpg,0,0.0801554,0.00663732,0.04339636,0
521ba683-e7c9-483d-a210-42a6102cbd5c.jpg,1,0.976146,0.95243376,0.9642898799999999,1
5d1d5963-c754-4b99-8a24-a73452126b47.jpg,1,0.9424155,0.3612691,0.6518423,1
a032595c-d1c7-46c5-83a0-245666c34b6b.jpg,1,0.9811995,0.7624409,0.8718201999999999,1
a0546df1-4a55-4084-9883-399616d8475f.jpg,1,0.5480215,0.021288713,0.28465510650000003,0
015de3eb-bed4-4cae-ac49-c585504d2526.jpg,1,0.9844258,0.82957846,0.90700213,1
c8945aac-2486-420a-a9bf-b528794d4fcf.jpg,0,0.026129458,0.020983327,0.023556392500000002,0
94d1d605-f0c7-4b75-98f0-8be551949221.jpg,0,0.029369593,0.015088153,0.022228873,0
1e36a7fc-b2fa-453c-b84d-7489ef9ff1ad.jpg,1,0.9752236,0.6989911,0.8371073499999999,1
6b75d7e5-2b3a-4f10-b818-b5fbc64ec8f0.jpg,1,0.9801794,0.9836925,0.98193595,1
cff39912-9848-4a92-9b16-e0bdcc0ac5fc.jpg,1,0.9808095,0.46682984,0.72381967,1
2a1e6dee-d2d4-42d6-b23d-d944e7ef3ba4.jpg,0,0.012127858,0.020514846,0.016321352,0
a3400949-402d-40ff-83a2-cc47fdb23565.jpg,0,0.022135397,0.03006938,0.0261023885,0
1eb93be4-dc8a-4f18-b7f3-1c6aeb5e8c33.jpg,0,0.010328816,0.09800437,0.054166593,0
3683f604-c713-4074-93d6-3e4c9f5ac1a9.jpg,1,0.910595,0.9661473,0.93837115,1
3b14faa9-bd97-46f5-ad40-5d87422a25fd.jpg,1,0.5029275,0.49881995,0.5008737249999999,1
7769c466-e7cd-4479-a883-c34d1b279982.jpg,1,0.026110243,0.19891708,0.1125136615,0
10c9dd05-ccb3-49de-a186-5e5d8587c6f0.jpg,0,0.05317646,0.1177989,0.08548768,0
c7bb94b9-f82e-4a28-80fb-6927a94d98d0.jpg,1,0.98722875,0.6882364,0.837732575,1
1d1783c8-8f90-4fad-b695-f07c16c9a0e0.jpg,0,0.029732443,0.013539165,0.021635804,0
120831d1-d314-430c-8250-da4ac8160b74.jpg,0,0.039919637,0.018160058,0.0290398475,0
075e4836-475a-4def-b955-ba32bc7a8f84.jpg,0,0.04868335,0.022814315,0.0357488325,0
eaab080c-a279-4181-b399-cbc406ff5c83.jpg,0,0.051419247,0.03309385,0.042256548500000005,0
4cba4796-21ad-48d8-8eba-76501d5bd21c.jpg,0,0.08791859,0.050640907,0.0692797485,0
a3d22825-d261-4fcb-b369-e531106b9cac.jpg,0,0.03621863,0.0180797,0.027149165000000003,0
a872cc0e-d971-445d-ba2a-7f7636a54e68.jpg,0,0.7288791,0.060860507,0.3948698035,0
2b80c47b-7d07-4779-afeb-3e46d81ff0f9.jpg,1,0.2117005,0.71539193,0.46354621500000004,0
4384bea5-645c-4a2d-8636-476d3921cf17.jpg,0,0.9609445,0.5397645,0.7503545,1
cb565af0-03ae-4b26-8ee8-53689d25b09b.jpg,0,0.6869007,0.12595141,0.406426055,0
254a38c4-ab2b-4d91-bcc7-e0dfa2863aaa.jpg,0,0.04014491,0.18315731,0.11165111,0
51a7eb60-c8c0-43fb-bc0f-11e8e5f38d44.jpg,1,0.8873666,0.9475456,0.9174561,1
1f287cea-40fd-4a4d-9f79-692328bb26f8.jpg,0,0.12388784,0.104586326,0.11423708299999999,0
11e253e3-e34a-46ad-b71c-c8e4324672d6.jpg,0,0.9433371,0.2192195,0.5812783,1
cb5a3be4-4e42-4c06-b7b2-e6fe05061ff5.jpg,0,0.022782415,0.020889882,0.0218361485,0
2855c1fe-c939-431f-9b03-eb270e1ddec6.jpg,1,0.98480207,0.97566175,0.98023191,1
51963a09-cbc4-4b41-8c37-bc61551c571f.jpg,1,0.9746138,0.9038427,0.93922825,1
1d7a619e-7f0c-4f5d-9dfc-0ded1eab4de1.jpg,0,0.018062236,0.014948988,0.016505612,0
2762f491-49ba-4ccd-a392-8e9ec7351497.jpg,1,0.03986961,0.12870224,0.084285925,0
d3357950-19eb-4478-a45d-06a3864bc12e.jpg,0,0.9708909,0.25002444,0.61045767,1
f87c8402-2027-4092-bcdc-e876438372fe.jpg,1,0.97623205,0.9424231,0.959327575,1
17e67839-f417-4a98-9133-fc6d62c8ac23.jpg,1,0.8878538,0.9570619,0.92245785,1
135661a5-af99-4696-84c3-8059bad9ad6b.jpg,1,0.59220773,0.08312554,0.33766663500000005,0
96591f5e-6918-4850-9003-484cca8b5b49.jpg,1,0.9826836,0.95527947,0.968981535,1
ed610302-8106-4301-b406-320a0470469e.jpg,1,0.97604907,0.97890055,0.9774748099999999,1
0c799687-83f3-4a97-bcec-c2d5c873ea24.jpg,0,0.028059062,0.03235001,0.030204535999999997,0
ddc39573-3969-4271-bb28-edf4c1d9c445.jpg,1,0.9777334,0.695554,0.8366437,1
8883f2c2-48d8-4de2-a006-5f5a46ca4c67.jpg,1,0.9579026,0.9828082,0.9703554000000001,1
efa645d7-2b10-4114-9597-9f3db078fab1.jpg,1,0.9784007,0.2558969,0.6171488,1
eab6b59c-5585-4700-ae28-a75305e2a5d6.jpg,0,0.015072502,0.022601144,0.018836823,0
bfce8bdc-7b8a-4581-a15b-cb71134db309.jpg,0,0.058553074,0.025316576,0.041934824999999995,0
3044ec23-6203-4116-aeb2-0814c4d6ec3d.jpg,0,0.015683925,0.065687545,0.040685735,0
ce6cda3d-485d-44c8-a49e-af83935bc898.jpg,0,0.9824553,0.73583275,0.859144025,1
cd5cc583-cb85-4212-b59b-6ab2d5268cf9.jpg,0,0.029450886,0.0063418965,0.01789639125,0
d66174b2-1bd7-41c3-be82-1142758ac919.jpg,1,0.97252965,0.9749683,0.973748975,1
f3a435c7-5b25-43e1-8cae-208e95403d0a.jpg,0,0.06719736,0.028426047,0.0478117035,0
bc22ff1a-6153-48b7-b87c-9ea8796dc0c4.jpg,1,0.98424226,0.9819587,0.98310048,1
97bb3e26-d77d-44df-83b8-97bfc45ffa73.jpg,0,0.04469883,0.011193665,0.0279462475,0
d2a3267a-6dd1-439f-905b-eff558249833.jpg,1,0.97833335,0.9898873,0.9841103250000001,1
bfa6f3d1-f10d-4d9d-93c4-cf143432efb8.jpg,1,0.067117795,0.07338948,0.0702536375,0
57176cde-b996-4d7b-b30e-2bd7dc930106.jpg,0,0.041506946,0.1767136,0.10911027300000001,0
e927cda1-b29d-4efb-b384-7512c31ebee8.jpg,1,0.9743456,0.7638582,0.8691019,1
9552d2dd-39a8-43eb-9e62-805da220a64a.jpg,0,0.012361318,0.015772296,0.014066807,0
c9692593-4962-4d54-ad55-ca4fb8db1846.jpg,1,0.98446816,0.78588426,0.88517621,1
5bdc067b-dd82-4f36-a80f-3554980ee970.jpg,0,0.26080224,0.029699497,0.14525086850000002,0
43dbc3d1-f591-40b0-9c2e-c1176dc482fa.jpg,1,0.9760936,0.984475,0.9802843,1
353c2e3c-fbb7-4061-9c77-18bd1cab7d66.jpg,0,0.0205213,0.013217148,0.016869224,0
cf471129-802f-4fe5-b123-de0111048a3c.jpg,0,0.049845815,0.4457962,0.2478210075,0
e81347e4-4c1c-427d-96e7-b295071bea40.jpg,1,0.98050904,0.9839537,0.98223137,1
58088b22-b077-4ead-993b-e7a664f46110.jpg,1,0.97899365,0.928557,0.9537753250000001,1
92e4f379-ebe7-4dab-9698-1cf861053d8b.jpg,1,0.9913645,0.8466022,0.91898335,1
b8ddb618-73f8-4905-8bf2-1226e2838574.jpg,0,0.022426171,0.014799084,0.0186126275,0
36ae7ba9-c8ce-4c07-abd3-c6998db7aa19.jpg,1,0.9594612,0.8723234,0.9158923,1
51dbe1f6-6a55-4d1e-9d0a-bf5788939ad0.jpg,0,0.18955766,0.14636749,0.167962575,0
e09ffee4-21ee-457a-b4b0-85679855b5af.jpg,1,0.9548902,0.72563654,0.84026337,1
f4fa654c-c056-494b-b0e8-8b290ffcdafd.jpg,0,0.65421796,0.0686275,0.36142272999999997,0
069ec635-6c70-4ce2-a6cf-8e6b4d8139fd.jpg,0,0.0476744,0.29266426,0.17016933,0
021942a4-aa17-4026-8329-73216dd40e05.jpg,0,0.06870483,0.013712127,0.0412084785,0
97c7dd8a-6add-4efe-a985-c773474b2b31.jpg,0,0.020583753,0.013197783,0.016890768,0
256a262e-d001-49af-873e-d09b11bb13d1.jpg,1,0.97247934,0.97350216,0.97299075,1
100ca342-cfea-4983-b4ee-2f0252f23001.jpg,1,0.9843157,0.9907472,0.9875314500000001,1
acd05a7e-4ad9-4a2c-961a-4e0f6c8f6ecb.jpg,1,0.9790451,0.9801962,0.97962065,1
af90a476-6abe-4c9a-9077-158cce5482bf.jpg,0,0.008113765,0.036510233,0.022311999000000002,0
a42b510f-9c5f-428e-b7a2-97dcc6ca352f.jpg,0,0.042238083,0.085753925,0.063996004,0
b37c2194-4343-42c4-a4e5-32e2dd9a148e.jpg,0,0.24993291,0.50300527,0.37646908999999995,0
c3fae0b9-f035-41db-ad1a-1bc3d4b837ce.jpg,1,0.9806582,0.99487656,0.98776738,1
dbc4d3b8-fef2-4a7d-bd56-2f3c6f3e5543.jpg,0,0.035285875,0.03762193,0.036453902499999996,0
cc0c62c0-f1f2-4a86-9457-ca0b83766a62.jpg,0,0.027379107,0.021394396,0.024386751499999998,0
151887eb-22df-43bb-8f50-6d935e35b18b.jpg,0,0.020366019,0.007263569,0.013814794,0
4ea8eb4e-3c82-4cc7-be1c-2b93f6a58656.jpg,1,0.83793104,0.85797757,0.847954305,1
bce6b477-c613-4f1f-9519-ddc43489b207.jpg,1,0.9653436,0.9421766,0.9537601,1
907734d2-9b75-4337-b3f3-129c774a7d9c.jpg,0,0.028682677,0.044629745,0.036656211,0
44aafb4b-9f57-420c-9eb3-e3e4f503f51f.jpg,1,0.9225076,0.27341744,0.59796252,1
560849a3-c04f-4930-a6df-3bc549e8d61e.jpg,0,0.059015423,0.015317945,0.037166684,0
6720e328-738c-4c24-97eb-5475e4893305.jpg,0,0.8127294,0.26719537,0.539962385,1
2fd2aebd-4eb0-432d-b5fb-68168befd522.jpg,0,0.024742797,0.010043491,0.017393144,0
7b307f57-dd08-4820-b236-0526faa06e8f.jpg,1,0.9731313,0.84356713,0.9083492150000001,1
ad788009-5829-4178-8384-05a13bb879bd.jpg,0,0.03866278,0.013096862,0.025879821,0
28669b21-7d31-4cff-be76-c00299764d76.jpg,1,0.9594874,0.9583605,0.95892395,1
d529641d-c653-4480-877f-3a7637e04a9b.jpg,0,0.94308287,0.9506146,0.946848735,1
f8d30bf8-928f-4e6f-9d47-bccbd49190af.jpg,0,0.026340526,0.009706249,0.0180233875,0
14b5c723-ef04-4406-a4c9-4313924ab8d8.jpg,0,0.1052646,0.018577805,0.0619212025,0
ba4c2375-5f63-4eed-93de-6d655d227335.jpg,0,0.021825245,0.006094835,0.01396004,0
3662fa62-0c3f-4ef0-ab20-0755cf01b282.jpg,0,0.021842327,0.262912,0.1423771635,0
e7b3667a-533f-420a-8e01-1b6c9be3bd2e.jpg,0,0.015151662,0.022379158,0.01876541,0
79bd3da7-90b8-4acc-9a24-480debe23950.jpg,1,0.97256833,0.9733776,0.972972965,1
861e903c-7ed8-40a8-9a06-c7acd44872a3.jpg,0,0.5765598,0.013779881,0.2951698405,0
d1b0cfee-a8ce-4d7b-9277-65a94d687150.jpg,1,0.9600038,0.87210476,0.91605428,1
6fbaecf2-b87c-4df2-a10b-cee7679e3845.jpg,0,0.8892704,0.07769654,0.48348347,0
4328ad63-b075-49af-9177-3bc1c445384f.jpg,1,0.071314156,0.06189352,0.066603838,0
1402d36c-cd6a-4c73-85ab-d51b1cb60135.jpg,1,0.9707572,0.97245747,0.9716073350000001,1
7ca6d15a-960e-4c07-83e4-ee7947070cb1.jpg,1,0.9851673,0.9757238,0.98044555,1
2217feef-fb34-4f49-9acc-8d987bd6da3d.jpg,1,0.5414081,0.071437106,0.30642260299999996,0
1d8e71fe-2220-4475-a1e7-629750363ad1.jpg,0,0.022520492,0.20803298,0.115276736,0
d0cd8e80-99bc-4bd2-915e-94c217129f3d.jpg,0,0.05347374,0.07843973,0.065956735,0
3ca0e337-320e-4a54-a334-60a9ee30c696.jpg,0,0.03344206,0.024058746,0.028750403,0
92a0ea0a-742b-4e01-a9f7-f2809bbe1b4e.jpg,0,0.7467105,0.14770715,0.44720882500000003,0
d747f1c1-8e64-4f3c-bead-ba89c4bd97fd.jpg,1,0.9743732,0.97465265,0.974512925,1
5e53ca85-4870-47f6-9de0-59abb3ec3314.jpg,0,0.010721671,0.020305661,0.015513665999999999,0
fe90b556-21e7-40bc-ba89-b8b842aad1fb.jpg,1,0.9030943,0.8743944,0.8887443500000001,1
78bb94a8-6113-4009-a4f7-f6764a307b41.jpg,1,0.9449688,0.70459867,0.824783735,1
2118d254-4704-4a99-b865-44c81c25e9ab.jpg,1,0.97830003,0.9223736,0.950336815,1
95ac3dcd-4aa9-4044-9299-8bba254276c2.jpg,1,0.9659831,0.97908497,0.972534035,1
9d564b69-3eff-4ca7-8f88-a5268fabfb65.jpg,0,0.051679906,0.006821648,0.029250777,0
f85a8854-49e7-4179-80e6-fc593a169056.jpg,1,0.9819547,0.91306984,0.94751227,1
42e0289f-ffa4-4f51-bbc5-bc7fb23e959a.jpg,0,0.02581683,0.014788299,0.0203025645,0
8c56aa46-c497-457f-af37-7654f58e1456.jpg,1,0.36031845,0.6838144,0.522066425,1
5921831b-9850-48d4-a209-6ed1cfcf8905.jpg,0,0.020137811,0.008091269,0.014114539999999998,0
5ba8f7ae-3546-4572-8f29-cd599f10b5cb.jpg,1,0.96621835,0.9186905,0.942454425,1
ad32d0eb-91c4-4688-ac45-b5dac77b0fd4.jpg,1,0.9859125,0.9721087,0.9790106000000001,1
e7572c39-9c2b-4df7-9170-d5a772543cdd.jpg,0,0.020438574,0.01746561,0.018952092,0
e9385a46-61c3-497f-8a74-38c19e6dc36f.jpg,1,0.019243184,0.023263348,0.021253266,0
46131e36-8677-4431-9ef2-dd67e3d3b739.jpg,1,0.9779929,0.9449425,0.9614677,1
6d1d7794-ea34-4ce7-8daf-8efc5421e088.jpg,0,0.073691726,0.3957538,0.234722763,0
92c801c8-6c6c-4a84-9ca4-28b06c696bcc.jpg,1,0.97534627,0.94097036,0.9581583149999999,1
3f38e2e8-ffe6-4db5-859d-8e0b1fe5e0ea.jpg,1,0.93495315,0.7650334,0.849993275,1
4a3d5a93-d00f-4534-ae51-600e346fb79f.jpg,0,0.20776676,0.2053989,0.20658283,0
1aa0ddbf-000e-4184-83a0-ee8a6546e901.jpg,0,0.019235358,0.0017201483,0.010477753150000001,0
492b5df5-6093-44ed-8296-a643db516eaf.jpg,1,0.97206897,0.9950418,0.9835553850000001,1
2deaae61-5485-4ea8-83c6-a4b0fdff3932.jpg,0,0.9639857,0.9781989,0.9710923,1
5f2a1137-f2d5-483a-aadb-34e9ab7dd7e4.jpg,0,0.020283876,0.010991966,0.015637921,0
045fd4a4-2b3d-4fcd-860c-f1ceae877d13.jpg,1,0.413222,0.7625174,0.5878696999999999,1
064423da-d323-4c41-9adb-7267273b709d.jpg,1,0.9786234,0.9610798,0.9698516,1
67720639-2d47-4680-aaf9-10f8e146ed91.jpg,0,0.15988936,0.16220336,0.16104636,0
8f86f02e-f3e8-4849-9c91-fed66cbbd445.jpg,1,0.30421406,0.8241541,0.56418408,1
7d8b99e3-c51b-438e-884f-a76a87afb1f9.jpg,1,0.97587377,0.9854752,0.980674485,1
e7067994-48cf-4c9a-b1fd-2b0939e17eb8.jpg,0,0.024750419,0.032686386,0.028718402499999997,0
46f84396-b603-4417-9c6d-975020f03b38.jpg,1,0.9646837,0.9749181,0.9698009000000001,1
04cf6372-17b7-424c-9981-b6de559a01ea.jpg,1,0.9866962,0.8395352,0.9131157000000001,1
c2025e8f-ca1b-4a2d-ae36-64ee1515c2bc.jpg,1,0.98940945,0.9775513,0.9834803750000001,1
a95bd5af-a2de-402a-9445-deee2ccb7652.jpg,0,0.7424547,0.38988113,0.5661679150000001,1
6213fb9d-626d-4952-b7a7-c7b119a85f94.jpg,1,0.94753563,0.95694786,0.952241745,1
db2e2bc0-e4bf-45b9-80d4-c0362ef4dd4f.jpg,1,0.94870627,0.8341433,0.891424785,1
3ea304cf-e7e1-4aff-9295-fe9662abe7f3.jpg,1,0.9555979,0.91469896,0.9351484299999999,1
86a74d70-80de-4138-be1e-1487cb560067.jpg,0,0.3064071,0.16700843,0.23670776500000001,0
e4f0b6fd-f317-4cee-9b09-94012e199006.jpg,1,0.87586284,0.18866979,0.532266315,1
efaebd50-84ce-4b4f-9397-1d49d5819a8b.jpg,0,0.02298809,0.029013168,0.026000628999999997,0
5f08537d-816d-4cde-b44c-e754d16bfbe1.jpg,1,0.97923446,0.97317916,0.9762068100000001,1
9d4b6428-3d9d-4f82-8fee-bcdc4bacefdc.jpg,1,0.97673607,0.9445736,0.9606548349999999,1
0e297de9-8fcd-4012-bf1d-85b0c7311c12.jpg,1,0.77652746,0.37670454,0.576616,1
6e60a54e-6a9e-44f6-9462-4e13c4c917c7.jpg,0,0.119420476,0.070465535,0.0949430055,0
efa33b9a-4ea9-4208-8dd4-03ee2c70d092.jpg,0,0.35535458,0.034281164,0.194817872,0
5c7ba254-c1bc-452b-af33-bf08c7d26c3f.jpg,0,0.15646452,0.053055726,0.104760123,0
8d4b7f33-414a-4255-9dbf-3b05984ec0f2.jpg,0,0.025024742,0.024802225,0.0249134835,0
4708a5bf-8e6c-489b-a908-db7c0f67c950.jpg,0,0.09174548,0.017251458,0.054498469,0
5f951871-faa8-487e-a014-a04577841f9c.jpg,1,0.9807755,0.97934145,0.980058475,1
595bf511-7a9b-4502-9062-2fda6ae12bdd.jpg,1,0.9801426,0.9494301,0.96478635,1
469afb1e-241f-4814-bfc9-d6dd8bd76a3f.jpg,0,0.07075163,0.009325516,0.040038573,0
1457f4c8-0c19-4b5c-8227-f9eaad24d689.jpg,1,0.98295,0.95507413,0.969012065,1
621115c9-acfa-4889-847c-c1838ef78c68.jpg,1,0.9713698,0.95106894,0.96121937,1
d9627790-ec15-45f1-8692-74aa1a7e700c.jpg,0,0.69671595,0.4341468,0.565431375,1
775894fc-7e02-4cc3-a2a6-5dab378cde91.jpg,0,0.029445592,0.026512835,0.0279792135,0
a3098c21-1e04-471a-bfee-2f055ab55a4d.jpg,0,0.02324579,0.08064669,0.05194624,0
ff859d9a-9426-4884-9c79-ea1539b1ac63.jpg,1,0.9712497,0.9844939,0.9778718,1
b62f76a4-0e77-41a7-94bc-90b6f8abd4e5.jpg,1,0.9928023,0.52756315,0.760182725,1
d56ada0e-be69-4ed9-bad9-e5992349af06.jpg,1,0.9818349,0.9833987,0.9826168,1
65bfd53b-82a8-47d9-8687-8c931e60e698.jpg,1,0.99502736,0.89920694,0.94711715,1
8e0b1fa3-33e3-4a53-bff2-bc05fad5882d.jpg,1,0.97446966,0.9230515,0.9487605800000001,1
d895c763-5b07-4f59-9d7a-7319df5648db.jpg,1,0.9857594,0.85460186,0.9201806299999999,1
ff8239ce-29d1-49fa-810e-065888807b35.jpg,0,0.10420808,0.25525093,0.17972950499999998,0
e2722ae0-bf6c-4a0c-99e9-0c921c4413c1.jpg,1,0.9676829,0.9766747,0.9721788,1
bd2820ea-735c-4967-bed3-0cad6914ee90.jpg,0,0.030007346,0.031107357,0.0305573515,0
37939623-816a-497d-850c-b9827fcf6943.jpg,0,0.08871664,0.113901354,0.101308997,0
9e18dd14-232d-4212-85b9-5dcfbf97b9ec.jpg,1,0.9222357,0.9559021,0.9390689,1
42238bae-f9ab-4781-8b30-dcaad5e6eee6.jpg,0,0.02669528,0.005885185,0.016290232499999998,0
0420c162-14a9-4c2f-bf98-af8d1f83eef3.jpg,1,0.93744904,0.8739872,0.90571812,1
5dd4616f-7273-4c97-92ee-52083680db5d.jpg,0,0.8890074,0.10631605,0.497661725,0
6a6e6ad9-26f0-44d1-9a48-d27c3ccdf729.jpg,1,0.783606,0.8896988,0.8366524,1
cd0a6c55-9144-479c-96c5-d9e3d41005a0.jpg,1,0.9793113,0.9204645,0.9498879,1
2c6dd79b-ad59-4536-8cfe-9b7b280b8221.jpg,0,0.024947047,0.016376743,0.020661895,0
cde26aea-7fc9-470a-a366-eaecb0cc7707.jpg,1,0.35413522,0.15786584,0.25600053,0
15990335-be36-48de-ae08-f17b991200b4.jpg,1,0.95392776,0.97710973,0.965518745,1
c3a0cbc7-4b51-418f-9742-71852ef48be0.jpg,1,0.97269857,0.9462516,0.959475085,1
588e93dc-bf4e-4f26-8e43-0162a2f4c0a0.jpg,1,0.9170376,0.9566647,0.9368511500000001,1
0293c053-178e-4595-b77b-8123b8e4cf9b.jpg,1,0.97986484,0.97056156,0.9752132,1
18126684-2483-4e84-9fec-85ba88228e9f.jpg,0,0.06321125,0.0128184855,0.03801486775,0
a54790af-031a-4108-a5a9-f5b028d9fd16.jpg,1,0.9679694,0.82320315,0.895586275,1
b949cb53-0817-4859-9300-800de719f8b7.jpg,0,0.022489611,0.008388712,0.0154391615,0
90f56ada-90de-4e90-814d-5032ee262765.jpg,1,0.97793454,0.6645955,0.82126502,1
bcefea59-8b04-4226-a94b-9af5b6741e6c.jpg,0,0.82457227,0.17385209,0.49921218,0
da5829d6-6c10-4d84-9bbb-58fb2a5b335d.jpg,0,0.9770635,0.49755985,0.7373116749999999,1
02219dcb-a958-463b-9ec3-f9559001b98c.jpg,0,0.29844964,0.020661473,0.1595555565,0
a330b662-cf51-4289-af8d-89fbda3f710a.jpg,0,0.03093416,0.012395144,0.021664652,0
fd047705-5090-49ab-878e-6a71240d8712.jpg,0,0.02838744,0.026636627,0.027512033499999998,0
84a3f35e-d042-4994-bb33-8a40f16ff6d2.jpg,1,0.8910653,0.6531984,0.77213185,1
ca1a3538-00c1-42d1-9eae-5b5c2f2f5756.jpg,1,0.92828965,0.4774892,0.702889425,1
70463030-bc4d-40a8-adad-d97b65d32f48.jpg,1,0.94228494,0.9553872,0.94883607,1
251bb8f4-b858-40ae-b301-047bdb44387f.jpg,0,0.048802424,0.01925949,0.034030957,0
651669ac-3ade-43a8-89be-a229bd61be7b.jpg,1,0.9737327,0.980423,0.97707785,1
d2b4c71c-e11a-4921-92a4-acd4173ba2ad.jpg,1,0.18564276,0.24179706,0.21371991,0
4871f088-c43f-424a-8b97-baae639432d0.jpg,0,0.018402997,0.019769741,0.019086369,0
188177de-f908-4bd3-a367-33b38fe43d73.jpg,0,0.02943945,0.38240665,0.20592305,0
1fbb0f62-1dc8-4b69-b4d5-6047ea916e98.jpg,1,0.9687261,0.98242885,0.975577475,1
c4de29f5-2e32-43f1-aeff-106c6c7a1c5c.jpg,1,0.94428855,0.9261466,0.935217575,1
d8e91f20-10c0-4da5-849e-73b3771618f1.jpg,0,0.01706335,0.022945823,0.0200045865,0
a02bda47-455e-42dc-b8b8-9399f6df802d.jpg,1,0.97729105,0.9888558,0.983073425,1
5818bca5-323c-48ad-9d69-a78013881083.jpg,1,0.97179246,0.9795457,0.97566908,1
0c7b368e-4d7e-4d44-ab17-703110c9ccfb.jpg,0,0.02661027,0.04587813,0.036244200000000004,0
b7272eab-2fa3-4be1-b8ac-2f40bdd0de6f.jpg,1,0.98564595,0.9357341,0.960690025,1
90ae8cd7-39ca-407a-a522-7764e5b0c854.jpg,1,0.9815391,0.93784565,0.9596923749999999,1
e707a1a9-4db5-4960-bc92-d75036e08fff.jpg,1,0.9841212,0.9830761,0.98359865,1
c7e49524-ed89-4a66-9062-c11e14ebe3f1.jpg,1,0.965929,0.8724049,0.91916695,1
63486b1f-7f65-40be-bab7-3bad67a654ab.jpg,0,0.02011462,0.0076048295,0.01385972475,0
9869ff79-088d-4e8c-b603-be29e807c139.jpg,0,0.041291807,0.27587688,0.1585843435,0
55f79a47-22c8-4ff6-bbdb-10a6e5a12ca1.jpg,1,0.9828221,0.96931356,0.9760678300000001,1
f5a73f83-689a-4545-b1a5-033badab16dd.jpg,0,0.010892161,0.011612447,0.011252304,0
e65f2858-5977-462c-afa3-0b9d11033acc.jpg,1,0.9482546,0.9363179,0.94228625,1
fda8ba81-6830-4476-9fc9-16cc83bf5299.jpg,1,0.97338563,0.9692106,0.971298115,1
0f4b1b84-c0c1-4fa2-bf36-5e547a585b4b.jpg,0,0.048037942,0.16246569,0.105251816,0
0a08317b-b607-49f6-875c-a1b6c124571a.jpg,1,0.06790748,0.028810391,0.048358935500000005,0
793896d9-0763-4f72-aee5-af9ba158df68.jpg,1,0.98064697,0.98938495,0.98501596,1
b95b625e-f88a-4413-b83f-25e42233267e.jpg,0,0.19487344,0.045204498,0.12003896900000001,0
99784473-e222-409c-8e74-be6bf7f769e4.jpg,1,0.97114426,0.9672427,0.9691934799999999,1
774a8330-170d-48af-bca2-5b06f75cdeef.jpg,1,0.9755098,0.90592116,0.9407154799999999,1
5a357d33-2f63-458f-8f7a-f5e8122f53a3.jpg,0,0.3024705,0.068882436,0.18567646799999998,0
62220717-4d9d-4a5d-88f4-683bf205d1cb.jpg,0,0.021227665,0.021495845,0.021361755,0
ab9fc0f2-e7bd-4c06-90fe-622d12c30055.jpg,1,0.5000348,0.5201277,0.51008125,1
3507a586-47ba-4f9b-abb0-06be3931a4b2.jpg,1,0.97252446,0.9340644,0.95329443,1
281c1c55-e826-4327-ae51-4ae13056cc46.jpg,1,0.98098356,0.9065103,0.94374693,1
a72b9814-d885-4b41-a44d-aa14331bdac2.jpg,1,0.92198116,0.5517884,0.73688478,1
016b2115-b302-4a39-aed5-bed81b32b020.jpg,1,0.97193134,0.9757755,0.97385342,1
c20c7e6d-03b6-43e7-94ca-b8363420f5b6.jpg,0,0.020952925,0.025790915,0.02337192,0
0094a51e-89f0-4042-8e63-1dbf616d9e80.jpg,0,0.05657287,0.020878356,0.038725613,0
3c0049b3-c858-4f93-b773-f96206dae7e1.jpg,1,0.9715998,0.9796347,0.97561725,1
6080766e-154e-4333-9d65-21c2a75a646f.jpg,0,0.016640786,0.04239392,0.029517353000000003,0
ee3af370-1872-4a70-ba61-6cdcb57b2db1.jpg,1,0.9761481,0.977178,0.97666305,1
84272a50-ddc2-482a-b101-b9890a7d1984.jpg,0,0.018089894,0.14595915,0.082024522,0
49c43647-f76a-4dc3-b3b0-5ef66d54047c.jpg,1,0.96220136,0.97875196,0.97047666,1
06f8d578-495c-4cc6-9443-5630b1884cce.jpg,1,0.9550726,0.40237272,0.67872266,1
6384c057-7cc8-4e9c-a9e8-d208d66759bd.jpg,0,0.090755545,0.21061586,0.1506857025,0
f25663d1-f932-42e9-bbee-7730a06e9977.jpg,0,0.034210544,0.010697836,0.022454190000000002,0
5485b451-cd87-4255-a2f5-f32dcb69a78e.jpg,0,0.32881933,0.007292695,0.16805601250000002,0
f8eaa151-ed8c-4745-82f5-e00841ed0340.jpg,0,0.026272483,0.07506211,0.0506672965,0
611e42bd-0c7c-451a-9305-d4c8e3f627ce.jpg,1,0.96698487,0.96144384,0.964214355,1
38a03a86-bf2d-48f3-bcab-4a800260e65e.jpg,1,0.9596297,0.6423535,0.8009916,1
63939de6-c12a-4b61-9440-c666fe9b1538.jpg,0,0.07650582,0.8505705,0.46353816000000003,0
b4ecd136-eb0d-400b-851d-2b719d540f01.jpg,1,0.9767531,0.6262281,0.8014905999999999,1
4feacaa8-48f1-493d-b977-a4f2b7c2bc72.jpg,1,0.9577627,0.8800725,0.9189176,1
a8236e81-22a5-422e-8c64-13d7f52ca0d3.jpg,0,0.35848156,0.041229162,0.19985536099999998,0
4ecfea87-5490-4606-bb04-5b6b0e7b8d58.jpg,0,0.027061515,0.0030238864,0.015042700700000002,0
f1f28cc0-0308-4b9c-80e3-acf872c80cab.jpg,1,0.94488096,0.16853054,0.55670575,1
d596b210-6ae0-40e6-9f94-44b95958e14e.jpg,0,0.9717677,0.52310133,0.747434515,1
f61cbb47-2010-49fb-88b7-9d489dde9b0d.jpg,1,0.9855875,0.9493997,0.9674936,1
239d8d6c-83e7-450e-8538-fc82b8e9d10e.jpg,0,0.058940656,0.017599922,0.038270289,0
ace68c57-cd5f-47e7-b67e-68dd68d2ce6a.jpg,1,0.97698486,0.9498026,0.96339373,1
20d5a030-81f0-4b85-98aa-c10eec89cfdd.jpg,1,0.9893623,0.9718829,0.9806226,1
80848f06-204e-4f23-b75f-a473965a1c94.jpg,1,0.92673296,0.6454661,0.78609953,1
530dd7d1-4659-4957-9f3b-a9ff6373144f.jpg,0,0.035477314,0.20009014,0.117783727,0
f0985f6e-c187-43c6-b1ad-db29058a2a57.jpg,1,0.9842135,0.9847578,0.98448565,1
a4deeb9a-be11-4777-ae44-cf379fa538fb.jpg,0,0.081836246,0.008363543,0.0450998945,0
63cdfbd4-9704-40f5-a9d3-e95a2298773e.jpg,0,0.29804012,0.37780055,0.337920335,0
e355202f-d649-4603-8974-954424bc1c3f.jpg,0,0.2246184,0.04275212,0.13368526,0
400eb955-6375-4996-929f-55265f201dbb.jpg,0,0.012054371,0.017784506,0.0149194385,0
da545ab2-7b72-4773-a48f-a36a044f9689.jpg,1,0.95638543,0.80944604,0.882915735,1
28c58f7d-4ba8-4f6f-a763-276bedede75c.jpg,1,0.9826565,0.9051999,0.9439282,1
b4f6cc1b-9f2c-4ea6-a30e-5a3318b9b9dd.jpg,1,0.97956675,0.96947384,0.974520295,1
0068b91f-794a-4520-83a4-0f8735d2a229.jpg,1,0.9576663,0.99165034,0.97465832,1
9fbef431-b5f1-4c7f-bdc2-5b5e7f66cadc.jpg,0,0.034150362,0.31884038,0.17649537099999998,0
d4e775a9-f278-4ce7-b75c-0021e8d11326.jpg,0,0.8296654,0.2653518,0.5475086,1
afe7e1b2-5905-4f95-b4cd-0a458918cbf9.jpg,0,0.03187264,0.007735184,0.019803912,0
9b672ab1-dc25-4fe1-aea5-d0e9ecbc610c.jpg,1,0.97769475,0.8060816,0.891888175,1
afdd6d28-b20e-4327-b4e0-d8e68bdd0849.jpg,1,0.97457355,0.9532974,0.963935475,1
fac6b398-68e8-4bdf-8ea2-628bd0681ee3.jpg,0,0.18603393,0.52894723,0.35749058,0
014efe3b-59ef-406b-9daa-44144df9d1a1.jpg,1,0.97574097,0.952899,0.964319985,1
a0e2a5df-22b1-40fd-804b-ead28df6fea4.jpg,1,0.97754025,0.8487417,0.913140975,1
791ae849-e676-4486-b293-bcb920111167.jpg,1,0.9344885,0.81223917,0.873363835,1
3b49f65c-6cea-4071-8047-3912723f4640.jpg,0,0.058017712,0.015805902,0.036911807,0
f51d4b3d-e045-4e23-b2e9-029a1c65a137.jpg,0,0.029398097,0.036045097,0.032721597,0
1f7cecf5-945d-47d1-99f2-81db409c5723.jpg,1,0.9678054,0.83254254,0.90017397,1
59930fc6-e9c2-4f82-a81f-8aa74a147db4.jpg,1,0.97422653,0.97508925,0.97465789,1
14accb3e-16d6-489c-a82f-85a17938af37.jpg,0,0.3463233,0.83119833,0.588760815,1
39a180ed-6b0a-4469-8562-320cd32592e6.jpg,0,0.12077481,0.01850041,0.06963761,0
e4742e91-5c3a-4237-b63b-58b9343a7034.jpg,1,0.97043467,0.5742738,0.772354235,1
49f7f3e0-84f6-4e2c-9b40-300a7d3794f4.jpg,1,0.9897927,0.8413344,0.91556355,1
71430f9f-eced-4cc4-9463-850e85917258.jpg,1,0.9753145,0.9727265,0.9740205,1
fd580ecf-934c-431f-8646-ff7926428876.jpg,1,0.984458,0.9293391,0.95689855,1
427dff6e-56a0-46b7-9b58-5faeb9d71f30.jpg,1,0.9792753,0.9802106,0.97974295,1
2a47f25e-e627-4e34-9e3a-c1436c1b10f1.jpg,0,0.017009046,0.016926177,0.0169676115,0
30d7ff3e-cb16-4f2e-803a-93bfcbf889ed.jpg,0,0.018830964,0.011114605,0.0149727845,0
f4d825ab-70be-441e-8c20-40bed7f96059.jpg,1,0.97889644,0.9706316,0.9747640200000001,1
ee0d8ce8-dd34-4483-ac11-98c8c6a72d77.jpg,1,0.97811764,0.9547764,0.9664470199999999,1
488a1128-5cc4-49cf-9206-c34abf269eaf.jpg,0,0.09740051,0.041499186,0.069449848,0
0963c3f5-e999-45fc-9d40-bfc597a11036.jpg,1,0.87608045,0.50209796,0.6890892049999999,1
8b8c1bfa-b4dc-41e5-98ea-277e4c292152.jpg,1,0.9367268,0.9606817,0.94870425,1
cfc0f233-f623-4319-a669-30e58571742e.jpg,0,0.031641115,0.011560743,0.021600928999999998,0
b6ca8aea-27ac-4767-9bc7-bcf9fda13edd.jpg,1,0.98179525,0.8668005,0.9242978749999999,1
05044900-08e6-4009-860a-3b84da0cd199.jpg,1,0.11259325,0.53096175,0.3217775,0
210fcda7-367b-4f1d-a844-04fd2ac7da40.jpg,0,0.028292226,0.027306704,0.027799465000000002,0
76089e9a-8dd4-4c04-9424-bb9af2340662.jpg,0,0.07891867,0.045169946,0.062044308,0
74753cf9-0867-4a61-89e0-b408b493e05c.jpg,1,0.98577195,0.99089515,0.9883335499999999,1
f14a9c77-5bee-4a3f-9d5b-7b67281d9764.jpg,1,0.9741974,0.963107,0.9686522,1
c90d3b8a-cccd-4cd0-b121-7bd3a58e9175.jpg,1,0.20479748,0.6761427,0.44047009,0
b2c577d2-728f-43d9-b003-50790883c880.jpg,0,0.6223861,0.39594173,0.509163915,1
77e22367-f056-471a-ac9c-e353799113ee.jpg,0,0.042762645,0.08529672,0.0640296825,0
a6dfcecc-3939-416d-bbac-1fe34cdced2c.jpg,0,0.06802969,0.02751333,0.04777151,0
c08d639e-4fc4-46b0-acdc-aace448e0f6d.jpg,0,0.07154104,0.007834529,0.0396877845,0
4b497dd2-0382-499e-b600-2d39c8836a2c.jpg,1,0.8631359,0.48707932,0.67510761,1
d5fb0fc5-dcf4-4284-b223-61463529c96f.jpg,0,0.13064267,0.31353697,0.22208982,0
aa4e6a19-ac5d-4f6f-81ec-ac009eee45da.jpg,0,0.05838827,0.012058926,0.035223598,0
daa27bd1-e506-4ff9-aaf5-0b2866b80c3c.jpg,0,0.020323217,0.015917053,0.018120135000000002,0
171ae428-b1d4-4989-b202-65d7e02ca429.jpg,1,0.98681843,0.98617506,0.986496745,1
6f8499c7-f47b-4af2-b503-a265feea4a1b.jpg,0,0.016315812,0.051129725,0.0337227685,0
9ccfed70-e20c-41d9-9c25-b0a3944ace98.jpg,1,0.029527422,0.46722305,0.248375236,0
4bdc23a3-bb99-4b53-ab7e-b53205ffffa0.jpg,0,0.043068726,0.016138125,0.029603425500000002,0
6d274099-2438-4bfd-bc60-12d2b576f1f6.jpg,0,0.922874,0.57150745,0.7471907250000001,1
1ef3366d-ff79-44f7-a4e6-c1e94d421d4f.jpg,0,0.9642802,0.556447,0.7603636,1
97b0aac9-8fd1-4b96-b2d5-04c05db246ed.jpg,1,0.9739836,0.97652143,0.975252515,1
2764021f-1600-47dd-817a-202b32c5fd97.jpg,1,0.8506349,0.8324358,0.84153535,1
7d41589c-6f83-4f30-a3ea-a6967fc006c6.jpg,0,0.041128755,0.019594977,0.030361866,0
7efb156a-d705-44bd-b08c-f6bc087d077a.jpg,1,0.060562536,0.636308,0.348435268,0
18a16560-0e64-4b36-8e2c-fbd719282c00.jpg,1,0.9564149,0.9222236,0.93931925,1
fd717566-9f5c-4c73-a92f-4ceba8c07edc.jpg,0,0.022360336,0.031959675,0.0271600055,0
22279eb0-95c0-4bab-ba2f-a5960a6ddbd6.jpg,1,0.96553725,0.88749105,0.92651415,1
9ae10c4e-0473-4363-a00c-aa02e27b32f7.jpg,0,0.019379089,0.042839356,0.0311092225,0
4fafbc34-af6e-4834-8e1b-ef786296fa48.jpg,0,0.22326177,0.019697865,0.1214798175,0
4e47953f-aeaf-4c54-929f-296bb96cd927.jpg,1,0.9777695,0.89678085,0.9372751749999999,1
e93b4676-52a2-4627-83d4-c66d825be27f.jpg,0,0.2657798,0.89523864,0.5805092199999999,1
e02469a7-f1c5-4b30-b5fb-506eb34534cb.jpg,0,0.0070934854,0.03259802,0.0198457527,0
b1252a78-866f-49fd-9789-f621751801aa.jpg,0,0.028417004,0.008552531,0.0184847675,0
5932fdb5-4398-42d8-b95e-9734c2e54e65.jpg,1,0.97741336,0.94932675,0.963370055,1
97749a36-ce29-4c19-b32e-c3dd502f75dc.jpg,0,0.14555562,0.45565364,0.30060463000000004,0
b8aa1443-e60f-42df-a091-de2baba5e991.jpg,0,0.027427793,0.02848636,0.027957076499999997,0
c41164dc-dd9d-4851-a716-c4953f95a3c8.jpg,0,0.05701879,0.021273457,0.0391461235,0
333d97a2-9b6c-424b-a8bb-a7b42fa18cf1.jpg,1,0.9721265,0.96453565,0.968331075,1
b03bc8b5-932f-49a4-a6ef-164a56ee54f2.jpg,1,0.54291385,0.12865561,0.33578473000000003,0
10cbd288-4f4b-4717-a803-470f4a1629a1.jpg,1,0.893718,0.4153336,0.6545258,1
84a2a3c9-b0eb-4ab5-a4f2-2c465df9d067.jpg,1,0.9817333,0.94599223,0.963862765,1
b3900f47-075d-4cd4-a5f1-9119f8ede279.jpg,1,0.9727853,0.92951334,0.95114932,1
9d4b4537-7878-4686-8219-76d167bd4e3d.jpg,0,0.012292643,0.004907157,0.0085999,0
c2270044-d45c-41a8-a4f6-315e5d411950.jpg,0,0.2511476,0.036956538,0.144052069,0
19a947b5-6e70-4e34-90ce-f159fb0a4302.jpg,1,0.9679179,0.94588387,0.956900885,1
b75cf6bc-ec5f-4da2-a81c-2dc9d8a26887.jpg,1,0.96973103,0.9548715,0.962301265,1
771c6479-bacd-4f3b-8caf-777fb754288d.jpg,0,0.02732789,0.01532924,0.021328565,0
6acd72d2-18b7-4fe1-93c9-916d41b6db90.jpg,0,0.018163858,0.017300073,0.017731965500000002,0
bcc76b75-d441-485f-8dde-6446ae76d883.jpg,1,0.98211145,0.9558472,0.9689793250000001,1
eed9988d-a44c-428f-a5b0-a0f652df4809.jpg,0,0.022967247,0.11915261,0.07105992850000001,0
cf0e426a-0d6a-44bf-86a1-ee9b59444d86.jpg,1,0.8808237,0.778184,0.82950385,1
54dd21f1-3ec2-4ca7-ac8c-4d16754ba00a.jpg,0,0.041949917,0.01646942,0.0292096685,0
eade75a4-d35a-4d9a-b64c-50309d2ca8bf.jpg,1,0.9881738,0.98266315,0.985418475,1
53904d78-6083-45cd-8765-05b4e99e0611.jpg,0,0.015698906,0.018108644,0.016903775,0
ced8ee7d-7cba-42de-8493-d0771f318f7b.jpg,0,0.490862,0.0670848,0.27897340000000004,0
c0edc8ca-528f-4cf2-8704-aded7f50c945.jpg,0,0.025298519,0.0131291635,0.01921384125,0
1026f7b9-36d4-411b-82d4-59d83d056512.jpg,0,0.88972306,0.15693429,0.523328675,1
cef28218-0090-4b0e-99ac-4c9b7a7619e7.jpg,0,0.68841296,0.47020826,0.57931061,1
2b8d3b7a-27b2-4867-8166-371759ffc0fb.jpg,1,0.78454036,0.20071708,0.49262872,0
175b1f0a-3aac-4588-a5fe-f8d12ef6ef99.jpg,0,0.010280977,0.011555056,0.010918016499999999,0
2c2a6d2a-908f-4f93-8d38-4a331ac0951a.jpg,1,0.9853521,0.7384551,0.8619036,1
d86d29e8-63b4-4b07-b799-8672f02b462a.jpg,1,0.97208154,0.97272444,0.97240299,1
56fd26b4-f95d-4543-bc93-be0409c9d0b3.jpg,1,0.9877843,0.9747576,0.98127095,1
5af596b3-e978-40ad-bd1f-3faf59ffaf2a.jpg,1,0.96525705,0.98500973,0.97513339,1
45c9fa02-260c-4293-b816-6083988ebfab.jpg,0,0.54224837,0.4278163,0.485032335,0
fb0a849d-6569-43ba-a134-b772c5ca896a.jpg,0,0.010847543,0.013400917,0.01212423,0
9ca86ebe-555c-4347-834e-da62514e456c.jpg,0,0.037439197,0.12775598,0.0825975885,0
5f70b938-bf1e-4ac7-87f1-a55200f76ae2.jpg,0,0.22162108,0.35512668,0.28837387999999997,0
0cb04cc8-fa8c-4635-8d48-62df2dbc32df.jpg,0,0.022665473,0.075979285,0.049322379,0
3b3d1a6b-d311-4384-a141-129e16dfb4fe.jpg,1,0.9915412,0.8684487,0.92999495,1
72d73d2b-c5bd-466f-85c1-d54de2b38e34.jpg,0,0.80838376,0.041083697,0.4247337285,0
ef9a140c-9eac-47d2-89a2-671e6333c18e.jpg,1,0.97218806,0.9775768,0.9748824300000001,1
46272ffa-5d1e-4a7c-ab8d-67623496344b.jpg,1,0.90433747,0.11491427,0.50962587,1
92824363-7da2-4416-ae07-400164bb2001.jpg,1,0.9454189,0.90939224,0.9274055699999999,1
103e9e5c-3b46-4e20-a62a-e14dc2b887ef.jpg,0,0.014872805,0.012482146,0.0136774755,0
cb65e5a2-dbb1-4f18-ac31-1ee5edfc24d7.jpg,0,0.01379126,0.036831725,0.0253114925,0
f45c8ef4-912f-4124-8420-d0e3f58f1f03.jpg,1,0.9566108,0.90734845,0.931979625,1
4409d6f9-5285-4bd1-9627-39c758094c0b.jpg,1,0.9713866,0.95864534,0.9650159700000001,1
25ee8256-5a72-429f-b5c1-b0985f164e8a.jpg,0,0.043459706,0.0090015195,0.02623061275,0
e894416e-e61b-4eb1-9a2f-e08a3a0c0093.jpg,0,0.019719664,0.0059284894,0.012824076700000001,0
1646b316-bcca-4e30-a389-2511e2cce6a5.jpg,0,0.042878035,0.14131212,0.09209507750000001,0
c546ad9a-2643-495d-9837-5cef7836fc22.jpg,0,0.110182166,0.23414555,0.172163858,0
81bcc9de-f7ee-4365-ad00-c8a5bb7de955.jpg,0,0.9318521,0.5270385,0.7294453,1
29361570-d6c6-419e-8fc5-956f35509bed.jpg,0,0.043687835,0.038626373,0.041157104,0
08709f2e-c08a-4390-8e10-6c40f3464dea.jpg,1,0.96730864,0.98731846,0.9773135500000001,1
7678a293-3901-4e1c-9a6f-5f5d528b0e9a.jpg,0,0.99238867,0.5882161,0.7903023849999999,1
3f4987da-ce93-46f4-a6d7-77edd5711eec.jpg,0,0.37746072,0.84099054,0.60922563,1
a3f310e2-d98f-4578-af58-a5f9b8d72ad1.jpg,0,0.1370535,0.6100008,0.37352715000000003,0
55563b63-5924-4648-b252-31e149c7626d.jpg,0,0.23491181,0.018513385,0.1267125975,0
404b0fdb-d4a7-436d-a3ed-edc68d78ee36.jpg,0,0.012824703,0.018802721,0.015813712,0
3bc26b35-38a7-4aa4-bd09-7d28bf49b1dc.jpg,1,0.9695358,0.95440173,0.961968765,1
dc69aa9c-2edb-49d4-9a05-127919b728ea.jpg,0,0.041390624,0.16910921,0.105249917,0
5d256e29-360b-4727-a780-f9fdfca7597e.jpg,1,0.9756948,0.9321305,0.9539126499999999,1
0e943491-b9a4-483f-99d5-f7260d20d3d5.jpg,0,0.008922454,0.029250922,0.019086687999999997,0
f1b01644-b5ff-433a-b43e-982593125883.jpg,0,0.3597662,0.48944852,0.42460736,0
003a55e2-901d-4e2a-b6ab-186041ee792d.jpg,0,0.045632422,0.017333144,0.031482783,0
a8f1ff1f-fa59-4ed8-b007-7c392688e41d.jpg,0,0.037428148,0.006718831,0.0220734895,0
09184418-de1b-40d5-98a3-b81ae2c382e4.jpg,0,0.0115691805,0.035197455,0.02338331775,0
ef30104d-7381-4c9e-b84b-907c101b4928.jpg,1,0.9746474,0.97003686,0.97234213,1
097c65d4-fe7d-4256-8825-2de7bd0fb704.jpg,0,0.048029006,0.043978475,0.0460037405,0
f1f63f8a-f804-463e-9972-5a1ea5de5ceb.jpg,0,0.03517005,0.14292875,0.0890494,0
a7220d23-71b2-4fcc-a79e-b0f3031da370.jpg,0,0.9087272,0.15761293,0.533170065,1
245396c1-0b90-4e56-b808-dadf1ed55fbf.jpg,1,0.9757,0.969858,0.9727790000000001,1
af5f383c-2498-4f42-a0d7-fb846c899431.jpg,1,0.9844013,0.9811157,0.9827585000000001,1
1f0be05c-5dd3-4614-9796-4c7fc203630c.jpg,1,0.9805103,0.9942602,0.98738525,1
1b25b800-f2e7-4f51-97af-e6ec772f41f3.jpg,1,0.98372376,0.85269386,0.91820881,1
009eeb23-c531-43fc-808d-2646d604a787.jpg,0,0.014256474,0.47163454,0.242945507,0
b7af020b-2f0e-4b59-9aab-c2be49549a75.jpg,0,0.029311648,0.65114105,0.340226349,0
133f949a-0341-43a0-8bce-869d3e961f8c.jpg,0,0.16507521,0.18381426,0.17444473500000002,0
c2f64790-9fd6-44fd-b10e-554e0154f89e.jpg,1,0.97242796,0.9566216,0.96452478,1
90641c4b-823c-45ed-9a6b-aa7044846bf0.jpg,0,0.3605608,0.063396394,0.211978597,0
712d41b7-3117-4ca1-bd25-9951d2de9965.jpg,0,0.246566,0.75546485,0.501015425,1
7bdd3693-6427-4dbd-9de2-703c3d2b11d1.jpg,1,0.9795298,0.9864212,0.9829755,1
226f819f-b431-463b-88d6-215dc0ef27e8.jpg,1,0.9224798,0.96315753,0.942818665,1
023d95bb-1360-4862-a77b-3c9d612baf1b.jpg,0,0.03707531,0.014567834,0.025821572,0
7afcfdc2-4785-462a-a988-58945eaaf4d8.jpg,0,0.022631826,0.009452147,0.0160419865,0
2e8ced6a-bacf-492d-9345-c33f220325a4.jpg,0,0.04956274,0.0050519025,0.027307321250000002,0
cd06b0ae-099f-476c-8237-4773fb4c246d.jpg,1,0.9716794,0.9717386,0.9717089999999999,1
0f349e7d-edc3-46fd-985b-212972182e06.jpg,0,0.80901027,0.71060133,0.7598058000000001,1
24ce4b4c-d37b-4f00-b49b-6d98cefb8019.jpg,0,0.043912575,0.3405187,0.1922156375,0
bde49628-64ba-4a30-b485-c8f2488431ff.jpg,0,0.03554952,0.02168254,0.02861603,0
d2330b38-a43f-4659-8101-a10b4c460c60.jpg,0,0.0144302165,0.0138958115,0.014163014000000002,0
40e2ce86-288f-4a9d-8234-4244b381baf1.jpg,0,0.03614692,0.08513775,0.060642335,0
fdadb0d2-ee90-4d64-86c1-b7fb2e780045.jpg,1,0.9789723,0.86526597,0.922119135,1
6e386de0-290f-45f7-96e8-8de0fc801dcd.jpg,1,0.9711556,0.9845762,0.9778659000000001,1
7a9c5a3a-6b38-4c1f-bedf-b6beca26003b.jpg,0,0.032051314,0.0027762004,0.017413757199999998,0
b7c2d479-2e0e-411a-945d-4df295a4892d.jpg,1,0.9845753,0.9905874,0.98758135,1
be7d36f9-be61-4d89-9a39-7dc5447352e4.jpg,0,0.18812162,0.22246186,0.20529174,0
4e69358d-4129-4aa2-8df3-892c879fcd7b.jpg,0,0.42170253,0.050146524,0.235924527,0
f5a257db-ab26-4354-952d-b75e51e16eb5.jpg,1,0.96049744,0.69628596,0.8283917000000001,1
72358fda-41dd-4844-878d-f07a465307a6.jpg,0,0.5157261,0.079366066,0.29754608299999996,0
87c215e7-9056-437e-bd79-07ab8008b064.jpg,1,0.96965146,0.967633,0.9686422299999999,1
46b1f143-d686-4a69-b09e-1111bdf1ef11.jpg,1,0.934204,0.5094753,0.7218396499999999,1
42170c51-931c-45b8-ac94-a7de0bab98d5.jpg,0,0.52567625,0.66739386,0.5965350549999999,1
1a108e5c-987d-4d88-94a9-10127d07d7d0.jpg,1,0.95837516,0.9405167,0.94944593,1
cccc372c-34c3-4a47-9ec1-727932810b37.jpg,1,0.95846975,0.9682617,0.9633657250000001,1
5ca258c7-64a5-45e5-9ca1-50651131f6d4.jpg,0,0.06835395,0.039811954,0.054082952,0
7d8f671f-f329-4571-80f2-893972e568a3.jpg,1,0.9777053,0.9778832,0.97779425,1
635d1996-c44a-4d7e-9ba7-ddfc84483d5d.jpg,0,0.03740096,0.011916369,0.024658664499999997,0
053d9758-d647-4e35-bcc1-aa7804c7725a.jpg,0,0.031841658,0.008472532,0.020157095,0
300074eb-3f06-491a-9aa6-5c1a7aa4f8a3.jpg,0,0.030043261,0.085856006,0.0579496335,0
045c0f6b-a9d2-4f07-9020-dd62b5c73ab0.jpg,0,0.9391908,0.5463179,0.74275435,1
272cea9b-7a45-4c84-91c9-2616feb7d450.jpg,1,0.938959,0.8077334,0.8733462000000001,1
d5306a82-404c-44c8-bfb2-7bd8e17a22a0.jpg,1,0.97789085,0.9597502,0.9688205249999999,1
576df7c0-e49c-456f-ada4-9384e2d5c5cb.jpg,1,0.96936876,0.9747897,0.9720792300000001,1
3b0bcda2-64a3-4410-ae88-b11cd9d25b80.jpg,1,0.97541547,0.97904265,0.97722906,1
a4c7497c-d476-4a29-9df1-b1b5b1a09c14.jpg,1,0.96817356,0.9733026,0.9707380800000001,1
b580b083-e90e-4477-8a01-a12df2728aab.jpg,0,0.038538218,0.051513053,0.0450256355,0
18a3115a-0397-4b0c-b8ef-eb20f968930f.jpg,0,0.020864213,0.008513673,0.014688943,0
2faabb59-c1e4-44a8-8da3-9dd993670822.jpg,1,0.9777495,0.9714442,0.97459685,1
b58a0264-3030-4366-bd02-51c97a0b7374.jpg,0,0.53148586,0.14609656,0.33879121,0
0e8edd5e-52ba-4ab1-88a8-ea53c941055f.jpg,0,0.032356154,0.019744743,0.026050448499999997,0
2634f297-0087-408a-af5f-9d57d34d13ec.jpg,1,0.91256595,0.8535116,0.8830387749999999,1
b3c6b424-b733-46fe-b876-d80088210cb5.jpg,1,0.9022594,0.61040086,0.75633013,1
ae0a7987-f6f6-441e-adb4-4756069193ce.jpg,1,0.9867818,0.3407863,0.6637840500000001,1
1362496a-bf0f-4551-a907-4f880f3eb114.jpg,0,0.035335537,0.010040077,0.022687807,0
0d0cbf1e-8320-4d14-b6be-36e2df4e11c1.jpg,0,0.014553452,0.0061814324,0.0103674422,0
33db4d2b-fc8c-4c7d-a159-b960ee3612ff.jpg,0,0.8104426,0.5860575,0.69825005,1
4f821dde-a75f-4534-a3f0-ad33d0a664be.jpg,0,0.06403438,0.059752677,0.0618935285,0
4f696100-ed04-4683-80ab-91fcb4c314b4.jpg,1,0.9720386,0.9828127,0.97742565,1
2fee2376-9bed-478d-8395-ae0bb7754e0d.jpg,1,0.9787421,0.90860724,0.94367467,1
02851192-5784-4fff-a1fb-dde50cbee4cf.jpg,0,0.023821797,0.08072775,0.052274773499999996,0
0a16b455-0dd3-41b9-96d9-305dc1f8b777.jpg,0,0.059789643,0.1025977,0.08119367150000001,0
629ca1ee-5413-4ad2-b3ce-3ad65a83bc4a.jpg,1,0.982515,0.8326926,0.9076038,1
eae63724-0193-4bde-a235-36e8cc184d9e.jpg,1,0.9671398,0.23415618,0.60064799,1
6718d9f9-0760-4794-bcbc-d4cb07e078d7.jpg,0,0.014674841,0.026277583,0.020476212,0
8fe5a9eb-8148-4a4a-b664-e62a478d51b9.jpg,1,0.58553666,0.7369973,0.66126698,1
16e7668b-cf57-415a-811b-0a502ddd3bc2.jpg,0,0.2612178,0.4244075,0.34281265,0
b1d47fcb-837d-43ca-aeb0-c5ba05c83334.jpg,1,0.9829155,0.73811316,0.86051433,1
858b0cc4-3023-457b-b7c9-fbac6b83d60f.jpg,0,0.027235724,0.015658518,0.021447121,0
18ddd286-e7ad-4c8c-8f4e-4aa95e49e735.jpg,1,0.9781423,0.93497264,0.95655747,1
6a92ab94-e380-46c4-b9c0-3c060c5c4137.jpg,1,0.9792575,0.8885533,0.9339054,1
461c8d59-6470-4ad1-a597-63a34ded4ee6.jpg,0,0.056407187,0.60099655,0.3287018685,0
c7ce05c6-f11c-4c4e-990e-19099f760a25.jpg,0,0.023185583,0.017077807,0.020131694999999998,0
586983c7-0fbc-412d-a6a2-d3a3aa4a58b8.jpg,0,0.012177281,0.012940927,0.012559104,0
8c103d7a-0e25-4a12-8b48-8e2769ef3b5a.jpg,0,0.97035563,0.69508016,0.832717895,1
fdcf6a86-f955-4fa3-b966-9770e6a870f7.jpg,0,0.019632157,0.011128229,0.015380193,0
9f5754d4-0e84-4829-9ab9-c24d8453672d.jpg,0,0.934595,0.9010985,0.91784675,1
09b4d3a5-2a00-43cc-a46a-d9da6345de4a.jpg,0,0.093920074,0.011555263,0.0527376685,0
dd772142-bd70-4445-9910-4fd1662b4ca7.jpg,1,0.0151657,0.116994925,0.0660803125,0
7b2d09a2-494f-446f-aa33-08ef62091dcc.jpg,0,0.038573872,0.012749449,0.025661660500000003,0
8b738bca-291e-4c5c-a9e1-6e70e2bc2aec.jpg,0,0.13910216,0.01885076,0.07897646,0
36b5e59d-b2a5-4cb0-ae48-740622ab88ca.jpg,1,0.95709574,0.83732766,0.8972117,1
fbe3e070-d702-4758-8002-a0b67899a984.jpg,0,0.038612846,0.11386735,0.076240098,0
027a92b6-ad0d-4e68-bd77-e6b574ba3538.jpg,1,0.9776568,0.9543094,0.9659831,1
031b22d3-7abf-4623-ba4a-162e1f18b046.jpg,1,0.43118346,0.9418626,0.68652303,1
8a1408c6-2dc9-43da-90f7-d7c9c84261ed.jpg,0,0.028500192,0.017819524,0.023159858,0
2c5a7c10-11ff-4716-9009-0b54266fcc7c.jpg,0,0.042936884,0.010157909,0.0265473965,0
5acd1152-64c4-4013-a2ec-5d72a47092d3.jpg,1,0.9596364,0.976334,0.9679852,1
94478ca4-e172-4227-b6be-14c333ad484d.jpg,1,0.9727553,0.9685099,0.9706326000000001,1
f657c200-fad1-46a6-a203-9031168b031b.jpg,0,0.025904628,0.0029737912,0.014439209599999999,0
ab5f2701-6dca-4086-940b-8a63416917aa.jpg,1,0.82398695,0.81495214,0.819469545,1
a2ae7d35-f94e-47d8-a46f-193d7cf2e3dc.jpg,0,0.03352235,0.018112997,0.0258176735,0
dbdd566b-f9d9-4924-af0f-995d34ce2345.jpg,1,0.983841,0.8959518,0.9398964,1
69eda2ce-3d86-4ed4-8f20-0fa8947314ec.jpg,0,0.027824296,0.3273519,0.17758809799999997,0
d73a2e57-aaaa-46b7-8532-d9c681c166a5.jpg,1,0.9766703,0.81406456,0.8953674300000001,1
1fe6baf5-91fb-4f14-b732-ceab657addd8.jpg,0,0.18466869,0.41527942,0.299974055,0
54707df3-d6bc-4b82-a746-faa3924251cb.jpg,0,0.030561093,0.034278285,0.032419689,0
d43d4a92-274f-4b76-bd7f-d84234f4af3b.jpg,0,0.021566024,0.017597167,0.0195815955,0
bb8f8b86-22db-43c4-8281-049b21f1d979.jpg,0,0.15140185,0.025185445,0.0882936475,0
2d36cc02-6f8b-4b8f-9c56-ff25a30353cc.jpg,0,0.10757469,0.115257695,0.1114161925,0
940337d4-b9e8-49c1-9f25-e4c345ce154f.jpg,1,0.97849876,0.87906724,0.928783,1
e8422493-0cb6-4f51-b034-bd19d62d1c52.jpg,0,0.025644956,0.081350885,0.0534979205,0
f8a3acc9-bb98-48f3-93eb-d35fd4482467.jpg,0,0.12535463,0.10012633,0.11274048,0
59140d68-68cd-4c78-97f4-d5af74eeff17.jpg,0,0.020880638,0.036898334,0.028889486,0
79c296f5-1e48-492a-bdc4-5cd3ffd3bbd2.jpg,0,0.01901496,0.021941653,0.0204783065,0
f6183c56-6326-4067-939d-127a497b1614.jpg,1,0.9869221,0.71648335,0.851702725,1
81cebe8c-ed26-4f20-86ac-3b8338925cc3.jpg,0,0.019565338,0.024818834,0.022192086,0
140e8fc2-1879-4cb3-b0dd-ed5e898ac66d.jpg,0,0.19104233,0.025325725,0.1081840275,0
9a4ec57a-291c-43b2-a5f9-899a5d1d775f.jpg,1,0.97029054,0.9853168,0.97780367,1
1605ea40-d609-4dd3-aa09-1a0dc7a4af62.jpg,1,0.9722597,0.9767075,0.9744835999999999,1
668edf8a-0224-466e-bb69-8f47d11c98c3.jpg,1,0.96778184,0.9564728,0.96212732,1
aeebe560-aa53-456d-a37e-41e62447c384.jpg,0,0.07168606,0.014531606,0.043108833,0
0dd2616b-2a4f-4887-9297-186f583617ad.jpg,1,0.018239265,0.20571554,0.1119774025,0
635e5a71-5f67-46a2-8ff8-8e5605f0634a.jpg,0,0.3572905,0.06222704,0.20975877,0
27f2eb2c-1af8-4079-909c-5df4b1cc2716.jpg,0,0.06866653,0.053596113,0.0611313215,0
f7b1da23-dfbd-4923-a33f-86832e76a6c0.jpg,0,0.115166046,0.12104882,0.118107433,0
d7bf8068-3854-40c0-b661-2f45c12bf2ee.jpg,0,0.011982288,0.007099773,0.0095410305,0
85fd2501-08e2-4ba0-bd63-1a6b4c0e72b4.jpg,1,0.9768704,0.9527639,0.96481715,1
26790904-7b7a-46b6-b113-b555ba835490.jpg,0,0.017015837,0.016977573,0.016996705,0
d4264906-63dc-41b8-ae08-86543d209b40.jpg,0,0.012804845,0.07522844,0.044016642499999994,0
8941edaf-ee52-477b-b51e-3cd616e13f11.jpg,1,0.9731054,0.9701285,0.97161695,1
895dc4b3-7bcd-4a56-a5f1-0438812ac83f.jpg,1,0.976399,0.9839713,0.9801851500000001,1
7ec0339b-45e8-4929-922b-52fdffcc0d49.jpg,0,0.7103059,0.7415668,0.72593635,1
75541b00-6dc9-4b83-9198-c5b3a4b284ba.jpg,0,0.013346205,0.012260917,0.012803561,0
30e6bfbf-8998-4d54-855a-e3e99b51b063.jpg,1,0.97693574,0.9745798,0.97575777,1
63041061-5497-438d-b5ef-7304a73edc9d.jpg,0,0.016130988,0.011261804,0.013696396,0
525c883c-0736-49d5-a674-e837086581ce.jpg,0,0.06741356,0.007455698,0.037434629,0
324abe25-1c62-42b8-8486-289c93b023fc.jpg,1,0.9753338,0.98538697,0.980360385,1
99c18899-bfad-49f5-ad3d-694fc7b5e77f.jpg,1,0.5994185,0.8730278,0.73622315,1
5d974b1e-0cfa-41dc-ae9d-a05b964c56a2.jpg,0,0.027026486,0.036069915,0.0315482005,0
b8fcd852-9ab9-4740-a28d-a700c9321c80.jpg,1,0.98589724,0.97998786,0.98294255,1
9159e01e-33a3-4e9e-b55b-510233c3bf13.jpg,1,0.76128566,0.45126534,0.6062755,1
e56a61d6-d7a4-4911-88bc-926513708103.jpg,0,0.022031983,0.22919135,0.1256116665,0
3ad91717-7def-4ddf-a996-c280f9bb7f1a.jpg,0,0.015285296,0.031006416,0.023145856,0
2929da15-d033-45e1-b9f2-e7237a8833c7.jpg,0,0.017211229,0.04587267,0.0315419495,0
be368461-9a3e-478e-9857-771a0df41b33.jpg,0,0.7254488,0.080954544,0.403201672,0
d8a13dea-c55d-4514-ab3a-b998db23ffb7.jpg,0,0.02173997,0.04445459,0.03309728,0
2cbb0e57-87d5-45d6-9e53-1664a8ad99ed.jpg,0,0.98668194,0.8955442,0.94111307,1
69ec163b-0e84-4407-b019-0a9387d6af9f.jpg,1,0.98831975,0.90376884,0.9460442950000001,1
2d101272-c033-4078-9b6f-377f7f10fab2.jpg,0,0.8713723,0.25719807,0.564285185,1
35d49205-5695-4cc9-aefa-8590d9c24e9a.jpg,1,0.9839379,0.986626,0.9852819500000001,1
c5d0f3f3-ed06-4e66-ae68-db5bf8e67c5f.jpg,1,0.96133363,0.5222992,0.741816415,1
758bb9dd-7aa1-45d8-a609-b01dbb77fa23.jpg,0,0.24331862,0.5787308,0.41102471,0
41b7adc7-27c7-4c3a-a9ad-5f88465da68c.jpg,0,0.045232125,0.0122886095,0.02876036725,0
7bfdf3bf-cf19-4875-912a-168385f62218.jpg,1,0.9946631,0.95149237,0.9730777349999999,1
e0b8737f-d355-4f3e-9470-aca7fbe37560.jpg,0,0.027835557,0.01191921,0.019877383499999998,0
bcb9fcee-6268-41bb-8efc-546f7ca524b6.jpg,0,0.43666837,0.05167405,0.24417120999999997,0
d81f2f16-1dc4-4c03-b5a6-4b6922b455ce.jpg,1,0.9359457,0.9523602,0.94415295,1
c0041e0a-6885-478f-927c-32941527ec2c.jpg,0,0.062752016,0.8597053,0.461228658,0
1464c383-0f66-4006-a573-be0a0dfcdb76.jpg,0,0.06979219,0.10528825,0.08754022,0
3a494270-52b3-4844-b854-0dc1617998d0.jpg,1,0.6021967,0.09400442,0.34810056,0
3e45f2c4-c653-49d8-b457-416b1c4c486d.jpg,0,0.637845,0.3416775,0.48976125000000004,0
abdd456d-d0ee-4053-8c6c-344e7ad4712a.jpg,1,0.928337,0.9366165,0.93247675,1
0289ff63-ef66-4077-a189-8b76af41a540.jpg,1,0.0126523385,0.006138852,0.00939559525,0
b74d407e-82e1-4d64-aebb-09cdb02d255f.jpg,1,0.8375026,0.12901133,0.483256965,0
1914fda9-97ec-482c-9628-068798edbda9.jpg,1,0.9771637,0.95621854,0.9666911199999999,1
0c2295d1-ac9a-447a-a135-ee9217dba5fb.jpg,1,0.26853445,0.65296394,0.460749195,0
4c705f3f-852a-4b5f-b1aa-100e102f7f59.jpg,0,0.023268389,0.013244671,0.01825653,0
e9bee629-e5df-4551-a375-c47d05c20fe6.jpg,1,0.98427063,0.9297471,0.957008865,1
87a36926-3aa3-498b-b210-d720febedb8f.jpg,0,0.027849989,0.048194725,0.038022357,0
9a15c4b6-a1e2-43b3-a376-d3bd0d3ca9b8.jpg,1,0.4333121,0.34489396,0.38910303,0
de986104-8b60-447a-8e1c-f1bb7fbb8458.jpg,1,0.9439284,0.97429603,0.959112215,1
89f98e1c-afee-4e00-9589-5a6c73c40d2b.jpg,1,0.97104263,0.028731873,0.4998872515,0
04d6541e-88ea-4f76-bba5-4b2b33442d11.jpg,0,0.12293482,0.090702444,0.106818632,0
fff9552a-348a-4885-b2a8-c3cb8eba7c4e.jpg,1,0.07584259,0.7292175,0.402530045,0
e3792500-a47d-4be5-bda0-38d8602f73f8.jpg,0,0.16551188,0.041293822,0.103402851,0
52e5f7c9-76e9-4aab-a098-338e1ac64a95.jpg,0,0.020874472,0.027584925,0.0242296985,0
471e6cf0-60a5-45a3-9b28-6d96167c4236.jpg,0,0.046793845,0.0057027917,0.02624831835,0
e4b2f57d-9687-4941-b06a-77a78fe2b9c3.jpg,1,0.9742381,0.9572614,0.9657497500000001,1
d80c8f11-9d12-4141-82b7-a5e9af473594.jpg,0,0.0689111,0.0805868,0.07474895000000001,0
f529f9ed-8a98-4d08-bc7c-1b7ee4714641.jpg,1,0.9890282,0.9097443,0.94938625,1
4d29d4bd-5008-4ed8-8d08-9fca72871049.jpg,0,0.98063433,0.970117,0.9753756650000001,1
1dc5e1fd-e909-49ab-9b8f-baa6e4ce9c01.jpg,0,0.016585812,0.005263169,0.010924490499999998,0
8ceb7f6e-4b93-479e-994f-5d3b717b3ed9.jpg,1,0.7652748,0.6696943,0.71748455,1
84237076-acea-4a01-b7d7-aa247a8ad916.jpg,0,0.015365976,0.02689995,0.021132962999999998,0
5816b57a-fa02-48ad-8ea6-9f673a266b98.jpg,0,0.026984083,0.017644515,0.022314299,0
ad268176-d9bd-48ed-b6c4-e0126c70d1b2.jpg,1,0.034299444,0.01109522,0.022697332,0
1ba83a50-fbbd-4795-9f42-9931884c9de7.jpg,0,0.8718251,0.46840766,0.6701163800000001,1
6c858a45-a53f-475a-8849-68783816a1f5.jpg,0,0.3382076,0.0056720623,0.17193983115,0
3e8b0797-89bd-45ab-af2f-2164649e9a2d.jpg,0,0.96464145,0.08810332,0.526372385,1
a53e062b-a56c-412f-998f-cc2d00b7e1a4.jpg,0,0.88770586,0.47405347,0.680879665,1
f5ecf53a-a15d-42be-9d3f-ce7f8573ce9f.jpg,0,0.025542038,0.022533974,0.024038006,0
86fcbef8-f74b-4da5-9590-08835dc3de69.jpg,0,0.02452327,0.016959375,0.0207413225,0
60578c75-1d68-4e2f-b8d6-db31914a23f3.jpg,0,0.011433653,0.0052634906,0.0083485718,0
fb6a0cf4-b432-4775-bfe6-0bc87863c16e.jpg,1,0.9831093,0.7962809,0.8896951,1
2a655e71-5f82-42f8-bd99-834e39f5df8a.jpg,0,0.027597878,0.02329118,0.025444529,0
98546c28-1795-4d33-b0ad-20dc85457d26.jpg,1,0.9734997,0.97150356,0.97250163,1
e9b4bf4c-5deb-472f-87c1-653466759b3d.jpg,1,0.9146153,0.9233648,0.91899005,1
c5652fd1-d7ec-4fac-bf67-486cc916621a.jpg,1,0.98661846,0.88122934,0.9339238999999999,1
4d64c93b-7e85-4872-8d07-a808da029dcf.jpg,1,0.8756733,0.93112296,0.90339813,1
6660067e-5f81-42b8-bfa3-18155ea3ff40.jpg,1,0.94938785,0.97275746,0.9610726549999999,1
b9fa85b3-9e0a-4a99-8333-4561173569d0.jpg,0,0.020727303,0.03519004,0.027958671499999997,0
387ab89d-02f0-4cfc-b417-7586ac02424f.jpg,1,0.9841084,0.84990776,0.91700808,1
bf2e1fbe-6f96-4d91-ab66-d997b79ee384.jpg,0,0.020174934,0.0185706,0.019372767,0
aedfaeb9-58e8-4f31-8fa9-68fd1c6cb31e.jpg,0,0.049439296,0.014441322,0.031940309,0
9d3d2101-853f-434f-a946-687cb77c6692.jpg,0,0.013942127,0.02553869,0.0197404085,0
f98a57a2-9fee-4ffb-8a30-5ca9d7baed37.jpg,0,0.05887619,0.007157484,0.033016837,0
2c707118-e88c-4400-a0f9-733068cbd993.jpg,0,0.3648788,0.047826428,0.206352614,0
0bd4cf71-0d20-44ae-9d9b-0f0f6f194991.jpg,0,0.7343085,0.56774163,0.651025065,1
9ee9b428-6057-4ca5-8511-b3784aa5226b.jpg,0,0.9442996,0.22804612,0.58617286,1
4942508f-f13c-403b-b1c7-9549826d9067.jpg,1,0.9763017,0.9886284,0.9824650500000001,1
221ca6cf-b43e-4c43-b872-22118123a193.jpg,0,0.03591515,0.014185949,0.025050549499999998,0
7b464d72-6a24-4cc5-bf41-dc7e1e572506.jpg,0,0.023721628,0.03851188,0.031116754,0
98d6394f-7d05-4b51-8685-0bfd273d3981.jpg,0,0.020284448,0.047221366,0.033752907,0
e3c8535b-9f3f-4c84-ab57-78c846211c65.jpg,0,0.08438517,0.008888469,0.046636819499999996,0
1a8adf97-e5c4-4cbf-bd1f-c612f5731c9e.jpg,1,0.9744212,0.9622292,0.9683252,1
44d068ed-7f0c-4290-a298-7014a311e8bb.jpg,1,0.9677641,0.66251713,0.815140615,1
c759c428-a2bc-4345-95a7-40a50f727843.jpg,1,0.97032565,0.97323555,0.9717806,1
36a33cb5-a6a9-4d8b-96a5-daf7c1886b98.jpg,1,0.28833255,0.0241694,0.15625097500000001,0
e474a382-6bf9-4f16-a8c5-74a5d768027f.jpg,0,0.013800517,0.09267807,0.0532392935,0
1700609d-f7ed-46d8-8135-741ff33d2c4b.jpg,0,0.023261135,0.0032615492,0.0132613421,0
69e8dfab-ed31-4e2e-a3fa-01ddc608da06.jpg,0,0.01064586,0.0044206637,0.00753326185,0
2d357703-58ac-408e-a7d7-ebcd454662d7.jpg,0,0.082766905,0.078739315,0.08075311,0
81b36585-67cd-4519-bc36-9a13fa43b636.jpg,0,0.015293468,0.012858899,0.014076183499999999,0
73e18efa-fc5c-43ba-b947-09cf97ed1ba8.jpg,1,0.9743999,0.015114572,0.494757236,0
e068cc86-c554-471a-9648-cc1370212953.jpg,1,0.9784815,0.9742191,0.9763503,1
7cc446ee-4695-4635-8211-567f98fa21da.jpg,0,0.51155674,0.014979712,0.263268226,0
b7ae5e10-e664-4369-b29a-fedeb1f48493.jpg,1,0.9828091,0.9218892,0.95234915,1
2074aab5-c400-4d11-977b-fa391b692858.jpg,1,0.9734327,0.98773545,0.980584075,1
63ed8c87-c00f-4cc9-911a-16305a7b5205.jpg,1,0.85841894,0.80602264,0.83222079,1
9ed22add-b902-4121-94bd-ad471f4af164.jpg,0,0.066677,0.16730498,0.11699098999999999,0
c5167ff3-d23a-40d8-ac28-180c7a8c0a59.jpg,0,0.13352017,0.030590545,0.0820553575,0
66bc989e-97e9-49a3-ad9d-a3b89091177a.jpg,0,0.9189996,0.113094665,0.5160471325,1
16508fe7-128e-4159-8491-19390d8fcf0c.jpg,1,0.9848861,0.94703245,0.965959275,1
8504fa95-c61d-440d-9067-10f4e5fe815d.jpg,0,0.008534868,0.12046963,0.064502249,0
1ed7beac-5e6c-4a4a-a17c-bd6e3a99fba0.jpg,1,0.038548023,0.04402509,0.0412865565,0
ff1ab630-7e19-45de-9ff4-9baca8280afa.jpg,0,0.88941866,0.2556053,0.57251198,1
05b5d6a4-672a-4a4c-9568-d60623c1bfa5.jpg,1,0.43522358,0.16387618,0.29954988,0
0f68c302-e066-4fd8-b48f-10dd52cac2df.jpg,1,0.97135913,0.9835291,0.977444115,1
1f330c81-8033-4973-989e-edb658812a99.jpg,1,0.97585094,0.9665853,0.97121812,1
c15ceb44-3023-443e-90e2-8809d122dc0c.jpg,1,0.97745377,0.98228663,0.9798702,1
5e54a433-ff06-440f-805d-cdeb15b0b9e5.jpg,1,0.976324,0.80858177,0.892452885,1
27346b66-90c1-4eab-8dab-8df14059c74e.jpg,0,0.02140007,0.054500442,0.037950256,0
46b74160-72d8-414b-8bb0-4aebf733ad09.jpg,1,0.9435132,0.96337646,0.95344483,1
1765ad87-ac6c-41e3-8ec7-3f2bd379118c.jpg,1,0.980925,0.66294473,0.821934865,1
7ebbe201-49bf-405b-9489-108795ad624e.jpg,0,0.03343838,0.028097577,0.030767978499999998,0
0390e436-b142-45f3-aca5-cac619b0efb6.jpg,0,0.015683806,0.010555637,0.0131197215,0
13de8ec4-ad75-48d1-9d11-0505053e241f.jpg,1,0.9692351,0.95520973,0.962222415,1
8c464ad5-3a33-4269-ad78-d387da5df318.jpg,1,0.9774671,0.9882301,0.9828486000000001,1
895ac992-3c23-4c08-a474-c577e7608bf1.jpg,1,0.033784945,0.70440036,0.36909265249999995,0
a39f27db-a0f7-420c-a5e9-44a08e11852b.jpg,1,0.97510433,0.90918875,0.94214654,1
715b5454-7042-40e7-9974-9d79ab236251.jpg,1,0.9745482,0.9844319,0.97949005,1
177a26a1-1337-4ee4-9b51-7f8af2b3f202.jpg,1,0.23408234,0.94365746,0.5888699,1
7cf9298f-7642-4176-a3ef-63d101abdae0.jpg,1,0.08929727,0.8787239,0.484010585,0
1f17e673-b50c-4580-a048-e9d3f22d82d8.jpg,1,0.668019,0.29008353,0.479051265,0
d327dff0-d42e-4553-a2cf-34245e8dfa0f.jpg,1,0.9670921,0.9652524,0.9661722500000001,1
b45a77fe-5ceb-46b6-9b0e-c88e1f3ceec6.jpg,0,0.028425844,0.035794146,0.032109995,0
b98c7a22-7ff0-4417-9184-95ae9b83b584.jpg,0,0.6801793,0.1732639,0.42672160000000003,0
7d7caba0-052c-488c-8111-fc7745180df1.jpg,1,0.98120385,0.65843564,0.819819745,1
697b5be5-80a5-45dc-82cc-9d200d90580b.jpg,1,0.96919215,0.9806384,0.9749152750000001,1
3b927ea4-feef-42aa-8753-c7873fe16a60.jpg,0,0.037113074,0.027827913,0.0324704935,0
1a80db89-eb2d-4a7d-ac8c-9fd43259851e.jpg,1,0.9847633,0.8641794,0.92447135,1
d060dc21-281f-48ec-acc4-1fe8d2f83e28.jpg,0,0.10288824,0.043591898,0.073240069,0
91f0c5bc-84db-4487-bdf7-ee271080a2b3.jpg,0,0.9731558,0.01912237,0.49613908500000004,0
9b91ec23-c0e4-4b2d-a12a-c49ed71a5c54.jpg,0,0.029136976,0.012862052,0.020999514,0
547f6bca-6681-407a-b5fe-49e1e71bb081.jpg,1,0.9168647,0.9112744,0.91406955,1
fd7c5127-70a1-4b4d-9b3f-e6f8ac968f94.jpg,1,0.9746937,0.84816647,0.911430085,1
c33edd58-c115-4295-83df-bfbbc50a39f8.jpg,0,0.019861756,0.012001491,0.0159316235,0
2d354a35-f58c-44a7-8c49-90fb35a02ad1.jpg,0,0.033599045,0.09722584,0.0654124425,0
fc93c10e-868d-48e5-888b-651dd4482a31.jpg,1,0.97435623,0.9875909,0.980973565,1
5feee484-4ca5-4276-a9be-6ae9daa14e82.jpg,1,0.20088147,0.42063308,0.310757275,0
d766de7b-5403-497e-9a33-b79ae16ecf98.jpg,1,0.97507703,0.972636,0.973856515,1
6df90ecd-c079-450c-a875-8789f59adf67.jpg,1,0.98151165,0.8870362,0.9342739250000001,1
8580f6b6-1a25-4f74-b437-e1a35670e8c6.jpg,1,0.113838695,0.8134057,0.4636221975,0
3b80156f-64ad-4b70-ace8-f197ab7b04a4.jpg,1,0.054566123,0.08723922,0.0709026715,0
27dd119f-54e0-4699-8dd3-9a3d6ffd8cbb.jpg,0,0.02520801,0.005336291,0.0152721505,0
831b6bb0-ce52-4ef8-ba9a-063b74f29d0c.jpg,0,0.027879026,0.037605356,0.032742191000000004,0
4d865f1f-f99c-4515-8665-2a1dfa1688bf.jpg,0,0.13603033,0.03449034,0.085260335,0
58093753-fe37-4dbf-8f60-0a92213a41ca.jpg,1,0.8500957,0.62426984,0.73718277,1
cdb3a26a-fb08-4f50-a3e8-f0353076ef2e.jpg,0,0.7356183,0.024197124,0.37990771199999995,0
fb7537be-609e-42aa-b1e7-abf5c717dbcb.jpg,0,0.17512418,0.028850744,0.101987462,0
defb1b69-bdb9-475f-b3a1-b4e0f277d7ac.jpg,0,0.23641762,0.15849794,0.19745778,0
ed7a45e1-9f58-409b-b30f-105444cbff1e.jpg,0,0.05402513,0.021050837,0.0375379835,0
f89370d6-6d1c-4a83-924b-b7d3984d7497.jpg,0,0.020988904,0.008462911,0.0147259075,0
bb4c49d7-acca-4b22-a1ad-d6243edd023b.jpg,0,0.97529775,0.8581106,0.916704175,1
169804fe-8a76-4f6a-83c4-9493692122f7.jpg,0,0.049447615,0.02272891,0.0360882625,0
10151c39-43da-4bb7-aa0b-c607bd0e99a3.jpg,1,0.6872575,0.32910153,0.5081795149999999,1
3cb6a505-89d6-4d28-94be-3391820afafc.jpg,1,0.27223122,0.767346,0.51978861,1
fa693bf0-035a-469b-8860-e227ad0a8b56.jpg,1,0.75600207,0.5369513,0.646476685,1
f6dc128d-5c05-42f2-8771-de2033bd8d27.jpg,1,0.7112565,0.11566771,0.41346210499999997,0
bf3d3e80-f6c8-4ba2-94c8-e8addb6f43b5.jpg,0,0.05180935,0.0059689227,0.028889136349999997,0
59d02997-7bca-4148-8a8f-1a46bbeeb5e7.jpg,1,0.9041945,0.6387928,0.77149365,1
38ce1882-09cc-4ee8-bcd3-39f955e5866c.jpg,0,0.04301487,0.26801142,0.155513145,0
24880a95-be68-436a-9f53-dcf94a2437a7.jpg,0,0.027816081,0.12879078,0.07830343049999999,0
734c16d4-f322-4544-b104-b7c843924159.jpg,0,0.35088927,0.012131926,0.181510598,0
60ce596a-19cd-4011-a8c8-9872e1ab8912.jpg,1,0.97624433,0.892296,0.934270165,1
2306efd4-be2e-43f5-9f71-8ddd44d15e01.jpg,0,0.028561207,0.048965033,0.03876312,0
8eb5d772-83f7-4ff1-8ae8-de4201c2bf3c.jpg,1,0.96848875,0.8866591,0.927573925,1
967dcbf3-b50e-4f71-a522-1fb44c83c6b6.jpg,1,0.98288697,0.8774926,0.930189785,1
f4826527-5b91-48de-83cd-dc05d4ed246c.jpg,0,0.016278662,0.04153556,0.028907111,0
8c777e19-7874-4d01-9480-1a9dd456dd9a.jpg,1,0.9852497,0.9735477,0.9793987,1
6b083cae-d63b-4163-a37d-f1309f07da43.jpg,0,0.026126387,0.010253609,0.018189998,0
06a90bf4-02b9-4322-84a6-f168e5ebc8d8.jpg,1,0.077105895,0.5733172,0.3252115475,0
4d7dae1d-3984-4560-8799-4a32a3b4dce0.jpg,1,0.9847499,0.9842434,0.98449665,1
87f057c0-852f-4674-8a2e-acb3a76e24e3.jpg,0,0.056176756,0.07013677,0.063156763,0
04a191da-7ebf-4a1a-a29b-4a414adbf21b.jpg,1,0.97646195,0.96892077,0.97269136,1
8d072cf4-8ce2-42fb-b353-f03e03897dde.jpg,0,0.05288439,0.106895745,0.0798900675,0
91ed6e4e-764e-41ae-9277-c9544dfa5f0b.jpg,0,0.10733635,0.091562964,0.099449657,0
3d151543-c583-4604-bd0b-57d11c0643b1.jpg,0,0.013172297,0.059761733,0.036467015,0
8873bece-bcf9-4e64-a419-fa5971b4898c.jpg,0,0.034600127,0.009546365,0.022073246,0
4bc75b43-e5cb-4a93-9961-ecc4893766c9.jpg,0,0.029845681,0.00516962,0.0175076505,0
bad0ee31-1a2e-4546-a5d5-84099b11a42b.jpg,0,0.39496285,0.10913392,0.252048385,0
e0e94d20-58a5-4e64-8aaa-98d18978c2a0.jpg,1,0.49613515,0.33600503,0.41607009,0
d4136565-4086-4174-a044-ca7a941c8748.jpg,1,0.97438395,0.81803846,0.896211205,1
ae2112fc-58e7-45fb-97e1-4a5b28fa3b39.jpg,0,0.013647153,0.021329008,0.0174880805,0
f71da0ab-1987-46d3-b957-1f438fd98c52.jpg,0,0.020340998,0.010020248,0.015180623,0
42291d00-a589-4dfb-96ed-745a6d3fa9f8.jpg,1,0.9723709,0.98356783,0.9779693650000001,1
11aadcca-8d2f-4d08-ad56-105566597199.jpg,1,0.9699186,0.98033935,0.9751289750000001,1
0618fa62-6c19-4844-b408-b42ce48c08eb.jpg,1,0.9751242,0.9063288,0.9407265,1
1a527b27-07d0-443a-9133-2084edbf08e4.jpg,1,0.97755057,0.89930063,0.9384256,1
6f4f1520-32bc-4471-9407-5c2b086b678b.jpg,0,0.8696464,0.029294815,0.4494706075,0
9d1b4546-4f02-4236-a39f-4f62d0d9065a.jpg,0,0.47793448,0.0746518,0.27629314,0
b07b5a7c-8e88-4e6c-8352-8203a2dca1cf.jpg,1,0.964138,0.9935421,0.9788400500000001,1
c07728a7-dcde-4bc4-961c-447e17b24c68.jpg,1,0.9642496,0.8592677,0.91175865,1
56bcab93-efa1-4d73-b23d-d718a168c63d.jpg,1,0.32638156,0.92480254,0.62559205,1
f489a7ff-c86b-4665-ba54-4a2419a4c784.jpg,0,0.014629714,0.035087965,0.0248588395,0
ff08f115-2cfc-4480-be63-23a47742eae1.jpg,1,0.8775238,0.8737403,0.87563205,1
24132452-20cd-425b-8198-c09ecd4f5af8.jpg,0,0.1981583,0.054434255,0.1262962775,0
c64023ff-1b43-401b-bc4c-90b55e8a70f4.jpg,0,0.018796472,0.013365544,0.016081008,0
fe60eac7-7a97-429a-8430-2aca765868e3.jpg,1,0.9686636,0.575443,0.7720533,1
78860e46-25d6-422e-ac29-06b3ab5cf01f.jpg,0,0.15456721,0.08076706,0.117667135,0
209127e4-25e3-48d1-a5af-bd71457c5df3.jpg,1,0.94221246,0.534154,0.73818323,1
81b2a6a9-b33e-431d-989f-08e9893de14f.jpg,0,0.32320917,0.2409497,0.282079435,0
5aed506c-b4c1-4e79-aac9-2e57db227c3c.jpg,1,0.8560487,0.6659446,0.76099665,1
ec578e30-91f1-46b7-9006-089d4d871ff2.jpg,1,0.59858626,0.11844018,0.35851322,0
a3152e5a-d11b-4842-9b38-78f06f7c90b6.jpg,1,0.96046495,0.84794223,0.9042035900000001,1
58294ed0-d7e4-4079-9af7-95dfc9f4435b.jpg,0,0.8998372,0.13726363,0.518550415,1
30521e40-998d-4d68-a3c3-e3142a8ea7f9.jpg,1,0.976298,0.96064186,0.9684699299999999,1
c1283cc1-7a12-427b-a515-7076a213045a.jpg,1,0.97596663,0.7748036,0.875385115,1
24c4d5bc-70a9-4d09-b8cf-d882960aed75.jpg,1,0.6534457,0.8341697,0.7438077000000001,1
413e55e7-78ed-49ab-971b-2ede4b2f0064.jpg,0,0.006770482,0.0066380873,0.00670428465,0
81a25fbe-ea60-45ca-8eaf-bae091828623.jpg,0,0.039279018,0.0391807,0.039229859,0
a9113570-36ae-4b5d-b3ea-e5765e9f9fbc.jpg,0,0.9142,0.9047708,0.9094854,1
c60cc90c-e364-42e1-8af4-4100bc7979de.jpg,0,0.6526769,0.1868351,0.419756,0
abb1f97c-37d5-4047-9ca0-62a0d5e1dcaf.jpg,1,0.53738385,0.30727363,0.42232874,0
4ebdbc5c-4a59-44ba-aa71-e460f17557d5.jpg,0,0.03470888,0.042845424,0.038777151999999995,0
8e285c20-9b3f-4b23-ae54-7c6a3bc0cea6.jpg,0,0.020875406,0.012475199,0.0166753025,0
9be7aabf-e2bf-4a47-b33d-fe1b01959dac.jpg,1,0.97113806,0.8483208,0.9097294300000001,1
f2d2f9d6-1cd1-405e-a61f-9e70b1381638.jpg,0,0.026659867,0.032353617,0.029506742000000002,0
69d0d13f-8008-44fd-b023-258a4591ab07.jpg,0,0.036918756,0.036912713,0.0369157345,0
8419d2f1-cee7-443a-b8e0-a475734e6820.jpg,0,0.017181356,0.009215808,0.013198582,0
705ae111-c9b1-4596-969c-5fc2c426e62c.jpg,1,0.9707756,0.8900889,0.93043225,1
b23d561f-1d3b-4855-b79f-41f947e71d21.jpg,1,0.9796307,0.98565346,0.98264208,1
e2aac52c-a152-4fd0-8f5c-3eed317cf983.jpg,0,0.029981958,0.027794646,0.028888301999999998,0
e0b30838-5a77-4e5f-90e5-a81827c37dd4.jpg,0,0.0132831475,0.0146485325,0.01396584,0
2de968f3-cbf7-4ffb-ac29-1455605323c0.jpg,1,0.9721149,0.9671988,0.96965685,1
153db709-818b-4458-b7df-b40a8b0f21f9.jpg,1,0.98003286,0.98926455,0.984648705,1
6f125c75-fed8-45e7-a423-906da508d969.jpg,0,0.020293918,0.024483835,0.0223888765,0
d93ebbfa-b8f1-482c-9f26-d295191790e6.jpg,0,0.15316942,0.1051138,0.12914161,0
563e06eb-7876-4092-9c40-1c4f4cbfad70.jpg,1,0.97957534,0.9815491,0.9805622199999999,1
e0ad4c57-3503-4c0a-ba3d-dd7cc1ace058.jpg,0,0.024692923,0.034255996,0.029474459499999998,0
f8dd9683-c0c9-4d93-886a-6adbddd0f949.jpg,0,0.1844334,0.019897357,0.1021653785,0
d5f139c9-c74d-4417-9f1c-606b8529c808.jpg,0,0.96997696,0.41029137,0.690134165,1
b0bb9709-d511-4629-8ec8-e16dbadf40f6.jpg,0,0.037111375,0.06440325,0.0507573125,0
ac8f5d76-545f-4d32-9c25-3759da0426f6.jpg,0,0.97178316,0.35471758,0.66325037,1
8f7b345e-3114-4176-9271-dbfabafe79a5.jpg,0,0.018260492,0.008339603,0.013300047499999999,0
39448638-bf26-41ab-8f4f-50a0c914abc7.jpg,0,0.1347366,0.027157938,0.080947269,0
18e6e9c2-d565-4b3c-93c7-27c4e59022a5.jpg,0,0.01256789,0.006531371,0.0095496305,0
3a2396fa-d0a2-4845-b8cf-97bb5b4ac38f.jpg,0,0.026664851,0.022778446,0.0247216485,0
cddfee10-b09e-4153-ac22-7bc99d1603f9.jpg,1,0.98172104,0.9743245,0.97802277,1
3da7e13a-aa87-4f32-85d5-a59d98dd50c1.jpg,1,0.9815638,0.846427,0.9139954,1
b81f8c36-f692-4df9-a24c-d5894260db67.jpg,1,0.9883194,0.9458104,0.9670649,1
fc8e37a1-2fb9-4ce5-9a2f-4e39c829209d.jpg,0,0.050174046,0.015052445,0.0326132455,0
9f85fdad-60d4-4d97-81bd-b95fdfd85345.jpg,0,0.022786442,0.012640609,0.0177135255,0
3664441d-8b15-420f-a0ba-dd2b82944932.jpg,0,0.23021042,0.7911786,0.51069451,1
a22c811b-fa32-403e-aa62-1df093ce6087.jpg,0,0.028921125,0.03375714,0.0313391325,0
c01b5117-f485-4918-a6d8-5296ba2e1d62.jpg,1,0.9766857,0.86284256,0.91976413,1
e5bcf4af-c6ff-445c-baae-e2bc3483d983.jpg,0,0.02877795,0.0186993,0.023738625,0
a6aa064f-bd08-47d9-bcb8-418db1e8dbc4.jpg,0,0.9327105,0.47566804,0.70418927,1
1727a142-7048-498a-8b58-15a3ef47c85e.jpg,1,0.94198734,0.8680652,0.90502627,1
09565b94-b1b5-412e-8a53-9720e2ed8c00.jpg,1,0.96647745,0.9775443,0.972010875,1
e5ce2a06-b69f-4743-be01-ce860c3f3e6e.jpg,0,0.106919795,0.025838954,0.0663793745,0
eb0d2d57-58ee-4289-af1e-14a45c5b6220.jpg,0,0.7622352,0.9154689,0.8388520500000001,1
57e1b081-395d-41c2-8c6b-5eff7bd85b13.jpg,0,0.49027482,0.022429684,0.256352252,0
8eb41a05-7e01-40cf-99b4-ed1d60bfb258.jpg,0,0.15712179,0.44296798,0.300044885,0
140fe191-614d-4186-b9ee-67ce4f3d1018.jpg,1,0.9583189,0.9552503,0.9567846,1
142e972d-51a3-420a-86d6-7d717619ba36.jpg,0,0.055340085,0.065563925,0.060452004999999996,0
4473e05d-6cdd-43c2-be79-942da057d197.jpg,0,0.021418234,0.048650417,0.035034325500000005,0
b496b203-f61e-4d98-986d-0d5c7ba7f232.jpg,0,0.9520403,0.6132967,0.7826685,1
daf1f0d5-3024-42c6-9937-18de1ad9a434.jpg,0,0.034333184,0.04060953,0.037471357,0
fb0617f4-b28c-43d1-a4f8-edf4a5a35371.jpg,0,0.015431709,0.05792444,0.0366780745,0
2208a0c4-7730-497f-9ab3-6e0e5f49926e.jpg,0,0.0099216625,0.09252114,0.05122140125,0
429ee8f1-b86c-4dca-b534-c1703cf37c37.jpg,0,0.023336248,0.29076156,0.157048904,0
3cf74e08-0675-493a-a72f-cfc2b66c98ae.jpg,0,0.8879724,0.45515677,0.671564585,1
2ff83bb8-5df0-4da7-bb0a-9c6c256ad02b.jpg,0,0.0209032,0.013585428,0.017244314,0
8d766b2a-fd42-4a8a-b2c8-1b177ada1ce2.jpg,1,0.0322905,0.12768152,0.07998601,0
6074a65b-7ac7-4005-b8a8-d5f7521d6000.jpg,0,0.28398708,0.105354704,0.19467089199999998,0
b26b9ee4-6aa8-4a8c-bdbe-2bffbd14868b.jpg,1,0.9650674,0.9735074,0.9692874,1
cab5d2b7-df9e-4ce0-86e5-5d5369776cdf.jpg,0,0.038394265,0.10533353,0.0718638975,0
d30812d4-2cfe-4cec-9c23-4075ff37a385.jpg,1,0.9320111,0.9094216,0.92071635,1
0695d371-5162-4c0a-a36d-5d237f7d0f9c.jpg,1,0.97962016,0.26574403,0.622682095,1
76173263-b198-4704-bab3-c09e29afe456.jpg,0,0.023779828,0.0038448116,0.0138123198,0
54da968b-f8be-4fff-98e5-f811bafbcbd1.jpg,0,0.04856984,0.06631988,0.05744486,0
43f3691b-2ab0-41e7-98bf-0c42e297258c.jpg,0,0.020012187,0.006036043,0.013024115,0
84d752b5-554b-4e9a-af3d-6f544acc2ee1.jpg,1,0.968971,0.87383217,0.921401585,1
4882b949-72c0-4dd2-b0d9-49a6c6049fbc.jpg,1,0.9766074,0.9792236,0.9779154999999999,1
78d8cbac-009b-4adc-a9b7-28abcd1b6a63.jpg,1,0.97977614,0.96619564,0.97298589,1
ca06d696-b620-4e97-8218-0d273d1d3eae.jpg,0,0.009389117,0.008629774,0.009009445500000001,0
9b7a9a57-1e31-4e9d-bf65-08238ec2bffe.jpg,0,0.1766998,0.023483578,0.100091689,0
b9bd9833-7fc5-4980-99ec-76de65aa1e9e.jpg,1,0.97418743,0.9791591,0.976673265,1
a803acad-1db3-4818-af05-50767fdc4c40.jpg,0,0.042720582,0.015087175,0.0289038785,0
f22d9629-8f65-4b90-86ac-3d53e7d8ab2f.jpg,1,0.10243805,0.04088475,0.0716614,0
15d51ae4-c97a-431e-879c-7bd5a34b42e4.jpg,1,0.9808803,0.9803949,0.9806376,1
4170c14a-6f1b-4589-8458-1012ec4cf95a.jpg,0,0.009909305,0.027387591,0.018648447999999998,0
c2050e4f-35c6-45d9-9056-26761ff917ed.jpg,1,0.97679514,0.19820555,0.587500345,1
08275f82-a2ee-47d3-9239-9a782181cb7c.jpg,0,0.027198475,0.010559832,0.0188791535,0
ef75127b-beb2-4a0b-9bf4-522832bded95.jpg,1,0.19248573,0.19138654,0.191936135,0
ad2879df-c63f-4a10-92b1-b7a8288db6d7.jpg,0,0.043501105,0.009054341,0.026277723,0
52cca418-8196-41d2-9e4a-43803b844472.jpg,1,0.6156421,0.95197797,0.7838100349999999,1
6b8c196b-79be-49ad-9445-26107a3c5328.jpg,0,0.018500702,0.021556994,0.020028848000000002,0
e42cfafb-63cc-43d0-8c4e-f27c8b7e0fba.jpg,1,0.9783638,0.9493104,0.9638371,1
faedc7f9-8673-4d4b-ab61-5b0455c9bf27.jpg,1,0.9795639,0.8829538,0.9312588500000001,1
cf56f569-5e19-4314-a905-5b63ffda0a29.jpg,1,0.07271396,0.24595933,0.159336645,0
2da976e8-2758-4464-a390-e9573edc4088.jpg,0,0.28367242,0.17550485,0.22958863499999999,0
b450b796-5fb1-4bb9-b169-b2e5a19adc5c.jpg,1,0.91986513,0.9642562,0.9420606650000001,1
f1975628-b94a-487d-8253-ec38af7cde3f.jpg,0,0.14931726,0.81191313,0.480615195,0
cc1c050f-5a67-495a-b0dd-ce4aef3e0ebc.jpg,1,0.9107421,0.9265222,0.91863215,1
b2f62559-ff7c-4fca-b3a3-cf4e854ca973.jpg,1,0.95438546,0.96713644,0.9607609500000001,1
fcbb8cfb-71db-428f-8819-a9bc33e6d6bd.jpg,0,0.049009774,0.2698499,0.159429837,0
475e1b79-34b8-40b9-8583-4a220c54431b.jpg,1,0.93984854,0.9358376,0.93784307,1
177b912d-86df-4f3e-bbee-2a296fbe65c4.jpg,0,0.024772275,0.008556506,0.0166643905,0
97389e8a-28dc-4cc1-89e2-33f55c2a31c8.jpg,1,0.9671742,0.8622577,0.9147159499999999,1
2e81f4c6-ce9e-4806-8535-91170ebdd5d3.jpg,0,0.033600733,0.26365623,0.1486284815,0
57c462c8-d98d-4b47-96fe-c6add45262fb.jpg,1,0.97060883,0.95983386,0.965221345,1
4c2eb1ca-f502-4b8a-9f2d-de371e2c9dbc.jpg,0,0.38878646,0.016089289,0.2024378745,0
250d8952-4294-4998-82ec-7a506eab8ce1.jpg,0,0.015459547,0.011180941,0.013320244,0
a4832d22-f812-4572-9f3d-fddfa72426e5.jpg,0,0.45546287,0.17048304,0.312972955,0
f6d15f0f-e057-4b6e-b0bf-7ee3c79385a8.jpg,1,0.0753804,0.069645986,0.072513193,0
ea76417b-43a3-487d-9395-37e863501c0f.jpg,1,0.9816867,0.9800673,0.980877,1
ec9944a5-71dd-4028-bbf6-29419f7e7eae.jpg,1,0.9840019,0.9786809,0.9813414,1
5f00fecd-a438-4b78-a3e5-948e03bd86f8.jpg,0,0.9184479,0.20019732,0.5593226099999999,1
c4e823f7-fca0-456b-98c5-16458a38fb4a.jpg,1,0.97818017,0.9760625,0.9771213350000001,1
cd10c3c9-b721-4d99-b686-8ac8bc419006.jpg,1,0.9835429,0.9851254,0.98433415,1
0fbacba7-e960-477a-b587-c2e1fb7bb85b.jpg,1,0.909645,0.95165783,0.930651415,1
fde032a2-8c17-45d4-88e7-c5d171420d97.jpg,0,0.01359861,0.109719284,0.061658947,0
7b610db2-493b-4dfa-8b67-c06d62c0bdc5.jpg,1,0.018628195,0.034762323,0.026695259,0
460bd985-317b-403e-8d4e-17f2569b8c41.jpg,0,0.2406424,0.13743539,0.18903889499999998,0
e617a906-3e27-4513-9df0-641cf3dd300c.jpg,1,0.96977544,0.8026853,0.88623037,1
5aab6eb6-8cf6-45de-9de8-cc6f06d40eac.jpg,0,0.015814427,0.12490816,0.0703612935,0
0bf43c69-fa3e-4ebe-b060-2289759ff2df.jpg,1,0.974128,0.98126435,0.977696175,1
8285ee58-acd1-461c-acbd-55c7d2b77e3d.jpg,1,0.97476393,0.58286047,0.7788122,1
7adf9c34-e0ae-41b4-aeb5-56713313b980.jpg,0,0.030354906,0.023658091,0.0270064985,0
ab7d9c20-f75b-49fc-a34b-a95d9c0955bc.jpg,1,0.89989704,0.49266598,0.69628151,1
81b25069-7fba-45e0-b2f9-b1e9ae6386af.jpg,1,0.0837399,0.8485441,0.466142,0
2bbdec5d-06ff-4e95-9889-260b96de3f09.jpg,1,0.97501624,0.932627,0.95382162,1
fb8689d3-1a89-4671-8b4b-534659cbdea7.jpg,1,0.9674575,0.93243253,0.949945015,1
afd3499b-1fa0-4544-9203-de9c14051fe1.jpg,1,0.9584111,0.7079777,0.8331944,1
c21008f1-ebbb-4f17-8bdf-8b3fd53c8fbe.jpg,1,0.9654447,0.8620616,0.91375315,1
65eed627-d197-42f8-add2-659e4f3054d7.jpg,0,0.44155586,0.8260773,0.63381658,1
e3fe405e-efc3-481d-bef7-60d129c2a0b3.jpg,0,0.113288134,0.18139826,0.147343197,0
a9b1fed0-15dd-498b-acc0-50959b12fa02.jpg,0,0.09304532,0.90600973,0.499527525,0
8be77686-ad37-4dff-87cc-a2f04ad7f782.jpg,0,0.01777214,0.02351864,0.02064539,0
9bd09d1b-099f-432e-931a-98425670da2a.jpg,1,0.054992843,0.25763652,0.1563146815,0
d27b8444-eb64-49cc-ad8e-ef97c3f665cf.jpg,0,0.018331055,0.036615923,0.027473489,0
b0976e0f-9d10-42bb-a07d-789529c9a14b.jpg,0,0.013823328,0.037250765,0.0255370465,0
01322d4d-6f6f-4646-9d90-e21d202eef8b.jpg,1,0.9159914,0.68161243,0.7988019150000001,1
f7c86843-5d02-4188-8fb7-7944ecbe0448.jpg,0,0.58580023,0.63893145,0.61236584,1
fd936149-08bd-48de-b124-356bec7e956f.jpg,1,0.98365223,0.9832659,0.983459065,1
206b7b1a-5567-450e-8168-71f3433f7884.jpg,0,0.022062108,0.021965785,0.0220139465,0
1373e279-cab9-4e4a-a73c-045d90974c3a.jpg,0,0.077707484,0.16492684,0.12131716199999999,0
fc95c992-40ea-4158-afdf-709f7d7b06e9.jpg,0,0.023436237,0.07321919,0.0483277135,0
a6ad1ab9-d5a0-4bd3-bdef-0b6f4155e63d.jpg,1,0.97081864,0.9738187,0.9723186699999999,1
75bd47a1-b514-4c85-bdd2-5a6e5583ce55.jpg,1,0.9340242,0.5999246,0.7669744000000001,1
8fdf9136-802f-42b9-89ee-62455dd41610.jpg,0,0.23945877,0.04635745,0.14290811,0
f27197cd-98bd-475c-91a3-b1fdb9a4c7e4.jpg,0,0.07034413,0.049481813,0.0599129715,0
f8c6278e-d8e9-48f8-ac2e-693539303c24.jpg,0,0.9376668,0.63065374,0.78416027,1
496e7418-a15e-468e-ab32-c869f05434db.jpg,1,0.9481778,0.26562142,0.6068996099999999,1
0d76c8e3-b6ed-400a-bc39-8459a21fdd5f.jpg,1,0.98000216,0.93530786,0.95765501,1
a304bcf8-565c-4c9b-84c3-34cbac765aaf.jpg,0,0.95929205,0.5483661,0.753829075,1
d16e4dee-2c73-47fd-946e-9bc55f6eb806.jpg,1,0.9791846,0.94845164,0.96381812,1
c9705198-4f5d-41a5-94b6-b49cef8e07ca.jpg,1,0.95751524,0.84770644,0.9026108399999999,1
8930d02c-acc4-47bc-b177-bcdfc129b1a2.jpg,0,0.041009877,0.02109139,0.0310506335,0
d506cd52-51da-474a-aae0-70ca493cb783.jpg,0,0.9598319,0.76806486,0.86394838,1
fdd452f6-b440-41bd-920c-7fc10c0b5011.jpg,1,0.97458017,0.97903824,0.9768092049999999,1
c236c572-218b-4147-a24d-f3191146d555.jpg,1,0.96197826,0.4359857,0.69898198,1
2bd2a8d8-207d-4c4a-a1fe-8322313f9d6a.jpg,1,0.6238339,0.58737296,0.60560343,1
d27a927d-fafa-4c73-9284-42f5be60c03c.jpg,1,0.9802145,0.9683431,0.9742788,1
0ba2839f-3e82-46ff-a58a-5a7ece51ce58.jpg,1,0.9817146,0.97788393,0.979799265,1
24a96c2c-6117-4a83-ae5e-b48546d11c96.jpg,1,0.9229848,0.83338755,0.878186175,1
ece1ad13-b612-4a41-b5ea-079320618e4e.jpg,1,0.9759193,0.982913,0.97941615,1
63cd6c73-5c16-428d-834c-3b6914830f40.jpg,1,0.95995885,0.7252393,0.8425990750000001,1
f90c613e-7c2b-4ce2-a040-8be30c9544b2.jpg,0,0.019681161,0.011754994,0.0157180775,0
a1fe5a17-6320-4c17-b80f-042ec8a9e7e7.jpg,1,0.9820904,0.9768198,0.9794551,1
ccdf1e39-d4da-4e04-bed8-b5855f67a3e9.jpg,0,0.90331215,0.6448267,0.774069425,1
0ee8d21c-6ace-414b-95fa-e3dfad1dd55c.jpg,1,0.9715897,0.9916524,0.98162105,1
568c8ec9-c410-4bda-9cd4-661e5559f98f.jpg,1,0.9283138,0.37951896,0.65391638,1
7e9449dc-4bb1-4713-8684-595d75c91078.jpg,1,0.9800331,0.97188956,0.9759613300000001,1
af780e6b-1e02-499a-9ef2-7bc764dd724f.jpg,1,0.97551733,0.9745,0.975008665,1
d8d03ad1-f0b1-48a2-8ce8-9e1f7ef01224.jpg,1,0.93114966,0.605043,0.76809633,1
92f772b5-e5b4-4fb5-b78a-62c93bf59c94.jpg,0,0.022940805,0.012652179,0.017796492,0
9242c385-a53f-403a-8e83-0e6063bb84f5.jpg,1,0.99369425,0.96261024,0.978152245,1
02b5c17e-fcc1-4660-80e9-52c3520556a2.jpg,0,0.04345793,0.037115067,0.040286498500000004,0
800125ef-2d06-45f8-87dc-bd3da77c0b6f.jpg,1,0.9703231,0.87129617,0.920809635,1
1d4c6b73-28eb-4ebb-ba34-e8e4eacaaa99.jpg,0,0.4607847,0.06992433,0.265354515,0
afd91406-7d5b-435a-907e-444939dbc5c8.jpg,0,0.8037495,0.16312532,0.48343741,0
0b4474e4-5a84-4ff9-9641-c0b39ae6f1d2.jpg,0,0.98105067,0.72358376,0.852317215,1
b38b19d6-87a1-41c3-b7bc-33de2c0a310c.jpg,0,0.48383066,0.063225806,0.273528233,0
301cf95c-3d1c-4018-9cf7-2911b85df96f.jpg,0,0.037635643,0.015667444,0.0266515435,0
753ab1fa-ca31-4710-8352-248f22558a65.jpg,1,0.98047894,0.87819743,0.929338185,1
87e81f42-d021-4f67-af72-0315653e797f.jpg,0,0.59543836,0.12982407,0.36263121500000006,0
831c3214-78e9-4fb0-97c0-3ac64689980e.jpg,0,0.103956446,0.10785746,0.105906953,0
473888d7-a326-4030-a280-699bafe3e565.jpg,0,0.019321695,0.013101995,0.016211845,0
5c239fa9-aa14-4ea8-a194-2927af6cf2bf.jpg,1,0.32236394,0.24228469,0.282324315,0
fe8e766d-e709-437f-8121-4216de9f8cf8.jpg,0,0.6036979,0.22374196,0.41371993,0
54e1b549-03f7-4f36-a4a8-bbbfccc18960.jpg,0,0.022767669,0.017124264,0.019945966500000002,0
0334055b-1d5c-48f7-a0d2-8f376e0efb15.jpg,1,0.9766193,0.98132366,0.97897148,1
5d8ab102-4533-40ec-91c5-50ede80480eb.jpg,0,0.013125001,0.014219919,0.01367246,0
539d1591-4102-4770-bfd5-85273d9fe437.jpg,0,0.5012797,0.23600872,0.36864421,0
6e526f3a-fbb9-4609-9154-60fc8aace8d2.jpg,1,0.96862775,0.9803904,0.9745090750000001,1
f713d905-5dc8-4295-95a4-b469f3f4d01a.jpg,1,0.9739895,0.9428154,0.9584024499999999,1
47198fe3-91c3-4b00-a447-f8785fe1c24d.jpg,1,0.98026514,0.966525,0.97339507,1
7be190ed-db6c-4fe3-bc94-ddb904cc3a11.jpg,0,0.010210838,0.22512832,0.117669579,0
3e46546d-4c59-425c-a2db-eec746938e60.jpg,0,0.019323181,0.0046616057,0.011992393349999998,0
cb44c5f5-e876-40f4-bb26-e9da54b99cb5.jpg,0,0.24352647,0.10728699,0.17540673,0
fe7c4b64-3ce1-4277-a356-384fac4ee5d2.jpg,1,0.98152494,0.85031193,0.915918435,1
f0be38cc-9ec8-4e93-b59b-bd3841dddf59.jpg,0,0.26883838,0.42769107,0.348264725,0
d4b50453-b4da-4a41-8980-6c093d3ed562.jpg,1,0.55066735,0.7798995,0.6652834249999999,1
01f96f82-dbeb-499a-9f99-ed8d82161624.jpg,0,0.077952735,0.08946991,0.08371132249999999,0
8c633fa0-487b-4526-ae39-6594d0bfede4.jpg,0,0.5243709,0.08394645,0.304158675,0
61d351ec-4c6c-48c6-924c-b44dd97e93ef.jpg,0,0.013902052,0.00870027,0.011301161,0
ef23de66-efd2-4b55-a72e-c28ed56726c6.jpg,1,0.97625047,0.9839761,0.9801132850000001,1
b3a145f6-2622-4d10-b389-929dea9210c5.jpg,1,0.9721467,0.96239996,0.96727333,1
9bdebfed-6ef2-4fb5-b77f-b7579d8fe4b4.jpg,0,0.92730963,0.64102614,0.784167885,1
172403ff-89d1-48a7-80d8-470fb7a71975.jpg,0,0.22735755,0.13383275,0.18059514999999998,0
0ab941e5-7cff-493c-866c-9f86cc1bb533.jpg,0,0.019837476,0.017203998,0.018520737000000002,0
19adc69b-31a8-4fe5-8060-20f7238dc4e6.jpg,1,0.982818,0.96140724,0.97211262,1
d90b51e0-b940-4d6c-8dff-f139d0d7c1f0.jpg,0,0.030593382,0.010209045,0.0204012135,0
e001b66d-4bed-4731-a66a-44049701b29e.jpg,1,0.9528137,0.9458155,0.9493146,1
4cfab3de-03b5-416c-89a4-b4d1f96768c8.jpg,1,0.97854555,0.8684895,0.9235175250000001,1
963ccfa1-5186-4bca-bfd8-1aec024de372.jpg,0,0.068056084,0.048883222,0.058469652999999996,0
4bf6906a-5cdd-401a-9369-e7b6ad547ca0.jpg,1,0.9701742,0.9697449,0.96995955,1
41bd6864-4356-4b0c-96fb-d6c3745d6abb.jpg,1,0.9639122,0.8726151,0.91826365,1
d7e8a4d5-d9aa-4d25-b970-0173a95c18dc.jpg,0,0.09266801,0.033528328,0.063098169,0
d5dbd6bc-f66b-41f1-bee0-83ae5e233bf4.jpg,1,0.95592105,0.3993462,0.677633625,1
869b292a-cf1b-49be-9f04-1aee60f9ca03.jpg,1,0.94253576,0.9671563,0.9548460299999999,1
20a92cf0-1f5c-49a5-9b94-96235f7ead30.jpg,1,0.95859396,0.8357095,0.89715173,1
2376f10a-a8d3-4692-bb3b-ea7240889f90.jpg,1,0.97639966,0.99010533,0.983252495,1
582d7bb5-5517-46a2-9b73-29f636f7d40c.jpg,1,0.9788173,0.9796683,0.9792428,1
a06f25b3-9ce6-44b3-b647-2fa73be3bc5b.jpg,0,0.019846406,0.0033132713,0.01157983865,0
a87dbe71-9248-4a7a-bb87-6d7a1e56dad6.jpg,1,0.97326636,0.9921415,0.98270393,1
a6a5c151-bcd6-4f57-b468-8d5b72104642.jpg,1,0.06950208,0.0604335,0.06496779,0
1dd72c0f-c994-4b42-982a-9002482543cd.jpg,0,0.6500645,0.18831816,0.41919133000000003,0
57117307-3690-494f-a360-1af17404fa11.jpg,1,0.9811461,0.9885717,0.9848589000000001,1
34f6d252-f029-47fc-9e96-6de1aba338c4.jpg,1,0.9682281,0.5478163,0.7580222000000001,1
f3022329-5742-45ea-b7dc-3d507a2ed378.jpg,0,0.03916284,0.013642903,0.026402871499999998,0
bbd97dc8-004f-4d5f-ab9d-f0f48cb72d1a.jpg,1,0.96398157,0.9348784,0.949429985,1
22007675-d4a1-43f0-ab8d-df35267b6d83.jpg,0,0.7805576,0.7462005,0.76337905,1
7ac38c71-73b4-48f5-8a88-bc61aa7f71a9.jpg,1,0.95382905,0.975568,0.964698525,1
7657ff16-7e49-468f-b36d-f35907d75d69.jpg,1,0.38513422,0.60728467,0.49620944499999997,0
688729db-61c9-4954-b183-b8ffd6088d69.jpg,1,0.68208265,0.20596527,0.44402396,0
7aa1f79d-c8a6-4c02-9b8d-01a2adc17b05.jpg,0,0.03812259,0.10948976,0.073806175,0
f5c7ff8e-663e-4b6f-b48a-21e42ddeb165.jpg,1,0.9616078,0.93266433,0.947136065,1
39888f12-b128-4686-a270-3a7dd469c7e8.jpg,0,0.27836737,0.10962662,0.193996995,0
ea932b58-c5cc-422e-8c0d-766cba0d9ffb.jpg,0,0.06415374,0.039108843,0.051631291499999996,0
5668bd0f-f67e-482c-9270-3a5b4bb99a81.jpg,0,0.064086854,0.037415855,0.0507513545,0
053bcd49-48ac-48db-8241-07aaa8e72056.jpg,1,0.2960303,0.22698057,0.261505435,0
eae019d5-01a6-4e13-bfb2-c8702a31ca16.jpg,1,0.24979924,0.4612766,0.35553792,0
f179fc6d-38d2-49c2-a38b-0c027652fc96.jpg,1,0.9401411,0.32130554,0.63072332,1
99e7a2e7-1812-4d3f-aa43-4428c0e12b3f.jpg,1,0.9833152,0.97204405,0.9776796249999999,1
aa271029-d9c7-4909-b888-1e1bfd6ee748.jpg,1,0.9751982,0.6541263,0.81466225,1
6e263ed9-7741-4a31-b894-14892b79e189.jpg,1,0.9838525,0.9686179,0.9762352000000001,1
5d31b9b6-028f-4bdf-8285-be146be79aa2.jpg,1,0.9731601,0.91901326,0.9460866800000001,1
b548a981-542a-49c9-8539-34c467c317f3.jpg,1,0.9840416,0.9611624,0.972602,1
7132aed7-ea34-45dc-814e-964c1632b896.jpg,0,0.02061174,0.0114506455,0.01603119275,0
a48a6098-c6ee-4690-9c7a-4a30592ad0eb.jpg,0,0.02461907,0.019963095,0.0222910825,0
d6bb57ab-3302-48a8-b3d7-da31d1fb8aab.jpg,1,0.97672266,0.9893495,0.98303608,1
98e6b7cc-0477-4af9-b929-9fd023e13ca8.jpg,1,0.9224022,0.09972182,0.51106201,1
ce95f365-7d92-4d53-ae32-25191842037a.jpg,0,0.022194816,0.008469036,0.015331926,0
a5d1ffff-3b72-4353-a2bd-2a4a313c1205.jpg,0,0.22186533,0.056724817,0.1392950735,0
6cecdb03-08a8-41be-b49c-6513cbdde338.jpg,1,0.97804505,0.6772776,0.827661325,1
80f889ce-e525-4d2c-be39-c93593b0f3a9.jpg,0,0.049670395,0.060999975,0.055335184999999995,0
7f495741-0b82-40f5-8b83-1c676aa7dbef.jpg,0,0.26516095,0.091584384,0.178372667,0
061b07db-1726-4fbb-b070-d7532e829757.jpg,0,0.02015967,0.034056116,0.027107893,0
bc297a67-9481-4ffb-b475-405ed0e3be8e.jpg,0,0.043622445,0.014866547,0.029244496000000002,0
bd5bf04d-b341-4c48-98a1-729b90280917.jpg,0,0.05296343,0.013057721,0.0330105755,0
f1ffdcb3-c311-4bec-909c-65be77b659fb.jpg,0,0.9694974,0.8817972,0.9256473,1
677a2d0f-38ed-472e-9468-50ce9fd64a08.jpg,0,0.036158953,0.014238405,0.025198679,0
29059a90-b643-40c2-bbad-abeb894f3a65.jpg,0,0.014309719,0.0057646614,0.0100371902,0
f2bbaf7f-f315-47de-8f41-cbebdb60b93d.jpg,0,0.09692693,0.35955045,0.22823869000000002,0
5e61d7a3-150d-4b85-a9b6-3fa8057e82b8.jpg,0,0.015596667,0.029020965,0.022308816,0
5e4e059a-0082-4b93-94de-95d028315876.jpg,0,0.04312298,0.0980458,0.07058439,0
eb730c19-c3fe-4b6e-904f-09f9b41ec1f7.jpg,0,0.118007936,0.06698997,0.092498953,0
ba3c5845-88de-4d44-b9a8-958b03b9313f.jpg,0,0.034675006,0.040797163,0.0377360845,0
5d41d643-249b-40c7-a5f5-02b814e47c7e.jpg,0,0.08224756,0.05006169,0.066154625,0
4f6947ee-3cc4-4259-a739-8e7baf132610.jpg,1,0.9071056,0.6727637,0.78993465,1
58423673-dd37-4698-80c5-939ceab2b892.jpg,1,0.92660224,0.9820671,0.9543346699999999,1
5b89ceee-08d2-47a1-9522-4056f68a78f7.jpg,0,0.023812508,0.0057377447,0.01477512635,0
e224e275-e910-4a98-9419-73cf1e025935.jpg,0,0.02140822,0.006798733,0.0141034765,0
ebcaafee-9f09-4f4d-868a-be798a045a62.jpg,0,0.017428298,0.02232515,0.019876724,0
911224ac-a6ae-4d96-8024-9b0786c20e8a.jpg,0,0.040709596,0.1998807,0.12029514799999999,0
92a1d83b-0047-4883-928b-7c072a74f018.jpg,0,0.032605026,0.024828365,0.0287166955,0
1328054a-1144-4a5c-a97c-e99e221c4b81.jpg,1,0.16242757,0.8789543,0.520690935,1
679e0474-4dfd-4d66-a88e-0111d36e4b5b.jpg,1,0.98654735,0.8408876,0.913717475,1
73be356c-3a66-40f0-9997-2e4b64a00743.jpg,0,0.967068,0.18326706,0.57516753,1
716256d6-a363-42f8-b2ad-952aa61e19e7.jpg,0,0.100937895,0.101136126,0.1010370105,0
bdc11a07-3224-48c0-a8c9-2fcc76197b94.jpg,0,0.016667074,0.0066696797,0.01166837685,0
cce66b30-73d1-4803-b914-ead140574fc3.jpg,0,0.42829394,0.68152106,0.5549075,1
fb81012b-0308-4c83-812f-f5846afaa828.jpg,1,0.96618617,0.97394365,0.9700649100000001,1
1e6a871f-2300-4f94-88b6-289f65957bec.jpg,0,0.13786386,0.033539563,0.0857017115,0
570dbfb4-66d9-44ec-8893-9dd06e05c2de.jpg,1,0.041213293,0.03175781,0.0364855515,0
55a100fd-7d29-4f47-9b41-c494cb35c05b.jpg,1,0.9644773,0.9023089,0.9333931,1
45884d10-9e4a-433b-877d-8fb2734b9321.jpg,1,0.98433393,0.34832096,0.6663274450000001,1
f5e44503-d5c9-4806-a2f1-8b2832d0082e.jpg,1,0.92148054,0.95638895,0.9389347450000001,1
203c670c-1e84-437f-ab6f-6c642b23a581.jpg,1,0.9721094,0.91564816,0.94387878,1
1781ba0b-bfdf-4430-b416-a2e4236d6d83.jpg,0,0.32115713,0.057214186,0.189185658,0
d3b17f51-4221-4925-b20f-3979064aae10.jpg,0,0.022242771,0.029478699,0.025860735000000003,0
85560e9a-884f-46c7-9678-10c21297bebe.jpg,0,0.021860844,0.012744384,0.017302614,0
e4941cea-bac6-4a63-8003-d9b1475d9cf4.jpg,1,0.66298026,0.9052301,0.7841051800000001,1
7bcd0f14-9fdf-4ee9-b95f-0af110aad6b9.jpg,1,0.983238,0.9885125,0.98587525,1
82d5b7f4-c977-4713-90ef-087d10324508.jpg,1,0.8653109,0.20357324,0.53444207,1
e7994e1a-60d5-4dab-a66d-110eea047d08.jpg,0,0.035404574,0.0413879,0.038396237,0
9bf73b44-ca88-4b90-9779-9824bd0c72d6.jpg,0,0.041177057,0.05283335,0.0470052035,0
9e8d4c52-0e78-48ce-a8fd-aa55d848bf92.jpg,1,0.9810563,0.9354343,0.9582453,1
c596a1d4-dc86-4f62-9cf6-851684f9c478.jpg,1,0.8736064,0.2560226,0.5648145,1
ca54ac31-2091-4ee3-9f87-4bbbb004d354.jpg,1,0.9720001,0.9706514,0.9713257500000001,1
015e751d-f902-41b8-bff1-c47fd87acfaf.jpg,1,0.97674394,0.98666394,0.98170394,1
7ef3faff-976e-4d8b-a5d3-4d2e7494fdd2.jpg,0,0.032257903,0.016133456,0.024195679499999997,0
cc1e2bf7-7f28-4767-a8c7-0950797a0f66.jpg,1,0.92920446,0.8776458,0.90342513,1
3a2deefa-3bb1-46f9-888e-a6776cbc4743.jpg,1,0.96117085,0.8823631,0.9217669749999999,1
d32ed5b7-912b-4a62-83d6-2ef87b6b531e.jpg,1,0.9612258,0.44566947,0.7034476350000001,1
4010cc82-e62b-4323-a689-4cdeb573df50.jpg,0,0.024525557,0.010841282,0.0176834195,0
42ecac5d-72b4-4b6a-b179-4798522ec1df.jpg,1,0.970256,0.98749,0.978873,1
5ca89474-3180-428a-9b22-025a5b9985e2.jpg,1,0.9498464,0.95881945,0.954332925,1
e9869c53-abb9-4718-b976-22a709cd22b1.jpg,1,0.96313983,0.96981376,0.9664767949999999,1
25b222d6-709d-4af5-a1e7-308db1140f0d.jpg,0,0.016159337,0.022868223,0.01951378,0
25fc99b3-d64a-4db3-9dd4-e400343cc0da.jpg,0,0.02330079,0.008450004,0.015875397,0
125c303c-f7aa-47de-ab14-e037e28cda25.jpg,1,0.96772736,0.9691572,0.9684422800000001,1
fae0da00-c7c1-423e-bf13-bb338e15b52d.jpg,1,0.89190924,0.91637236,0.9041408,1
fb76a6c0-aae4-490c-a62f-89bc8ad9f5f5.jpg,0,0.88381165,0.5503194,0.717065525,1
d3db034e-5291-405c-ae8e-f1e970ee5e45.jpg,0,0.0181527,0.009101524,0.013627112,0
d8dfcce4-39aa-4217-8cd0-0e4b802f5149.jpg,1,0.8966509,0.9619157,0.9292833,1
f34e30e0-6316-457d-a913-a3f05ffff5d9.jpg,0,0.03527161,0.18933474,0.112303175,0
76f9ea62-6658-48cf-928e-6feab3b99827.jpg,1,0.72002524,0.88246816,0.8012467,1
dfc73aca-cd3c-4fda-96cb-d5874a64237c.jpg,0,0.015724447,0.071837194,0.0437808205,0
b74f3af8-231a-4e8e-9b32-63a99e5e1d0b.jpg,1,0.9803704,0.98199844,0.98118442,1
9bc95e01-3c4b-4b0e-8917-be7a766ada31.jpg,1,0.92637765,0.26031467,0.5933461600000001,1
5a6575cc-6bc0-4c36-bc00-69f80ec854f4.jpg,0,0.029714871,0.16662736,0.0981711155,0
ed69d30f-8e4f-44f0-9ec9-9c2a48264526.jpg,0,0.18361211,0.06797801,0.12579506000000001,0
22fe5eff-9d0b-448b-b7b5-2d2d0241cbae.jpg,1,0.78566056,0.60528517,0.6954728649999999,1
e2964002-185d-494f-9f2d-e3e32b24db3f.jpg,1,0.982004,0.9760886,0.9790463,1
694ad64d-1fea-4c79-841d-b36b88d95d00.jpg,0,0.027163448,0.014578384,0.020870916,0
c52bd3bb-e419-44ea-96ff-9c5e2e97ec21.jpg,1,0.98738396,0.97253925,0.979961605,1
0787ceca-6737-4c04-aa26-a82997caa8ac.jpg,0,0.027878365,0.017651092,0.022764728499999998,0
f98aefcd-aa60-44a6-a9ef-11079040a5be.jpg,0,0.017108291,0.023522845,0.020315568,0
3a81bb50-20e9-40e2-b1e2-154bbbd68706.jpg,0,0.135289,0.0056092944,0.07044914719999999,0
ced753dd-2cfa-42cd-aa94-6213dc4cba0e.jpg,1,0.20288785,0.70980996,0.45634890499999997,0
7df4d5ea-1bf5-4e5e-8103-f79cce8f1b95.jpg,1,0.9000765,0.7714763,0.8357764,1
e69bd16a-4967-441a-af0a-c7eab693853c.jpg,0,0.033165336,0.023530062,0.028347698999999997,0
0159c360-58ed-4bbe-a7b2-5efd7df03d21.jpg,0,0.02409923,0.020888017,0.022493623499999997,0
90059913-1bc6-4523-a16e-a01891548f17.jpg,0,0.8527368,0.924836,0.8887864,1
bcb54aa6-4028-4378-8c52-b4776ea51c1f.jpg,0,0.016628541,0.008998559,0.01281355,0
55c72330-8100-49c4-8075-a52e640dd6ee.jpg,0,0.07468561,0.009246506,0.041966058,0
f23d8d61-98fa-4f29-a5bb-8f0c4b3eecb2.jpg,1,0.9651127,0.924687,0.9448998500000001,1
28d59b42-64dd-42bd-9a51-0ede2fbcfc24.jpg,1,0.9592246,0.9723903,0.96580745,1
f51337c6-1eb4-4763-8e5b-49d645a32117.jpg,0,0.02253744,0.04299575,0.032766594999999996,0
ccf5dcee-06df-45ef-ada6-53584f2b3eda.jpg,0,0.016384926,0.04214107,0.029262998000000002,0
c567d476-6545-4338-ae02-0efbab54cf98.jpg,0,0.01403446,0.08601218,0.050023319999999996,0
897ff71e-c075-421d-9ae4-03f0dc99b521.jpg,1,0.960578,0.89116025,0.925869125,1
5d0a76b0-e1a5-47ee-a2a4-916a004e0f8f.jpg,1,0.2823814,0.2933107,0.28784604999999996,0
582b1ed3-b216-4264-bf6b-cf3775548271.jpg,1,0.8928845,0.93744475,0.9151646250000001,1
3b55b632-65dd-4ef7-b6a0-99fa5751e9aa.jpg,0,0.013161307,0.17331359,0.0932374485,0
6dd7c210-3b43-4929-8007-027144a90a6c.jpg,1,0.96382195,0.96678025,0.9653011,1
83566d98-b1cd-44af-873d-b35f7c393e4e.jpg,0,0.02815248,0.31045577,0.169304125,0
c7ac9a67-acd1-4cc6-89a0-b31c64da338f.jpg,0,0.27077696,0.889057,0.57991698,1
a08ae8c5-872b-4aea-8abb-50bb3a906acb.jpg,0,0.018820677,0.0069713145,0.01289599575,0
b348a18e-ca22-45f1-98cc-17badf926690.jpg,1,0.9622708,0.9106733,0.93647205,1
bb116e53-a200-4b45-94ca-fd89554c3e14.jpg,0,0.16977738,0.030111935,0.0999446575,0
076f3fce-f2d1-415c-bc0e-da185dadccc0.jpg,1,0.9725673,0.98747885,0.9800230750000001,1
d0dff172-b7da-4e13-a004-d2fd985f640d.jpg,1,0.96287155,0.814993,0.8889322749999999,1
a57f4354-d828-4112-bb30-72fe1f52c4df.jpg,0,0.025903635,0.050691023,0.038297329000000005,0
beabef96-3ea0-437a-94a9-165a802aff01.jpg,0,0.12651578,0.10072023,0.113618005,0
9cff70a7-d086-48a9-a875-95c8af0d87e7.jpg,1,0.97090495,0.96383625,0.9673706,1
0ae9b757-35bb-47c2-b76b-dcae7872d11a.jpg,1,0.98160166,0.9497315,0.9656665799999999,1
51a7094b-d25a-4830-b795-f9bd204b9e11.jpg,1,0.9781803,0.8783809,0.9282806,1
c5556741-9e97-4f10-933f-a848c7a651e9.jpg,0,0.0183059,0.011504424,0.014905162,0
1a53ebec-a3be-45ec-9a23-79cac7aa0180.jpg,0,0.8876026,0.90936714,0.89848487,1
6d19ee6e-214f-49a5-af99-149432ff1913.jpg,1,0.9902964,0.058297,0.5242967,1
200bf004-0ded-4bb8-9038-75cf81208556.jpg,0,0.34734103,0.13071474,0.239027885,0
d05082b6-8ebc-42cc-9e0e-e4cbbcb35a93.jpg,1,0.9733559,0.98393375,0.978644825,1
3e88512d-6e21-464d-b7ad-43d7bc3706cb.jpg,1,0.9834278,0.9096871,0.94655745,1
eb02ac6e-44a2-418f-9ec5-616ce7371b23.jpg,1,0.9814051,0.9777785,0.9795918,1
fbbf0caf-2d0d-4098-a835-10b51984cd6c.jpg,1,0.9866034,0.9545089,0.97055615,1
24290d88-af0d-4fea-bf4b-31468e2b82c4.jpg,0,0.3662107,0.14924957,0.25773013499999997,0
09574c68-03bd-4efe-aafc-b667e5866c47.jpg,1,0.97405064,0.93407947,0.954065055,1
bf685ced-48f7-49d8-9068-ee923711edf2.jpg,0,0.07268666,0.22700141,0.149844035,0
dc4dd989-fe62-465b-ba3d-763449a8494e.jpg,0,0.021548739,0.054610234,0.0380794865,0
e1ca53f6-8e09-4985-a4bc-ac4f5f270f03.jpg,1,0.24462304,0.4788438,0.36173341999999997,0
fe1f5062-571d-4281-99da-60067769f49c.jpg,0,0.07883726,0.09321808,0.08602767,0
b66c4cd5-4d80-4624-bccd-a55a1ca60f89.jpg,0,0.90615875,0.15328859,0.52972367,1
8a9a5709-ec28-4766-b3da-8f9f98a120a4.jpg,0,0.017140837,0.06115442,0.039147628500000003,0
7cb8c5a6-0ea2-4939-861f-4619771bb708.jpg,0,0.16501969,0.13997458,0.152497135,0
41430988-99ec-47eb-9f65-4df87978230f.jpg,0,0.037681725,0.094818234,0.0662499795,0
9412b4f2-6e29-4dbe-8e0a-9b5a7a84c800.jpg,0,0.013470372,0.016279394,0.014874882999999998,0
792d6067-b84b-4dcd-945f-ca5ee49208ba.jpg,1,0.97477835,0.87764096,0.9262096550000001,1
297e8f6e-d989-467b-8052-faea48a79d24.jpg,0,0.028174965,0.008859096,0.0185170305,0
eb87ac2b-ccd9-4513-9752-7882c6640b59.jpg,0,0.023280881,0.20548014,0.1143805105,0
0454a47d-a779-4aa4-a945-32f0d834c47f.jpg,1,0.97797966,0.9785946,0.97828713,1
d3e58d77-2970-49a7-8c0f-ddff541282c4.jpg,1,0.79060453,0.8011358,0.795870165,1
8dc48856-850f-454e-92d9-5136dee1dc69.jpg,1,0.98178595,0.93343335,0.95760965,1
6b222e72-c2ec-4179-9060-b05394aded6a.jpg,0,0.038190477,0.11319286,0.0756916685,0
07fa3ce3-1076-430e-8d8e-9b5e647bbab6.jpg,1,0.9262377,0.4798258,0.7030317500000001,1
72044935-3a98-4975-b454-69f366acfe7d.jpg,0,0.9572632,0.87476885,0.916016025,1
1162e5e5-38e1-48fc-abd2-1f6fce3a7a66.jpg,0,0.014041621,0.029211838,0.0216267295,0
61704e19-0096-429f-a040-c9a0789f6ace.jpg,1,0.96566343,0.99128777,0.9784756,1
52596e5d-024f-4b0d-812c-abb6fe123f9f.jpg,0,0.032345705,0.1359398,0.0841427525,0
1bc07b88-f0c7-4220-b5e4-60e4818e6c55.jpg,0,0.4935316,0.024480646,0.25900612300000003,0
9d946ad7-2843-4f2b-8519-c329855a3185.jpg,1,0.98203236,0.7711247,0.87657853,1
5801c502-8c71-4e27-8f27-453943e4b358.jpg,0,0.015977336,0.010014289,0.0129958125,0
6b756d67-dc79-4fd9-89b4-fdc51740598e.jpg,1,0.93986005,0.96068144,0.950270745,1
1cd133d6-3386-44ef-9e31-bb20f7680b30.jpg,1,0.046976343,0.7156631,0.3813197215,0
47a36a71-cd4b-4bbc-8e4e-fceddac47a93.jpg,0,0.018957745,0.017203802,0.0180807735,0
795f4a76-e2d1-4172-bdfa-c8710b525099.jpg,0,0.35778832,0.3433959,0.35059211,0
3265fec0-63ad-4350-a26f-daef4a5d8099.jpg,0,0.08090104,0.013868616,0.047384828,0
39a083a7-ddb0-451e-abd7-19df1edbf11c.jpg,1,0.98050654,0.9893678,0.98493717,1
ed29a1a1-95cf-47f7-bc1d-1a985945528b.jpg,1,0.9786145,0.97871155,0.978663025,1
0e5af4c6-be7a-473d-a4f6-94b419863ee2.jpg,1,0.97802794,0.98286957,0.9804487550000001,1
0681b4c2-73af-4d10-a8bf-7ccdc6a198d9.jpg,0,0.030107537,0.05625394,0.0431807385,0
da47766d-4b23-4e48-8345-ff35b4c0dec6.jpg,1,0.8191672,0.8628751,0.84102115,1
c5220289-09ec-4f6a-9509-66fe19ec505c.jpg,0,0.56484324,0.008738199,0.28679071949999996,0
853d600a-0604-44a1-b762-368a289b3dc9.jpg,1,0.9814533,0.98515457,0.9833039349999999,1
61043bb1-4ec8-446c-904c-4ae590de3a62.jpg,0,0.031318296,0.05882885,0.045073573000000006,0
c6bf7672-7c2b-48ad-a217-f46f69c1aa87.jpg,0,0.01219827,0.023717752,0.017958011000000003,0
9d8a6e39-8dd2-4b18-bdc5-6534ae8e9cd4.jpg,1,0.9725213,0.74017763,0.8563494650000001,1
5d3051d2-2830-4c64-a4e5-2fafd39f1418.jpg,1,0.4569894,0.05756223,0.257275815,0
f9236d43-010b-49e5-8f8b-26cba7af2daa.jpg,1,0.9843911,0.5617082,0.7730496499999999,1
6d9ba758-b746-484f-8f4a-7a8c8e3300f4.jpg,0,0.056411266,0.2119264,0.134168833,0
3b93c336-f165-41d1-a427-97873c4876c2.jpg,0,0.11836808,0.007941439,0.0631547595,0
2d0d8891-3db5-465b-9e96-46b0c6e78cea.jpg,0,0.026827402,0.02275897,0.024793186000000002,0
bd28583b-eb2b-4826-8f1d-99c385928809.jpg,1,0.94150287,0.960984,0.951243435,1
cfb6f22d-0bf8-462f-805c-c139d6707571.jpg,1,0.9522517,0.94199526,0.94712348,1
2ec623e0-f579-4bb5-8eaa-8c42c358ed67.jpg,0,0.03604811,0.019049639,0.0275488745,0
3ab2eac6-a51f-46a9-9b7c-eb8116e11725.jpg,1,0.9703583,0.97983515,0.975096725,1
01b73324-977e-499d-8c8b-8fa063df6853.jpg,0,0.02356796,0.0150093045,0.01928863225,0
5d16cc9e-ce47-462a-8435-fbb8a2ad3e4f.jpg,0,0.9195075,0.5322657,0.7258865999999999,1
4f071240-4fcf-41d8-b43b-89bb2b8d6ad1.jpg,0,0.024577536,0.008062801,0.0163201685,0
3be4034a-d12d-4049-b343-0877095db7d2.jpg,1,0.9753186,0.861733,0.9185258000000001,1
54ecdbc0-5011-4ad8-be94-502f7b2a7edb.jpg,0,0.67731446,0.060712904,0.36901368199999995,0
cd7023ee-c20d-449c-9660-67d099696cbd.jpg,1,0.9770915,0.6914205,0.834256,1
e4b1d48b-cb5e-4397-af14-ae860fe36712.jpg,0,0.024269998,0.2861684,0.155219199,0
388d3841-cd20-4089-84bf-eba22ae0e992.jpg,0,0.033889603,0.014268193,0.024078897999999998,0
5637897f-36df-48fd-ab81-3415fe0be7c2.jpg,1,0.15752196,0.63708764,0.39730479999999996,0
ed5c7518-c317-4e40-a53c-ea922b5f8714.jpg,0,0.01150398,0.005599767,0.008551873500000001,0
c6a6f1b6-8a9b-46f5-938b-8060c66a2612.jpg,0,0.019503567,0.042623796,0.0310636815,0
f2e2bb5f-077f-4cd6-9092-f1077e11b5ee.jpg,1,0.9709806,0.9851869,0.9780837499999999,1
1106ddb4-8098-47a1-8f5a-a58e7aea281f.jpg,1,0.9922659,0.6871344,0.8397001500000001,1
928bbbeb-7645-4211-84c7-24f27fa8b8d6.jpg,1,0.98413116,0.9635097,0.97382043,1
937e0a07-fe35-4e46-8edc-d88eaefcb7df.jpg,0,0.017498152,0.05764133,0.037569741,0
0b57b127-a411-4c78-bd93-6597f16f0016.jpg,0,0.011663548,0.006380734,0.009022141,0
8c2d4ecd-8fd1-4c4d-87bb-8d2c82f10556.jpg,0,0.9125754,0.3874144,0.6499949,1
9f3597bf-efd6-425a-9e99-c8d0d2e35ec3.jpg,0,0.010799268,0.02305775,0.016928509,0
a182e722-5ffe-49fb-9816-c0dec3889ca1.jpg,0,0.022123912,0.16484183,0.093482871,0
f0f748fe-d6e5-4f9d-a273-a350c0f5add0.jpg,1,0.97253853,0.95134604,0.961942285,1
9e86d1be-54a1-45b7-a495-a9bdc371f36c.jpg,0,0.046700943,0.20056033,0.1236306365,0
227f4d24-6926-4155-84a4-968fe2c8dfef.jpg,0,0.6386587,0.27470222,0.45668046,0
b40bc448-fbcd-4f07-9f87-62ee8a9eb1dd.jpg,1,0.97991645,0.98607004,0.9829932450000001,1
71ba159c-4e6b-4763-89fa-c783a662366e.jpg,0,0.11496727,0.05134881,0.08315804,0
f06010ef-df0c-48a5-96c9-3b83dbd0bc52.jpg,1,0.96562004,0.96888936,0.9672547,1
50b73a7a-8843-4e26-96b5-d04299745697.jpg,1,0.9826066,0.85070336,0.91665498,1
96e69217-26fb-4069-bea6-b2be6ef8faff.jpg,0,0.017299237,0.0140542155,0.01567672625,0
669ca8d0-e9a9-477b-80f2-6ef092222108.jpg,0,0.9796221,0.8594369,0.9195295,1
6de64caa-b8f8-435a-80c7-8f80dd211730.jpg,1,0.9352988,0.92246014,0.92887947,1
b4fc3b16-53d2-40a5-a030-571f636eff0b.jpg,0,0.05687145,0.045264818,0.051068134,0
826b6058-efee-4a9f-8729-06a54b89bf62.jpg,0,0.026437754,0.011079012,0.018758383,0
1499f5b4-241f-4c61-beac-f63f4b66578d.jpg,0,0.01977554,0.010379579,0.0150775595,0
a086113e-10b0-4286-bad0-0468d1d3a945.jpg,0,0.016497433,0.15543723,0.08596733150000001,0
24a532b3-7e3e-4368-bdd0-0fc28c91a61b.jpg,1,0.8339832,0.44486356,0.63942338,1
6a9ecc6b-8cf0-4e4f-b24c-55ada3af963a.jpg,0,0.032004632,0.019632515,0.025818573499999997,0
5e902be6-f4aa-4222-9916-ab74d9b34f67.jpg,1,0.9739078,0.9803997,0.97715375,1
9f78ca52-d4de-4b0e-93c7-34a4867b8292.jpg,1,0.9638808,0.9408788,0.9523798,1
78b636d5-5bc6-44bd-8b4d-97ab9f1c7283.jpg,1,0.09439868,0.14685291,0.12062579500000001,0
733bb62a-2d12-4da1-baf8-8b96286ba59a.jpg,1,0.8223461,0.80973536,0.81604073,1
6aba6748-bccc-42a9-8dd5-f3f53d7c7802.jpg,0,0.026130272,0.006349346,0.016239809,0
e8212d63-7da1-4263-9aab-bae210fb7cef.jpg,0,0.018047787,0.05012845,0.0340881185,0
9491e30c-8bef-414b-b482-28ffe5396997.jpg,1,0.98274165,0.9812935,0.982017575,1
cd8c3b6e-aab0-4caf-9e91-ed7af7787665.jpg,1,0.9808739,0.9750357,0.9779548,1
c6b47437-192f-4940-9f1b-8c33f043620a.jpg,0,0.010293769,0.031286344,0.0207900565,0
afbfd54f-6753-47c7-9b6e-50982801df3f.jpg,0,0.03566252,0.027428823,0.031545671500000004,0
3bd7448b-7411-4e8a-9220-6bf2129f37b5.jpg,1,0.8529251,0.49717802,0.67505156,1
dfd91132-aaef-435c-abff-0006c3d0be63.jpg,0,0.024369739,0.013188968,0.018779353500000002,0
9d71da80-ed50-4f54-b243-1f738c06ad12.jpg,1,0.81454074,0.681428,0.74798437,1
c930710c-4ef3-4099-8380-88fc7a3bae59.jpg,0,0.03315142,0.055477448,0.044314434,0
e6e51010-a981-4ca9-afe1-341dd1c8dee0.jpg,0,0.03222765,0.03191189,0.03206977,0
2018f7e1-058a-46ef-9ba2-cce900661a55.jpg,1,0.78353053,0.91407114,0.848800835,1
fc7f2072-7f50-4704-9f3a-61955ef02410.jpg,0,0.01370956,0.18928517,0.101497365,0
b23833fc-c0f8-4ca0-9661-cea0f75b5828.jpg,0,0.70752,0.008074845,0.3577974225,0
d8be996c-d79b-4e98-802e-f2d449817537.jpg,1,0.9854424,0.9325617,0.95900205,1
7d02e73b-6d24-483a-b1ec-fe37a1a33cd3.jpg,1,0.04411917,0.03191959,0.03801938,0
55317741-4ef2-43ee-aebb-c192585611c0.jpg,0,0.83914554,0.16178657,0.500466055,1
bccca77e-c279-4476-b16e-a9bd6be02718.jpg,0,0.032767646,0.041494437,0.0371310415,0
5258c327-7860-4675-9ecb-daaf4aba3772.jpg,0,0.03979404,0.03479011,0.037292075,0
4c054b8b-4fc1-4ee6-a798-80c9151dd3a7.jpg,0,0.021801412,0.010049656,0.015925533999999998,0
3f3fee3c-9323-4172-88f1-dc145c5dd29e.jpg,0,0.934477,0.16821934,0.55134817,1
0137512b-1192-43a4-8cfa-b70962af2ef2.jpg,1,0.98518735,0.9453903,0.965288825,1
038918dc-5469-4298-a705-edb990a66679.jpg,1,0.9670528,0.8627108,0.9148818000000001,1
819b070b-a957-4ddd-9bfb-823eab9eb455.jpg,1,0.9852454,0.95965606,0.97245073,1
4bf5497e-0097-4502-b35b-aab7b5a9baae.jpg,0,0.03920288,0.057783023,0.048492951500000006,0
29723308-fd33-4f6a-b9f7-d5b1d89621c1.jpg,0,0.05841258,0.15709244,0.10775251,0
d430bb07-cdb7-47c7-9df2-aec8b934d8be.jpg,1,0.9685306,0.19976752,0.58414906,1
538de755-eeb4-448a-b5c6-0300e9c38f5c.jpg,1,0.9559654,0.9707889,0.9633771499999999,1
f57227d8-3199-4e3b-895d-7075d3737623.jpg,0,0.01890937,0.008848338,0.013878854000000001,0
99355267-5504-4254-8781-70c669733435.jpg,0,0.042266134,0.008431866,0.025348999999999997,0
3c86e748-c3f0-433b-a7d5-bbc5ee23f23f.jpg,0,0.02040286,0.066634014,0.043518437,0
cb195e56-f926-45b9-a7f8-0765a043ebbc.jpg,1,0.98440385,0.97863483,0.98151934,1
80cf2db7-e8d0-418f-8069-ab1fd8b856e6.jpg,1,0.98058367,0.67484975,0.82771671,1
e3df588b-446c-411d-b675-1e070dcf4bea.jpg,0,0.04671154,0.05108907,0.048900305000000005,0
7470d974-a175-4b58-957a-6764524b04aa.jpg,1,0.45434996,0.943121,0.69873548,1
b1aebf04-c403-46ba-b4c4-ea5db5c8b960.jpg,0,0.61531436,0.10011768,0.35771601999999997,0
71e341e5-924c-4e3e-851a-fdf82dab4abf.jpg,1,0.9814626,0.9566853,0.96907395,1
0be373db-0fe8-4821-9d0c-d2a88ac687c3.jpg,0,0.7433326,0.11449644,0.42891452,0
e72e0b21-a626-490b-8ccd-406eec09abb7.jpg,1,0.9815192,0.9461266,0.9638229,1
f3b513d5-a3f1-4b25-b9fa-e7ed9ff9eed5.jpg,1,0.94433093,0.24841683,0.59637388,1
b27a3edd-3491-4196-9741-953b917f08fe.jpg,1,0.0735692,0.5001319,0.28685055,0
08875681-6023-4c52-b10f-7ef212f690fe.jpg,0,0.00943966,0.012407484,0.010923572,0
c7505d1c-856e-4c87-baf5-7290813dada6.jpg,0,0.81802255,0.32058752,0.569305035,1
ee27017c-8a0e-4ca2-bf10-4f4e6f076b90.jpg,0,0.28188416,0.035112746,0.15849845299999998,0
8b4cd203-231c-4a45-8715-58a4c1d12259.jpg,0,0.025801754,0.028204123,0.0270029385,0
f6ebacd9-49fa-464b-a05c-cd800b7362e9.jpg,1,0.38354605,0.8624053,0.6229756750000001,1
575e5291-1745-40ab-800b-ad41004e946f.jpg,1,0.97683185,0.98540837,0.98112011,1
6a1ba0ca-7f30-4cc8-87f0-5d0027a9821a.jpg,1,0.3729738,0.9126122,0.642793,1
c2fe066a-a814-4744-a08e-5280d84d955d.jpg,1,0.98132366,0.98543835,0.983381005,1
a071370f-4c46-4a27-8f93-37bc0a907a5f.jpg,1,0.9757019,0.98800164,0.98185177,1
99745826-54f3-4654-b54b-5b26217d2e35.jpg,1,0.9822666,0.98973805,0.9860023250000001,1
8f04c473-fd4d-46ea-bb14-6a9cb23387cb.jpg,1,0.49560586,0.79122597,0.643415915,1
c4f3066a-1b8e-4d72-8701-500bd2475440.jpg,0,0.017563477,0.10627398,0.061918728500000006,0
483343fb-f07f-404d-bd0e-b8925a7b47df.jpg,1,0.9826853,0.97706145,0.9798733749999999,1
1be48cde-206a-438e-8099-ec2bcfb88b02.jpg,1,0.9647043,0.98627764,0.97549097,1
95835f11-22c2-4e66-89b8-687f27b0e33a.jpg,0,0.1928369,0.040571705,0.1167043025,0
e582265e-67b3-4203-85ff-99120959f3f4.jpg,0,0.02303721,0.022225654,0.022631432,0
eca41dbe-ae7a-4aa1-9455-65d3f1013c09.jpg,0,0.883185,0.85641193,0.869798465,1
42865730-d510-47c8-9236-f60b6de629fa.jpg,0,0.03283779,0.008778943,0.0208083665,0
056cfde3-eb9f-4dc8-9c95-008ebb463bda.jpg,1,0.9690372,0.9926543,0.9808457500000001,1
f8650026-21e0-4b1c-a5d0-aeae6ef76b5b.jpg,1,0.9854697,0.927906,0.95668785,1
77b55b7a-3892-4ee1-ad48-96eb9e4cf6a6.jpg,1,0.966232,0.9903064,0.9782692,1
fbbe35e8-4056-47e8-bbcc-e2a6deee7044.jpg,0,0.02140194,0.056166675,0.038784307500000004,0
1962fd85-04d3-4623-b36c-90ebe9eb8191.jpg,0,0.05206342,0.06571855,0.058890985,0
b2c80a93-e96a-43cb-bc20-ecff4d7d8ba2.jpg,0,0.1291143,0.044505145,0.08680972249999999,0
d31a0124-cfc1-4089-ab58-2077061e4cba.jpg,1,0.8646082,0.94496113,0.904784665,1
87e294d1-bcd3-4c1d-88d1-3c329c810b63.jpg,0,0.1771057,0.8324096,0.50475765,1
91cf38ec-9294-4447-bfd8-a6a01d4a3e2a.jpg,0,0.049019013,0.014881514,0.0319502635,0
b0894337-0be1-4960-85f4-f963a1771a71.jpg,0,0.019727705,0.72094446,0.3703360825,0
08e221bc-8f00-4504-bb85-b0225bdfec64.jpg,1,0.97862,0.9918876,0.9852538,1
9c0a7bf1-6716-435c-bd2e-3664a3a9f2db.jpg,1,0.97373676,0.64608926,0.80991301,1
e1d330dd-2f07-4593-8972-19a6f938e51f.jpg,1,0.97834146,0.94984096,0.96409121,1
279ceb06-1fd0-4bc6-b8ee-ebf772b8f4f8.jpg,1,0.7577113,0.31726843,0.537489865,1
c4651197-0af0-48fd-bd4a-8b81605b5de9.jpg,0,0.0108101135,0.040814806,0.025812459750000002,0
aec40ced-6d82-429e-a614-eb2501caf0f6.jpg,0,0.480821,0.6601972,0.5705091,1
bd5361b2-9089-486d-b8f7-d9e10cc6d6c5.jpg,0,0.028265353,0.02266834,0.0254668465,0
ab4d4834-0e94-423d-b155-fc97e732f2ff.jpg,0,0.09741328,0.10409301,0.100753145,0
c76a8ff9-1394-4e48-8cf8-1f8aa0c54494.jpg,0,0.012859231,0.04570239,0.0292808105,0
46c75edd-4569-4bb1-ab73-9d70408487fd.jpg,1,0.9723343,0.989368,0.98085115,1
339bbaf2-53fd-4ed5-99aa-4d6930ce648e.jpg,0,0.022273473,0.20929554,0.1157845065,0
f97a8768-64fb-464f-baab-79a4c22aa8e8.jpg,0,0.04728867,0.028230326,0.037759498,0
4b373ec3-aea2-4999-bf2a-61f8c26c69eb.jpg,0,0.20866118,0.13516551,0.171913345,0
f4ec90ff-3af9-4282-b2cd-e3ccc1b1c29a.jpg,0,0.024732346,0.08994145,0.057336898000000004,0
fbee85ba-4761-4d34-ad18-fd182b1ccca4.jpg,1,0.98213345,0.94242734,0.962280395,1
203e963a-6740-4a56-a5ae-55fed087e068.jpg,0,0.03586234,0.008580381,0.0222213605,0
35b57561-3ed8-424a-bf8a-e3ae9600cbdd.jpg,0,0.029375497,0.0073436606,0.0183595788,0
5129fe2f-fcaf-494a-ab0f-5c182bf89ebe.jpg,1,0.9893712,0.974589,0.9819801,1
4955d76f-28ee-4f36-9e8a-1c843eb3d8bc.jpg,1,0.9710665,0.98867524,0.9798708700000001,1
9a7571c2-25c2-4059-a692-2bb11881e585.jpg,1,0.8753877,0.051254824,0.463321262,0
7ea6c6a4-e54e-4404-9328-4f3f6398bac4.jpg,1,0.983403,0.94102985,0.962216425,1
c0f36311-4bdb-40bf-8ce0-9867f985903f.jpg,0,0.08249963,0.27436575,0.17843269,0
2fba33cf-c412-4cdd-980e-00510e0d9bb5.jpg,1,0.9317587,0.45957118,0.69566494,1
03a30f35-3b79-4dd9-b23e-2fe16db2073c.jpg,0,0.03766386,0.031427473,0.0345456665,0
5b22000b-55b1-4df2-b0df-5eb71161cb9d.jpg,0,0.023764543,0.009474914,0.0166197285,0
67f25428-2aad-45d2-bea2-7041cd121be6.jpg,0,0.037405383,0.021111865,0.029258624,0
6d0d57b9-8964-4790-b0ab-6aa71216607a.jpg,0,0.028111178,0.038347904,0.033229541,0
92a12bfa-c69e-432c-a204-421a4df4e057.jpg,0,0.016157512,0.023022577,0.0195900445,0
aabf97aa-1789-4b06-a9c2-d9662f54f90c.jpg,1,0.968906,0.9787465,0.97382625,1
6e8fb146-9aa5-48f1-83bb-f86760f59c07.jpg,1,0.98186433,0.9371401,0.959502215,1
43b59512-8e50-4ed8-8652-a25a2bec47d3.jpg,1,0.2905618,0.07932687,0.184944335,0
b6715362-5e5d-4383-84d8-38356d5a7587.jpg,0,0.017996559,0.016652511,0.017324535,0
57bc40ef-fd28-4d43-9eb0-4bbb5dbcc387.jpg,1,0.2270534,0.116579406,0.171816403,0
63aa8518-bb11-44fa-a2f5-c863ab9eb310.jpg,1,0.97325766,0.978268,0.9757628300000001,1
52016109-c8b3-49c6-a12a-cddd56eb1494.jpg,0,0.013453919,0.011763909,0.012608913999999999,0
27ac79eb-0e95-4bcb-8783-910ed5ebbf7a.jpg,1,0.9005105,0.9713302,0.93592035,1
0542a511-8459-4523-8290-26f7d5897ade.jpg,0,0.015339774,0.09414522,0.054742497,0
0e1e2f0a-c485-4aa0-b72c-49b7bda68585.jpg,0,0.7075476,0.058502026,0.383024813,0
660d717c-a505-4f6b-810f-22069eb03bec.jpg,0,0.049809188,0.111614384,0.080711786,0
a4a202c0-8f44-40dd-9ff3-366a86aba350.jpg,1,0.9788175,0.97297794,0.9758977200000001,1
930506c9-0c11-40e0-885b-db6cfc4d2501.jpg,1,0.98631847,0.6112644,0.798791435,1
4eec2d22-ebaf-462f-b869-59dfbcfba602.jpg,1,0.70773774,0.6064069,0.6570723199999999,1
378acedf-21ce-4bf6-a82b-e92461802774.jpg,0,0.01281956,0.08887262,0.05084609,0
b020a789-bbbf-4f5f-9037-2985941c2c53.jpg,0,0.951135,0.8335438,0.8923394,1
cb207eae-9063-4290-bcce-a1130d60f289.jpg,0,0.023298651,0.008512277,0.015905464,0
c97c8357-7db8-428b-b47d-55d79c83a171.jpg,1,0.97719157,0.9775539,0.977372735,1
1bb79979-fb4d-4724-8f91-7edd19cedc60.jpg,1,0.4017821,0.7631554,0.58246875,1
45be88d7-29e9-446f-ba2b-451f7c6a687a.jpg,1,0.9499185,0.9608731,0.9553958,1
252bc972-b6d5-492d-867d-da6318fd5530.jpg,1,0.88341093,0.09087331,0.48714212,0
2e325089-8304-46ff-9623-01fe9290873e.jpg,0,0.98352504,0.7078234,0.84567422,1
cc7b24e0-a08a-49be-83da-622a5c8edaf4.jpg,0,0.016918672,0.013560696,0.015239684,0
315d7214-44ac-4fc0-b3ba-e37e3175af6d.jpg,0,0.024246072,0.16320574,0.093725906,0
4a14c311-4d4d-4b6d-bde2-a228f5ccbe62.jpg,0,0.04656623,0.024917513,0.0357418715,0
66b5186d-fd8c-4f3c-9fad-6fe063af2978.jpg,0,0.020054324,0.12392871,0.071991517,0
790a03da-d45a-4a24-9e2f-81e11cc7ed92.jpg,0,0.044354793,0.051634025,0.047994409,0
c6b62efb-8eec-4fa1-8a55-3f52d4e4ef3e.jpg,1,0.9563266,0.44043648,0.69838154,1
c8587cbb-5949-4461-b18c-da2a1445fe71.jpg,1,0.98646575,0.6611258,0.823795775,1
bb538f53-bba5-4fb7-bf62-3741e5004d51.jpg,1,0.9718327,0.984379,0.9781058499999999,1
f56596cf-facc-4490-9af2-115ba02a40ce.jpg,1,0.9760802,0.9243095,0.9501948499999999,1
18a22df1-d9a4-405b-be7a-16f2b0ef6974.jpg,0,0.8374951,0.23741044,0.53745277,1
8594bcbc-3f6f-4c85-957e-662029b94bf0.jpg,1,0.54928786,0.032853015,0.2910704375,0
b99d39f7-f584-4877-a513-83bed0160c3e.jpg,1,0.9836218,0.28002673,0.631824265,1
9faaa5d1-539d-42d3-bb3d-924a3ace5b1b.jpg,0,0.16058406,0.023248909,0.0919164845,0
598ac525-ad4f-4185-9859-bfa80e6e4e17.jpg,0,0.022741271,0.00784549,0.0152933805,0
0bd0538c-4b29-4aff-b3e4-db97f9cf8fd1.jpg,1,0.98319256,0.98182964,0.9825111,1
0c29cc32-1207-415e-b536-f173abc01d33.jpg,1,0.87432456,0.5607679,0.71754623,1
62de1b35-14cc-4850-b1c3-82754281f3d6.jpg,0,0.039065458,0.122025125,0.0805452915,0
c4e3a219-bf6f-4b62-baed-7284bf17f705.jpg,0,0.03930454,0.021064453,0.030184496499999998,0
fe1eb190-4c25-434a-853a-353dfab044a3.jpg,1,0.97347224,0.94010705,0.956789645,1
88f374e1-f926-491c-9569-8f7d72d0d195.jpg,1,0.9704974,0.9549995,0.96274845,1
c867ef94-a7ab-43df-a911-15722300dc5a.jpg,0,0.07046882,0.04499297,0.057730895000000004,0
5a3ed3bf-11bf-4d00-b994-6668e5debc6b.jpg,0,0.020601975,0.022431644,0.0215168095,0
331ce818-96aa-4397-87f9-434fbbda44f3.jpg,0,0.017317362,0.0021119858,0.0097146739,0
25a596c1-aca1-4583-8cc2-36d78bc06c0f.jpg,0,0.020261317,0.015219207,0.017740262,0
3bc576ba-38de-4c81-82e1-e56251086614.jpg,1,0.2967814,0.12931012,0.21304575999999997,0
df927a35-7d59-4d3e-9ad0-75e573217945.jpg,0,0.024165425,0.013711121,0.018938273,0
1d967bfa-89a7-4603-b08a-93199945c384.jpg,1,0.98076755,0.9320127,0.956390125,1
3cc24737-2772-47b0-bcac-23943a14f849.jpg,1,0.9826157,0.93100363,0.956809665,1
49e777fe-859f-4233-9dc0-529dfc98ac63.jpg,0,0.2977448,0.8957604,0.5967526,1
5138d88b-580d-41fa-b298-d1cb367fe9c9.jpg,0,0.06856965,0.016685665,0.0426276575,0
cb85738b-c1a8-42bc-ba0b-8dc69f8c6b99.jpg,0,0.97527957,0.6280201,0.801649835,1
56dde685-c72f-4421-bb0b-69cfc8d73722.jpg,0,0.040202234,0.056241684,0.048221959,0
df0d48e8-4199-4abd-a67e-48a2780eeeda.jpg,0,0.019611593,0.010864394,0.0152379935,0
02c2a127-c46a-4c25-b8df-92bda3f97cb9.jpg,0,0.027197048,0.13849534,0.082846194,0
c18635bc-bf11-4a18-954f-9752d117d333.jpg,1,0.98312104,0.97904783,0.981084435,1
75e35a1e-b954-42ac-a724-8b55161e82aa.jpg,1,0.9614215,0.942073,0.95174725,1
e09a35ec-162d-4e47-be52-06ee35d56749.jpg,1,0.9715414,0.96658796,0.96906468,1
2de942a2-f5b2-4234-856d-fe4cbdc15724.jpg,0,0.021576243,0.010911932,0.016244087499999997,0
7e5e21e2-c63a-440f-a688-e9ecb726a53d.jpg,0,0.037703436,0.4736879,0.255695668,0
4efbc9e3-9182-4277-96ab-40e9d08c9bd6.jpg,1,0.9850214,0.95972216,0.97237178,1
53c45fb9-4b6d-4c51-98d8-f20bfe021348.jpg,0,0.034055583,0.07559229,0.0548239365,0
327637bf-a262-426a-bae6-004213394784.jpg,0,0.83401483,0.8298118,0.831913315,1
0825ac7d-f9f9-4b4c-8129-91235a2f5809.jpg,1,0.97916955,0.9847074,0.981938475,1
1d80f009-7a9c-4631-bbfc-7ff49504b9d0.jpg,1,0.9823866,0.7005709,0.84147875,1
e5b15425-6ed4-4591-8784-011ef16b6cfb.jpg,0,0.02596938,0.009749823,0.0178596015,0
a9012cd8-6223-48db-8182-82ac862c1a33.jpg,0,0.03540058,0.02305863,0.029229605,0
fe36bd48-049a-4dab-8509-a149d1e775f0.jpg,0,0.90226716,0.33886924,0.6205682,1
6e23c41d-36ae-4c6c-a2bc-44e618c182d4.jpg,0,0.030222174,0.015980793,0.0231014835,0
365a47f4-0182-4602-a002-f5e9bf04e6ca.jpg,0,0.12659618,0.42298663,0.274791405,0
3cbc2ca3-d9cb-4f5a-bf30-5c3898ad4351.jpg,1,0.9827345,0.7234869,0.8531107,1
7cfa002e-0e72-471d-8cb0-c10e2d816588.jpg,1,0.9747372,0.9854944,0.9801158,1
39f66b17-d5b9-475d-a82f-a0bc0f427463.jpg,1,0.41588923,0.49050376,0.45319649500000003,0
342226d4-7298-40fe-a6fb-ff38f5f05b93.jpg,1,0.8781037,0.68013704,0.77912037,1
ea6acf67-8ec0-429b-bf35-56acb288d51d.jpg,1,0.3233218,0.7305895,0.52695565,1
339b73ec-64d6-4f6c-bd01-72dda457479b.jpg,1,0.93419075,0.9679092,0.951049975,1
f9d70cf6-ffda-43b1-a5b6-71dda8707223.jpg,0,0.051979173,0.016248068,0.0341136205,0
5b79a0a8-c19b-4afa-84a3-86d2394bb843.jpg,0,0.0079310285,0.018216928,0.01307397825,0
b69340c4-ae17-42af-bc81-df806a315d87.jpg,0,0.009360431,0.020981904,0.015171167499999999,0
8313c00a-8dbd-48b5-9e40-fc92cae4a0ab.jpg,0,0.014336383,0.026893167,0.020614775,0
52e0f517-974e-4cc4-bc1f-b4f83047fb45.jpg,0,0.5757903,0.034581583,0.3051859415,0
8a22e646-c4e2-4f20-b58e-7229d280a235.jpg,0,0.11148786,0.014864537,0.0631761985,0
c92c981d-35c4-4a6e-976e-b6c90cf3ae9c.jpg,1,0.9530377,0.6989606,0.82599915,1
9c185b6a-82a7-48d8-91bb-fd3ff2505ab2.jpg,0,0.029555356,0.017070001,0.023312678500000003,0
36221a81-be19-404e-8ac9-f94f3b522cf9.jpg,0,0.036699977,0.010356753,0.023528365000000002,0
45af86c9-5c59-423f-827a-c67fff3e117b.jpg,1,0.98783606,0.655296,0.8215660300000001,1
7b920220-8602-4cad-a8fe-7544616dcda5.jpg,0,0.015620589,0.015963031,0.01579181,0
d21c1dbb-21c6-42b8-84ab-b73dc41bbdeb.jpg,0,0.021381637,0.020854987,0.021118312,0
3d993e75-2376-4a17-8dab-a0885e9f72d9.jpg,0,0.024406144,0.0080740815,0.01624011275,0
736e3fe3-e01f-4d60-b709-259a4440d877.jpg,0,0.019387724,0.003678418,0.011533070999999999,0
57b81f41-c396-4807-bb48-cf0e181022a4.jpg,0,0.3415415,0.43129313,0.386417315,0
287acbd5-35c1-465a-9b1c-080efc345f1e.jpg,0,0.023688974,0.031026999,0.0273579865,0
fcc9791e-1083-4d28-907c-bebd3047b614.jpg,0,0.014854177,0.029352553,0.022103365,0
266983e5-627d-408f-bed7-9ea980ae6ed2.jpg,0,0.77898836,0.11588893,0.447438645,0
4dab0da6-5aa8-4093-a836-bbb6e5aafd33.jpg,0,0.035399266,0.045897275,0.0406482705,0
641aeec9-23fe-4665-b675-0eb4bf981853.jpg,0,0.03194244,0.010406075,0.0211742575,0
1ba293b0-ca6f-4d88-821f-f14bde38b3a8.jpg,0,0.94958776,0.08741191,0.518499835,1
8681bd82-df30-4203-86ba-9a0b5eca56d0.jpg,0,0.057196215,0.5696578,0.3134270075,0
6eb8924e-76c1-41f3-b231-9cd6b2a9531e.jpg,1,0.97817904,0.9519692,0.9650741199999999,1
963fb860-4ebf-40d9-bd05-c92fbcea1a79.jpg,0,0.16091697,0.020747855,0.0908324125,0
2f171443-a984-4cf3-9cd8-a368f55a0ab2.jpg,1,0.9863273,0.93531007,0.960818685,1
c9f0067a-6be1-4916-8584-33a497948ee8.jpg,0,0.067619346,0.019764751,0.0436920485,0
5ebca025-d66e-43ed-bdce-721b5a2e609c.jpg,0,0.029941121,0.023446199,0.02669366,0
576729be-02f6-4aa7-abce-063c0138a387.jpg,0,0.0208471,0.21819055,0.11951882500000001,0
ace6f263-1113-46b5-a18b-25a354cdbebb.jpg,1,0.98860234,0.9195495,0.95407592,1
b3325f16-a68b-4cee-9419-c515edaeb156.jpg,0,0.06992959,0.057542548,0.063736069,0
2a623202-3a65-4e0f-874f-c33602926557.jpg,0,0.9387568,0.04428905,0.491522925,0
ee58cea4-635c-4dba-a63b-94d66f876e6c.jpg,1,0.9919389,0.9564698,0.9742043499999999,1
48680433-637d-4455-b2f0-959c0cda06ae.jpg,0,0.024017261,0.009009416,0.016513338500000002,0
2b937c42-f4e8-4731-b37a-5b2ff2e9b356.jpg,1,0.96701217,0.94495624,0.955984205,1
c3cabff4-d544-4e4e-b328-5981e280530e.jpg,1,0.98883283,0.9891116,0.988972215,1
5c2defd5-b60d-44f5-a6cd-728c231b5493.jpg,1,0.9713359,0.6908298,0.83108285,1
4566e8e4-184a-4fb3-9cc1-309d1cc2c955.jpg,1,0.9835903,0.9542457,0.968918,1
29422c50-3438-4926-bdcb-0f3caa9d0b3f.jpg,0,0.018346569,0.009459226,0.0139028975,0
dba61650-16f8-4901-ba3c-31d8035f256b.jpg,0,0.020137994,0.02992451,0.025031252,0
f9ee34ec-4d52-4bcd-b83f-8a0523f0c48c.jpg,1,0.87465256,0.45037338,0.66251297,1
6a2cd2ec-e5d0-4339-8c7b-57ab4798d3eb.jpg,1,0.9213796,0.8430461,0.8822128499999999,1
15010d7d-cc3c-4ec1-94a1-7a05957b1648.jpg,0,0.02495917,0.094725415,0.0598422925,0
fc0057fd-a417-403e-ae18-1fff860699f0.jpg,1,0.67562276,0.37832838,0.5269755700000001,1
66f7bc14-241b-4fa9-ae5d-34a5fa5e4298.jpg,0,0.8393223,0.16228588,0.5008040899999999,1
228a92b6-9152-48a2-928e-cde1a2d6e9fb.jpg,0,0.034982078,0.017935118,0.026458598,0
b33f6caf-67b6-46a4-8d7a-f5d184964d32.jpg,0,0.021467682,0.013645736,0.017556709,0
ba44d3f6-7b70-4d80-af7e-871efbf258a1.jpg,0,0.12377609,0.06710201,0.09543905,0
c370332b-d65d-486e-8007-699a5f74ed45.jpg,0,0.039565153,0.09835526,0.0689602065,0
aa132fdb-cd60-4936-9044-fc26f21412d8.jpg,1,0.9635142,0.7853803,0.87444725,1
60a38fa6-7220-47ca-97a7-ceacd81a3169.jpg,1,0.9594707,0.92145586,0.94046328,1
a01c7460-29f9-40ba-9a27-66bd61306fa8.jpg,1,0.8961851,0.91385466,0.90501988,1
4e5bc9a4-316e-4785-a9a2-ef54ac85cfb7.jpg,0,0.3081982,0.5612254,0.4347118,0
02b2e6ed-d9c6-4e99-82e4-fe9aa338c9c2.jpg,0,0.062439032,0.022553809,0.0424964205,0
48f69519-35e8-4623-810f-19e9c88deb18.jpg,0,0.017022276,0.0102916425,0.01365695925,0
e36c6aab-13ad-479f-b333-e75b3fb4aded.jpg,1,0.9790385,0.97447,0.9767542499999999,1
27229ab1-60f2-443d-8332-5fc94d703b8b.jpg,1,0.97333187,0.5448091,0.7590704850000001,1
bd362ad2-e0d9-4046-99db-44f4dfdf590b.jpg,1,0.94081473,0.5275306,0.734172665,1
b2723bc7-f038-4259-9860-af097b27eb95.jpg,0,0.020620385,0.025912222,0.023266303500000002,0
d787978c-ca46-43cc-a99e-ab4ee17cffcf.jpg,0,0.018767262,0.011947903,0.0153575825,0
7a4c80a7-619e-41f2-a5ad-2231eae33fe8.jpg,0,0.01495335,0.010052492,0.012502921,0
d947af65-3c14-4e55-b358-67b9b2dbb037.jpg,0,0.0078112166,0.021072278,0.0144417473,0
daae4627-3248-4d24-9811-ad4610acf27f.jpg,1,0.98579895,0.7258249,0.855811925,1
fdda1fb2-b07a-4b83-9883-a504e2a23207.jpg,0,0.02977797,0.010694717,0.0202363435,0
b19d5a72-7091-4f77-9935-555856d7c914.jpg,0,0.08310308,0.07335605,0.078229565,0
e67ad0a1-7f1c-43df-b1ab-3c74385e6ba7.jpg,0,0.031465802,0.05371744,0.042591620999999996,0
c37217ef-8f42-43f1-b17c-e95fa7593337.jpg,0,0.01185135,0.0062348805,0.00904311525,0
fbbc528d-d69e-431a-a9bc-0978d101d10e.jpg,0,0.34864134,0.45354304,0.40109219,0
ae6eda6d-006d-4ce8-a175-276ef6b84bcd.jpg,1,0.9819911,0.98485166,0.98342138,1
566ca24b-4225-4cea-9284-4de8bf19bfee.jpg,1,0.9760059,0.9670922,0.9715490499999999,1
31d9a6cb-9307-4117-bbbd-95155d5938ac.jpg,1,0.57967645,0.6381406,0.6089085249999999,1
b8dd5504-2e43-4b20-810b-015aeaf92207.jpg,1,0.9684295,0.93907756,0.95375353,1
e2d34af1-94cc-43f3-a315-cf140bdb0de4.jpg,1,0.9803239,0.9650056,0.9726647500000001,1
5d5d257c-26d9-46c0-8602-07c7f6b9b264.jpg,0,0.10844108,0.18933098,0.14888603,0
72253ea5-52c0-46fb-b68b-4db31f538caa.jpg,0,0.03346814,0.054916352,0.044192246000000004,0
ccde1c96-e530-4d45-97dd-ed37adf8c560.jpg,1,0.9003968,0.9636191,0.93200795,1
b89dc2be-cd2f-4fb6-8ce1-d37fd8cbd580.jpg,1,0.9875666,0.16923627,0.578401435,1
022a082c-f37c-4d6d-bc7e-e052c6e868ca.jpg,1,0.8784718,0.9390679,0.90876985,1
fce62a8f-7c86-44f7-823f-5cde18fdb4aa.jpg,1,0.9877466,0.9812042,0.9844754,1
f146b3c7-6fb9-4973-844f-71c62b477d77.jpg,0,0.2867745,0.23576657,0.26127053499999997,0
987f342c-fc6e-42d6-a3b7-234d12329b8d.jpg,1,0.98076266,0.9663526,0.97355763,1
c1e9a224-3858-4b99-a1cc-1379c5187d6e.jpg,0,0.03023143,0.029178152,0.029704791,0
ab044281-69cf-4821-87ce-74f56c2690df.jpg,0,0.025467243,0.0075154207,0.01649133185,0
b5612e40-7c2e-4acc-a7b9-09a263c65463.jpg,0,0.049561914,0.048654098,0.049108005999999996,0
805378ff-a4e5-4974-94f3-4d20d166d73d.jpg,0,0.020046946,0.0309634,0.025505173,0
05d8ecb5-80f1-42c2-991a-f9e04f42553e.jpg,0,0.61456645,0.8524725,0.733519475,1
ad7652a6-e728-4a13-a036-6cf0920163bd.jpg,1,0.9018324,0.09281673,0.497324565,0
05235a71-51fc-4ae2-ae07-db6f278d34d3.jpg,1,0.94406354,0.8722775,0.9081705200000001,1
ab8a79fc-2363-4286-ab28-6fec85771bf5.jpg,0,0.037434477,0.025377607,0.031406042,0
727307c2-b203-449e-a5d5-54d0eb159ed2.jpg,1,0.9813995,0.7890931,0.8852462999999999,1
255baed3-ad99-4cc4-8206-8a8b4e62d2ea.jpg,0,0.30068198,0.05725348,0.17896773000000002,0
7c1bb5f6-a913-4a51-ae30-93c124ef1379.jpg,0,0.032325298,0.010103746,0.021214522,0
0e0d9599-22c7-47c1-8b62-a1211a6afc67.jpg,1,0.9786497,0.9772046,0.97792715,1
edcae207-dc2d-4c97-8227-0cfd1ad8b260.jpg,0,0.09472758,0.02592125,0.060324415000000006,0
343e33ed-a1d2-469b-be2c-7a4d6bb657de.jpg,1,0.9808883,0.96519184,0.97304007,1
90f1f2e2-5b1e-4800-90bf-a1eb8e5de6b6.jpg,0,0.24128497,0.049934544,0.145609757,0
91d267db-535f-45ba-9cf8-0882e17f619c.jpg,0,0.051110942,0.09725078,0.074180861,0
f2713b64-fdd1-4359-9ea8-77d9b9e61b77.jpg,0,0.010658413,0.04457026,0.0276143365,0
d81bb4e9-477a-4813-8f2b-3eb315146f53.jpg,0,0.023921972,0.01681164,0.020366806,0
d86039a7-e136-4123-9ffb-ed8955257695.jpg,0,0.9731127,0.010494656,0.491803678,0
14cd6f56-c576-4c45-b956-9e8ca2505bb6.jpg,0,0.044592742,0.029658046,0.037125394,0
92e3f1a4-629f-4a14-bf49-6fb0844622b9.jpg,0,0.11750146,0.18395711,0.150729285,0
77c81186-0115-4e2e-b782-cba7680ef609.jpg,1,0.9720082,0.96083075,0.9664194749999999,1
0cbf5c6d-bacb-4561-9a26-d98a3458bb77.jpg,1,0.96906537,0.9745145,0.971789935,1
a6efafe8-8216-4746-9f4e-86955dc6b69d.jpg,0,0.04064332,0.11451215,0.077577735,0
5a5f349a-1fd4-4fe0-8882-544d21ff3c0b.jpg,1,0.87767565,0.46930832,0.6734919850000001,1
c4435160-9883-4d00-816b-43881e88d9cc.jpg,0,0.0721762,0.022150163,0.0471631815,0
580245f1-1e56-4c76-a31d-1838423b21fe.jpg,0,0.027876813,0.0074574314,0.0176671222,0
4cae4d38-0b53-404e-bf59-d5131dd78d1e.jpg,1,0.97838914,0.92628324,0.95233619,1
436bdc08-8a71-41e8-9f93-870d49e26f8c.jpg,0,0.11363878,0.3268951,0.22026694,0
ba90b143-429f-4f06-acb1-53027bbc4358.jpg,1,0.98114645,0.7776064,0.879376425,1
4bda0f0a-7ff9-4de2-959d-6a412ac1b65c.jpg,0,0.025735391,0.1061905,0.0659629455,0
47676892-c213-46dd-8d45-3e8636a7a33c.jpg,0,0.56195265,0.4966584,0.529305525,1
8e89395a-40d4-428a-9675-510e64b84708.jpg,0,0.045030568,0.008166852,0.02659871,0
aae3c37b-2417-4b52-954f-c9889f8c46ed.jpg,1,0.9617914,0.967051,0.9644212,1
20dcdc2f-a866-4981-9394-c8f9a1ffab0b.jpg,1,0.9194411,0.9009787,0.9102099,1
0c578d4e-893e-4050-9441-03c642545de1.jpg,1,0.972451,0.17093626,0.57169363,1
b2d4ec81-f1bb-48e0-99f0-98498879a84d.jpg,1,0.97135496,0.33754867,0.654451815,1
e86815be-5763-41b5-803f-94c3f849e148.jpg,0,0.48089045,0.032343294,0.256616872,0
db439b70-5b21-4c37-a2e2-91af5889205b.jpg,0,0.8803815,0.60438305,0.742382275,1
9901d195-43ce-4221-94ae-91aa81d02493.jpg,1,0.9236007,0.34202522,0.6328129600000001,1
3241bd58-0237-44ac-b77e-aea82a8f86af.jpg,1,0.9879816,0.9792157,0.98359865,1
cfe6a5ba-b246-48e4-8232-2cff1a3deac9.jpg,1,0.8636462,0.864757,0.8642016,1
b47ac82c-253a-4b94-8102-ad30129411a4.jpg,1,0.9891404,0.5938413,0.79149085,1
524e309f-3357-48a5-8d67-6e3385714ed4.jpg,1,0.99184966,0.49242005,0.742134855,1
7ed680b8-8428-49a0-b86c-4a148b76ff4e.jpg,1,0.91774184,0.48354807,0.700644955,1
85892144-4afa-4ade-aca7-0cecb973b5c8.jpg,0,0.14654458,0.3932169,0.26988074,0
9fd5347a-ddb1-4481-acc1-f37e874670e5.jpg,1,0.9784122,0.9671259,0.9727690499999999,1
2fe50242-57f1-4169-aeb3-918338b4411e.jpg,1,0.49847168,0.963061,0.73076634,1
3f030815-0bdd-45f5-8ca3-e9d2462e85d4.jpg,1,0.35012582,0.14438151,0.24725366499999998,0
594ce897-e18b-4ff1-8d3b-e48fb114a84e.jpg,0,0.036004733,0.10040947,0.0682071015,0
afa9e4f8-72a1-48e2-bc00-aa3f643ee719.jpg,0,0.030819364,0.04247649,0.036647927,0
878819c6-f104-46e9-bceb-7bcb905cb3ca.jpg,1,0.95821196,0.8489809,0.90359643,1
b13cfefe-1c9a-4de3-9a6a-ed59de932f60.jpg,1,0.97297025,0.92668587,0.94982806,1
97cf3b3b-80f7-4b3a-b29d-fe0d613d2f74.jpg,1,0.9747668,0.9525415,0.96365415,1
7c8efca1-d971-4c56-b3b8-51246792da92.jpg,0,0.02471865,0.037302002,0.031010326,0
5325464d-ad87-49d3-89b9-a4a102d4a707.jpg,1,0.9373965,0.9728203,0.9551084,1
5e3e23f6-8edd-41d5-8a77-cf3169444148.jpg,0,0.46577987,0.3213492,0.393564535,0
d7d3c16a-ead8-488f-8f05-2923efd7c869.jpg,0,0.025416758,0.0151292505,0.02027300425,0
7f5437cd-592d-4e4c-99b9-fbf71704b798.jpg,0,0.023043457,0.11504767,0.0690455635,0
ab01a36b-d343-4236-ab38-27583a22d9b7.jpg,0,0.024641888,0.007186905,0.0159143965,0
cf118353-2f59-440b-9268-b3d9b2ff04f0.jpg,0,0.55369335,0.21255335,0.38312335,0
018fc466-1c3e-4c23-a227-c58b529c418a.jpg,1,0.61230797,0.25347346,0.432890715,0
bf3a8059-20d8-4735-b8a1-39b974141d82.jpg,0,0.02544367,0.02627402,0.025858845,0
1c191983-fc01-4a75-ae73-d91581557dca.jpg,1,0.98569286,0.96978855,0.977740705,1
beeef7bd-9927-4c8b-bf98-8e032d6ef91d.jpg,0,0.0980407,0.7736865,0.4358636,0
5d4765e2-7b92-4689-b56e-5524ef6dad6c.jpg,0,0.026947472,0.59513164,0.311039556,0
0023fb84-baee-4ae7-b63b-fe4b67afff15.jpg,0,0.13514225,0.00734902,0.071245635,0
6d6c05b7-6cc3-4899-945e-10919f5589df.jpg,1,0.9768225,0.97726166,0.97704208,1
26c7f0bd-4027-4284-9b34-76c6e4c7340e.jpg,0,0.016298778,0.27141944,0.143859109,0
dd674d0f-85d6-4139-9f09-6dc418b57798.jpg,1,0.96297586,0.8504965,0.90673618,1
f4665bc7-c947-42bb-86fe-171795e4a307.jpg,0,0.18216416,0.01663748,0.09940082,0
2d4ae2f6-b4de-4fa4-b09e-aae70f7fc6b8.jpg,0,0.9057831,0.20663261,0.556207855,1
5faf9058-16b8-4383-99f8-660c4fe1c637.jpg,0,0.020608896,0.08404557,0.052327233,0
082cd980-284e-41dc-96e0-9c09cbfc880d.jpg,1,0.96925676,0.7039913,0.8366240300000001,1
3747dcc7-7030-4b02-8bfb-f450b45ca06b.jpg,0,0.09307466,0.31347018,0.20327242,0
b2d695d7-19b6-4022-84e9-9dde0bae0f94.jpg,0,0.76382524,0.018412154,0.39111869699999996,0
8eeed107-f89c-4bfc-a30a-df196b211e2d.jpg,0,0.48471895,0.15185492,0.318286935,0
6b06510e-a9cc-46d4-9a65-f085f2c9d580.jpg,0,0.028244521,0.03565212,0.0319483205,0
6e02e0ce-783d-4405-8902-bf05aeeb605f.jpg,0,0.011991675,0.009229865,0.01061077,0
45d83f45-c045-48bc-81f5-a3bfc21f9ac1.jpg,1,0.9728405,0.98033845,0.9765894749999999,1
11d3625c-22d3-44fc-a58d-3f5ff98709a6.jpg,0,0.03398554,0.038647376,0.036316457999999996,0
cc972846-455d-463a-9aae-90974c06d784.jpg,1,0.91975653,0.70194817,0.81085235,1
93b89d86-5775-4b5a-9616-e16915e3081d.jpg,0,0.031629853,0.025747353,0.028688603,0
01ce133a-e6f0-455e-9991-dee5f710d50b.jpg,1,0.9723112,0.97509557,0.9737033850000001,1
eebf87e8-20a8-4cd9-b00f-5d3b348d8b89.jpg,0,0.028476022,0.01884894,0.023662481,0
1d7108b0-3720-4ae4-8393-d21ac26bff55.jpg,1,0.9668305,0.63899624,0.80291337,1
7a41ad39-1bbb-4e7d-895b-6f4728f06b53.jpg,0,0.044762284,0.16169137,0.103226827,0
a4d8aae7-a695-47e6-99f5-c38091d27cac.jpg,1,0.9693581,0.95826733,0.963812715,1
4e2b5786-fc63-4482-8a94-b3fcfb0f3990.jpg,0,0.019632211,0.007996089,0.01381415,0
351f3d7d-3393-47ba-862b-b0ec1f9d7b02.jpg,1,0.9744265,0.96591973,0.9701731149999999,1
2c170199-b653-49ef-8f67-31237b21f080.jpg,0,0.031767223,0.013984118,0.0228756705,0
7892dcfa-f4e0-4f44-824c-81498233b406.jpg,1,0.10402105,0.031138776,0.067579913,0
69d5b35d-71e4-44ba-996f-87c0ebf62e58.jpg,0,0.014009165,0.08739286,0.0507010125,0
ba56ab37-df8d-43d8-8287-28a6825f36b5.jpg,0,0.02045384,0.012447749,0.0164507945,0
0e96e304-9483-4ea3-bc33-7d046801c1ad.jpg,0,0.008906888,0.005924654,0.007415771,0
d1cb89e5-521b-45fc-8868-ab57c02d3aa3.jpg,1,0.24263868,0.048127856,0.145383268,0
df51bca9-4e5c-4509-aff7-76b499049358.jpg,0,0.028418828,0.008535683,0.0184772555,0
45767dd4-4f1d-4011-ba73-097b75df7991.jpg,0,0.053634968,0.010951227,0.0322930975,0
4781993b-aeb0-4994-bd0a-be7fa2c303fd.jpg,0,0.00671837,0.015543501,0.0111309355,0
3c09f1d6-9edd-4e9e-b1c2-9b9e2bb2f3d2.jpg,0,0.08524297,0.11921236,0.102227665,0
fb908017-cecb-41a7-9658-033ef01fe280.jpg,1,0.9302509,0.18027465,0.555262775,1
ea67ff96-b9a8-4956-b737-8f9d5644721f.jpg,1,0.9451839,0.80579996,0.8754919299999999,1
e8808e66-455d-4b91-a5bc-a8e08ac3f8fe.jpg,1,0.22164851,0.076623395,0.1491359525,0
4cf1d6a5-8639-42df-9403-03b371fcd138.jpg,1,0.97720325,0.95412934,0.965666295,1
eb06f4cb-3880-4669-b8cb-f3080cf3ed3f.jpg,1,0.9822649,0.97798365,0.980124275,1
601c6532-7231-49e8-a4fe-3e06b4b85b84.jpg,1,0.9646395,0.7359341,0.8502868,1
0b9c1e08-d55c-48d3-99b3-d1ef4e3573d6.jpg,1,0.85064113,0.8469696,0.848805365,1
168b4694-2fb2-4c63-9bc5-4af404f5a33a.jpg,0,0.014955824,0.01589347,0.015424647,0
6555923c-b8bf-455d-8920-e6ae837ca2dd.jpg,0,0.5163641,0.96572846,0.74104628,1
d617cdc4-3b3f-45eb-9478-b45546486035.jpg,1,0.9549817,0.6089491,0.7819654,1
2f6c2882-3d4d-4873-804b-a6705cd27ae0.jpg,0,0.04535444,0.17118344,0.10826894,0
a2ae3b67-a2f3-4fa3-9c59-9c4599f24833.jpg,0,0.021464722,0.016000392,0.018732556999999997,0
85422da8-9876-43ff-874c-fef57dcc54b7.jpg,0,0.9305437,0.2978602,0.61420195,1
6fab79e6-1966-4760-af70-717e28938315.jpg,0,0.023178613,0.00852143,0.0158500215,0
14be87ee-3587-4ae3-95cc-f8e9a65c5cc6.jpg,0,0.016780186,0.01623504,0.016507612999999997,0
58cbe3f3-b2b1-4c21-95ba-ba3f58dc0459.jpg,1,0.9827747,0.9896444,0.98620955,1
a0696850-0b42-4519-93a3-130e5a924716.jpg,0,0.14791782,0.34431246,0.24611514,0
84fd11fe-24d9-4e88-9aa0-70093311476e.jpg,0,0.017060544,0.015876086,0.016468315,0
c5f91aff-9f60-483d-be47-1ce1fdc6d419.jpg,1,0.96743506,0.7562859,0.86186048,1
88719913-4509-4c55-8d5c-321fff6d5559.jpg,0,0.041887373,0.03973045,0.0408089115,0
61444089-80ad-420d-bcf4-f84ae6b430e8.jpg,0,0.027060904,0.016492607,0.0217767555,0
3ef3c3d7-f8ab-4626-b1d4-729044210dfb.jpg,1,0.031703107,0.026472582,0.0290878445,0
40ed10a8-358b-4986-aca4-4dca1a8cc587.jpg,0,0.05923432,0.1099882,0.08461126,0
aa4d0b6b-d068-4df2-b7e0-f6e5d29c5b8b.jpg,0,0.018670814,0.17565359,0.097162202,0
86c1cfbb-ac5b-4687-9d7e-764ee32058bf.jpg,1,0.77466506,0.9574699,0.86606748,1
511ba0e7-09be-48f0-8cc6-6e2bd73a8cdd.jpg,0,0.012789695,0.03786525,0.025327472500000003,0
4fddefbc-671b-4b3d-92a0-bbd23694a804.jpg,0,0.02352267,0.030558197,0.0270404335,0
4d72fc10-c00c-4f90-80c2-873eb5fe520c.jpg,0,0.04293761,0.032672394,0.037805002000000004,0
2c63d038-bb57-466a-87c5-05fe94f80d1c.jpg,1,0.983886,0.7645523,0.8742191500000001,1
59ec99e9-a05a-4824-8e81-52d4e18bcec2.jpg,0,0.59810317,0.04942771,0.32376544,0
4f499ded-95a1-41f0-94c9-1f498b435a81.jpg,0,0.030703904,0.017305674,0.024004789,0
5adb9398-528a-4f1e-8fcc-c4ec86686f95.jpg,0,0.71881884,0.05258439,0.385701615,0
8544a71f-f76e-4d30-8bff-8525670914fe.jpg,0,0.07386895,0.18861152,0.131240235,0
07c42d67-2d7b-475d-a91e-dc93fe665b58.jpg,1,0.9691365,0.9816589,0.9753977,1
159feb19-1152-4e49-a3ee-03310ba54a14.jpg,1,0.94259924,0.986238,0.96441862,1
92f70597-574f-4c31-9e8c-b219685e18f7.jpg,0,0.53196657,0.11167451,0.32182054000000004,0
42b5b288-fa0a-46fc-942e-e73caa34088d.jpg,0,0.05127789,0.10216182,0.076719855,0
041316fd-bc56-4e7c-97a4-c977f855864e.jpg,0,0.80226195,0.4893963,0.645829125,1
0126b3d6-7319-474e-83fd-5fbacf8c0aaa.jpg,0,0.019087858,0.012800935,0.0159443965,0
ff365183-848b-4b2a-90f9-03d2ea2d3eb5.jpg,0,0.48153806,0.4237384,0.45263823000000003,0
19854089-118c-49a5-bc58-67e6df1fbbc1.jpg,1,0.9377288,0.9458462,0.9417875,1
a9675541-cc56-49a4-8430-60db82888b15.jpg,0,0.021667197,0.023257984,0.022462590499999997,0
eb442ec1-b697-4887-b790-921c1cc53ae6.jpg,1,0.95468575,0.378299,0.666492375,1
18a7d0f1-74c1-453e-a24e-3832f292ed7b.jpg,0,0.020952765,0.0050788103,0.013015787650000001,0
104e4760-f9cc-4898-bcba-429c4ebbeff6.jpg,0,0.019086365,0.0074016545,0.01324400975,0
a016fa53-cb71-41a4-8046-60217a05f33d.jpg,0,0.053229894,0.2583708,0.155800347,0
adfd80ef-a0fc-4d9d-b48a-fae1a8ee354d.jpg,0,0.13310452,0.05344493,0.093274725,0
9e4ed229-4347-404a-828f-f026698fe5db.jpg,1,0.98058826,0.83846116,0.90952471,1
a2b13d8d-d30d-4ed8-8fdc-e0764ed21b38.jpg,1,0.8962841,0.96729213,0.931788115,1
c534e0b0-ae19-4af7-b943-1a4ca0f52095.jpg,0,0.021114577,0.063979976,0.042547276499999995,0
396f96d7-f05e-415d-9107-f2202ebdb62b.jpg,0,0.050206415,0.0341486,0.0421775075,0
222b6e4e-e92f-406c-af0f-b0993c2216be.jpg,0,0.15082924,0.026850386,0.088839813,0
45e9ba01-1731-44d1-b1f0-b6ee392c290b.jpg,1,0.9533145,0.85353416,0.90342433,1
a43c3e17-052c-473f-a69e-cdf4f009b603.jpg,1,0.96062756,0.97021914,0.96542335,1
712a3e7d-b3c4-4d91-ab64-c26118f8a5b0.jpg,0,0.04062632,0.018979233,0.029802776500000003,0
0537a4b5-ebf1-463b-9b27-b7583e191f2c.jpg,1,0.9732746,0.9815152,0.9773949,1
8ff788a6-7836-49c8-abf1-10c7e95a9bec.jpg,1,0.9060598,0.2878986,0.5969792,1
d017d369-c45e-48a4-b5f5-d4f82c0ade8b.jpg,0,0.02756664,0.036689,0.03212782,0
0013a9a6-a0f7-4ecb-9165-3bf63ea66e6f.jpg,0,0.0065122866,0.019337349,0.0129248178,0
827c2842-f013-4d69-b9fb-e4e4829cfa1c.jpg,1,0.9699901,0.7454251,0.8577075999999999,1
2562300f-d637-4dfe-955a-960dc731e01c.jpg,1,0.9732857,0.9843226,0.97880415,1
20aa3e51-f4a4-490e-860c-51f1ecfda156.jpg,1,0.9837871,0.8927079,0.9382475,1
969059e2-88cd-48bc-a4f5-563751aa615d.jpg,0,0.049107358,0.013769964,0.031438661,0
af43ec63-80bc-4b5f-9389-faff7d2e317d.jpg,0,0.04626467,0.022409374,0.034337022,0
a6354108-dc14-4c61-9835-3034edbc985c.jpg,1,0.9797499,0.9847921,0.9822709999999999,1
7a9ad7f4-8fc8-417d-bdff-17fe6fd57aed.jpg,1,0.9816523,0.97666466,0.9791584799999999,1
a3db3a1e-02b6-4912-bf9b-16460f73a024.jpg,0,0.05061242,0.01555743,0.033084925,0
a0fa343e-0f21-4c2b-8083-abebd8aab322.jpg,1,0.6907792,0.2584878,0.47463350000000004,0
ad46be48-e819-4512-828e-de02e0f7051b.jpg,0,0.8342247,0.032925986,0.433575343,0
bfaf780e-3635-4547-b3bd-b39243275c99.jpg,1,0.96047914,0.44670358,0.70359136,1
549c86ee-b694-4206-93bc-d2f0b189f429.jpg,1,0.9802505,0.9705037,0.9753771,1
1636bc73-6a4a-4f0a-970c-ae220aaa10fa.jpg,0,0.024483174,0.020991532,0.022737353000000002,0
abbade29-c54f-41fe-a8f8-2500a8820358.jpg,1,0.9728874,0.90818757,0.940537485,1
47d4858d-deb5-4254-a239-862999952756.jpg,0,0.2141331,0.025874278,0.120003689,0
78dea620-a2a4-4644-bcc0-84c6b80e9a97.jpg,1,0.9756562,0.21481943,0.595237815,1
c5590f1e-9ceb-4509-9375-f2a0b2e3ea8e.jpg,1,0.97214836,0.9390519,0.9556001300000001,1
b2ff5bf7-8526-44c8-a0b8-e41ff891938a.jpg,0,0.7420366,0.110393964,0.42621528200000003,0
32f1985a-2e87-446d-bfbd-639d18510e06.jpg,1,0.45596382,0.8742117,0.66508776,1
4ba3cf16-c775-4e00-9d61-c70ec6ae552b.jpg,0,0.019022645,0.014033543,0.016528094,0
67cd8ad9-8640-4a18-9e7d-a79afaf48e68.jpg,1,0.98602235,0.45202705,0.7190247000000001,1
bfbd6153-4d04-461f-9c1a-fd937068713e.jpg,1,0.9364052,0.89512914,0.9157671700000001,1
9152d485-661c-49bb-83ad-618fea90da8c.jpg,0,0.03513422,0.018089334,0.026611777,0
81e650b4-2f0f-4fcc-99bf-754b21800441.jpg,0,0.06825991,0.07200784,0.070133875,0
a7d9d36f-cbd9-486a-9b35-1e2d3f43c557.jpg,0,0.6022359,0.7592182,0.68072705,1
82850c87-1fd8-46ad-9b1e-d8c7f33a5207.jpg,1,0.020937692,0.061623678,0.041280685,0
34ca3a3a-4e7b-474f-906d-bf6ec99a72af.jpg,0,0.026211888,0.004273635,0.0152427615,0
c8449d96-ce7c-4d62-95bc-ecc0bf28623b.jpg,0,0.032297052,0.12991492,0.08110598599999999,0
2c17b399-958c-4a9c-abc7-49c176101668.jpg,1,0.98942214,0.48965204,0.73953709,1
5a08b991-629c-4ee8-bb36-a392d277a0be.jpg,1,0.93538266,0.2111457,0.57326418,1
35d980c5-4f32-4138-987e-44ffd532fc75.jpg,0,0.013997821,0.0068075764,0.0104026987,0
40d40563-1e65-4654-89f3-0fd24e8b8b00.jpg,0,0.10060511,0.035321943,0.0679635265,0
82a42977-9b1c-4432-992f-3b024da0c000.jpg,1,0.977413,0.95585454,0.9666337700000001,1
03d2c1e8-9a69-4971-a6c3-46473b78c50c.jpg,0,0.05990551,0.052972205,0.0564388575,0
c2be9548-667b-49ac-be48-223e1dc833a5.jpg,0,0.336032,0.64305615,0.489544075,0
a13e3c38-b065-4c05-ae21-8ae6ab908d3b.jpg,0,0.10844777,0.015527125,0.0619874475,0
d239b7d3-2428-4c97-967e-be2d7f64fe4b.jpg,1,0.26813933,0.119548745,0.1938440375,0
f6362e7d-40c9-42d1-a152-70a48e76a70a.jpg,0,0.015779408,0.00857798,0.012178694,0
57e3a9d0-f8b7-4a81-8020-4b1c61fc9b46.jpg,1,0.48875904,0.9049684,0.69686372,1
30c5744d-04fa-4a5f-851d-041af7a34386.jpg,0,0.09258087,0.061576482,0.077078676,0
39879caf-3642-476d-977f-3f7bac070eeb.jpg,0,0.035638466,0.16603978,0.100839123,0
5cdbe3b4-bb20-4c34-879f-5f587f861475.jpg,0,0.14768212,0.02080622,0.08424417000000001,0
c33c7097-8803-4e3b-a87e-2d18f2c88fb5.jpg,1,0.72345084,0.62044245,0.671946645,1
fc9fdb05-5c19-4e60-ade2-263021b8dbd2.jpg,0,0.460756,0.016196169,0.2384760845,0
ebaf6a77-ffd6-42db-92ed-38445a130e2e.jpg,1,0.97496164,0.92910844,0.9520350399999999,1
8cb98578-a1fd-480f-a873-bbb899a88758.jpg,1,0.9795221,0.9383793,0.9589506999999999,1
4e80c5b5-e7e1-4818-bea7-dd0c428ed335.jpg,1,0.9759126,0.77766055,0.876786575,1
66223d19-32d0-4b2d-b3fc-5deee260e3ef.jpg,0,0.95713305,0.5556314,0.7563822250000001,1
05c0d2e9-f1dd-41ca-87ac-a7f32a1553b0.jpg,0,0.9728836,0.89956534,0.93622447,1
71c663f8-7f32-42ad-a6ef-83ecc622caae.jpg,0,0.014454815,0.005076081,0.009765448,0
ebcfcadd-c045-4923-8b08-f899d617f681.jpg,0,0.034249503,0.010526166,0.022387834500000002,0
fa59e7d2-6b19-4661-b385-0687a969d83a.jpg,1,0.9820609,0.9740709,0.9780659,1
75b66b47-ff2a-4094-841b-72e2a9a39197.jpg,0,0.90339625,0.79688764,0.8501419450000001,1
f8139596-3a57-4a85-990f-1ea7b3f41862.jpg,1,0.98201746,0.9776652,0.97984133,1
cb01a545-4169-4fc8-8c53-0fd77ebfb2f4.jpg,1,0.97595894,0.8752391,0.92559902,1
2f547ffe-bd45-425f-89e8-777f38715b06.jpg,0,0.034087457,0.019175753,0.026631605000000003,0
5afbb17c-779a-4e8f-b77e-3d5f6d057b91.jpg,0,0.12971732,0.07208221,0.100899765,0
c0b1b813-d618-4799-bc42-4ce0832a0024.jpg,0,0.9497601,0.22174354,0.58575182,1
188de3d2-c186-4f28-9157-c50c405925fe.jpg,0,0.020846767,0.012589643,0.016718205,0
5854efcf-d292-4c18-8021-a57da6d9adde.jpg,0,0.02281656,0.24262434,0.13272045,0
02acd34e-410c-421b-9f28-9bafdaa14776.jpg,0,0.04719895,0.027574535,0.0373867425,0
21ed2880-c693-4bde-86e6-726827cab280.jpg,0,0.07710284,0.023516329,0.050309584500000004,0
98f6232f-5400-4ae1-be95-8cc8b6162d58.jpg,1,0.9800851,0.97585154,0.97796832,1
8483cc69-66a4-48ed-8b72-73b37db2e496.jpg,0,0.11588954,0.016850144,0.066369842,0
19a49cc0-b962-4dad-9bbd-3c1e8073f138.jpg,1,0.6797563,0.051561285,0.3656587925,0
611b8c38-fc7e-4dd4-b08d-3d126e8ddc88.jpg,0,0.05139082,0.02467592,0.03803337,0
5eb6e4a3-5def-4593-929e-7e1ad0683991.jpg,0,0.019585244,0.009336417,0.0144608305,0
d8fe26a8-33b6-4df1-bd63-2532736f2ced.jpg,1,0.976642,0.94724065,0.961941325,1
8fc8d230-ede4-4804-9b8f-34403b9f789b.jpg,1,0.62329185,0.90188223,0.76258704,1
84210fb3-4538-42a9-be40-ebecd05d9571.jpg,1,0.9838149,0.9767421,0.9802785,1
b9daeab8-06bd-4b09-b77c-9ca9bea961b8.jpg,1,0.98074603,0.7445577,0.862651865,1
50a6140a-5bf4-4843-ab02-04c78bfe49df.jpg,0,0.30567104,0.055483818,0.180577429,0
f30433cf-412e-4632-bd18-286613707ab2.jpg,1,0.9697954,0.83141863,0.9006070150000001,1
744ce569-8d94-45be-b25a-986e855a541f.jpg,1,0.97857565,0.9645055,0.971540575,1
85743a5a-34c4-4920-a6bb-6d0f9f429b25.jpg,1,0.88556045,0.07770043,0.48163044000000005,0
ed4ec4f9-d40f-46fc-8ec2-a1c1446cc36d.jpg,0,0.013581389,0.010981317,0.012281353,0
1150ae7b-64c4-44ad-8062-3245b6715755.jpg,1,0.8778115,0.65496826,0.76638988,1
aaa27f63-233e-4d01-992a-44491b9f9bb1.jpg,1,0.98129165,0.4789982,0.730144925,1
3765aa31-f7c6-4086-8eba-c37e703ca453.jpg,1,0.8443629,0.6768349,0.7605989,1
9a7db30d-c695-4b3f-9786-1bd0519a143d.jpg,0,0.37946332,0.712842,0.54615266,1
e6b414b1-ae6c-4c6c-a94b-42bc9414ac9a.jpg,0,0.016660634,0.0032964842,0.009978559100000001,0
c126eae8-1aa1-4b0f-b800-3244a6125e44.jpg,0,0.0591727,0.02253496,0.04085383,0
ac3c54aa-77a6-42bd-ab22-94e5009fc60d.jpg,1,0.9904039,0.9834374,0.9869206500000001,1
ccd5cb75-4585-400c-a710-84fd6c3def61.jpg,1,0.96035,0.7108726,0.8356113000000001,1
2cfa1221-3566-4328-a9bd-942fa33f4062.jpg,0,0.04833103,0.012233391,0.030282210499999997,0
1b7ad561-21e5-452a-a15c-5ad2a457891b.jpg,0,0.07944329,0.04139982,0.060421555,0
2d2c34cf-ee6a-4508-978d-7aa921e29d2f.jpg,1,0.9540919,0.89865756,0.92637473,1
5a54ab35-c910-40d4-8dce-ab432d4bfa68.jpg,0,0.028352486,0.0062255687,0.01728902735,0
ab41f63d-c1dc-4b18-b87d-8dc71493cfab.jpg,0,0.022624865,0.03743009,0.0300274775,0
1f34ecd4-2530-46f8-9d6b-9f9e09da4d24.jpg,0,0.28670368,0.0103104515,0.14850706575,0
945844b7-7e77-45da-8b6f-395e9d8598ed.jpg,1,0.9813752,0.44820476,0.7147899799999999,1
1088565f-a507-4207-a606-bf98f9982ad5.jpg,0,0.024531275,0.017515466,0.0210233705,0
a74f616d-82cb-45a5-b8c6-32316f52b511.jpg,0,0.053200874,0.012904841,0.033052857500000005,0
69fe2390-92c0-4f81-a799-aceaa983daf1.jpg,1,0.6020646,0.17962469,0.390844645,0
e0acb422-9983-49fb-982a-9630bda5dbf8.jpg,1,0.96068895,0.5132605,0.736974725,1
f68668c4-e6a5-4c25-b5c5-4bde6b52f628.jpg,0,0.027452976,0.02010525,0.023779113,0
2871550b-5f54-4e71-9d11-993538aefedc.jpg,1,0.9914181,0.95142096,0.9714195299999999,1
a298a912-760b-46c6-8663-2f96dab5fc86.jpg,1,0.96237266,0.92395747,0.943165065,1
d26eeed3-98e4-46ed-a436-4c424ec10bf0.jpg,0,0.018732304,0.008812909,0.013772606500000001,0
d6294e4e-dbfd-4c82-8090-c7951fb4963e.jpg,1,0.980191,0.4006911,0.69044105,1
6856fd59-15b4-4da4-a471-d3658767de14.jpg,1,0.9773325,0.97744364,0.9773880699999999,1
c0379034-ce3b-46f8-8577-4f14b0f3d3ef.jpg,0,0.027001785,0.0142352,0.020618492500000002,0
592a1c9e-b614-4b0d-b1c6-f851d38db856.jpg,1,0.96868145,0.9144379,0.941559675,1
36080ec7-af84-47d7-a233-0fc021dc4382.jpg,1,0.9761271,0.97766805,0.976897575,1
1be8ffeb-6aab-4d13-9474-8b74b4ca8620.jpg,1,0.10687817,0.62766373,0.36727095,0
bda34134-6aa7-4c3e-bc76-a0e1a3e34347.jpg,0,0.02857241,0.008076327,0.0183243685,0
c5898641-ec7c-4bdc-bf82-cfa679fd71ab.jpg,0,0.47856805,0.19359635,0.3360822,0
35d110cb-9177-4c5d-bdf4-5eb6b98149a4.jpg,0,0.037013456,0.0077314,0.022372428,0
ca38f013-e41c-475e-b338-bd74acebe25b.jpg,1,0.97431946,0.98243034,0.9783748999999999,1
911fa005-0fb2-4913-b201-e5da743e617a.jpg,0,0.025690304,0.119473495,0.0725818995,0
d982ce36-34be-4594-a466-709ae58b9acc.jpg,1,0.46089292,0.04724392,0.25406842,0
24ae1de0-7f43-4714-bc58-c3939b7519ff.jpg,1,0.9785388,0.9780448,0.9782918,1
24f1f937-d9ef-4d84-967a-dfd03ee605d2.jpg,0,0.15628569,0.021901397,0.0890935435,0
ef8f77c8-0cbc-4c69-8ef0-016eae016d93.jpg,0,0.05783263,0.67934775,0.36859019000000004,0
ec5fc960-b1b9-4096-bc63-0924c419c41f.jpg,1,0.9818823,0.99334645,0.9876143749999999,1
f31a550b-eccb-4d22-b67d-6fed83a61917.jpg,0,0.12183031,0.04932477,0.08557754,0
22af25ca-faf5-4346-a4ae-492682a53354.jpg,1,0.9779554,0.8088155,0.89338545,1
2a285f4c-92c8-44ec-a195-5ae1a6b6d1a6.jpg,0,0.020517744,0.030261436,0.02538959,0
8732ab13-f1b4-4984-9911-d971cdbe9882.jpg,1,0.8940751,0.734519,0.81429705,1
b9c230d5-4693-44df-ac04-3ad860fd50a5.jpg,1,0.98726606,0.7830833,0.88517468,1
0e10059e-670c-4b46-940c-bc8ff1b6a79c.jpg,1,0.97659415,0.99231404,0.984454095,1
748e7ea2-48e7-4371-96a9-b793e00cbe0a.jpg,1,0.9762214,0.96774364,0.9719825200000001,1
b45f269c-128a-4dab-87ef-767403161693.jpg,0,0.027791323,0.010423393,0.019107357999999998,0
a12d4728-30f5-436e-a73d-a7ff04a48b7d.jpg,1,0.9330805,0.85941714,0.8962488200000001,1
d6ebf8c3-34e7-46c3-ae48-beddf3a2efda.jpg,0,0.045128126,0.13528697,0.090207548,0
79cdf9f1-8f42-49a5-8d19-9ccefa723f07.jpg,0,0.33199894,0.06235702,0.19717798,0
c3638304-7b39-4f8d-8571-3ddfaa04a723.jpg,1,0.9740301,0.89326227,0.933646185,1
40efcccb-6d2f-4499-8109-d57080dfb135.jpg,0,0.012610129,0.058237348,0.0354237385,0
ae17396f-ae60-4d2e-af43-03cb94934828.jpg,0,0.030553192,0.09883719,0.064695191,0
c16e354f-a111-43e7-8276-f8884761b4ac.jpg,0,0.07171228,0.18190898,0.12681063,0
9c950c72-a9ca-40e1-90dd-6dc7e5a61112.jpg,0,0.029870648,0.13901703,0.084443839,0
4eadb131-ec27-4d97-a470-d316a49635a7.jpg,1,0.97128457,0.9887659,0.980025235,1
d1dd011b-22df-4710-a4a0-964a847a1497.jpg,1,0.9777855,0.97020286,0.97399418,1
63c81023-df74-4aeb-a3b3-245914de4f34.jpg,1,0.98216414,0.9779139,0.98003902,1
7632128f-2c68-4a49-bb58-68ecad17d2aa.jpg,1,0.9529486,0.48179555,0.717372075,1
99cd2c04-d015-4f67-81e9-3debf17443c1.jpg,1,0.017612046,0.09687748,0.057244763000000004,0
92b94612-29a0-46d1-90ef-c261f95a3e47.jpg,0,0.73928624,0.14263533,0.440960785,0
c6ddf117-9f42-43f2-8dd3-471293046e08.jpg,1,0.9772425,0.9576411,0.9674418,1
7c19ee8c-7ec5-40f6-b272-131881b451eb.jpg,0,0.009073661,0.044382036,0.026727848499999998,0
52c18b3e-f1ea-437d-b2d4-895752863045.jpg,1,0.5559437,0.1828539,0.3693988,0
e53cdbcf-a54b-4fbc-b12e-55369ec2ae1f.jpg,1,0.9803929,0.98546845,0.982930675,1
967bf491-a9f3-4162-a32b-d48b17c58752.jpg,1,0.960975,0.6736803,0.81732765,1
cfb545f4-a73b-47a2-a228-432ac12afa6d.jpg,1,0.87704843,0.76834685,0.82269764,1
f665e553-cd0e-4e20-a6b7-f75f90b4c2d7.jpg,1,0.94879407,0.25777963,0.60328685,1
46616da4-a403-49ff-8e43-014fda5b0343.jpg,0,0.97559196,0.9857048,0.9806483800000001,1
9bcba614-6399-4eee-9d3b-62be2a1035b5.jpg,1,0.9882785,0.8475937,0.9179360999999999,1
7df9b0cc-6fc9-4917-8a03-dc49e62f773e.jpg,1,0.97822624,0.99071103,0.984468635,1
8bfcc034-2111-41c4-80af-4e3e586446b7.jpg,0,0.021441719,0.26851812,0.14497991950000003,0
d1c88822-13c6-478a-acbf-092fb1fa818b.jpg,1,0.64433295,0.7915378,0.7179353749999999,1
b45f2183-ce59-4d2a-b0b5-5e9348575019.jpg,1,0.025138222,0.01375826,0.019448241,0
c0e44333-519e-4aed-a287-346e337e1307.jpg,1,0.972273,0.97800773,0.975140365,1
a0e86ba3-513f-4198-8a56-44aa7e942bd8.jpg,0,0.02566812,0.027349997,0.026509058500000002,0
d6efb879-c8c2-4c9a-8093-14f88243b3dc.jpg,1,0.98228467,0.9512633,0.966773985,1
2cfaf045-f882-4efa-9223-1b00babb5661.jpg,1,0.9910801,0.12157734,0.55632872,1
3cb3a0ca-d4da-4408-96e5-ccb565c74ef1.jpg,0,0.021922302,0.091743134,0.056832718000000004,0
d99471f5-4159-4d9e-9a18-2950706766ea.jpg,0,0.05665415,0.06823498,0.062444565,0
0ca5c492-b2d6-49d6-983a-146b450a3805.jpg,1,0.97917926,0.9408772,0.96002823,1
412f3da7-ea07-4399-920d-14c7455bcf05.jpg,0,0.051873088,0.036391377,0.0441322325,0
2222151d-50a7-4953-813a-b5752543f7fb.jpg,0,0.08844714,0.71045864,0.39945289,0
3b286636-e976-4a5a-94df-98461b8af1f1.jpg,1,0.9747604,0.97657657,0.9756684849999999,1
1a0e7e49-9277-4e77-9c1f-f3b1f70c8032.jpg,1,0.9848926,0.9875814,0.986237,1
bca9f8a3-c289-4d0a-af11-819831536a41.jpg,1,0.92640334,0.08376785,0.505085595,1
70715e27-9b06-4cc7-8d20-0207e7dcc2ca.jpg,1,0.9799303,0.9260137,0.952972,1
a3693481-3f8b-43b1-8161-b35515b7108f.jpg,0,0.021069815,0.014875222,0.0179725185,0
703fb076-7712-4b3a-9000-9bac94ed5428.jpg,0,0.027774932,0.012430597,0.0201027645,0
8ad9146e-e059-4ee7-a750-5187c0526ecd.jpg,0,0.025959726,0.044611964,0.035285844999999996,0
0b021ef1-e382-4b0e-bfb5-052cc94c06ca.jpg,1,0.724499,0.16863132,0.44656516,0
03e7d7e2-b00b-40e6-aa25-8afdabcdf242.jpg,1,0.98289317,0.90161973,0.9422564499999999,1
73e884db-459f-452b-be81-99716377882a.jpg,0,0.09272396,0.027220964,0.059972462,0
bfbff3d0-3765-43d5-9375-2731becada84.jpg,1,0.9865753,0.98165774,0.9841165199999999,1
b866ceda-334f-4d55-944c-99a18959b21d.jpg,1,0.97873276,0.9339452,0.95633898,1
c1c5dbce-1a69-4b75-90a9-6eb9c565f621.jpg,1,0.98053426,0.8701257,0.92532998,1
80f1d2cb-53ab-4c24-aa45-6c086533ccec.jpg,0,0.010251936,0.008091357,0.0091716465,0
9cbecdbd-f0c5-43de-8dd6-1659fc7f33b8.jpg,0,0.020208927,0.029485945,0.024847436,0
2a845405-fd23-43c2-83d2-e1ce5069c3e1.jpg,0,0.011294558,0.053012203,0.0321533805,0
cd90aee6-da25-4ba9-a58f-adb4403f4acb.jpg,1,0.97082704,0.9732714,0.9720492199999999,1
189e6fd7-b0e5-4f3d-a09e-6bfc3c03fc72.jpg,0,0.7290873,0.02841595,0.378751625,0
5231511f-b66f-4a76-95f7-ff229bf6caed.jpg,0,0.023510927,0.012047989,0.017779458,0
32408e7d-abdc-4682-a393-3c0ddb34d8b0.jpg,1,0.98257947,0.80249417,0.89253682,1
41496d9d-760f-4501-8450-c4d851622ef1.jpg,1,0.97486365,0.9999994,0.987431525,1
fbdc14a3-ead7-4a24-8c57-d9327bc8feb0.jpg,0,0.021330839,0.050783623,0.036057231,0
40ce748e-8d24-4783-95af-c0bac30fbf7c.jpg,1,0.93550754,0.92196697,0.928737255,1
710999ae-37ad-44e1-b6b5-8777797ca5cc.jpg,0,0.039726317,0.48297974,0.2613530285,0
11a38f55-8e39-43a5-8ed6-b160e58e2a5b.jpg,1,0.93772924,0.8331826,0.8854559200000001,1
b4a2a838-c927-4f1e-ab3d-e3982d2221d2.jpg,0,0.030305203,0.008232103,0.019268653,0
0aa56456-8d3c-4c40-82af-6eb978096df9.jpg,1,0.97689223,0.9896116,0.9832519150000001,1
24f22691-cd85-4239-b757-6c81a1657a4b.jpg,0,0.03986155,0.013100109,0.0264808295,0
43b5b9fa-1a76-4e44-a0b7-046684e16322.jpg,0,0.018264946,0.025334151,0.0217995485,0
41963785-f507-434c-9b6b-159e5744d9df.jpg,0,0.029285014,0.016570473,0.0229277435,0
39d299b7-380c-4766-b8c9-44bfae010bbe.jpg,1,0.9749215,0.9160406,0.9454810499999999,1
b76b75ee-845c-4ecf-9dc3-5faac227aa8e.jpg,1,0.9809831,0.96510315,0.973043125,1
64fc99ab-67b5-46fa-9117-edfe394f1fc7.jpg,1,0.9732493,0.9816104,0.97742985,1
56816217-2909-451d-becd-f536b6f1c056.jpg,0,0.023939809,0.07362189,0.0487808495,0
4a3bb184-4e8d-401b-ac47-841cd7c9f025.jpg,1,0.97115594,0.9869016,0.97902877,1
8eeeb3b9-1a84-4dc7-9827-e583e94b83b8.jpg,0,0.14055419,0.0100987395,0.07532646475,0
e292cb0d-631c-4673-82a7-db1d251b2d5a.jpg,0,0.026433898,0.05018812,0.038311009,0
425293cf-e8df-439c-a97d-013855f06863.jpg,0,0.015665416,0.0063443216,0.011004868800000001,0
aa2983e1-21dc-4437-b21a-112ce40f266f.jpg,1,0.9467148,0.9547828,0.9507488,1
877cceca-7077-444b-979b-d06368787766.jpg,1,0.9826638,0.9222933,0.9524785499999999,1
bdda2e7c-b6d4-4e76-9907-15cab0654c04.jpg,1,0.9852143,0.97097397,0.978094135,1
c8de4344-524b-408f-9205-504a58c98afa.jpg,0,0.038098652,0.053965297,0.0460319745,0
9b6c302c-b784-478b-8709-5faf18a8dbe5.jpg,1,0.9486215,0.819967,0.88429425,1
eb269bf5-0ee5-46bf-b4a8-7a8fb0f00803.jpg,1,0.9728678,0.9382819,0.95557485,1
54c3d755-4f05-4d33-8b30-348656436253.jpg,0,0.02069888,0.06675765,0.043728265,0
68362a00-6915-4352-901f-e12052bce4cb.jpg,1,0.9718408,0.89707494,0.9344578699999999,1
f5219609-ce37-411e-8688-a8e102278223.jpg,0,0.6861511,0.10508451,0.395617805,0
a0891f23-b1dc-47d0-bae6-914f85acdbf1.jpg,0,0.023216229,0.054090492,0.0386533605,0
aa6337db-d1ab-4715-b28e-6522adcc7f8d.jpg,0,0.029606178,0.31323007,0.171418124,0
41cfb51a-ae9b-4dc1-afd4-eb705f911ee4.jpg,0,0.06698997,0.022435991,0.0447129805,0
f8389100-2de2-4818-88ab-6f55f3c65da5.jpg,1,0.18119788,0.96287996,0.57203892,1
78820ca4-b2c5-47ff-a153-dc7ccad502e1.jpg,0,0.027584227,0.0108300075,0.01920711725,0
d3fce41d-a22c-4a60-800d-f57125c36165.jpg,0,0.08121502,0.116995595,0.09910530749999999,0
5888e25a-7b27-4763-8b7d-baa384a42773.jpg,0,0.030607847,0.02625808,0.0284329635,0
34280f62-48f4-49fb-8d95-a77840f9f722.jpg,1,0.87617296,0.65653634,0.76635465,1
e309a978-a0fc-4f2f-8863-2cde39bee9e4.jpg,1,0.9820815,0.9399541,0.9610178,1
cb6e4151-d2c6-4be7-884d-38730a1374e7.jpg,1,0.968459,0.55485666,0.76165783,1
690d1d38-3d06-4cbb-a293-ccedefd6ce32.jpg,0,0.2332529,0.108466275,0.17085958750000002,0
8b4553b2-ac48-45e5-96e1-a082e0c6cb71.jpg,1,0.966814,0.9343692,0.9505916,1
bf4843e8-bef0-4bd3-9fe8-1fe48f5f6b27.jpg,0,0.030852718,0.017995974,0.024424346,0
4e926805-f130-4237-b21a-69a3ba47504a.jpg,1,0.71433276,0.8751073,0.79472003,1
186ec960-3193-4113-a3d1-84a9064b0edb.jpg,0,0.05238185,0.014559739,0.0334707945,0
6ed11cb9-f94d-4d86-9949-d3a8db34252a.jpg,1,0.93872607,0.9159177,0.927321885,1
2e044ebd-ba99-4fb3-a47a-10e213c8489f.jpg,0,0.6605633,0.20854808,0.43455569,0
c289d542-3b76-4921-b4f5-4bf93fee9fad.jpg,0,0.023967067,0.010000655,0.016983861000000003,0
c59dc2de-c138-43c9-a9bb-63782df0c197.jpg,0,0.043922454,0.07512908,0.059525767,0
fee0e08c-1d76-4348-9fa6-bf9ca365dc5c.jpg,1,0.9723221,0.6749334,0.82362775,1
5655b19a-9876-443b-8bc2-4eaf81aaf6af.jpg,1,0.9792946,0.9859491,0.98262185,1
2f1ce9de-ecb0-47d0-9952-2518dbe8dad5.jpg,1,0.98797125,0.9509605,0.969465875,1
e5c83314-77da-4b78-93aa-37577192ea87.jpg,1,0.9713784,0.9898431,0.98061075,1
78b672c3-8a9a-4e5f-9964-5b73decc15ad.jpg,0,0.028717386,0.014013803,0.0213655945,0
54b9232c-c21f-452e-b083-74855ac67314.jpg,0,0.015229695,0.06898486,0.0421072775,0
46e47b2f-29a3-4f61-a170-c3523350235c.jpg,0,0.01814996,0.03955866,0.02885431,0
93e046a0-a301-4038-ae48-1f2e893a339e.jpg,1,0.96317434,0.98359275,0.973383545,1
ad4ae702-1211-4608-83df-ece7d490a431.jpg,1,0.98687893,0.98972535,0.98830214,1
e633b0de-ec24-48e1-9c6b-5c0b47e6450b.jpg,0,0.7236783,0.12948087,0.426579585,0
c6a8f48f-ccf8-4461-acdc-5d8ae829f2b7.jpg,0,0.03596438,0.020431805,0.0281980925,0
0beca759-d57f-46af-95ec-53c77c2c9108.jpg,1,0.04905544,0.009708816,0.029382128,0
52dbc3df-d0bf-4a33-8346-77279e319f22.jpg,1,0.9808142,0.9752833,0.9780487499999999,1
def46aee-da4e-4a6b-af22-d0c8261f5eae.jpg,0,0.2574138,0.72813964,0.49277672,0
cce9208c-9ba8-4fd6-9c20-5233bb95d981.jpg,1,0.9701717,0.98706496,0.97861833,1
54a1f0c1-53f8-4ba9-8090-9e891a9507fc.jpg,1,0.97594,0.85209787,0.9140189350000001,1
9a0356df-60b6-4284-958c-3445329fb86a.jpg,1,0.11201645,0.20719585,0.15960615,0
b857c222-78d3-4a5b-be31-e6364ee46bed.jpg,0,0.06498336,0.009022984,0.037003172,0
b9cb58fd-7b29-41f0-8f8a-bdd175f0e465.jpg,1,0.81107515,0.48600695,0.64854105,1
ce5593f5-411b-48d5-b0cf-d4411e14b952.jpg,1,0.9301656,0.94710654,0.93863607,1
e92e0761-f30d-4640-a7c0-cfdc4e426063.jpg,0,0.10590425,0.099648945,0.10277659750000001,0
4acc3f1d-cca0-4e1e-9a2d-796051c855bc.jpg,0,0.026812322,0.17947522,0.103143771,0
7fcaf6a4-9b10-4f4f-9336-089b169aa0ad.jpg,0,0.04220696,0.20111546,0.12166120999999999,0
f1012029-3aab-4541-af4a-e56c3fb287e7.jpg,0,0.026579652,0.007904637,0.0172421445,0
d4840fc5-6dad-4636-a2c4-ef0607fddaff.jpg,1,0.97539604,0.82612664,0.9007613400000001,1
fbe3c406-d0b0-4b3a-af26-fc72910a3b0d.jpg,0,0.21645458,0.026360916,0.12140774800000001,0
38812d66-25e5-4d31-8e32-70483369b0d5.jpg,0,0.010335998,0.0077249715,0.009030484750000001,0
0ad09f23-5ac7-45a3-9fd6-4c7dc68f8f39.jpg,1,0.9250136,0.94386744,0.93444052,1
52f33a11-ea20-4d41-b48d-d5e4a37d1d2f.jpg,1,0.9777052,0.5662799,0.77199255,1
5a0b57f2-d31e-43d9-a094-18c16ed90ee4.jpg,0,0.021370046,0.006864392,0.014117219,0
332ca2ed-4b14-461e-a71d-1c73021ddb65.jpg,1,0.97250485,0.9419849,0.957244875,1
f70c4698-86a2-425b-ad3e-857209a23253.jpg,1,0.9277603,0.6655589,0.7966595999999999,1
fa696e03-c9ea-4b73-b8ff-2f71dff16b9a.jpg,1,0.9613005,0.7026533,0.8319769,1
1b9d240e-5366-46cf-a179-b58542cbdc25.jpg,1,0.9878066,0.9318409,0.95982375,1
dd235980-18c1-40b2-b42e-e38ab3f3868f.jpg,1,0.9772954,0.9807587,0.97902705,1
c914bf03-db6e-44bb-b08d-79438e88a78d.jpg,0,0.01905089,0.012165345,0.015608117500000001,0
9c6686cc-4239-4a9a-9937-80b439f64d7f.jpg,0,0.07572481,0.046994716,0.061359763,0
4efea4e7-39f3-4d73-911f-672f8166838c.jpg,0,0.053231195,0.061575994,0.0574035945,0
70410af9-5267-46e2-9271-eaabb49b2f17.jpg,0,0.054456323,0.009310991,0.031883657,0
7a0f4ed8-affc-4eb4-b485-7e007e25ed31.jpg,0,0.026560886,0.14012234,0.08334161300000001,0
d7628ecd-3856-4c05-b51e-a50c795cb67c.jpg,0,0.013473154,0.009099116,0.011286135,0
4ea2b5ae-14c3-4322-aebf-58d637d4d1ba.jpg,1,0.9690954,0.95603997,0.962567685,1
94b89863-ea35-472f-85bb-f5a97d8f0d8c.jpg,1,0.95788795,0.90871125,0.9332996,1
bba35408-ac2d-4184-b86c-266abf04563f.jpg,0,0.026305623,0.020912552,0.0236090875,0
9dbe4d04-cac5-422d-9032-86a579076254.jpg,0,0.0437254,0.036639918,0.040182658999999996,0
a5a91c7e-b7fd-4417-9fd9-2caf61c66821.jpg,1,0.88347226,0.69231534,0.7878938,1
cb2d6599-fa4c-4c68-bfe0-5d6d81840836.jpg,1,0.9841852,0.6127677,0.79847645,1
cf90ab59-a44f-4a73-b59e-42c36a7edcd7.jpg,1,0.9798797,0.9762481,0.9780639,1
dd4c4175-16c0-4dcc-a1c1-84e79aed0ed8.jpg,0,0.09319539,0.073741205,0.08346829750000001,0
c5b482f8-6b68-4a39-9f77-433404344023.jpg,1,0.98176503,0.97831035,0.9800376900000001,1
5104758c-ba22-46a1-8152-e7f9e0dd1318.jpg,1,0.9871557,0.79330504,0.89023037,1
c0352f99-f50f-499e-a5fd-f98c21742b52.jpg,1,0.9805608,0.97399616,0.9772784800000001,1
4ecc7026-695b-4914-9697-e91b04139224.jpg,1,0.114775635,0.85255116,0.4836633975,0
44af660c-3c51-40b5-986c-9fdecedd31cd.jpg,0,0.20348132,0.046111215,0.1247962675,0
551f361d-5a81-40ec-88f0-64df81d29268.jpg,1,0.42320526,0.28994212,0.35657369000000005,0
f70b1705-5fc2-439a-9984-8d6607c813dc.jpg,1,0.9817297,0.9775441,0.9796369,1
30086e25-9c6e-4337-b489-4ed15cca29e3.jpg,1,0.9787049,0.9779258,0.9783153499999999,1
d29332e5-a264-40ed-80cf-85e29e003a25.jpg,0,0.10760546,0.01668227,0.062143865,0
f21980dc-0713-410d-a967-b69a7f4e8539.jpg,1,0.93118715,0.96762735,0.9494072499999999,1
d0d6be0c-790e-446d-8d6e-3d5fc68576da.jpg,1,0.95820886,0.98042953,0.969319195,1
7c6f3e30-efcf-46e1-866e-6287657ace08.jpg,0,0.015559985,0.022158293,0.018859139,0
690aae26-0a20-4a83-839f-13dfe56a9519.jpg,0,0.18148644,0.51626474,0.34887559,0
0cdaf803-8626-496a-ab31-ec790f06e63c.jpg,1,0.7956487,0.72334033,0.759494515,1
08c13afe-e15b-4f14-b64c-fe4306dcbef7.jpg,0,0.85854834,0.48875105,0.673649695,1
476b8a6a-b8ec-4df9-8424-ba88e11b7d79.jpg,1,0.979051,0.99521846,0.98713473,1
fc71de4b-f498-41f7-ab30-6a4cb22a5b33.jpg,0,0.027596341,0.09939898,0.0634976605,0
a5a07ba4-807a-4d98-9388-3d1bcc3a2e61.jpg,0,0.019893216,0.047574695,0.033733955499999996,0
545bb740-528f-4756-85ac-fe3c83c90c44.jpg,0,0.024994774,0.08635225,0.055673512,0
8ba78a16-e771-4def-9a9f-14bc0ac8f0c0.jpg,0,0.47863138,0.7150752,0.59685329,1
245cbaeb-2f98-4c43-81df-e05ba476bf68.jpg,1,0.98052657,0.9722029,0.976364735,1
e2d73aa2-fb62-4256-b436-8a17468687c3.jpg,0,0.021586822,0.014117622,0.017852222,0
c986bc8f-e8da-4bf0-b52f-eda129142ff8.jpg,1,0.5927189,0.3072795,0.44999920000000004,0
228e7c9e-ff1a-476f-b2a0-bef3008d57e9.jpg,0,0.019855442,0.09790868,0.058882061,0
9ccf5f67-4e0e-4459-aa72-d36dba5c395e.jpg,1,0.82086563,0.8069371,0.813901365,1
d66087ec-9b99-4c9a-873b-c56b6507666b.jpg,0,0.018235119,0.018356437,0.018295778,0
100c269e-d7af-4f7d-b61d-044ac65f4ca4.jpg,1,0.95688236,0.9382401,0.94756123,1
63cf09f1-4bdd-461b-88fb-2d0328f56ad2.jpg,1,0.9190793,0.9291071,0.9240932,1
218e5f0b-8e8d-4245-b546-7f0d77aea0e8.jpg,0,0.040400878,0.033438716,0.036919797000000004,0
be9cbc60-730e-4ba7-865d-8604ffae5772.jpg,0,0.042377427,0.40262076,0.22249909350000002,0
1c48bb81-3bb1-489a-97f7-54dc40149a67.jpg,1,0.97825867,0.8271435,0.902701085,1
dd65cbad-6f5c-4aaa-b9ab-4a6be637eb38.jpg,1,0.9800832,0.979653,0.9798681,1
c01a258b-1962-4bc4-9af1-bad649102490.jpg,0,0.02403217,0.0040952456,0.014063707799999998,0
5b0e3891-3440-404f-9d50-3d9d66339916.jpg,1,0.96385384,0.98010534,0.97197959,1
648a32c5-384c-4732-8b3d-7bf7a47e22bc.jpg,1,0.9642384,0.9817339,0.9729861500000001,1
06a79067-8c6b-4628-b82e-bbf5daedf5e5.jpg,0,0.027187318,0.00997493,0.018581123999999997,0
293d0524-a13d-4b1b-9f9c-c6c105054b27.jpg,1,0.8690981,0.83973604,0.85441707,1
e4b7871d-b2f4-4c64-83f5-1fa3cbe17e5b.jpg,1,0.95932114,0.9507205,0.95502082,1
70a6df72-8413-45b0-b4b5-00f843733e77.jpg,1,0.9750209,0.9539198,0.96447035,1
dbf1cb0e-69c5-4489-84d8-9451b8733e1d.jpg,0,0.70026994,0.06201417,0.381142055,0
625530ab-e732-4f01-9aee-f819db2309ed.jpg,1,0.9779363,0.91831297,0.948124635,1
73439700-36ff-4baa-b594-ce494f110a0d.jpg,1,0.9740511,0.9643302,0.96919065,1
724973cb-4ca1-4d99-8309-f607b83ef27e.jpg,1,0.86651075,0.78711,0.826810375,1
d0e794fc-4bfa-4903-b9a7-0c25729c519b.jpg,0,0.0068401904,0.24471098,0.12577558519999998,0
997e94b9-7e77-4acd-9ca3-3aaaf6a8b814.jpg,1,0.9834161,0.80271155,0.893063825,1
26a9c51f-d4e9-44b1-a9a1-67121e2dc032.jpg,0,0.026917437,0.02104001,0.0239787235,0
4d5d407a-e50f-48f7-be8b-5f0f2a417ea8.jpg,0,0.023249168,0.36130336,0.192276264,0
c9762cd2-8053-48ef-9737-168aa9e64242.jpg,1,0.9459053,0.7262241,0.8360647,1
e061a981-eb77-4c4b-86f2-af59066f78f6.jpg,0,0.017755467,0.011349877,0.014552672,0
9e0f79b9-5894-4d2f-96c8-ccd5f9a5fd22.jpg,0,0.26635265,0.5252447,0.395798675,0
5559fb9b-42bd-471b-85a3-e1c67234237a.jpg,1,0.9462793,0.88497853,0.9156289150000001,1
0c6ece76-a030-4a04-9e5c-e4a2d1bc32fe.jpg,1,0.9698443,0.91062474,0.94023452,1
26905b21-b955-434b-b1ea-846539b72c94.jpg,0,0.1113452,0.07244265,0.091893925,0
beed57f0-bd4a-491d-90bf-139f65caadab.jpg,1,0.9518527,0.6249503,0.7884015,1
1f8d39bc-012a-456f-9c32-c05e86363d27.jpg,1,0.96635634,0.97489035,0.970623345,1
db7e5e15-335c-4704-9c11-ec5ca3344aef.jpg,0,0.05115534,0.092903994,0.072029667,0
e0f853a2-bf10-4d9d-828f-1cf49f0f0bde.jpg,0,0.3906861,0.28565437,0.338170235,0
38cd534e-9e4d-4588-885a-00a3f1a9d6da.jpg,0,0.020831056,0.013402367,0.0171167115,0
fafbe131-22df-4264-8a4c-e64aa8891aba.jpg,0,0.023280641,0.014921187,0.019100914,0
3a4eaf40-0a04-477f-9faa-2789df9cc8f6.jpg,0,0.12357339,0.8574156,0.49049449500000003,0
29d497ba-109a-43d6-97b0-52b7f14b3a66.jpg,1,0.96916324,0.9606884,0.9649258199999999,1
a1d1b4c0-3a3b-40e0-a99a-8d334192b1f0.jpg,1,0.95994073,0.9858575,0.972899115,1
86f021fc-3c91-4933-b2ce-b23fe8eb998f.jpg,1,0.97520703,0.9783482,0.976777615,1
dffafac9-6217-4724-9664-86d4b7a3abe4.jpg,0,0.05220407,0.025066938,0.038635504,0
d5e405b9-a14b-45ef-b606-5b4e22b5de60.jpg,0,0.0072724586,0.01011677,0.0086946143,0
8ab82576-042a-46a7-b9de-4e835375e2bf.jpg,1,0.981588,0.95692617,0.969257085,1
9cab7f9a-19ee-4460-8137-31611939f5cb.jpg,1,0.2407522,0.46213934,0.35144577,0
8c6f32f0-99b8-4b09-97c1-4a599ede1281.jpg,0,0.01903461,0.0444715,0.031753055,0
30f6b385-718e-4c4f-8500-44150d5919d1.jpg,0,0.031522635,0.01163073,0.0215766825,0
1b54f88f-c706-483b-9e04-c8f629909d06.jpg,0,0.031009298,0.046636216,0.038822757,0
3ae59e97-83e9-4ffd-96ea-7c0c12f5b19c.jpg,1,0.9899368,0.98377186,0.98685433,1
4a18566b-8e6c-455f-b04f-a1957bd7549b.jpg,1,0.54156405,0.3128778,0.427220925,0
f0813bc8-5f01-4efa-9e36-b7d50a749f07.jpg,0,0.017188162,0.025187211,0.0211876865,0
cb391547-95f0-4ea7-812c-9035ef467116.jpg,1,0.9800931,0.98261297,0.981353035,1
bd0c9b28-9174-4b81-9379-fbe723f81440.jpg,1,0.9646636,0.9673401,0.96600185,1
ceeecf72-2b0b-4d72-9ddc-e40156b0bb69.jpg,0,0.0345226,0.029430965,0.0319767825,0
2bf22276-2506-438a-9ae3-4fb14ca5341f.jpg,0,0.2416905,0.04688739,0.144288945,0
e9ec2d28-c02d-48fe-8783-58852e42aa98.jpg,1,0.9801744,0.6579591,0.81906675,1
fc0b3952-ae3e-4147-b3e5-bf531904ebd4.jpg,0,0.049162585,0.15135014,0.1002563625,0
1e105292-6e5c-4550-831d-01e044191ec6.jpg,1,0.9815801,0.98358256,0.9825813299999999,1
e3e3fb4b-4999-42a8-a3ac-0c215d43a240.jpg,0,0.20816173,0.54482347,0.37649259999999996,0
cb1317ff-3613-4d00-b0fa-ab0de6bf3a71.jpg,1,0.97322696,0.25917932,0.61620314,1
142e3d13-abcd-4ba0-86ff-01df38221810.jpg,1,0.9770433,0.9473516,0.9621974499999999,1
c186375c-ec17-4a10-afd0-83225772fb2d.jpg,0,0.021367274,0.030205017,0.0257861455,0
9bdde6e7-e35e-4832-beca-7e9c46e4515b.jpg,0,0.02730278,0.016306533,0.0218046565,0
eaecfade-8092-4672-a788-7d69c214d7f1.jpg,0,0.89719087,0.7119366,0.804563735,1
a2732133-4dae-41f5-9675-ef0c2391ff2b.jpg,0,0.020429317,0.029752675,0.025090995999999997,0
5a2fa035-d583-4abb-9808-34e5349b8050.jpg,1,0.8351941,0.9133282,0.87426115,1
136cc4bb-aca2-4dd1-99ac-0cdfab530fc0.jpg,1,0.9787635,0.34572932,0.6622464100000001,1
481aaf80-cffe-4538-81b7-8e6a7ae2baf0.jpg,0,0.01655512,0.0051718024,0.0108634612,0
8cc3b4f1-fb9c-48cf-838c-4edd6a9496d1.jpg,0,0.061338577,0.01967108,0.0405048285,0
446214a3-96c2-460d-a165-bda4f8fc555b.jpg,1,0.97520626,0.10098273,0.538094495,1
9350cfdf-5c5f-4565-940e-15289c09c06f.jpg,0,0.030979529,0.033164248,0.0320718885,0
9ffd1121-26d6-4871-ab15-91cc6f3a5db4.jpg,0,0.1160342,0.0918258,0.10393,0
fb7c3b28-8212-4fec-a27c-0b0bb67b6c0b.jpg,1,0.97327006,0.98763174,0.9804509,1
6dcf5560-a838-43de-9b7c-1704558774ea.jpg,0,0.06258244,0.03866618,0.050624310000000006,0
a4752a5c-c846-4e61-8438-c8dbaaa6c45e.jpg,1,0.8527263,0.92215914,0.88744272,1
eec78ab6-b5d2-4896-a867-d9d818eb4299.jpg,1,0.9673961,0.9845502,0.97597315,1
87292749-08d7-47ff-9970-dc00e4911345.jpg,0,0.041313916,0.029919613,0.0356167645,0
41cf4104-ca4e-4e4b-af68-369eab4b062f.jpg,1,0.9798426,0.98863006,0.98423633,1
3caad6b8-6b02-4336-b0af-ecb1709603c0.jpg,1,0.97083586,0.9378156,0.95432573,1
0f565c81-767f-4006-8cd5-20340f05d4b1.jpg,1,0.97944754,0.98313737,0.981292455,1
521e6689-7ea9-44ea-b4c2-e246f0a99300.jpg,0,0.099390194,0.013860644,0.056625419,0
72d0fb20-3088-4d8c-923b-892cd907984c.jpg,0,0.65920305,0.07964146,0.36942225500000003,0
13adbee9-f44d-45e9-88b9-6400e3ac3886.jpg,1,0.865749,0.9140443,0.8898966500000001,1
2be3a163-c851-44a0-8a72-d14273561f65.jpg,0,0.046356943,0.13503863,0.09069778649999999,0
8d717287-2344-404b-8500-69c6705d7471.jpg,1,0.96798694,0.94771206,0.9578495,1
3d029b4d-6b76-4ce1-94d8-ecbe76915749.jpg,0,0.029581077,0.13732515,0.08345311350000001,0
c7232c8f-0159-438f-b145-e6cc2169726f.jpg,0,0.043222252,0.060053427,0.051637839500000005,0
561f6073-c09e-4b66-8890-06b79cc0edc0.jpg,0,0.02897072,0.007389505,0.018180112499999998,0
4ca6fa30-b426-4886-b3c6-33020a10f4ba.jpg,0,0.04043095,0.04839386,0.044412405,0
baf2326f-f548-4dbe-a964-2c8371c3a9ea.jpg,0,0.01197858,0.05516053,0.033569555,0
3e9d9507-ef05-40cd-b335-14ba3ad9d632.jpg,1,0.9750312,0.9579318,0.9664815,1
8ce69baa-f33d-4a88-b00a-e0af20ec72ae.jpg,0,0.019150987,0.032093823,0.025622405,0
d3df878d-72bb-41cb-8a00-6a1e6fee8c78.jpg,0,0.31135544,0.1570501,0.23420277,0
543f5485-ec0f-44a6-947c-54020f6c1ce2.jpg,0,0.036468256,0.009934477,0.0232013665,0
408d7d6a-813b-4350-aa89-e3b653c78283.jpg,0,0.01974968,0.031547856,0.025648768,0
93ebadea-04f6-4e22-aa60-ba75b54bc6bb.jpg,0,0.013979596,0.022490617,0.0182351065,0
3d577826-ef91-4895-a5a0-d4250796d31f.jpg,0,0.27103642,0.27131864,0.27117753,0
fb644c95-3048-4140-ad17-51e5c96adda0.jpg,0,0.024975227,0.014084814,0.0195300205,0
56b3bc1b-8cd4-40d5-8250-d09b83b2c055.jpg,1,0.97797203,0.75643146,0.867201745,1
1487eeaf-9447-4f9e-b1ec-4bf17ae8560c.jpg,1,0.9572073,0.61334825,0.785277775,1
d2504055-d8f3-4a26-bf9c-0d9fb434202b.jpg,0,0.032808732,0.020158991,0.0264838615,0
5fcabd2f-2944-43c5-8335-f156c5bffd2d.jpg,1,0.97800887,0.95966977,0.9688393200000001,1
e268dc70-b80b-48d8-8afc-ff53a1aebfed.jpg,0,0.025085332,0.0077227275,0.01640402975,0
c2099557-0fc2-4338-95b6-d564267c0928.jpg,1,0.9626819,0.95805204,0.9603669699999999,1
350872b8-5eb9-49f6-ba4a-063721810092.jpg,1,0.9723168,0.96585697,0.9690868850000001,1
0fcd0d98-c072-4ee8-a6b2-1f9375fc94b0.jpg,0,0.110283405,0.10211638,0.1061998925,0
6e12f5da-493c-4e32-872c-618de4a7c267.jpg,0,0.14190556,0.14544159,0.143673575,0
43adf978-dc35-4a95-a632-2d71433250e4.jpg,1,0.26501834,0.91271806,0.5888682000000001,1
04a7eb46-7096-4a66-863a-bd454354a780.jpg,0,0.02915338,0.013573163,0.0213632715,0
0c9b2d07-724d-46c1-9e97-40184423ce59.jpg,0,0.014251496,0.08091604,0.047583768,0
41b8b30c-1c54-4745-8817-9d66faf19d60.jpg,1,0.9693254,0.9866171,0.97797125,1
c91bbe5c-0e10-4e50-b85b-c2bc3104db0b.jpg,0,0.026747027,0.15020506,0.0884760435,0
df6ba6a5-d04f-4430-84cc-b29f97fb4721.jpg,1,0.42699882,0.18471396,0.30585639,0
f8e14e83-0a9b-49c1-b031-fac9648e47b1.jpg,1,0.334061,0.68107724,0.50756912,1
198f58a7-74ea-47a8-9c33-f9f289751559.jpg,0,0.0071473657,0.012678439,0.009912902349999999,0
73e316c5-6f07-418f-80e4-21348ffbc75f.jpg,1,0.9687446,0.9409718,0.9548582,1
157a7cbe-035b-4793-b9c8-05521f4cd4cf.jpg,0,0.026667243,0.021653024,0.0241601335,0
bf145a17-5860-4014-bc1e-919606aede3e.jpg,1,0.89659286,0.40323702,0.64991494,1
e94e235b-29a0-4972-bb8e-ba1485db4b78.jpg,0,0.038306918,0.37766936,0.20798813900000002,0
e79783e1-9396-4485-bffc-69da117af7d4.jpg,0,0.9365886,0.6433685,0.7899785500000001,1
f1c8180f-cdc9-4f5a-b461-ef2ec408ae42.jpg,0,0.0168464,0.007858053,0.0123522265,0
b786823b-6bdd-4cfd-8e56-605b9cc8603f.jpg,1,0.03869584,0.014827803,0.0267618215,0
5157dcd8-a5f5-4b9c-9795-60a633780453.jpg,1,0.9786308,0.9674443,0.97303755,1
de1f6da7-fa31-404d-90d4-b094746aec73.jpg,1,0.87566143,0.9135386,0.894600015,1
a985059c-524f-4b98-b7a7-d31364697c23.jpg,0,0.015188763,0.02235601,0.0187723865,0
0e1804f3-5daf-495b-af6b-05bc8d623ada.jpg,1,0.9820924,0.9762255,0.97915895,1
50901bef-9bd7-4b52-894c-8bc120e68254.jpg,0,0.60747755,0.060752746,0.33411514800000003,0
daa7a4ed-6c3a-4e96-b110-bad22ed8bc60.jpg,1,0.95380193,0.8051563,0.8794791150000001,1
e37792dd-ab83-4e3d-bea6-1f1136cc1bf6.jpg,1,0.9664247,0.96027786,0.96335128,1
6f1354f5-86f8-4c8a-b3b3-1a58704b55a9.jpg,0,0.06951954,0.029129835,0.049324687500000006,0
f3ebf7a4-6406-48a6-ad03-f184fb375d2d.jpg,0,0.19668585,0.17763658,0.187161215,0
5ef49d27-9c65-49ca-8852-65362e9b863f.jpg,1,0.9624676,0.5667684,0.764618,1
215ec22c-680e-4b21-ade1-e5ac4b3cfd08.jpg,0,0.05540315,0.016655667,0.0360294085,0
c324ab1c-3e8b-4ce2-90e6-6da120a720df.jpg,1,0.37583086,0.81313944,0.59448515,1
3e9dda8c-edc5-443d-98bb-74c6dce23dcc.jpg,1,0.9300109,0.84153914,0.88577502,1
81399c48-c7ae-4d6b-90d0-9efbc6b05fc8.jpg,1,0.9733078,0.974139,0.9737233999999999,1
c9c39717-9461-4c00-8be2-ed84405e64c2.jpg,1,0.978242,0.97185326,0.9750476299999999,1
c2926ecd-4aed-4c1e-a070-838aa896175a.jpg,0,0.8149767,0.6404251,0.7277009,1
6e91e806-efef-4520-a452-fd0080e355a6.jpg,1,0.9890458,0.97668844,0.98286712,1
b6667bf4-e849-4a4b-9c34-c6bf3bcbe3b4.jpg,1,0.97753614,0.97614485,0.976840495,1
9530d1e4-247b-4e01-8f38-7d909899a76d.jpg,1,0.3901968,0.10593302,0.24806491,0
9409b477-f6bc-46ec-be19-dd49af8f2552.jpg,0,0.04272023,0.008391909,0.0255560695,0
84c1ae45-2482-436c-a579-1cf5088d65e0.jpg,1,0.9803572,0.9884193,0.9843882500000001,1
8b6bd697-1d37-4286-a782-e648677974a0.jpg,0,0.107505776,0.10806181,0.10778379299999999,0
1ebea36b-a089-49b6-b70e-5a4cbb93c343.jpg,0,0.01331011,0.027988441,0.0206492755,0
32face08-2206-4eb9-8fe2-44ec6f229654.jpg,0,0.07469642,0.02271566,0.04870604,0
a33b6bee-f34b-4b13-98d5-53db2dabedc4.jpg,0,0.027530795,0.033943955,0.030737374999999997,0
da5f7e94-d644-45e4-821f-2e20191c5dc7.jpg,1,0.99055475,0.9735541,0.9820544250000001,1
fd377868-6be6-497f-be20-0139baa43ce4.jpg,0,0.01363109,0.016303083,0.0149670865,0
89e3d4c8-00f6-455c-b1e1-ff4447be6900.jpg,1,0.8276337,0.41926172,0.62344771,1
d0db72d8-5ad4-4803-8ff4-4c2f5008b8c2.jpg,0,0.13544399,0.17499879,0.15522139,0
d24d5517-aacf-49e2-99a5-edf1a0f0aa53.jpg,0,0.9599393,0.35664198,0.65829064,1
5c3a63b5-e7eb-4ef0-9b3c-880c61f29ae9.jpg,1,0.9384314,0.9121944,0.9253129,1
a191deb4-d345-450b-b812-d684dc6778a7.jpg,1,0.98202926,0.3094318,0.64573053,1
d3673eaa-4ae5-4a65-aa49-755fb1e2bd14.jpg,1,0.9726978,0.20222107,0.587459435,1
2810ad3e-a616-4162-8759-9a245bfcb28f.jpg,0,0.02373551,0.012392839,0.018064174500000002,0
08d597ca-5547-40cd-b2a9-0af17805a459.jpg,1,0.9755991,0.9238379,0.9497185,1
85ed1d01-2ad9-4f1d-bb09-0f938426ffce.jpg,0,0.037688468,0.014123684,0.025906076,0
ee1d5847-30f4-4e08-929a-e8d6c64569f5.jpg,0,0.96020925,0.3626547,0.661431975,1
0db2e7e2-d927-4d24-8138-29e5765c7d43.jpg,1,0.98121864,0.97912425,0.9801714450000001,1
8f5564a5-c2aa-4da6-a613-c6312f4541c7.jpg,0,0.8034319,0.24236831,0.522900105,1
84d6e91f-2f78-4b28-aa8c-b0b6268bc648.jpg,1,0.9807,0.95665705,0.9686785250000001,1
810a2778-7dd6-4d49-8d60-82b8b4ff2781.jpg,1,0.956824,0.94581646,0.95132023,1
ff5407cb-235e-45e5-a73e-5b8de41f6270.jpg,1,0.98243195,0.97268784,0.977559895,1
2bb478d4-7fa8-45ff-b4ee-b0f5e7732238.jpg,0,0.02697669,0.0065414775,0.01675908375,0
3db10689-b51d-4462-ac6b-e7083050ce36.jpg,0,0.030515568,0.08183674,0.056176154000000006,0
4c84d74b-2707-4812-965f-d13f1c66e498.jpg,1,0.9176669,0.9007639,0.9092153999999999,1
d3fcee02-9304-4e42-8557-d2bab6e50d43.jpg,0,0.105519064,0.026718,0.066118532,0
998b7b26-795e-4a76-8055-ee088c01f16b.jpg,1,0.9706655,0.9459386,0.9583020499999999,1
d2f21ccc-7532-4453-a9e9-7c2882eff5fe.jpg,1,0.96941715,0.93632156,0.952869355,1
81fa79a8-1193-428d-ab06-6e73f0aee8e6.jpg,0,0.024125792,0.012191939,0.0181588655,0
064cfa5c-de1d-4a10-963d-e8edc8086fe0.jpg,1,0.9924994,0.6828338,0.8376666,1
c781c818-7aa8-4899-8818-cb6e0dc359c7.jpg,1,0.9460384,0.9150872,0.9305627999999999,1
2cad2dfd-b745-4fb9-9bff-70abfeb1871f.jpg,0,0.01245624,0.0142921405,0.013374190250000001,0
bfc3a266-76d0-45c8-b467-d118dcb574c5.jpg,0,0.91331935,0.37409505,0.6437071999999999,1
1d1dad49-7287-4bb7-aa11-6279e83c715f.jpg,0,0.016727606,0.009385104,0.013056354999999999,0
40bad3a8-f39e-4392-ab1d-45a72bca092c.jpg,1,0.9513286,0.7319509,0.8416397499999999,1
6c84678f-d9c8-4971-b4eb-4f0feb7f46a5.jpg,0,0.014344607,0.009362402,0.0118535045,0
4280c874-5b7f-412b-881b-8dff6f1d869f.jpg,0,0.61333907,0.3090518,0.461195435,0
7cfff638-5173-4e69-9cab-1d103864747c.jpg,1,0.81858253,0.27000695,0.54429474,1
6a59223f-1c2f-427a-b65f-72e234fed57f.jpg,1,0.8621982,0.074200176,0.46819918800000004,0
b85755a5-91d6-4283-b114-d014b1d5c234.jpg,1,0.96383625,0.8161903,0.890013275,1
5e92a630-cf54-4c04-a05f-7524ebcc8496.jpg,1,0.74265045,0.13921247,0.44093146,0
bdad6833-1afc-4486-ac65-4b726d064ca8.jpg,0,0.029572716,0.039780416,0.034676566,0
cccda254-b40a-4922-81a7-2cdf39547877.jpg,1,0.92246073,0.93188864,0.927174685,1
f8157838-0d6f-4d8d-ab18-436457177f64.jpg,0,0.032976262,0.012125286,0.022550774,0
544f4b5b-cef5-4c6b-8db3-02ec61126ad1.jpg,0,0.45974344,0.07170532,0.26572438,0
bb667f48-fb7d-48bf-a069-9742b01b3928.jpg,1,0.73996675,0.97405565,0.8570112000000001,1
89cf9792-c5ec-4d19-b27a-47dde05690ed.jpg,1,0.8831111,0.98080647,0.931958785,1
2598755e-c54e-4c9d-9080-49e3ebe34149.jpg,1,0.9832539,0.9863729,0.9848134,1
0c1f5c83-84f8-4b7f-a09e-0ffecdf9a198.jpg,1,0.97914463,0.98476887,0.9819567499999999,1
e4242248-fdf5-4a3d-8932-c745fe011764.jpg,1,0.022775622,0.94347525,0.483125436,0
df2d4e0c-5f85-43ad-8511-ac97097d6a20.jpg,1,0.9634496,0.3439195,0.65368455,1
e1db8928-ce6b-4fbb-a640-7770032f23f9.jpg,0,0.15456283,0.11401282,0.134287825,0
22994eb6-4d0b-42bb-8f27-f38ef6daf3fc.jpg,0,0.1003513,0.3980465,0.2491989,0
7958dd82-9e19-4ae3-aeb6-2e22009eaa32.jpg,1,0.9701498,0.9758625,0.97300615,1
f22c9418-fd39-474b-bfe3-b9d27993e1ac.jpg,1,0.91677696,0.9427362,0.92975658,1
df5b13e2-91cb-4ea2-bd3b-7cc30328a2e4.jpg,0,0.04429329,0.044165224,0.044229257,0
e3f66d65-549b-46a2-9afa-dcb941354394.jpg,1,0.16031575,0.7238308,0.442073275,0
bb21201a-01a0-433f-af53-14dbbb7c9cc8.jpg,0,0.024490077,0.011438687,0.017964382,0
e93900c0-5f3e-4688-8711-0aa19571cc1a.jpg,0,0.35883504,0.021644276,0.190239658,0
dc73d1ef-09b3-48f2-81ec-74c6cc83ef7b.jpg,0,0.16079044,0.04321087,0.102000655,0
ebfc6b9c-c8f0-4578-b60a-ab0435ab2ec5.jpg,1,0.9595633,0.9804269,0.9699951,1
445873e0-f7d7-4d44-971c-d8b5fc3a3e8e.jpg,0,0.40651435,0.19882861,0.30267148,0
5c6155ee-134a-439b-8c45-a1493fafade8.jpg,0,0.11071367,0.017582063,0.0641478665,0
5f3a68cd-bc33-4c34-9f45-63b5f6790cb3.jpg,1,0.9772076,0.9804479,0.97882775,1
f61dc496-0e4a-4ba6-b50a-7d733888df65.jpg,1,0.93097603,0.9302973,0.930636665,1
60e4fb7a-4a53-4d29-a822-4e4cb4062189.jpg,1,0.97537225,0.83971095,0.9075416000000001,1
c31591b2-8b6d-4d21-8a67-1898e4c9fcd8.jpg,0,0.7240298,0.04821805,0.386123925,0
b4274124-4496-4f78-98a5-1721c2a786f7.jpg,0,0.0122510465,0.005303912,0.00877747925,0
6632501c-f8f9-487b-809f-0c31d58e3d30.jpg,0,0.025299879,0.02611,0.025704939500000003,0
cec56473-1a40-4c12-bae0-c697c48b41c7.jpg,0,0.02482577,0.033097833,0.028961801500000002,0
1adb5001-e50d-4c24-a0f8-b57ed38a2b1c.jpg,1,0.8288036,0.667624,0.7482138,1
dab9ede6-79c6-4c04-9f71-4221a5bd6f90.jpg,0,0.06966051,0.03155647,0.05060849,0
1e2669c9-4c12-42c7-9afd-214c6aa584dc.jpg,0,0.9566279,0.7909265,0.8737771999999999,1
1fee13ad-ea87-4c13-8c24-ffdeb94a23e2.jpg,1,0.9796851,0.9807757,0.9802304,1
b445bf78-686d-45be-85be-0a4ac5639178.jpg,0,0.007471778,0.026274791,0.0168732845,0
90c7ecff-212a-4b7c-b58b-285d4308782c.jpg,1,0.9773348,0.96168894,0.96951187,1
cb7396e0-2b67-4790-8e3e-fd0ad5c5916b.jpg,0,0.012374527,0.008491579,0.010433053000000001,0
e970d98e-a7b2-42f1-97a4-6bcdd5781c8c.jpg,1,0.9701052,0.9494724,0.9597888,1
ed04c191-aa9e-40b1-80a7-86815fe1cc1e.jpg,0,0.051895536,0.4969473,0.274421418,0
3e127d80-32eb-4d9a-96fa-e309d91db9a4.jpg,0,0.016802726,0.043957923,0.0303803245,0
530c8c4d-a99d-4fe6-b25e-7698aac5641c.jpg,0,0.011157573,0.016206581,0.013682077,0
4a761ffc-9ad5-4390-8c2e-1e1d9ac08374.jpg,1,0.9763357,0.9847073,0.9805215,1
c9c8a922-3fbe-479d-8675-3db9d94e6038.jpg,1,0.9667685,0.80889434,0.88783142,1
7335a626-37a1-4781-935c-c13d067e1597.jpg,1,0.97315526,0.9747278,0.97394153,1
00329fac-20e5-41f7-92df-05b256fdf9e8.jpg,1,0.053943716,0.45753807,0.255740893,0
9a8b6931-c14c-4d8b-90d9-c7c3dfe8d710.jpg,1,0.9734144,0.99245024,0.98293232,1
0278fd3b-26d4-48b2-aef1-5b8f11605bdc.jpg,1,0.98708135,0.9855458,0.986313575,1
cce1d849-9317-40b3-a452-e0a4c07c33a0.jpg,1,0.98227006,0.9169238,0.94959693,1
71834845-bbb1-4f99-8ed0-d51c2bd8a03e.jpg,1,0.97705007,0.9645159,0.970782985,1
85408e85-ba3f-4e0f-bea6-46f52c1ec0e7.jpg,1,0.95193315,0.98419446,0.968063805,1
a2811a03-75c6-42d5-ae97-902f43f596be.jpg,0,0.018679308,0.016557533,0.0176184205,0
92c4083a-b84a-4b62-82e4-57ff21bd73fb.jpg,1,0.95880437,0.9716351,0.965219735,1
320a00b8-b6f7-47ce-84ff-a9dae18925d1.jpg,0,0.013033739,0.013004433,0.013019086,0
91cd295c-d064-4d62-a5fc-01ad5642c60b.jpg,1,0.969068,0.9644485,0.96675825,1
f9e10763-b53c-45a3-be48-7efde7d9284d.jpg,0,0.083589196,0.13478957,0.109189383,0
4cfdf3fc-88ac-4ae3-8aa3-5f5625c14a2b.jpg,1,0.97436225,0.8759405,0.925151375,1
183b437e-f6d5-4284-b09d-cb8421582fa7.jpg,0,0.044000298,0.1345498,0.089275049,0
b637a280-4eaf-4b70-95e5-8ca197f198b5.jpg,1,0.9788043,0.9903904,0.98459735,1
70504d8a-50fb-441f-a3ee-337335c7e2ef.jpg,0,0.7794259,0.029389808,0.404407854,0
c9ea4dd9-c0fc-41b2-ba65-2c1c6fe9abc8.jpg,1,0.9856711,0.93053114,0.95810112,1
5b11ec57-79bd-4ccb-ac4d-5d10273d20b3.jpg,1,0.94631964,0.9180393,0.93217947,1
0912c58c-3ece-4640-b225-2462b37a8ea5.jpg,0,0.019582244,0.03982629,0.029704267,0
53d4f524-a29b-451d-a165-dac6d7c32b6a.jpg,0,0.12047383,0.030943444,0.075708637,0
22a72e3b-7f56-469d-b290-82c853f7538b.jpg,0,0.07449743,0.04766022,0.061078825,0
2466de09-95d0-413e-85a7-8c280bf844e1.jpg,0,0.03631551,0.042029712,0.039172610999999996,0
09e79872-0c5e-45a8-9e4d-a7884c28cbb9.jpg,0,0.182504,0.021989482,0.102246741,0
a3469ef8-1851-44d8-af15-2cd9137cc6c9.jpg,1,0.9427312,0.9378078,0.9402695,1
9c391f02-de71-4342-b57b-c47a932767ff.jpg,0,0.037350748,0.009019236,0.023184992,0
ea086093-24bd-407f-8ac3-6641c540bef1.jpg,0,0.9304073,0.14428473,0.537346015,1
e32a87e6-3a6e-4f12-b181-f1ae83380686.jpg,1,0.9794413,0.9214247,0.950433,1
f58ca88c-0770-48f8-b687-ad680c6daac8.jpg,0,0.025102783,0.007007514,0.0160551485,0
86b17671-2870-4e41-b13b-c2b4a23ef99a.jpg,1,0.95942986,0.9776715,0.96855068,1
8ce951ec-4583-4c29-8321-39c0e8d60f0a.jpg,1,0.9687312,0.7247771,0.84675415,1
45450be4-986a-41f6-9c71-c8e2136d48ea.jpg,1,0.97262967,0.95020896,0.961419315,1
a8495d60-2e55-4194-be40-8a7932846d2a.jpg,0,0.0506039,0.44080436,0.24570413,0
6796e462-ba83-466d-a5e1-074932eb737f.jpg,0,0.8233113,0.6794025,0.7513569,1
d8ed727d-35f3-48c0-9f2e-aeecaba5175f.jpg,0,0.103736944,0.14976816,0.12675255200000002,0
a8379688-bfbc-4f8f-b0cb-6bd90e191aa0.jpg,1,0.6996171,0.7331052,0.71636115,1
fbd41180-12d6-409e-a735-87b4b860cfc9.jpg,1,0.9702039,0.4300805,0.7001421999999999,1
29c80be7-0c74-496f-8d8b-45cba3d265f1.jpg,1,0.5283429,0.80718976,0.66776633,1
0b34b234-d9ab-468a-9f0e-bd1c58dd6b0f.jpg,1,0.98050135,0.98486614,0.982683745,1
7708abe7-3c34-4671-bd0a-bfb1911fd79d.jpg,0,0.008824095,0.019271558,0.0140478265,0
1fd6170a-e23a-43f4-b27d-7701c59cb0f9.jpg,0,0.8590268,0.213856,0.5364414,1
341c1742-f8ec-4c81-a2f2-cbdedc398982.jpg,1,0.98399216,0.9736925,0.97884233,1
e1090476-a402-48c9-942e-a1594f42ffdb.jpg,1,0.97175264,0.9074539,0.93960327,1
c9f1d0ae-fabb-4fca-bdee-9b8445dd4913.jpg,0,0.8915962,0.0914631,0.49152965,0
46d4ba7d-1b18-4d0b-8325-505f2958e6f6.jpg,0,0.56823593,0.8984359,0.733335915,1
7eee3797-4b59-49d6-a754-db1663656c92.jpg,0,0.103934616,0.020875467,0.062405041499999994,0
6a0a6b46-f3fd-452b-baba-88ab56e9e2b0.jpg,1,0.9831147,0.18452106,0.58381788,1
5895556d-f28b-494b-9090-4a2a3db37fc8.jpg,0,0.0123443995,0.047836985,0.03009069225,0
7585261e-4761-44c1-beb5-7f21e5abb862.jpg,0,0.008667251,0.1551391,0.08190317550000001,0
48642702-1b32-4f5c-89c7-8f1c8e7c6c58.jpg,1,0.9828288,0.9871789,0.98500385,1
2891fc45-9c1e-4ecb-a715-b124edce3987.jpg,1,0.8587374,0.16767846,0.51320793,1
ca38f1ad-32a7-4b19-8ada-247bd116a3be.jpg,1,0.62270343,0.24942502,0.43606422499999997,0
8b08f075-0b70-434d-9838-e9f3a64f815e.jpg,1,0.9851206,0.9871185,0.98611955,1
f242c9d6-d94f-4537-94bc-e0323e5a7742.jpg,1,0.9642144,0.58517176,0.77469308,1
9c52a965-2966-4fba-b19e-c8825cb1fa00.jpg,0,0.020006182,0.015644517,0.0178253495,0
7127fd3b-605f-4ec7-8b16-860c943fabd8.jpg,1,0.92609966,0.96185446,0.9439770599999999,1
e64ca40e-47b6-4236-8430-243a74da2b31.jpg,0,0.020572226,0.18465534,0.102613783,0
dc1543e3-0461-46b2-9fa7-0803ee4a4b85.jpg,1,0.976834,0.94809425,0.962464125,1
635abe2f-b3c0-4fd4-b61a-cfaac10a2eec.jpg,1,0.054308902,0.10486965,0.079589276,0
5e0d05d2-f477-42fb-a401-d5cff6c5e28f.jpg,1,0.97523355,0.9884173,0.981825425,1
29da8001-7d8b-4151-bc3f-7b322fede2ea.jpg,0,0.015989074,0.011799274,0.013894173999999999,0
b5242f56-4f77-4a10-9480-bdae43654f59.jpg,0,0.03223048,0.015911542,0.024071011,0
5fea5443-b544-4257-8b66-8e1f0394ee1a.jpg,1,0.088519804,0.9680815,0.528300652,1
67f072e3-6708-4db8-b779-a32d4397a99a.jpg,1,0.80377835,0.9683366,0.886057475,1
5494a37c-4dbe-48a1-960b-030fe9e3b1b0.jpg,1,0.9707695,0.9365801,0.9536747999999999,1
bb458a1b-63d3-4fca-93d1-682f566f6b0c.jpg,1,0.97130257,0.9016412,0.936471885,1
2ca8a04f-4bd0-48f3-a46b-1a12d90ab101.jpg,1,0.98198295,0.94209945,0.9620412,1
e38d26b1-3495-4ce5-a1af-1a1403f48971.jpg,1,0.9721789,0.97935075,0.975764825,1
29d5ce6d-dadc-43f8-8cbd-72bbf7e561a1.jpg,0,0.014694995,0.038590938,0.0266429665,0
6c155d40-9551-481d-816b-b434ab5e4a5a.jpg,0,0.9612865,0.24902664,0.60515657,1
527b10ca-94a3-44b8-879b-8ab1c0bc2e4e.jpg,0,0.32625157,0.018430812,0.172341191,0
0e68d005-e740-43f3-90f8-076e50225bab.jpg,1,0.9743275,0.89448076,0.93440413,1
5116640f-343d-40d8-ab34-2fe5b2711f0a.jpg,0,0.95955265,0.16311015,0.5613314,1
ce9c7e12-e160-44ce-a0d9-9836abca3cae.jpg,1,0.98777753,0.7667469,0.877262215,1
0896d9fe-d01e-47e5-941c-d5c3bd1d68be.jpg,0,0.017764226,0.0106331855,0.01419870575,0
02c89ee0-482b-4c2d-92f2-d6d416e64f55.jpg,1,0.9619011,0.5012346,0.73156785,1
dd610e8f-e3dc-4689-b90f-7a2b3f471feb.jpg,1,0.9612224,0.71456796,0.8378951800000001,1
649269c4-6d9a-4396-b945-f963d520d22b.jpg,1,0.96861535,0.7828457,0.875730525,1
4842ac19-ee07-44ff-b2c8-aaa8ebd22f60.jpg,0,0.062176906,0.30109394,0.181635423,0
ab6e4c4c-1bd3-48c7-a39c-ef228e004926.jpg,0,0.015378405,0.04158624,0.028482322499999997,0
18dcc9a9-d007-4f23-b08e-fe8fea2bb91a.jpg,0,0.9338792,0.10077836,0.51732878,1
fb367c7c-b17b-468e-b762-7c9e26b0d505.jpg,1,0.97563803,0.8890392,0.932338615,1
3e8fa888-5d3f-423f-ad29-7bdf23179737.jpg,0,0.56845456,0.22063781,0.39454618500000005,0
db6eee6d-ef90-480d-89bf-c635cc7f6e46.jpg,1,0.9578341,0.96556896,0.96170153,1
56a4a50d-6245-4b18-bee7-256581157b0f.jpg,1,0.8977638,0.91488737,0.906325585,1
5da5c2c5-9cde-4cc8-93c8-a770a739553e.jpg,1,0.9674934,0.81893003,0.893211715,1
73a75f50-90aa-4032-a864-0c052e2e6093.jpg,0,0.03164599,0.03247116,0.032058575,0
5019b499-bbb1-48ba-ba1d-bfafdf1d8a03.jpg,1,0.9723488,0.97097033,0.971659565,1
d5b600c7-739a-4908-a221-4348f3203c2a.jpg,1,0.9725725,0.9625857,0.9675791,1
663ace63-7255-4ac6-85a1-109d9c0411d2.jpg,0,0.065276355,0.09110336,0.07818985749999999,0
144ec98b-89e6-48b2-82e1-d90fc599215a.jpg,1,0.96425694,0.8790022,0.9216295699999999,1
1bb4b128-d3ba-40db-9ae3-895c6ba578b7.jpg,1,0.97542614,0.991459,0.98344257,1
60de3b0c-2c08-4a95-a61f-e7326714e689.jpg,0,0.43593708,0.7101166,0.57302684,1
a79517d6-995c-4a74-95f1-30c40ff0324b.jpg,1,0.9694044,0.8658292,0.9176168,1
e396d952-0d66-43df-b973-e7343daf7ef6.jpg,1,0.98707217,0.96173584,0.974404005,1
bc2de7cb-d35d-4fde-a554-2ebb8617337f.jpg,0,0.018422293,0.02181044,0.0201163665,0
d63265ca-93ef-4249-b22c-bd39003b84af.jpg,1,0.9779221,0.99296254,0.98544232,1
41778683-ab56-47ef-8e4b-5ef1035cad8c.jpg,1,0.9727898,0.97873473,0.975762265,1
8be0f8e4-dfb1-4db7-a7da-0e0ad0e5d307.jpg,1,0.9838494,0.8890977,0.93647355,1
9e6400c7-5343-430a-b0a1-504e0c0de3ce.jpg,0,0.762166,0.51704895,0.639607475,1
4facdeac-4f1a-47b0-a398-ade92b67321f.jpg,1,0.9463145,0.9172475,0.931781,1
49cb7136-9d91-4f38-92cb-391603c3830e.jpg,0,0.020269267,0.005740155,0.013004711,0
b33051c2-ecb9-4b04-b913-9f4a8fae6d25.jpg,0,0.013378228,0.007853623,0.010615925500000001,0
ac6b06ef-7181-42b6-9052-624be6327ede.jpg,1,0.98232347,0.98285276,0.982588115,1
e4aa23de-f35b-440f-acd6-3213339a0065.jpg,1,0.970932,0.900757,0.9358445,1
94ffa75f-ea63-4d19-8ba4-085b50d6d7ae.jpg,0,0.043400276,0.02670833,0.035054303,0
3bb7288e-264e-41e9-a548-1fa2751b99bf.jpg,0,0.026158892,0.0073904106,0.0167746513,0
bb9827d5-5785-43ff-875d-2216addb111e.jpg,0,0.016948497,0.010799464,0.0138739805,0
3ff0d57a-84e9-40ec-affb-9a63bbe14a44.jpg,1,0.98853904,0.7808641,0.88470157,1
380ffd9a-936e-48e7-b9f8-3251c664d9c9.jpg,1,0.98398364,0.94939274,0.96668819,1
129015a2-ff61-42a8-88b7-095247d6ab1b.jpg,0,0.8085063,0.17225026,0.49037828,0
bd69402f-9761-46aa-ab18-2b0b625a0dd1.jpg,1,0.97181207,0.9849054,0.978358735,1
0bbba16a-9331-4257-b3f9-a5bc223c2b72.jpg,1,0.9840464,0.6814952,0.8327708,1
72ad03d9-0fa6-43ef-88b6-b65f470c1314.jpg,0,0.10106209,0.073587425,0.08732475749999999,0
33bc00f3-653e-4331-8c12-4deb7865c5dc.jpg,1,0.9311215,0.19269794,0.5619097200000001,1
21b39189-5b0b-472d-9ae5-a6dab075d600.jpg,1,0.86707026,0.11403365,0.490551955,0
7820a6fa-d395-4cdf-ac20-1fb7392386c9.jpg,1,0.29636475,0.31032664,0.30334569499999997,0
edc38b66-30b7-4457-bfc3-0f690fdf2bff.jpg,0,0.1761311,0.107980356,0.142055728,0
248adcb8-b922-4ed3-8909-8fe7ca7add45.jpg,0,0.032089014,0.073359944,0.052724479,0
293e962b-1672-47ad-ad4e-8c21d1018b20.jpg,0,0.015969714,0.08754788,0.051758796999999995,0
e885b232-9eba-4eac-a021-d26e00912c77.jpg,0,0.50802547,0.36632463,0.43717505,0
00ac0b0a-75c7-4cdf-9540-cbceed1b8e00.jpg,1,0.7354449,0.757462,0.74645345,1
232a5dbe-a007-4312-a0b8-dd5d1347c031.jpg,1,0.9732406,0.9527205,0.9629805499999999,1
8028afba-c99e-47c1-9ee8-32430fc67f15.jpg,0,0.015053711,0.025739294,0.0203965025,0
b97a1cd7-d3d1-4b81-bdc4-7df8c20f9b4f.jpg,0,0.029122451,0.068384744,0.048753597499999995,0
f8277933-dec0-4c03-8f16-1e142719ea38.jpg,1,0.67339516,0.8395773,0.7564862299999999,1
d30938ff-ae9b-47a0-bf06-3f3b03b13a3d.jpg,1,0.37370452,0.22122723,0.297465875,0
0adcd9e6-d190-4dd1-ad6a-80e9503d1981.jpg,1,0.8759566,0.9068968,0.8914267,1
b1511e75-d1d7-4b80-bf6b-ca427a27c59e.jpg,1,0.8283412,0.23596372,0.53215246,1
65cc9f35-c06a-42a8-80a9-a322460573c3.jpg,1,0.98174894,0.9707591,0.9762540200000001,1
ca3a8a15-47d5-4785-bd52-0f3fe8aac9b5.jpg,0,0.016236199,0.0031727944,0.0097044967,0
bd8a3e2b-e2a1-4898-8288-f258b66f6015.jpg,1,0.9800498,0.94850266,0.9642762300000001,1
f13f64ea-f555-4c9b-bba5-7cf831b16219.jpg,0,0.028480185,0.012800615,0.0206404,0
bed6bcb8-12a2-4fd5-8fc2-558574e12c8f.jpg,1,0.9872946,0.90794075,0.947617675,1
f9c7e9d3-291f-4fef-a83a-ad2338069037.jpg,1,0.9365729,0.2668809,0.6017269000000001,1
f65b0134-6ec7-4f0f-b8ff-9edb11a66ac3.jpg,0,0.019399416,0.016633594,0.018016505000000002,0
7e1cacb2-6db5-4869-9db5-8d1b4ee3ef48.jpg,1,0.98189235,0.9483687,0.965130525,1
627d1c8c-cfc5-4c77-b6bb-5380598169b0.jpg,1,0.97718346,0.9121701,0.94467678,1
6d94eec0-a35b-46c8-babc-caca261091c5.jpg,0,0.06008697,0.16959766,0.114842315,0
41175a7b-7e1f-4320-911e-2486084d7422.jpg,1,0.9553106,0.9488106,0.9520606,1
1ad2ee30-fde3-410c-81a3-90248a667d65.jpg,1,0.9778913,0.9629452,0.97041825,1
5ce51cb5-d9ad-4d03-8029-af7529a64adf.jpg,1,0.9528096,0.95019084,0.95150022,1
629c5e85-7303-4a50-815c-a660952827a6.jpg,0,0.16637896,0.028053759,0.0972163595,0
76988b20-4abe-425a-9043-3bc35f5a8725.jpg,0,0.0443778,0.017146822,0.030762311,0
0015c68f-d474-46df-baeb-7a7ea49488bf.jpg,0,0.13005812,0.05539,0.09272406,0
a8413559-98dc-4eeb-bc68-e85bb1275c48.jpg,1,0.9842641,0.97738546,0.9808247800000001,1
60aa3d96-001b-4fcd-a0b9-0c3f892a6c75.jpg,1,0.97005594,0.8917171,0.93088652,1
bfba3cf3-2cee-4527-849b-337a6c6cbf40.jpg,0,0.018207496,0.008010296,0.013108896,0
f241c7cc-2834-4e2e-8c47-ad43516b37c4.jpg,0,0.86843896,0.18055436,0.52449666,1
61556cb6-1412-4f51-a457-8aaf05f46ac4.jpg,0,0.028921045,0.0075693424,0.0182451937,0
0947d98f-d197-49df-94b7-0edff52af2cb.jpg,1,0.9309229,0.97145385,0.951188375,1
fe75b3d0-47d1-4045-9e4c-f2beeb605a9a.jpg,1,0.9736168,0.95047134,0.9620440699999999,1
594b0b5c-1a6e-4bf5-9012-9eb72937ea74.jpg,1,0.9745307,0.9272312,0.95088095,1
abf03f13-0d25-4801-8c56-c1ca93a6bb48.jpg,0,0.046853825,0.08853196,0.0676928925,0
1f3c35b6-95a6-49ad-a760-2c9b76bacb0e.jpg,1,0.9667829,0.9114114,0.93909715,1
c9e3962a-e505-4604-8b4d-138d2ed2c3bc.jpg,1,0.92210424,0.45558676,0.6888455,1
c2dba1a5-81b3-4a8e-9c83-c712a463f1e1.jpg,0,0.546212,0.09065527,0.318433635,0
e38c09a4-5483-4e84-9680-b94cda9ce289.jpg,1,0.70670646,0.24549833,0.476102395,0
5c812289-4fd1-46a5-b701-05cfdcd4ec0a.jpg,0,0.031935956,0.064820506,0.048378231,0
4f464dcd-7ef3-4163-9a04-8d6e34d8f47f.jpg,0,0.026273217,0.3563123,0.19129275850000002,0
fb91dda4-1130-4eef-a1fd-3a1d367b6c88.jpg,0,0.736664,0.06555348,0.40110873999999996,0
2804e8f5-4aa9-44ac-9573-d185d1994b27.jpg,1,0.978885,0.9766544,0.9777697000000001,1
536933d2-f2c0-4344-ba47-7c2056a04359.jpg,0,0.031785764,0.023705611,0.0277456875,0
7d1d00f0-55da-49ea-9eac-d2e88f9b46a7.jpg,1,0.9589246,0.89617896,0.9275517799999999,1
180b7324-f469-4968-bfbb-173cd6d367df.jpg,0,0.023361865,0.012727687,0.018044776,0
c4bd3794-5b48-4b23-8009-a7bd0e354fac.jpg,0,0.04235247,0.17965737,0.11100492,0
a191d70b-99d0-4452-8e56-9842aeee6da8.jpg,1,0.9757874,0.9425401,0.95916375,1
6191bd03-cb55-48ce-ac84-edef0b1457a3.jpg,0,0.2512347,0.13233466,0.19178467999999999,0
ae5b902b-6f3b-4c4b-a1a7-f6ecf9bde683.jpg,0,0.014270319,0.01763317,0.0159517445,0
bf8232fd-d56e-437b-bafc-91f501534ef4.jpg,0,0.014404342,0.010701893,0.0125531175,0
20f61be5-9bbb-4eac-b852-f0d2017d73d4.jpg,0,0.042314515,0.088197306,0.0652559105,0
d59aec8c-96d5-4d6b-8b8d-1638757e7728.jpg,1,0.97338134,0.96912,0.97125067,1
4359ea35-8bc5-44a1-a3f4-c6feaad5b38b.jpg,0,0.026421987,0.007983379,0.017202683,0
bfa5eaa4-268e-4156-8e16-075d7badaebe.jpg,0,0.016389761,0.092268445,0.054329103000000004,0
f7b96a50-8d7b-4393-b6fc-8516c715c825.jpg,1,0.8721032,0.9156427,0.89387295,1
e495eb06-1447-4887-afd1-28eead90b759.jpg,0,0.01962406,0.18254009,0.101082075,0
fe53fb29-def1-441a-aba4-1b51d8a634fb.jpg,0,0.029554958,0.013827722,0.02169134,0
a324f3eb-b125-4c6b-9d69-d451d3b639d3.jpg,1,0.9731646,0.92284375,0.948004175,1
3014bbf4-0e94-45cb-b1da-36613bd23588.jpg,0,0.037128873,0.013927772,0.0255283225,0
ad41b167-46e7-492c-b4a3-69102f81e727.jpg,0,0.013835352,0.0076123145,0.01072383325,0
52e058c0-2c73-42c1-8f7b-57b08c8e9637.jpg,1,0.96995634,0.9728592,0.97140777,1
0279c669-5a6f-4ec7-b4d7-52ffe87e7e37.jpg,1,0.9783507,0.9867014,0.9825260499999999,1
74fcd0f0-094e-4789-893d-80e8750c2650.jpg,0,0.15975279,0.9102792,0.535015995,1
04d03884-0898-425a-ba62-1f7b5416a831.jpg,1,0.9676471,0.9366619,0.9521545,1
a22aa119-9c24-47db-a7f2-c87af4a89d5a.jpg,0,0.010739312,0.0678582,0.039298756,0
bfcb8b7b-2744-4a09-82b5-bc0cc7ad4000.jpg,0,0.01924889,0.010854253,0.0150515715,0
b9436d44-e3b6-4d43-b843-0860148c5575.jpg,1,0.9429726,0.31992605,0.6314493250000001,1
92dd4a6d-3c29-4f21-add1-1e3c7b24fdda.jpg,1,0.97393835,0.9894197,0.981679025,1
9d1330f1-1953-432d-84b7-9734371f4375.jpg,0,0.019714823,0.011896477,0.01580565,0
0560bdcd-24cd-4df0-ae25-e1083436f579.jpg,0,0.077636145,0.013097681,0.045366913,0
6054db04-4dd9-43b7-9c27-67d82e5eea86.jpg,0,0.023969421,0.0074436115,0.01570651625,0
62782a28-479e-4f04-986b-d0a82e0a9784.jpg,0,0.021641048,0.1440963,0.082868674,0
f7beaeb3-a8f5-48b8-90a1-01e1eb823c77.jpg,0,0.9188041,0.011298425,0.4650512625,0
96c2e804-353a-4c2f-ac75-5ab9354cb9a2.jpg,1,0.9828377,0.64087874,0.81185822,1
d4c2d9ca-3be7-4bfd-925f-681635368a94.jpg,0,0.068894215,0.027882442,0.048388328499999994,0
9cb5fe8c-16a8-4455-8cff-969e5293a7f9.jpg,0,0.044818092,0.23799255,0.141405321,0
f9c39c23-729a-4e80-8d75-c9c2322b59d1.jpg,1,0.982588,0.9797183,0.98115315,1
ea930e3d-25fc-4a97-91b5-c2bc3d993de4.jpg,0,0.12104918,0.03217518,0.07661218,0
91f802cd-b76e-435b-82c1-0a6b54f2550b.jpg,0,0.026081152,0.006258448,0.016169799999999998,0
190fa060-49f6-40a9-8281-644456688b92.jpg,0,0.01612625,0.073366314,0.044746282,0
