image_id,label,conv_tta_prob,eff_tta_prob,ensemble_tta_prob,ensemble_tta_pred_label
a5f86ae3-b2f3-4026-b5e4-bb918d902c9a.jpg,1,0.98049283,0.9759466,0.978219715,1
c954e18f-8ab3-4bff-91d7-a0d7ff000e51.jpg,0,0.017117817,0.008335684,0.0127267505,0
1c5fb5d5-75e0-431f-a03e-e50026f23fe3.jpg,0,0.032693937,0.027879981,0.030286959000000002,0
5755fdb9-e87b-4d1e-bc3e-3a415a4482b0.jpg,1,0.9771429,0.995363,0.98625295,1
e7ea0752-f24a-4dac-926c-371fda631a0f.jpg,1,0.9645281,0.45078695,0.707657525,1
d2d2b5e1-3e66-41b1-96d1-93a16f7d657a.jpg,1,0.96748704,0.14912371,0.558305375,1
c83a1e71-ffe7-46a1-9ec5-b235357c3e39.jpg,0,0.03198246,0.025657177,0.028819818499999997,0
fd0dd104-7300-4da3-a46f-6980531ead33.jpg,1,0.980395,0.9614926,0.9709438,1
6a8eb48f-5a90-4606-9eae-08cfc637b39b.jpg,0,0.024616398,0.01077119,0.017693794,0
cdc7b8e5-1609-4f88-a20d-0dd321f8f489.jpg,0,0.39400116,0.90787417,0.650937665,1
56b718b3-2f41-4331-a8d8-13fa11439752.jpg,0,0.066331424,0.04125556,0.053793492,0
5c754abd-97cd-446e-a8a6-612f94657b37.jpg,1,0.4521433,0.77608895,0.614116125,1
962a6f30-0f03-4ff8-b642-92cd37d8349c.jpg,0,0.92280793,0.24340524,0.583106585,1
291ddd03-aed3-4689-aeab-f53c76fc76b9.jpg,0,0.29159468,0.06764622,0.17962045,0
a68060d9-afb8-44be-b5dd-2bdb1183efb6.jpg,1,0.9803222,0.9109447,0.9456334500000001,1
3181a00e-2de2-477e-a8a1-6e9544798963.jpg,0,0.03054891,0.00456056,0.017554735,0
826958f4-16f0-42e1-8adf-d25a0c8e900a.jpg,0,0.027416324,0.047628824,0.037522574,0
c4f12410-102f-4311-98b4-0db3259e25dc.jpg,1,0.978286,0.6134696,0.7958778,1
1a4c2a7e-9dc9-4d95-8719-b78f384af12c.jpg,0,0.030689692,0.050570283,0.0406299875,0
f07473e3-9a1c-4d64-b8c2-c2ddb89f6848.jpg,0,0.012556799,0.007990635,0.010273717,0
8c38ad8d-ced4-4c93-ba65-9e1c40cecea3.jpg,1,0.8930146,0.4676088,0.6803117,1
d18a3646-048b-4a43-93ec-3590187584d5.jpg,1,0.98970586,0.98854923,0.989127545,1
f12d9916-e697-40bf-8336-08284672bc55.jpg,1,0.9751808,0.93254876,0.95386478,1
8ebd946c-cc58-4711-8126-273f04ae8f18.jpg,1,0.6157359,0.24640475,0.431070325,0
422b1dd5-5112-459d-90d5-d935023a1d24.jpg,1,0.97553664,0.9655587,0.97054767,1
ad7ee347-ec2f-4538-abfa-b624e6c82873.jpg,1,0.9308262,0.85170037,0.891263285,1
cfdc352a-bc56-4377-967c-912a733b60c3.jpg,0,0.17577197,0.50903744,0.342404705,0
703d2c3a-e388-4142-bab8-acea5df570fa.jpg,1,0.9781942,0.9791799,0.97868705,1
2c2a4755-63e2-4bc0-b08d-ce68e34d02cf.jpg,1,0.98453903,0.86115354,0.922846285,1
f04237b1-eb33-469d-9123-32304c2f01e0.jpg,1,0.31194267,0.14052951,0.22623609,0
edb98d28-4c16-42ed-b50b-1d1af1f2475f.jpg,0,0.82970834,0.27597985,0.552844095,1
451c68b0-1002-41a9-acb0-d64852d4556d.jpg,1,0.9544361,0.95937353,0.956904815,1
ba68ae77-72fc-42d5-b650-6a9e83e3cab8.jpg,0,0.09762204,0.09150627,0.094564155,0
30c838bf-5369-4fb7-87b2-c54f614c6fd4.jpg,1,0.96862775,0.8883597,0.928493725,1
bbf1864c-98a2-4f21-9f29-c43383120638.jpg,0,0.8364695,0.95332235,0.8948959249999999,1
1df3d0b5-eeac-41d8-a1a3-e434b92c6f58.jpg,0,0.019325087,0.014064796,0.0166949415,0
945f9ea7-13eb-4c4a-96c3-f955278e5def.jpg,1,0.5252135,0.9427333,0.7339734,1
04680b17-eb0b-4633-8575-1fb449c78e7a.jpg,1,0.9862521,0.9870853,0.9866687000000001,1
8eb3cdfd-d1d8-4c64-869b-e6b54b5a4f5e.jpg,1,0.9035826,0.48170328,0.69264294,1
32359080-8693-4053-b1f5-0abaff86f308.jpg,0,0.03243744,0.037342686,0.034890063,0
d320a4d6-946d-446d-a8af-b46892a563dd.jpg,1,0.8970414,0.8416323,0.86933685,1
b95b619e-cff1-4fd9-8dd1-4a5a27f6242d.jpg,0,0.25317797,0.3165366,0.28485728499999996,0
4dbedb5a-3f7c-4a8b-a3cd-60b1fdb51194.jpg,1,0.74348354,0.18457925,0.464031395,0
b430db3d-abb0-42d1-9db0-f0bc0376324c.jpg,1,0.9833102,0.981205,0.9822576000000001,1
8e3ddd0a-e286-4b3d-863e-9a84edacf9d3.jpg,1,0.7267845,0.86143297,0.794108735,1
23f4a446-5233-4284-8e33-fefa16cde080.jpg,1,0.9726029,0.9532513,0.9629271,1
0aacbe5d-bce8-40bd-9886-41f23c3ed21e.jpg,0,0.02837341,0.05924602,0.043809715,0
48c098b3-ad7d-4769-a383-508ad54ed823.jpg,0,0.034287173,0.21185495,0.1230710615,0
47788966-7dcb-4c20-8baa-6516f9a493bd.jpg,0,0.025132991,0.0059579364,0.0155454637,0
7c9d607e-192b-42bd-b34f-f13cd8d066ea.jpg,1,0.980423,0.9653818,0.9729024,1
a98c8f3b-a1b7-46ba-baa7-91bf8094b793.jpg,1,0.9702954,0.35159433,0.660944865,1
a4f522b8-bc30-4eba-b620-8402441ab72b.jpg,1,0.9431076,0.8305049,0.88680625,1
79fa83e6-e151-4e95-b9a2-788287e5d69b.jpg,0,0.02827737,0.037906345,0.0330918575,0
828b77bc-aefa-4254-8c8a-b3b7a4ae7a2d.jpg,0,0.022636523,0.021664323,0.022150423,0
ef40129a-eb63-43ec-a159-4d37af527ccb.jpg,1,0.9800546,0.9487621,0.96440835,1
851bd486-98a8-410b-be6e-149a6332af33.jpg,1,0.49927673,0.2544928,0.376884765,0
68de9d0d-fc79-4ba1-bd98-834f3f44af49.jpg,0,0.5170216,0.5926962,0.5548588999999999,1
4b8f45e1-fae1-42ff-8cf9-2f8f411c6917.jpg,0,0.057319384,0.067562975,0.0624411795,0
1b08f3ab-70ad-4720-81fd-499508ab643e.jpg,1,0.9683177,0.9789977,0.9736577,1
b9a8f8aa-deb1-49d5-a5ff-bf3ac7828a4d.jpg,0,0.67614436,0.30325994,0.48970215,0
50445a85-0789-4cbd-942a-c0eb942a19a1.jpg,0,0.3293362,0.015884956,0.17261057800000001,0
e2981aa2-3669-4a1b-b0ad-6974f01afeaa.jpg,1,0.97661114,0.9740262,0.97531867,1
e994e528-f150-4803-b316-0193f4cf33bd.jpg,0,0.044136856,0.14153214,0.092834498,0
689b0df1-7b47-4af6-b25b-267feb6cccc2.jpg,1,0.9543361,0.9571442,0.95574015,1
dad7544e-dd63-472e-86e5-294a5207784e.jpg,1,0.97603637,0.96279454,0.969415455,1
a386eb7b-5c30-4f7d-9943-8fb0bf2b6f3a.jpg,0,0.11681386,0.035590287,0.0762020735,0
87eb3967-ebe4-4be2-807e-395ac9dbef90.jpg,1,0.9846945,0.7781914,0.8814429500000001,1
55124e35-a985-42f4-8f98-1310dd9106fc.jpg,1,0.9795688,0.9195399,0.94955435,1
70472979-8ff9-403d-a607-e13db35a1bf4.jpg,1,0.9678269,0.8869736,0.92740025,1
b162b85a-1272-4ce8-b46c-68602c39c4e8.jpg,0,0.23090559,0.008224078,0.119564834,0
b320b150-d193-4f75-89af-873d2dbadb1a.jpg,1,0.92359596,0.5834964,0.7535461800000001,1
0967c5f4-28ea-41d8-a7cc-067e5139cc61.jpg,0,0.040911455,0.1883391,0.11462527750000001,0
d88ffaf6-defb-4327-ade8-728c1680a965.jpg,1,0.6804653,0.48088083,0.580673065,1
cfbee7db-097b-4c17-9ef1-36190150819f.jpg,0,0.9193452,0.37486598,0.64710559,1
c0760163-8728-472a-b560-0f0af37d67d1.jpg,0,0.015606674,0.010687899,0.0131472865,0
5799d65e-62db-42ef-acfb-fdea69aa255e.jpg,0,0.2265464,0.117726825,0.1721366125,0
fb98a8ed-9ec0-447a-85d0-f89733c2426c.jpg,1,0.98083395,0.9290175,0.9549257250000001,1
725ff707-3a4a-4e76-85dd-9fd52177035e.jpg,1,0.017858578,0.0362204,0.027039489,0
d110627c-1d02-4464-a010-d947180a464a.jpg,0,0.04413873,0.059364215,0.0517514725,0
5a13a923-fcca-449b-ba9c-dec6cfcf2be0.jpg,0,0.014596667,0.01359579,0.0140962285,0
fcc73331-ec40-4213-905d-ac944127992e.jpg,0,0.83165354,0.32357493,0.577614235,1
599c551a-0c3d-44c5-b20f-5778e501d44c.jpg,1,0.37502882,0.9377622,0.65639551,1
64b6d155-4e9a-4292-b623-9b08246eaa82.jpg,1,0.96825075,0.9875715,0.9779111250000001,1
48e820fd-f4dc-4fd8-b66a-d512ca5d1fde.jpg,1,0.97600156,0.9074137,0.94170763,1
41f66047-05f5-45b0-bc5c-7cc5fdf48475.jpg,1,0.91935635,0.47130895,0.69533265,1
9d479678-66ca-4f13-8b4a-e267089498eb.jpg,1,0.11820599,0.56387234,0.341039165,0
a194aca1-4935-41c2-9e36-efd4a1a0aa9d.jpg,1,0.98862106,0.9264477,0.95753438,1
26103acc-b7b6-46fd-beb0-427f3783a627.jpg,0,0.03761341,0.026762431,0.0321879205,0
eb4958d8-077f-4583-9b69-b2a33ee38ef1.jpg,1,0.90935165,0.1771484,0.543250025,1
38f2a643-499c-44bd-9039-8e6f2cedc235.jpg,0,0.024893722,0.17656855,0.100731136,0
6141f8cc-21d8-4d32-be4e-0c41128fc08b.jpg,1,0.9845591,0.9832022,0.98388065,1
3daca677-1cc2-43ad-b2cb-36fd7b4ccf1b.jpg,1,0.9582704,0.3073252,0.6327978,1
4103491e-7959-46e6-a8de-78334167b06a.jpg,0,0.028405115,0.022959238,0.0256821765,0
86855c69-0098-4e54-b039-6c3ac614ad3e.jpg,0,0.020319004,0.014432403,0.0173757035,0
f508bfc0-9cdb-4a8a-936a-20717c2ad311.jpg,0,0.23426823,0.013265916,0.12376707299999999,0
31a304b8-49ad-4bf1-8434-81a5433631f2.jpg,0,0.016258134,0.00962055,0.012939342,0
67c06f73-3ac2-4d66-9d29-eef24839283d.jpg,1,0.9394252,0.8435228,0.891474,1
93740930-ad87-4023-b453-ae897b255396.jpg,1,0.9356406,0.9451587,0.94039965,1
8b96ccb7-06b0-4613-b764-2f43855900b7.jpg,0,0.5730002,0.9451845,0.75909235,1
63c3f064-37bc-47ea-a5fe-14c046146099.jpg,1,0.8651133,0.9872885,0.9262009,1
86bfe256-cc45-4ee7-8315-2bfd4c551f8a.jpg,0,0.7495406,0.053548634,0.401544617,0
d06cab63-517e-471f-b4fb-5d56db2b0da4.jpg,0,0.078021035,0.02366493,0.0508429825,0
8e8ca7ab-b719-4efd-8c33-a09b5d4cffc6.jpg,0,0.016280673,0.25577918,0.1360299265,0
7a8ffe0c-ce95-4412-945f-a433103e79cd.jpg,0,0.17177641,0.043216478,0.107496444,0
b8acff07-76d1-4300-bdab-d263766fe4c2.jpg,0,0.049221676,0.16627352,0.107747598,0
f22835b2-c056-4edc-ac3c-8659fb3bb855.jpg,0,0.051899984,0.6096155,0.33075774199999997,0
fa726b53-a7a9-436c-ade2-8fd72326ecc0.jpg,0,0.016979622,0.04029183,0.028635726,0
4caadc18-4bf7-4a8b-b580-71fb39be3df2.jpg,1,0.9733471,0.9760905,0.9747188,1
68205e62-d89b-4d03-acb0-66c808c9b0ec.jpg,0,0.022827053,0.011794046,0.0173105495,0
1bea7d77-1cfc-4827-88b2-ad96cb944f20.jpg,1,0.8234871,0.9824855,0.9029863,1
6fa802d9-826e-44f3-9f67-fc64cea48e23.jpg,1,0.7142274,0.08194595,0.398086675,0
63e95b50-e03b-4ada-8f3e-94b409665fe3.jpg,0,0.031487253,0.082217835,0.056852544000000005,0
649ac143-8c7b-49f9-9a36-11ab1438247c.jpg,1,0.98105097,0.97808725,0.9795691099999999,1
0a19e1e9-2e45-43e3-9608-af7d8c7a170d.jpg,0,0.24585986,0.07831109,0.162085475,0
4d60c986-bfbc-4e83-acfd-f73482932f71.jpg,0,0.14396377,0.17442276,0.159193265,0
f3b3f457-4bd0-47d7-a705-bc1f19991092.jpg,1,0.9830971,0.9569445,0.9700207999999999,1
2e5b170f-903e-48ea-9912-1d84e5fb1529.jpg,1,0.97306794,0.9829859,0.97802692,1
6359b071-68ae-4da4-824b-ebc919b69986.jpg,1,0.054159593,0.014860845,0.034510219,0
ba683b46-5683-40fa-a674-74c7a2663859.jpg,1,0.9683757,0.6660056,0.8171906499999999,1
7d84d462-9f23-4d88-9a3e-a883c58f0b4d.jpg,0,0.53563267,0.13599451,0.33581359,0
8e84c51e-b115-4393-ae5f-030e3a9cb953.jpg,1,0.9797344,0.95317024,0.9664523199999999,1
5d8b1e0e-2892-4abf-8e1b-fbef4254f76a.jpg,0,0.98040956,0.83162254,0.9060160500000001,1
b8eb87c8-957b-46c6-8405-470096cc149d.jpg,1,0.9614682,0.89770514,0.92958667,1
1e24ceea-ee4d-4b0f-80c6-79e4389b697b.jpg,0,0.60618836,0.0837094,0.34494888,0
74f1cabf-82eb-4a70-8ec4-45ee94b4c2e7.jpg,0,0.024910897,0.0075800293,0.01624546315,0
e9957479-09e0-4cdd-ba0b-e62117658ee0.jpg,0,0.032379694,0.010753751,0.0215667225,0
68dd91bb-8873-4800-b0a7-6f7135c79cfa.jpg,0,0.023308167,0.031703196,0.027505681500000004,0
0052c3ee-247e-49af-970f-144c2a498ea0.jpg,0,0.034971345,0.014877103,0.024924224000000002,0
78c4668c-c041-4fab-9504-ebac354f20b9.jpg,1,0.97944766,0.9168632,0.94815543,1
69d4612b-729f-4c74-b391-44b141b315fd.jpg,1,0.9616043,0.9758913,0.9687478,1
fd7bdfca-4f2a-4a1a-ae72-5ccbd1e7629f.jpg,0,0.02304936,0.016855545,0.019952452500000002,0
de5d5834-1476-40d0-a06f-53a1d00d4eb5.jpg,0,0.07914499,0.017187968,0.048166479,0
6606297d-4905-49a7-974e-e52a48e91f98.jpg,0,0.13969578,0.19840634,0.16905105999999998,0
26cffc8d-263f-4323-b921-d1278d7a8115.jpg,1,0.9814504,0.98576784,0.9836091199999999,1
f754cbfb-d3b2-4550-a2f5-afc5a2eaae53.jpg,1,0.24691482,0.22237577,0.234645295,0
da89271e-67b8-48e6-adb6-c6f9cba861b6.jpg,0,0.55799633,0.14740826,0.35270229500000005,0
15e50a53-2431-44a5-a58e-6bf529561694.jpg,0,0.033353675,0.09507742,0.0642155475,0
f2e75637-68db-4de9-b11b-f6bec6819681.jpg,1,0.9645298,0.7399934,0.8522616000000001,1
78327f1a-2d56-4d6c-9ae5-ad200d499c2b.jpg,0,0.03339914,0.034345184,0.033872162,0
167acb17-dac3-47e6-acde-3b9491d55d94.jpg,1,0.9798708,0.98826885,0.984069825,1
52fb547b-6c4d-4727-9165-aacf38bbfb5b.jpg,0,0.025389994,0.25712612,0.141258057,0
2a8244b8-759d-4644-9e1a-644ee55360f1.jpg,0,0.9394352,0.052755836,0.496095518,0
9ac5cf49-3b7d-4f00-8e51-c0f925453834.jpg,0,0.7229223,0.09336033,0.408141315,0
ff94c012-28bb-437e-bd98-c14d28b9b675.jpg,1,0.9609329,0.9764095,0.9686712,1
accd6464-42b0-4089-b4b1-2a227bc1ec30.jpg,0,0.048048813,0.05388196,0.0509653865,0
a30ddf41-2135-4721-9e94-921f286bd5da.jpg,0,0.019856177,0.020812357,0.020334267,0
d78faf7a-22a6-4ee7-96fb-c001c12fe53b.jpg,0,0.019409278,0.06544275,0.042426014,0
2c5ec054-cfc7-4e4a-a570-590c9def5175.jpg,0,0.97748524,0.48404297,0.730764105,1
55bcbc6c-ff28-4790-922c-619bcf533c0d.jpg,0,0.11613495,0.021601923,0.0688684365,0
b5b804f7-ba91-4934-b745-d531c7e74f94.jpg,0,0.03533115,0.030351045,0.0328410975,0
071624e2-1eec-4837-ae59-f58d10989704.jpg,1,0.39616743,0.89345765,0.64481254,1
efb7c581-51d1-4e49-970d-4eeafc2241c4.jpg,1,0.5838392,0.64938164,0.61661042,1
0b34e898-45e1-40eb-9ae2-8416908ac4e9.jpg,0,0.06014839,0.35353324,0.206840815,0
69eaba72-5374-4429-bed9-64a7895ed70e.jpg,0,0.015348032,0.018793812,0.017070922,0
b9c1dd95-4b30-4d18-b911-5c3dc9b8e40b.jpg,1,0.66449106,0.3880503,0.52627068,1
064c63a8-4f05-4a2f-b1c2-269952a12e0e.jpg,0,0.32188734,0.018919716,0.170403528,0
b36f3dfa-7961-4f56-9c4a-1a9276a0028a.jpg,1,0.97725105,0.9215043,0.949377675,1
0d0f117c-08f4-49c6-b6c9-44c5154c7675.jpg,0,0.022890171,0.26675305,0.1448216105,0
27eea513-d8cc-45ae-be18-e0b09e8b357a.jpg,0,0.9641711,0.37083423,0.667502665,1
8f257d37-4df9-407b-8b63-2e242124bf10.jpg,1,0.9754739,0.99030036,0.9828871299999999,1
4a31028f-8c21-46b5-82a9-ac12a379af46.jpg,1,0.9395616,0.98372394,0.96164277,1
1fd5038c-67dd-4919-b48e-c13620b9c689.jpg,1,0.9512908,0.8254002,0.8883455,1
f3065fdc-8e7c-47f5-879d-8629936f0f88.jpg,1,0.9773038,0.97266227,0.9749830349999999,1
a1519f06-a24e-49b2-bade-1ce35035f16d.jpg,0,0.09071831,0.028490191,0.0596042505,0
c666786b-d9c8-4c31-b341-99985ca8b514.jpg,1,0.16273858,0.6484224,0.40558048999999996,0
07ea4643-71d1-4ff7-b38d-312909c21605.jpg,1,0.98593616,0.9431097,0.96452293,1
3d825bd6-f2c0-43e2-96df-1f6cd096b3fb.jpg,0,0.017371852,0.010957953,0.0141649025,0
6a56db2b-226d-4427-8d97-08e30434cb6e.jpg,1,0.8996267,0.8021597,0.8508932,1
a990e922-d954-4a3e-b627-1384275c0cff.jpg,0,0.023012487,0.00921421,0.0161133485,0
b3d50dff-022b-402d-a283-8ef8e921008e.jpg,0,0.60280395,0.031234002,0.317018976,0
d0fac19c-b4b1-4795-950f-df568bc79133.jpg,1,0.971461,0.92843014,0.94994557,1
a08eadf8-7a99-490e-a240-58654ffa63ce.jpg,0,0.05802991,0.1597209,0.108875405,0
3e80bb29-d3e3-46c0-bced-229dfcbccdaf.jpg,1,0.98906547,0.99006414,0.989564805,1
14df37ff-0cc5-43c5-b070-5d608e422993.jpg,0,0.02178164,0.008972007,0.015376823500000001,0
5226d232-f6f7-4aad-baa9-830d0e7a4f38.jpg,0,0.013244632,0.016557826,0.014901229,0
e7e7e1e7-f1d6-47a8-9ce5-f54a08d59275.jpg,1,0.97316766,0.9694547,0.97131118,1
60a82884-47a1-465c-ab62-e7d658584b64.jpg,1,0.96866417,0.8248508,0.896757485,1
2793a1f8-01d6-4fb5-a1b6-8186bc14d053.jpg,0,0.3334901,0.19908603,0.266288065,0
efbfc0b6-cb81-409d-8e72-5b716afd4774.jpg,0,0.87363607,0.20275567,0.53819587,1
b08ac83f-3b20-4bb3-93e1-dca24ac1f7ac.jpg,1,0.97277045,0.6312217,0.8019960749999999,1
3a232cce-bc80-467d-af40-28e0221cce24.jpg,1,0.9836125,0.9774911,0.9805518,1
dbfb330c-27fe-4fe6-a4a6-0969ab008a23.jpg,1,0.44174215,0.24163549,0.34168882,0
af85d331-3809-4cf1-84b4-7be8e891f588.jpg,0,0.03282282,0.023260035,0.0280414275,0
f779fff4-752e-4e7d-959c-5b6bc51ba8a6.jpg,0,0.95024604,0.4247423,0.68749417,1
a815d1bb-66bd-4f91-832a-7a6c0a8a3f96.jpg,1,0.9725917,0.5282054,0.75039855,1
6d0de2e7-aceb-4cc0-9236-6a5de464f202.jpg,1,0.98319024,0.9694511,0.97632067,1
de22cc8f-6328-4448-ac7c-99c7a516573e.jpg,1,0.97368497,0.98436767,0.97902632,1
3e350cd4-eae5-409c-8fce-c8245ea59820.jpg,1,0.9739148,0.97359675,0.973755775,1
62c433a2-eca8-4079-8cbf-8c094a2f8ced.jpg,0,0.15019818,0.0631408,0.10666948999999999,0
9d59552f-207d-4fe0-a586-56ae046c57b8.jpg,1,0.98160917,0.9469388,0.964273985,1
a93ff3bf-2e5b-4e6a-b0f0-57b735894a1a.jpg,0,0.16379337,0.08589368,0.124843525,0
7a97f565-689c-467d-8fcf-93c036033b2a.jpg,1,0.9591089,0.7895575,0.8743332,1
ee51efcd-fc62-48d7-8736-3bdb6dc88e08.jpg,1,0.96412414,0.9711177,0.96762092,1
c7f5622a-0dd3-49f6-adf9-91787b13feca.jpg,1,0.92906,0.8624659,0.89576295,1
683428db-899e-4506-9193-b2ec6fa50597.jpg,1,0.93265146,0.62421167,0.778431565,1
9cad7b94-c8a3-4f7f-819b-a43a8b8d8a89.jpg,0,0.008060937,0.00856607,0.0083135035,0
40febecd-eae9-4412-a660-a553481ece62.jpg,0,0.01814601,0.02227213,0.020209070000000003,0
3916ca1d-41b9-4a9d-8af0-880426f4e24c.jpg,1,0.9802611,0.97416943,0.977215265,1
f6634c45-ebb5-49c7-9578-0435bee9262b.jpg,0,0.026456518,0.021569105,0.0240128115,0
84197a4a-149e-4d1a-b0f3-52b8d386b31c.jpg,0,0.022911763,0.042574774,0.032743268500000006,0
c5bb4f59-fbb2-4f28-a027-afa67ad38c59.jpg,0,0.8085742,0.9815156,0.8950449,1
da352f28-ad4f-4a97-ae21-61bfd07c1821.jpg,0,0.96383476,0.24455304,0.6041939000000001,1
f8bdd648-8166-4720-961c-bcec383ec82b.jpg,0,0.029488295,0.018407213,0.023947754,0
5392b2ac-f78c-4bd6-b70c-4bd9aa73de1c.jpg,1,0.98413163,0.27272192,0.628426775,1
9b4232ee-2015-4f7a-a42f-c8aaf97568ab.jpg,1,0.9693401,0.983757,0.97654855,1
9573f6cd-e693-4845-8125-25cf8d3151ea.jpg,1,0.9875627,0.97124386,0.97940328,1
a5d575c1-6b7d-44b1-ae50-31d55eff1a3f.jpg,0,0.04698507,0.17030652,0.10864579499999999,0
b83fdcc2-19d8-49cc-97af-e1036753ebfa.jpg,0,0.07177702,0.07635518,0.0740661,0
4621cf4e-6c8b-491a-ac1a-1b7551669797.jpg,1,0.9396948,0.8775118,0.9086033,1
2fc6c2df-9f99-44d4-b323-0b819caa069a.jpg,1,0.9683041,0.80880594,0.88855502,1
6f57eaf6-c36c-47de-8f3b-2949927a6655.jpg,0,0.007126966,0.030970052,0.019048509,0
029bfe91-890f-453c-bfde-1519135246f0.jpg,1,0.7757403,0.9123376,0.8440389500000001,1
8fcd4448-b598-4d80-a41c-e40baa180a1f.jpg,1,0.9787307,0.9806282,0.9796794499999999,1
437b2404-753b-4a17-8997-d04a2c24606d.jpg,1,0.40507662,0.10088121,0.252978915,0
08b0d134-13b7-405f-8680-90b9dc91e726.jpg,1,0.97596765,0.9867005,0.9813340749999999,1
da43c99e-c541-4804-bf00-71037029303f.jpg,0,0.043678347,0.016639711,0.030159029,0
73a2faa1-bed6-40d4-b13f-fd8d0d01c3a4.jpg,0,0.06809038,0.052727457,0.060408918500000006,0
958a672c-a483-4344-aea7-7d013e7db750.jpg,0,0.022117628,0.044321954,0.033219791,0
009ad604-af12-4c5d-b6a6-81da359c13a1.jpg,1,0.9713042,0.87851423,0.924909215,1
297512eb-d5ba-41e9-ab81-aa0e5fb7e6d8.jpg,0,0.8717327,0.056830168,0.464281434,0
578d4001-b487-4e4c-b2c2-e58077716f5a.jpg,1,0.97654825,0.8975428,0.937045525,1
8c431643-d39c-4226-bf9f-f3c8c0188367.jpg,1,0.9714648,0.98050207,0.9759834350000001,1
ddeb9d52-4657-4b91-8a80-28af6e609181.jpg,0,0.027497722,0.005443228,0.016470475,0
833ef125-6990-4d23-b227-46fae5cd7c51.jpg,0,0.036854804,0.011235653,0.024045228499999998,0
415b82ae-e607-430a-8032-5600017c296a.jpg,0,0.02973806,0.02449281,0.027115435,0
47dfe583-1f33-401b-b2a0-4ba44276cebb.jpg,1,0.97586507,0.910332,0.9430985350000001,1
ccf76d7c-3d31-4a23-b492-e27cfd4797fd.jpg,0,0.15357345,0.122321375,0.1379474125,0
4aebc034-8c41-4233-aad7-050f66b2dc74.jpg,1,0.9653905,0.6929889,0.8291897,1
ae6fde08-3ad9-461d-8a01-62d5b74ccb19.jpg,1,0.21796632,0.32548597,0.27172614500000003,0
d00fa02b-99c7-4c20-befa-b1fa1f066df3.jpg,1,0.9104734,0.93653077,0.923502085,1
9837f622-09a4-42f8-955a-417b1d0ccce0.jpg,1,0.98688334,0.97356653,0.9802249350000001,1
3c84ba01-c487-4b73-87d1-be0fdd84b0ce.jpg,0,0.9417208,0.4966818,0.7192013,1
75f7fe36-50f6-46e4-b0d8-34b98995bbd2.jpg,0,0.74187136,0.6985726,0.72022198,1
6661400c-4cd5-4256-b090-fd5fbbdb2465.jpg,0,0.04623382,0.026729366,0.036481593,0
637c183b-7b54-4a0f-92fc-a8a48a3156c9.jpg,1,0.9850159,0.9325738,0.9587948500000001,1
b957b9e8-77c2-4a94-843b-a794b082e4b4.jpg,1,0.7249624,0.09582427,0.410393335,0
3cd08b76-728c-4bd6-b148-330a054a6eac.jpg,1,0.9807401,0.9881241,0.9844321,1
ee8cd898-8c2f-4212-b8ce-3b9008060a8e.jpg,0,0.9768427,0.45219183,0.714517265,1
7081c8c9-1bff-4f91-b442-1590d8dce20b.jpg,0,0.019182555,0.017383575,0.018283065,0
f5031f9f-3903-4f7a-88c8-36170fbb29f7.jpg,0,0.9540853,0.88739777,0.920741535,1
04701562-875b-4bd9-9870-c1591801cd0b.jpg,0,0.034830328,0.061116964,0.047973646,0
baec4786-bab2-4d2c-b809-81cc64c41203.jpg,1,0.90571094,0.7455637,0.82563732,1
4eb573dc-b203-4f9a-89e0-a6c0da0ff405.jpg,0,0.046797857,0.029280065,0.038038960999999996,0
1811e893-bd9a-45e5-8b10-9421313c200f.jpg,1,0.9466958,0.75101644,0.84885612,1
99581dfd-1587-4c25-9708-4b01505b333b.jpg,0,0.018267669,0.012250426,0.015259047500000001,0
097d5fb6-963d-44cc-88b7-cda150bae922.jpg,0,0.0518622,0.63772374,0.34479297,0
b1740bce-a1b6-4299-ac5e-4fe3a681fcb5.jpg,0,0.010017161,0.04278412,0.026400640500000003,0
c2921c9f-2c3a-4a29-8531-9f5ccccf40e9.jpg,1,0.9835275,0.8995185,0.941523,1
0ada5e07-2400-4b0b-bcf2-935eac7dfe1d.jpg,0,0.030694315,0.076008976,0.0533516455,0
755dcb11-b3fb-420d-bc14-eb96c8eb1ea4.jpg,1,0.9802394,0.7856746,0.882957,1
e60c9a2a-7b81-4688-84c0-a1d04c592751.jpg,1,0.9321809,0.45238498,0.69228294,1
12e7f55f-9f9c-4f96-8e3d-f9a68095bf0c.jpg,1,0.9783475,0.97911334,0.97873042,1
8f80d81c-85ba-4b73-9150-6de97fa18b6a.jpg,1,0.96451044,0.97812766,0.97131905,1
cd1e32b2-b76e-40fc-995a-4b838992da7c.jpg,0,0.221922,0.033696014,0.127809007,0
951962ff-502c-45a0-8a07-559f544c2a7e.jpg,1,0.9779654,0.9511817,0.96457355,1
fb78d0d7-a6fc-43ab-b44b-c51e91ac1f08.jpg,1,0.9599386,0.6730249,0.81648175,1
9a0e58f0-80ed-4582-97c4-cc99dad81d00.jpg,1,0.9509824,0.9259046,0.9384435,1
c77dc4ac-7069-4f2b-9f04-1f89ff2324da.jpg,1,0.97342116,0.9668276,0.97012438,1
70aaff91-fbd5-414d-b864-57471f716266.jpg,0,0.21583098,0.03471409,0.12527253500000002,0
874d2d77-630f-4135-8a72-2542f1c4666d.jpg,1,0.9685302,0.95698255,0.962756375,1
8afeb552-d5c7-4143-8926-882af55c0200.jpg,0,0.03833809,0.09970494,0.069021515,0
bed59144-ba98-423e-b35f-434fb91884e3.jpg,1,0.96699095,0.98914725,0.9780691,1
9b5e50f4-d106-4e21-8482-27ffdd2677a4.jpg,0,0.05135058,0.07858179,0.064966185,0
feb0c119-fdde-46ce-bd5f-9ca12e1d5476.jpg,0,0.017964458,0.024457192,0.021210825,0
1e000f4b-f938-4707-ac8c-a5a72320aeb4.jpg,1,0.9717527,0.9443757,0.9580642,1
e1b097b0-0f42-4312-bad0-1ab9ed365c8c.jpg,1,0.97469836,0.9732093,0.97395383,1
ca0e4397-91d3-4de0-b366-93c14fba0491.jpg,1,0.9730466,0.96702176,0.97003418,1
4cc5c821-ddd7-44aa-9fd5-21ce8b5b3d33.jpg,1,0.09058708,0.0997991,0.09519309000000001,0
8c6d170b-61a5-4739-a3c1-e9f805e96296.jpg,1,0.972423,0.9648811,0.96865205,1
4c397d65-7e1e-4741-b861-b2b67048a09d.jpg,1,0.97222567,0.9514825,0.961854085,1
1a3b094f-12f8-41be-95f8-3801cb5f3529.jpg,0,0.20387767,0.012547589,0.1082126295,0
da81b56c-ff42-4d57-a24e-997d2d2210a4.jpg,1,0.981421,0.98807925,0.9847501249999999,1
afe26010-6d6b-4583-93ac-c0e9a7f9c0be.jpg,0,0.008961718,0.05077831,0.029870014,0
230a4bc8-0e16-4bf7-aea8-0314a7ea993a.jpg,0,0.030307077,0.012052302,0.0211796895,0
66bca820-403e-4454-9ef6-e58e5534a8e1.jpg,1,0.97120696,0.94571525,0.958461105,1
5d245c60-27af-473b-98ff-73bbc9eb329e.jpg,1,0.89456195,0.09301775,0.49378985000000003,0
ac58b82d-fbbe-4d90-b392-fffe0e73abf4.jpg,1,0.98206526,0.9553545,0.96870988,1
f825f506-2d54-4fa0-9226-76176fe4fc97.jpg,0,0.033654317,0.08713776,0.0603960385,0
f90e1bd0-b805-4d71-8844-f0d2b9065012.jpg,1,0.96487886,0.8696113,0.91724508,1
06daeec5-c4be-4bdb-b527-ca7a4c61eff5.jpg,1,0.9815495,0.9736493,0.9775994,1
d0edd232-dceb-4b11-9089-9a3c590dff66.jpg,1,0.9763251,0.9261047,0.9512149,1
0c65f54e-6920-4c95-9c47-d715ee212e88.jpg,0,0.018557785,0.01683191,0.0176948475,0
53bd152e-1d46-4282-8902-bfbd399fc369.jpg,1,0.03526086,0.17983697,0.10754891500000001,0
4841834c-b1d4-4a56-9625-3b9213632ae3.jpg,1,0.9664088,0.96448666,0.96544773,1
10ee672f-28a4-48ba-a358-e79c83ed1041.jpg,0,0.044582635,0.03027218,0.0374274075,0
b5f68d57-2d7f-4876-b5a5-f3610dbc770d.jpg,1,0.9757464,0.98408,0.9799131999999999,1
d0ba15f9-10a5-4e03-89a3-7252a9a335dd.jpg,0,0.5668822,0.8047587,0.68582045,1
2c56f82d-92cd-4533-bbe8-5983e415cfc1.jpg,1,0.96441466,0.7228076,0.84361113,1
20e9b688-352e-41b9-9551-9f095ec168b5.jpg,0,0.1994148,0.04494797,0.122181385,0
e3b9f6a5-0138-4c17-9097-492140829e70.jpg,1,0.9759304,0.9693492,0.9726398,1
e0297a63-3254-4546-8d4a-36da6807d081.jpg,1,0.97557044,0.96346015,0.969515295,1
096c3d81-db56-4a2a-8c43-06aa94ba96a5.jpg,1,0.9763401,0.9684906,0.97241535,1
b6e38cf6-0d9d-4aa9-85b5-4f155c9242af.jpg,0,0.008791656,0.02724877,0.018020213,0
efeab5a2-01dc-47d1-81f7-9b83287c298f.jpg,0,0.040884305,0.00868919,0.0247867475,0
f91d8ba1-2b32-40d5-b971-9a52ab9110f6.jpg,1,0.9827519,0.8562748,0.91951335,1
c6204d99-bc58-475e-8e99-435297f4be67.jpg,1,0.9865985,0.90032434,0.94346142,1
30b47241-01fe-493d-a7a2-0a31e97ddab5.jpg,1,0.9535497,0.41215453,0.682852115,1
038a4373-d0fc-40ef-8c09-bc486e9e4e15.jpg,0,0.027677342,0.004124728,0.015901035,0
fd94a238-a72c-4863-8c3f-2110ecaaee2a.jpg,0,0.026323847,0.022217989,0.024270918000000002,0
c8d86cf9-8a0c-4a9c-84c6-73dc09ff8f88.jpg,1,0.7859283,0.20305161,0.49448995500000004,0
d593a3de-67e4-4f0c-8a53-d811fc9db0d1.jpg,0,0.9394369,0.7993505,0.8693937,1
92d4a379-ab90-40b2-8518-4a790b9ef0c0.jpg,0,0.0328451,0.021381779,0.027113439500000003,0
8501dfc1-170e-453e-a59f-23c5d4b9c77a.jpg,0,0.05607761,0.08280335,0.06944048,0
1aceebe5-b7a2-49f8-b0ec-f1fae7f3f097.jpg,1,0.9165392,0.90191483,0.9092270149999999,1
fbc85b9e-001c-45bf-8aa3-2de3762c3284.jpg,1,0.9857436,0.5649191,0.7753313500000001,1
7cf3703a-9295-47c2-8752-3a6e1dda135a.jpg,0,0.024283255,0.012228611,0.018255933000000002,0
66cef3a1-6ba4-4e23-adfc-656495736fcc.jpg,0,0.022600517,1.560408e-05,0.01130806054,0
6445c733-83cb-477b-9178-e0276dc3a596.jpg,1,0.91787094,0.85889894,0.88838494,1
08abebb6-035b-42e7-a463-69d1b48f99ef.jpg,1,0.93727,0.8364473,0.88685865,1
eed9247c-8223-4b9a-a385-afd2420de08d.jpg,1,0.983377,0.87873095,0.931053975,1
35df6710-ebbc-4402-9477-2838e7be485b.jpg,1,0.9792297,0.795825,0.88752735,1
1bbcf375-8b0f-4669-b8c7-b23ca53723b0.jpg,1,0.9811659,0.9803764,0.98077115,1
2e2f9eef-8010-48ee-89e1-037519cb2f13.jpg,1,0.9559985,0.9057053,0.9308519,1
896a9c45-8c9a-4013-91d9-25d6744a350a.jpg,1,0.04873255,0.028673397,0.0387029735,0
1ba9b835-8e6d-470e-a1e2-f296e7335009.jpg,0,0.02957567,0.023307472,0.026441570999999997,0
c237921d-b528-4e8f-8da5-dbbe6ed4f827.jpg,0,0.023212178,0.047615293,0.0354137355,0
8e40c4aa-0727-4bad-8a8b-dafabaa3e720.jpg,1,0.98694444,0.94227225,0.964608345,1
fa81a8e3-ae84-4e06-b0db-61467025d352.jpg,1,0.9647811,0.97666353,0.970722315,1
243c17e0-6167-4e01-a22e-e21a1e1725da.jpg,0,0.80212134,0.11138493,0.45675313500000003,0
6b523d1e-211d-4328-b006-bbe5638e7fa0.jpg,0,0.030801019,0.029400842,0.030100930499999998,0
96e3e594-f0d4-4ddf-8b42-c0d7fad64198.jpg,0,0.14776587,0.91488194,0.531323905,1
f9ae1eee-cf11-4f25-9afb-9645df3e92af.jpg,0,0.9567828,0.64465684,0.8007198200000001,1
34ed333c-6ca3-4332-9717-5c6814d2e596.jpg,1,0.7448244,0.408363,0.5765937,1
40651d16-d12d-4399-b091-1f16014d8f62.jpg,1,0.9452713,0.84175986,0.8935155800000001,1
34753c3f-3b77-4f6b-9b18-94b150aeec0f.jpg,0,0.24063367,0.10285605,0.17174486,0
7b234d27-5564-40ca-8855-a5b6054906ec.jpg,0,0.707627,0.28905728,0.49834214,0
0bb1f24c-7abe-47ff-a99d-3bbc17996c34.jpg,0,0.022753501,0.021437196,0.0220953485,0
69bed401-6f1b-42c6-93b4-4bdaf487356d.jpg,1,0.98692185,0.9257548,0.9563383249999999,1
4e2fefd5-4bd9-4f27-9ca3-fa821c18e059.jpg,0,0.8821843,0.8431919,0.8626881,1
b38657d1-9617-4871-b6fc-ecf73161e6ff.jpg,1,0.9466048,0.2765447,0.61157475,1
d83aea2b-d606-4368-8d3b-cf76f8ded5ad.jpg,0,0.021652386,0.019719059,0.0206857225,0
2b58fa60-750b-4333-b998-9e1ed19dcf02.jpg,0,0.040540956,0.014583211,0.0275620835,0
228bf655-fb0b-4016-9480-3712c28a6bd5.jpg,1,0.97506905,0.9832348,0.979151925,1
f37ba9bc-d496-4049-82c0-1c8b156faae4.jpg,1,0.71389604,0.3737794,0.54383772,1
898ff366-d34b-4663-b53f-472a04f61c22.jpg,1,0.9698048,0.8775683,0.92368655,1
ff0aebe9-3918-4378-ad9a-474ec0ca21b8.jpg,0,0.8455549,0.2701366,0.55784575,1
08250e39-cf86-4c47-811e-daa8447c12a4.jpg,1,0.98136836,0.9891769,0.9852726300000001,1
31afc627-82b6-4cd3-8469-af9e1d0d3525.jpg,1,0.9641876,0.8276021,0.89589485,1
7fae99ec-d934-47d0-9bc1-52f4cc868e28.jpg,1,0.97678065,0.8521669,0.914473775,1
2b823f2f-0cc5-4bb8-a0e4-ae611e693812.jpg,1,0.9826005,0.9437569,0.9631787,1
70711c46-9cf5-4aab-851a-9304653cea4c.jpg,0,0.05082871,0.0071295253,0.02897911765,0
b4fe48c6-8b2a-4782-84c0-85af96b4baf2.jpg,1,0.9691081,0.8708859,0.919997,1
e223e1e2-7184-4479-88d2-a0e323c7513e.jpg,0,0.029065356,0.022063678,0.025564517000000002,0
5d5753d0-3722-4d27-9c41-9bf92fccab9a.jpg,1,0.972084,0.74965763,0.860870815,1
e51a4773-8cb3-4f62-b292-cdd8df76c916.jpg,1,0.9643297,0.14387916,0.55410443,1
8f23c257-e180-4e7f-a3a7-69500af68789.jpg,0,0.02669441,0.023383826,0.025039118,0
34c3f705-0495-4a9a-b1b7-c78a678bbefc.jpg,0,0.015210915,0.14267826,0.0789445875,0
3e202a79-c2d8-436a-96e0-4a2d8e807336.jpg,0,0.033182245,0.04345861,0.038320427500000004,0
3f1f87a4-d434-4c02-8e38-c8fef5c8d161.jpg,1,0.96942824,0.92454857,0.946988405,1
0a108293-305d-4e42-afe6-3f6a4821f9e4.jpg,1,0.9590654,0.9556431,0.95735425,1
ac9b40f5-aab6-4560-ad6b-a904c8bea476.jpg,1,0.764451,0.5752391,0.6698450499999999,1
359b873f-0e19-461a-9f53-b845f6564ac6.jpg,1,0.98324484,0.9631923,0.97321857,1
a5edf389-b2de-4c15-891d-c347858cde71.jpg,0,0.016769627,0.06423699,0.040503308499999995,0
eef60200-126f-449b-9342-916729ad4d95.jpg,0,0.017289206,0.05371064,0.035499923,0
37e950db-68f4-438f-aa7c-8c28d7c7d330.jpg,0,0.28050908,0.099297784,0.189903432,0
ab88e607-425e-47fc-9e1e-91f9f4069f22.jpg,1,0.8652365,0.6475554,0.7563959499999999,1
d7f98ec8-334a-42a9-b8a3-f87ec67d28f9.jpg,1,0.9693806,0.88721853,0.928299565,1
83091c6b-ae2b-4e65-a532-8d9cff2426c0.jpg,1,0.9747281,0.9691741,0.9719511000000001,1
47915883-fb52-4df9-bd3e-86ab79f60757.jpg,0,0.015794614,0.024739906,0.02026726,0
f2d8eef3-5d23-450e-8a60-a1667115dd9d.jpg,0,0.505698,0.06428412,0.28499105999999996,0
05cc39eb-11e7-42c5-980d-dfbdf0166612.jpg,1,0.18791234,0.9422439,0.56507812,1
eef9570a-1a00-4231-950e-659112682ce6.jpg,0,0.025593663,0.012493509,0.019043586,0
9162aad0-6852-4333-8642-0fc3ab540273.jpg,1,0.9812477,0.9771364,0.97919205,1
51340ff6-5e68-4d4e-af4e-a3049eb7ede0.jpg,1,0.9851821,0.89865285,0.9419174749999999,1
f4092b66-72b6-4fca-af2f-f4e17abaa7aa.jpg,0,0.079330884,0.021477891,0.0504043875,0
374a2174-0509-4bd1-a3eb-ee69d6466b26.jpg,1,0.5051325,0.0351013,0.2701169,0
cecb3c89-1926-44e7-bbe0-ae3be70ba1ee.jpg,0,0.035692338,0.023707895,0.0297001165,0
bd956009-3948-4a2b-a0bc-6544642e173e.jpg,1,0.97836334,0.9826868,0.98052507,1
16af03e8-d720-4873-a9c3-198537938530.jpg,1,0.37394273,0.19896752,0.28645512500000003,0
ee73a893-1c1e-457f-a69b-a523139df120.jpg,0,0.021190869,0.012790381,0.016990625000000002,0
b4c0414e-6842-4105-9a30-b2eb615692a1.jpg,0,0.56368756,0.5335825,0.54863503,1
cc8bdb7d-d040-4635-bd93-e59799bd62d0.jpg,0,0.03317142,0.034481253,0.0338263365,0
88b40ee6-11f0-4112-9b2f-12766be94c07.jpg,0,0.020517906,0.07415019,0.047334048000000004,0
d1281edf-eafd-4333-8113-e2827b1670cd.jpg,0,0.89068395,0.35976887,0.62522641,1
930e8552-7b7e-4e19-8df6-a4387b49d5f4.jpg,0,0.2379707,0.7920475,0.5150091,1
6dc51147-2834-4b36-8249-752ca6e833d1.jpg,1,0.9835422,0.89304656,0.9382943800000001,1
bc2362f4-bd4b-4eff-97cc-1c403f22992c.jpg,0,0.12714137,0.058402,0.092771685,0
a74c65b7-ad8c-428f-859f-5b0eca316826.jpg,1,0.9761858,0.9832568,0.9797213,1
9dc557ea-bc9b-469e-af7c-85c1c56f36f1.jpg,0,0.032727618,0.074289896,0.053508757,0
43128640-08bf-4ebd-ac61-c34a2d99b82b.jpg,1,0.9741449,0.9893716,0.9817582499999999,1
110eac19-4034-4164-b44d-36d259477365.jpg,1,0.98357016,0.9834598,0.98351498,1
77e12b13-72a4-4112-a7d4-418c268c4918.jpg,0,0.03001873,0.02038007,0.0251994,0
5e3e1311-a71e-4793-8aac-4b2b7834450e.jpg,0,0.05090949,0.022827081,0.0368682855,0
4be76de1-ccb1-45b1-be9a-5b98d1cd83c9.jpg,0,0.10549533,0.13240822,0.118951775,0
f94a4f5a-8eb9-40d7-8ec7-316796bac7d2.jpg,0,0.06481439,0.026728222,0.045771306,0
744686d9-2714-49bf-9e59-839b529f44e8.jpg,0,0.015404555,0.24016722,0.1277858875,0
00f024f9-bd51-4d5d-aa23-c0033e7f8d15.jpg,0,0.05956836,0.036217924,0.047893142,0
b82a4e0b-84e1-4869-9a01-6f914c05d773.jpg,1,0.7422219,0.6637027,0.7029623,1
93b458a1-4274-4e6f-bb13-1b6df17c712b.jpg,1,0.9663252,0.56205195,0.7641885749999999,1
aa339c66-e666-45c3-bd41-f33e203af372.jpg,0,0.302536,0.02933546,0.16593573,0
6261fc95-d731-4268-b666-f47b7e17b918.jpg,0,0.01176171,0.013158639,0.0124601745,0
9bf00f89-98ca-4b87-b40c-5a8631f57088.jpg,0,0.013021049,0.02205541,0.017538229500000002,0
0d78d2fb-d3df-4964-b51f-81fb3c985d25.jpg,0,0.019699099,0.011557876,0.0156284875,0
035edac5-b850-4ef2-bb69-27606618783f.jpg,1,0.9887032,0.9165354,0.9526193000000001,1
2e8feb1d-3382-4b64-bd57-2c740739edef.jpg,0,0.026502242,0.017142778,0.02182251,0
81646616-7ff2-490a-b5a8-3221a07ab952.jpg,0,0.029363366,0.016702047,0.0230327065,0
2aac16e2-7072-43f6-a16d-6d9902bccf76.jpg,0,0.7892368,0.118535526,0.45388616299999995,0
5e1e8522-e65d-46a6-b2b1-6acb39322ef3.jpg,1,0.9725701,0.9682738,0.97042195,1
5f6d96b0-2aa7-4448-98cc-d0fa8ca2490e.jpg,0,0.06705427,0.004752735,0.0359035025,0
a25a3d58-c1d6-4b7b-bfce-eca4b7949e4d.jpg,0,0.81233996,0.24282432,0.52758214,1
f8d66bd5-dc3b-476a-b85e-2c65290a3621.jpg,1,0.9798811,0.97501725,0.977449175,1
2206d878-ac24-42ff-a35f-661e8c60d05e.jpg,0,0.020050779,0.007385692,0.0137182355,0
8542fe45-11c4-46f7-ace6-729445bd4721.jpg,0,0.42626104,0.44350886,0.43488495,0
ac327e50-5d07-416b-938f-59bfc33e2319.jpg,0,0.048933152,0.034540307,0.0417367295,0
06ba13c1-cef7-4f1e-9855-0dac4a47b77b.jpg,0,0.32960826,0.048924435,0.1892663475,0
ca58888c-8cbc-4814-87ce-d16eb557f090.jpg,0,0.014953598,0.0058631464,0.0104083722,0
0f36199b-71fb-492f-8934-e98eca88035e.jpg,1,0.98049235,0.9778959,0.979194125,1
c5ed4004-61ad-4bd2-8efe-6a034d3854ea.jpg,1,0.98505855,0.96941465,0.9772366,1
8a105d5c-05be-41f1-b74b-416af1d7bfe0.jpg,0,0.036380354,0.04308881,0.039734582,0
ade7d380-30a7-4735-b80d-3eca4779df09.jpg,0,0.020099044,0.013100297,0.0165996705,0
32732dea-4840-4486-be68-7706f75dc63d.jpg,0,0.15662801,0.27589926,0.216263635,0
8002f5d5-9aa4-4ba3-9cef-386fab6dcd0d.jpg,1,0.95201117,0.7461845,0.849097835,1
afbec110-fcfb-4deb-ae9d-64b516b60b34.jpg,1,0.97818345,0.95898086,0.968582155,1
651b63c7-f7ff-4457-b229-5c6f6066ced1.jpg,1,0.9674111,0.9869011,0.9771561,1
c2a8cb0d-fc14-496a-b354-a89c3bea7177.jpg,1,0.96430254,0.9790471,0.97167482,1
d493106b-2755-4391-8fcd-5ddd054d78df.jpg,0,0.9689825,0.9489043,0.9589434,1
0ccc4aaa-4b1a-4461-b46a-62f59cd37fe3.jpg,0,0.029084312,0.013495418,0.021289865,0
e4c8c097-8de8-4f47-9888-d1cb61951d3a.jpg,0,0.028800795,0.5050745,0.2669376475,0
89d6caeb-48a2-4fab-aef5-acd9b5566ba1.jpg,1,0.9662314,0.9578909,0.96206115,1
173b808e-be74-4211-a1e5-a60780c3d58d.jpg,0,0.019008737,0.019801965,0.019405351,0
09b42fc5-0526-46fb-9268-75429da8063a.jpg,1,0.13510042,0.107586145,0.1213432825,0
c5692e43-7bfe-4a54-b2f2-205dedac070b.jpg,1,0.9752931,0.9726941,0.9739936,1
cf6b84e6-3025-41da-b686-4e5f0c184682.jpg,1,0.920806,0.71720046,0.8190032300000001,1
652af332-1428-4d9b-a926-0289645ccf6d.jpg,0,0.04825188,0.02207201,0.035161945,0
b67dd212-16b8-4877-8c81-f47e1c5c7448.jpg,0,0.09346349,0.03463668,0.064050085,0
3dbb7478-da3a-4f7b-aa1d-1fc848c538b5.jpg,0,0.032310672,0.0069955587,0.01965311535,0
2c3fff98-092d-4107-aeb7-af504544a47f.jpg,0,0.8006563,0.97716933,0.888912815,1
d72654ba-3dbc-4b01-876f-9862dd7ef209.jpg,1,0.977001,0.97306234,0.97503167,1
4081af66-a2c4-4cab-a187-bd702cd5b4cb.jpg,1,0.9832093,0.92111963,0.952164465,1
64d122a6-968f-4e70-91cf-9c4089791eb9.jpg,0,0.84993505,0.07091508,0.460425065,0
0fcb27f5-b227-4d1a-a637-81f4ae34d9a6.jpg,0,0.018900707,0.02810284,0.0235017735,0
35b13a34-0775-4657-bc48-bc314d1a5f9f.jpg,0,0.2592264,0.038625468,0.148925934,0
3594335f-30cb-4f5b-b64f-232d0efa7eb7.jpg,1,0.014377381,0.024706563,0.019541972,0
a54c9df8-1335-4984-8a87-1448496b3ce6.jpg,0,0.70409614,0.824205,0.76415057,1
90f4d699-90a7-45d0-b09a-a9bbb57a34fd.jpg,0,0.02631075,0.029486224,0.027898487,0
b4917416-2a8a-4479-b776-30a0bae3d319.jpg,0,0.016378378,0.017477095,0.0169277365,0
ee86132e-3534-4385-981b-2fbd34c8b44c.jpg,1,0.9759259,0.46574542,0.72083566,1
b9a0c4c0-e228-48f6-8509-3593c652f00c.jpg,1,0.9714014,0.9708562,0.9711288,1
8ff4f26d-bbd0-4344-b5c6-139a2c5a7c02.jpg,0,0.021332594,0.010535871,0.0159342325,0
2f5206ad-1905-44bc-b345-00543d868fc8.jpg,0,0.018417321,0.021249572,0.0198334465,0
e5e0f6ce-793e-4674-999e-f688fc29b8f2.jpg,1,0.97566795,0.996131,0.985899475,1
bd3ee2a8-118d-4e16-ab27-64b8124e61d0.jpg,1,0.97815657,0.98121953,0.97968805,1
b372f59f-7f5d-4f03-908e-2d8100dd5e07.jpg,1,0.93359786,0.8682932,0.90094553,1
4b653853-dc42-4bf4-8e5f-62fc5c096517.jpg,0,0.01847432,0.0080129495,0.01324363475,0
5dfebc72-719e-40f9-8111-fa5bd6d08d1c.jpg,1,0.97889024,0.9802186,0.97955442,1
66f665e3-6cff-4b13-852a-f1604cfad947.jpg,0,0.035070453,0.021098247,0.02808435,0
90ee4700-b840-4a86-856e-862f1fc6e867.jpg,0,0.5549234,0.2884391,0.42168125,0
26ff1506-1a86-4074-a4b8-8cfa2143d1bd.jpg,1,0.9673014,0.854405,0.9108532,1
5171095b-ac76-4a95-bbc5-2a0c38e0f75f.jpg,1,0.9735642,0.5553294,0.7644468,1
6ced7068-3722-4e0e-876e-32d94ce1f2ef.jpg,0,0.23566,0.032718766,0.134189383,0
167d67d7-3640-45de-911d-d937c9527d31.jpg,1,0.98001957,0.9612851,0.970652335,1
87ca244d-efd4-41ee-a7f0-c82b0796ed15.jpg,0,0.0275367,0.017266028,0.022401364,0
ae395782-2ec3-405e-b0b7-52328ce98e4c.jpg,1,0.062203396,0.045627024,0.053915210000000005,0
85653f5e-f416-4bcb-87f5-597abe6167c6.jpg,0,0.14636326,0.0068050125,0.07658413625,0
c9c8dbdf-0c94-4015-a3ae-3a8d5f55fb20.jpg,0,0.26366076,0.023412278,0.143536519,0
6c3ea3b7-1e70-41c3-82e7-b09c3ffe5b76.jpg,0,0.026312085,0.023608074,0.0249600795,0
a7c40783-1570-450e-b751-a06efddb10ad.jpg,0,0.4426243,0.771954,0.60728915,1
084f192b-4405-478c-a414-485662bfd86a.jpg,1,0.97865266,0.9645043,0.97157848,1
9255b756-dc1e-4154-949b-07caa12164c7.jpg,1,0.97474957,0.9896191,0.9821843349999999,1
ee0bb327-f5c1-4e92-9641-1e0d4126890a.jpg,1,0.9347976,0.8961804,0.915489,1
a31ecc03-3ef8-467e-84f4-f9c2f3954311.jpg,1,0.90305465,0.34343147,0.62324306,1
ae394945-bed7-44f4-9037-113260be65b3.jpg,1,0.6169591,0.9487291,0.7828440999999999,1
06a09fbc-94be-404a-8843-0fb20d24b98f.jpg,0,0.019846916,0.028911417,0.0243791665,0
5410e667-3fae-4b1f-b985-2470939812f5.jpg,1,0.9795203,0.97386473,0.976692515,1
04dfca3a-0d98-449e-b5d7-f986608ba76e.jpg,1,0.92454386,0.46425453,0.694399195,1
6fcea86f-990e-414b-a7f7-c617fadf03db.jpg,0,0.022615349,0.012862314,0.0177388315,0
a93e3562-8761-41c0-987d-05ef2bbfa3b1.jpg,1,0.96271896,0.7603178,0.86151838,1
09370803-0887-4111-be36-90e4272b40d3.jpg,0,0.057175178,0.00433762,0.030756399,0
c4f81136-8814-4fae-b9c5-32d7ca7ace57.jpg,1,0.9752446,0.9704183,0.9728314499999999,1
ddc6c28a-a7fb-45fc-ba8b-fe36295ca234.jpg,1,0.9737003,0.9155124,0.9446063499999999,1
34371f09-6ee3-400c-a43e-913eeb87c252.jpg,1,0.98137146,0.9465545,0.96396298,1
df8b659f-d9e1-40dd-94e1-0941ebc272f3.jpg,0,0.962904,0.35115758,0.65703079,1
b1761b1a-f2e5-4980-8079-22920042f36e.jpg,0,0.02647037,0.017661946,0.022066158000000002,0
f8b9d039-4888-4102-ab68-38b4fb4b1d45.jpg,1,0.98205477,0.9668309,0.9744428350000001,1
2fafaf41-fa37-40e5-919e-b4e536341d74.jpg,1,0.9773636,0.9580292,0.9676964,1
d9729724-5fee-4eb3-8e3f-7df1ae18528a.jpg,1,0.9775992,0.883729,0.9306641,1
ae96cb2a-528f-4a5c-a00b-2621430aa9cf.jpg,1,0.83637923,0.88219315,0.85928619,1
4b26813a-daf5-440d-9f98-ae44d52e4c35.jpg,0,0.029726408,0.6392493,0.33448785400000003,0
5d9852bc-bada-40e8-8f67-39013421abab.jpg,1,0.97768515,0.8814737,0.929579425,1
fc611763-2371-433a-aa8f-182ccc0ada94.jpg,1,0.9803414,0.9110127,0.94567705,1
9914a16b-4920-4bc8-a8dd-6df9cb9f5d1f.jpg,1,0.014517029,0.11893961,0.0667283195,0
d0e5ee4b-e7c4-4e6f-ae28-821e6c9a777d.jpg,0,0.021521052,0.01578178,0.018651415999999997,0
6b1ceb40-64e0-4d99-9494-c60a7fd13e13.jpg,0,0.095290184,0.010364426,0.052827305,0
952a4d84-3d0b-46aa-a368-18dce6879a51.jpg,1,0.97902375,0.9903273,0.984675525,1
2711c4f0-afc2-405a-bcaf-88e436ed5609.jpg,0,0.2674779,0.098969184,0.183223542,0
63c53ffa-55c6-41e2-ac41-f8b03ae5d92e.jpg,0,0.028947592,0.023289816,0.026118704,0
b9ad1fde-366b-4260-8628-72ebe9c77130.jpg,0,0.04388501,0.031746928,0.037815969000000005,0
346a60c0-3ad8-459d-b17d-db2f32260435.jpg,1,0.986399,0.9794691,0.98293405,1
da53147d-864f-4f98-9184-1d1b1ce4e95a.jpg,1,0.97844845,0.96862143,0.97353494,1
96358e99-3fc4-40d9-854a-fd51c46cd9a7.jpg,0,0.045019586,0.061521996,0.053270791,0
8587224c-ecbc-4c83-b107-0d2f490f34eb.jpg,1,0.9646929,0.90243334,0.93356312,1
17065028-68bf-492b-962c-d5473d699b26.jpg,1,0.9738529,0.966269,0.97006095,1
5c061076-9662-4abf-93ee-76cbbc67ac66.jpg,1,0.60730624,0.59219015,0.599748195,1
d3ab15ff-200f-47a7-97b4-2fa243c64ccd.jpg,1,0.27702785,0.023959802,0.150493826,0
4b657be9-d784-4267-9baa-82228aabbf05.jpg,0,0.022522578,0.046947587,0.0347350825,0
d9b5c440-9dc4-4a94-9170-711b8c0e2af7.jpg,0,0.015483665,0.019036368,0.017260016500000003,0
7ba77aba-3de8-4820-b029-7d3bf2f2d602.jpg,1,0.936256,0.83160734,0.88393167,1
62877dda-207b-4d0e-8b02-fdd16fac7cfc.jpg,1,0.98559254,0.9837987,0.98469562,1
d5de9d99-6fbc-4b34-a475-d002dc678a0a.jpg,1,0.9730797,0.9827852,0.97793245,1
836d31e1-fc27-4e21-9406-c4353b3bc461.jpg,1,0.058240753,0.08708557,0.0726631615,0
f19d0877-0947-493a-bc30-f5179db71539.jpg,1,0.95419097,0.4578537,0.706022335,1
8d52d84c-065a-4a29-99d3-cc903b1db5f0.jpg,0,0.04702383,0.106611945,0.0768178875,0
4c2c5383-043d-4d96-b33a-1dec91761633.jpg,1,0.24172269,0.14459325,0.19315797,0
17ed8904-8f17-49c9-b716-1a8bdd30e518.jpg,0,0.022886515,0.029498965,0.02619274,0
fba50ac3-fdd6-42b4-8e24-7a6f21c11ff6.jpg,1,0.9863081,0.83513457,0.9107213350000001,1
0cae5a50-52aa-4dce-b677-9a74bc9fc35d.jpg,1,0.9748786,0.88962483,0.932251715,1
94d64bfc-2c20-442d-ba86-818f2c37216c.jpg,1,0.942677,0.9305213,0.9365991499999999,1
6628aabd-ab31-4108-8ae3-3bc8cb1ec1f1.jpg,1,0.9795266,0.9485224,0.9640245000000001,1
6bd3357a-4fcd-4dac-a71a-1eae26993048.jpg,1,0.97932297,0.978796,0.9790594850000001,1
e1837d54-2f9a-4599-8144-6af651999bf7.jpg,0,0.017705403,0.023961052,0.020833227500000003,0
f07b804e-be23-4f96-9b91-ce6827d00750.jpg,0,0.026109496,0.027623931,0.0268667135,0
a7091e90-34f1-4a29-b990-36da16396d51.jpg,0,0.024044907,0.054570112,0.0393075095,0
366320e1-1a93-461d-845b-02b6c0c513ea.jpg,0,0.05169202,0.069396354,0.060544187,0
6e0edbe9-3af0-4d09-826a-9e0b57499fa1.jpg,1,0.5711747,0.36530212,0.46823841,0
16bdfdd4-2009-406d-94ab-d8c1b1917f20.jpg,0,0.39764372,0.24986577,0.323754745,0
047b1662-0e14-47d0-9d19-5d048bcd4c77.jpg,1,0.9353519,0.7562247,0.8457882999999999,1
0a41b788-175b-4459-b45a-79be03ba5498.jpg,1,0.95211667,0.8405859,0.8963512849999999,1
772ab9b1-9b0a-4d74-97b1-fe28b7ea52af.jpg,1,0.97869223,0.98995066,0.984321445,1
e49b75cb-36aa-4ef9-9e17-ae39f1c3a54d.jpg,1,0.9610512,0.93666893,0.948860065,1
f8de0ebd-a6c9-4b89-9742-9c8c05f7251a.jpg,1,0.986053,0.9904952,0.9882740999999999,1
27d10ddc-de47-4cf3-a220-2b69445fe804.jpg,0,0.9795887,0.30018392,0.63988631,1
99136946-5c15-4596-9b8c-6cdab19520b0.jpg,0,0.028406704,0.01118496,0.019795832,0
195a4c9d-27a5-4812-b6b1-e255fd8972ab.jpg,1,0.036592137,0.284982,0.16078706850000002,0
a3627973-6fa2-4329-ba1b-719a8e91d506.jpg,0,0.31860542,0.94957715,0.634091285,1
d55a3aa4-c4ef-4440-9f13-435145c29e73.jpg,1,0.950783,0.98766226,0.96922263,1
2eed83a3-8309-441c-bba6-12c1b6986ee2.jpg,1,0.982075,0.9597562,0.9709156,1
47dcb63f-0a87-4810-807b-b66169af9bc9.jpg,1,0.5059471,0.4661475,0.48604729999999996,0
5f228fcf-96df-4b03-83e6-5ee5414b5bfd.jpg,0,0.03767133,0.052435488,0.045053409,0
67bc85d5-767c-485d-823f-959fe06740b6.jpg,1,0.96451116,0.5343756,0.74944338,1
15cf3b1b-f4e6-4828-bf39-9315a288ba2b.jpg,1,0.95326346,0.79047793,0.8718706949999999,1
9a71f886-8bc8-41b8-923e-9ca472b2df81.jpg,0,0.045390755,0.24418156,0.14478615749999998,0
7dce1d40-bad4-4acd-8211-f421108d7f30.jpg,1,0.8070502,0.9486022,0.8778262,1
cd0aa8e8-d2d4-46b7-89c5-9cf93481f87e.jpg,0,0.05510363,0.06903668,0.062070155,0
fe2a7199-db89-490c-97f3-5396470e85ed.jpg,0,0.013392772,0.007744795,0.0105687835,0
fda280bb-21d2-4c57-a553-4482f02e192e.jpg,0,0.026105063,0.013182987,0.019644025000000002,0
81464619-8d58-40dd-a197-7c7e955b8311.jpg,0,0.030823484,0.021766862,0.026295173,0
9d24389e-8d76-4fb9-bab4-6a61ee51c2ce.jpg,1,0.93430215,0.8791375,0.906719825,1
8420b118-3800-463b-bda2-7cbe132585ff.jpg,0,0.025512474,0.017893625,0.021703049500000002,0
28297be0-12c2-4592-a26a-034f47a0ffaf.jpg,0,0.017064614,0.00026880833,0.008666711164999999,0
c143c66c-73be-4c04-8f3d-7fb515dd000f.jpg,1,0.98736376,0.92784023,0.9576019950000001,1
d59a4e88-6654-402f-92f4-e47a63b17e75.jpg,0,0.05571152,0.06719979,0.061455655,0
9a3e78bf-a973-48cf-8136-c3d53b46ad62.jpg,1,0.9807005,0.95060635,0.965653425,1
5c8d0f5f-747d-44c3-bc6e-aaeadfaed524.jpg,0,0.018044742,0.011872497,0.014958619499999999,0
53c3c662-6622-4aba-92b4-6c688919ee4f.jpg,1,0.9715357,0.94745666,0.9594961799999999,1
606dbe5d-718b-40af-8a3a-0d8933f9f1ef.jpg,0,0.024061473,0.022139216,0.0231003445,0
2dbc8c0e-91f3-411e-b96d-23d22bd1ed2e.jpg,1,0.9740705,0.8253715,0.899721,1
d37c78a4-4650-4e18-be06-6d0099eb990f.jpg,0,0.0037461512,0.16866209,0.08620412059999999,0
f3a621ef-78ee-4a60-a603-eb1c42e1748d.jpg,0,0.016636603,0.010724104,0.013680353499999999,0
afa80b5f-e11e-4d79-8ff6-28c7914e3180.jpg,1,0.4750434,0.8965473,0.68579535,1
4643e481-250b-40c2-8517-970939c6c8be.jpg,0,0.023833225,0.007294724,0.0155639745,0
e3ba79ef-1aa8-410b-8e19-ccd51839c835.jpg,1,0.96229357,0.62484986,0.793571715,1
5c187071-3ce8-4ac6-9c2e-44e4af3d0010.jpg,0,0.29351303,0.3200722,0.306792615,0
de06c44d-608e-4eca-baa6-d451d6bbe869.jpg,1,0.95254725,0.7394133,0.8459802750000001,1
e885965f-438e-4411-8d60-c812651566a7.jpg,1,0.9750223,0.9344675,0.9547449,1
4326ca5c-007e-4353-9ef1-2b656de7892a.jpg,0,0.074536435,0.044421703,0.059479068999999996,0
da8b2ad2-1de9-448a-b0a4-1778400b2954.jpg,0,0.065490514,0.22058678,0.14303864700000002,0
2c452cbf-5128-4725-bf39-8cc5558ef9e0.jpg,1,0.030749723,0.09223374,0.061491731499999994,0
55a6905f-c3ab-4e3d-9cd2-9774d0b007e4.jpg,1,0.97425777,0.88516855,0.92971316,1
cf22292f-2a74-4ca2-99a4-1f5b2882ca2e.jpg,1,0.9674911,0.9354541,0.9514726,1
12e94576-c779-4d8b-ad26-703d42f52fd3.jpg,0,0.009688822,0.044609055,0.0271489385,0
7079fa43-7bae-4431-923c-ed5e858d474f.jpg,0,0.017222915,0.008727604,0.0129752595,0
18052707-637a-45fe-a89f-7965ab42293f.jpg,1,0.5630557,0.91996217,0.741508935,1
fba4c7a3-0180-4fc4-821d-f548ff75727c.jpg,0,0.13926472,0.0059471517,0.07260593585,0
0d135ce0-5b16-4591-962d-39f04c81febc.jpg,0,0.035516363,0.022049308,0.0287828355,0
6059a6d5-d19f-40be-a48b-ecfdc1adc581.jpg,1,0.97163373,0.8583624,0.914998065,1
d9125698-469c-4f65-80ac-b01ae38e968c.jpg,0,0.019005442,0.023708753,0.021357097499999998,0
425713c3-df7a-4b7f-916e-9280f580f8ba.jpg,0,0.028915508,0.012439936,0.020677722,0
e086d046-f47a-45ee-aca5-f14b6c46d2fc.jpg,0,0.43276432,0.09808111,0.265422715,0
0920ed18-bb68-4654-89c9-2e12880e2878.jpg,1,0.9733002,0.8689978,0.921149,1
7ef36649-fd54-4efe-8db9-f331b2bfc634.jpg,0,0.012096056,0.0054264576,0.0087612568,0
8223b921-8105-44b8-9585-9270ce336eec.jpg,1,0.95926875,0.90870124,0.933984995,1
1ff417d5-2656-42cd-9a7e-3caa30efe4b2.jpg,1,0.9061642,0.11109799,0.508631095,1
4774c674-e547-41f4-92b2-ebefacb99b25.jpg,1,0.9800684,0.61313003,0.796599215,1
37079e07-ab90-4d0d-9282-6ca863c3efc9.jpg,1,0.12700672,0.05729563,0.092151175,0
41ec3b52-3759-42a6-8917-c13739458ebd.jpg,1,0.9733737,0.9556106,0.96449215,1
7c9eca78-79d8-46ec-804e-9b16aa967fd8.jpg,1,0.92110616,0.91788894,0.91949755,1
13b67936-78f6-4276-9f45-86c66d85bf6c.jpg,1,0.9705085,0.9885451,0.9795267999999999,1
332e1a7f-07c2-40d8-be79-61868122ab0f.jpg,0,0.91696495,0.6972344,0.807099675,1
fea4e505-3265-4279-a1b0-28e198ff1ac7.jpg,1,0.4563233,0.95530397,0.7058136349999999,1
28b262e5-74ed-4a11-a197-764cad6e6fe3.jpg,1,0.95461035,0.7618212,0.858215775,1
7accfe0d-cc9d-4faf-8338-14d6a403cbe1.jpg,1,0.6090203,0.12526833,0.367144315,0
4344730b-852a-4b6f-b0fd-069a6e9a6b9a.jpg,0,0.020434653,0.016656449,0.018545551,0
9892d493-3eb6-430d-b012-bf333417f1e5.jpg,1,0.98471904,0.9598019,0.9722604699999999,1
14a8948f-0edf-4ec0-aa5d-b6ef54fe25aa.jpg,1,0.71637756,0.51689863,0.616638095,1
f94cdcdd-a281-414e-b303-05acd3f212cb.jpg,1,0.9765871,0.97646135,0.976524225,1
33432581-3151-4cf7-afed-59497988c3e0.jpg,0,0.4946847,0.5756959,0.5351903,1
4f725192-ebd0-4fa1-91d9-0336f69500b6.jpg,0,0.74701065,0.72989947,0.7384550599999999,1
9286e8c6-f511-48c0-8880-dd64869f72de.jpg,1,0.9473238,0.92440534,0.93586457,1
9be1bc51-d15d-4333-89ba-aa128f1373e2.jpg,1,0.9913859,0.882895,0.93714045,1
ae00b317-df0b-4a6b-b616-78a006857851.jpg,0,0.109469526,0.4254264,0.267447963,0
a332dde9-8a7a-446a-a04d-f614514cf7f3.jpg,1,0.9774465,0.9611072,0.96927685,1
842e17f6-901b-45e8-8069-e5be5289549a.jpg,0,0.7546623,0.48143148,0.61804689,1
4449c4da-b87c-494e-a0cd-5e2a0a45c73f.jpg,1,0.98267823,0.9775024,0.980090315,1
5b331362-9ff7-48f3-a9fb-baf323faea44.jpg,0,0.90167123,0.8476029,0.874637065,1
8cd1aa32-518d-4eec-93fc-5dcd81bc4837.jpg,0,0.67446333,0.43616882,0.555316075,1
d1a8719b-6d32-4177-8b81-311e9658c85b.jpg,0,0.029291177,0.3528967,0.1910939385,0
fb2691ac-30fe-4872-998a-ad00ec8b2ce8.jpg,0,0.038769618,0.014627102,0.026698359999999997,0
bef8c0d4-2686-46bf-9c05-1e4204445665.jpg,1,0.9815667,0.93427795,0.957922325,1
8df964e7-fc2b-49e8-9c64-4673faececb6.jpg,0,0.46461025,0.03133756,0.247973905,0
4c3b7608-b88d-482f-8bee-5801a6d944ac.jpg,1,0.7156787,0.25131556,0.48349713,0
787aeebe-43d2-474f-a583-7c69c79f7e9c.jpg,0,0.13893686,0.072760336,0.10584859799999999,0
9039edc5-6de1-4385-8ff1-db754c61f55f.jpg,0,0.007705815,0.075576216,0.0416410155,0
a6246e08-3c2c-4ea3-870e-986199693d7e.jpg,1,0.9762196,0.9495947,0.9629071499999999,1
13c5d8cd-ca26-4b07-8e0d-9308e4f46390.jpg,0,0.038111895,0.13145827,0.0847850825,0
f13e9c5f-1b91-4d8e-bfdb-f2ec5edfc67e.jpg,1,0.96398205,0.82396674,0.8939743950000001,1
8762b472-30e7-4121-ba78-a99ef748ca03.jpg,0,0.024179658,0.02835399,0.026266824,0
731ca5ac-ca3b-49a0-b9d3-38f08aa52725.jpg,0,0.044936102,0.062189538,0.05356282,0
83826406-4d8c-4ed3-b8c6-ad96d8839867.jpg,0,0.048718948,0.039881248,0.044300097999999996,0
1acd9b08-03a5-4703-9652-6856e44b7899.jpg,1,0.98650426,0.95177156,0.9691379099999999,1
a2d35530-bcdf-406c-9803-47000b0a8475.jpg,0,0.018089255,0.015519737,0.016804496,0
57ee7961-f129-42a5-bf14-f2eb96cc37ff.jpg,1,0.95431024,0.97808623,0.966198235,1
26b58a90-87f4-4641-b443-1975ce1022d6.jpg,0,0.01218021,0.17619221,0.09418620999999999,0
eb89e800-45b3-4932-8e61-68fb7732271f.jpg,1,0.9866696,0.819104,0.9028868000000001,1
df8f08e9-c1cf-4da6-a5c3-53be962e1abb.jpg,0,0.078306995,0.34818015,0.2132435725,0
3217adbe-633d-4b45-a7f9-92cc5cbf2ee3.jpg,1,0.9404318,0.7797272,0.8600795,1
84184b0c-7153-49df-8c92-c136bca11090.jpg,1,0.7463536,0.86180145,0.804077525,1
9df3edaa-6710-4f01-95ac-84b94be7591c.jpg,1,0.03648533,0.031413924,0.033949627,0
e0de688c-b31d-4c30-a088-ae188bfe7ed6.jpg,1,0.052637935,0.1876058,0.12012186749999999,0
f66ccf07-2d43-4cc5-b86a-9d3eb4f7a530.jpg,1,0.97648,0.98388547,0.9801827350000001,1
e1424bc7-3c2d-4e31-b970-6c57452532f9.jpg,1,0.9852209,0.93234223,0.958781565,1
0cd6c725-864c-419f-bd57-0d43ded395bc.jpg,1,0.9781389,0.945427,0.96178295,1
d0a45624-4cc1-4500-bc3d-d90e80efd8f1.jpg,1,0.9733205,0.8933048,0.93331265,1
1173362a-0cb3-42b7-aac8-f73767809c1b.jpg,1,0.9663539,0.5530514,0.7597026499999999,1
d18f4ddd-927a-4596-99e3-1cac0974be99.jpg,0,0.04514754,0.039055083,0.0421013115,0
5b27639e-7d40-4c18-91ca-ce17b9c765e8.jpg,1,0.97786087,0.84288555,0.9103732099999999,1
7e3a088a-30e9-4f22-92bb-b04d126a0392.jpg,0,0.017927209,0.0030421696,0.010484689299999999,0
1dfeef46-c989-43d8-9352-a4637448b1b3.jpg,0,0.042408403,0.07436344,0.0583859215,0
3e41011b-168c-45a7-a937-d02b7a16ad4e.jpg,0,0.022922507,0.008598746,0.0157606265,0
31fed326-3bac-49e7-b030-badada2eaece.jpg,1,0.977397,0.9620783,0.96973765,1
d26ed7dd-2a2d-46f6-8376-d486c5215701.jpg,0,0.026409829,0.013121486,0.0197656575,0
f5749eb4-9686-4642-bc3c-3aef4546ff62.jpg,0,0.018099694,0.045835257,0.031967475499999995,0
cfe25b07-15b1-4450-a7fb-a94eed50b444.jpg,0,0.019650297,0.003384941,0.011517619,0
2fb69ebc-be79-479e-b2ca-f674ad5e723f.jpg,0,0.044756446,0.038354132,0.041555288999999995,0
1a4d0d00-d1c6-4990-9e00-86f7bc151081.jpg,0,0.09528776,0.099286616,0.097287188,0
b36010e7-4683-417b-a015-d2552ab8f2dc.jpg,1,0.9760782,0.97030705,0.973192625,1
33d8cb97-af9b-4919-9491-2f2edc11f214.jpg,0,0.75608855,0.93464357,0.8453660599999999,1
dd3680be-ba22-4d0f-bee9-6d0393f8d5c0.jpg,1,0.9779832,0.68580836,0.83189578,1
b9d4c1e3-a620-4717-a499-8d4f5e1a0121.jpg,0,0.047143638,0.04029916,0.043721399,0
4aeb5130-545e-4004-8a0a-7832ab385785.jpg,1,0.9843057,0.99632317,0.9903144349999999,1
86459279-1ddd-4b4f-a752-b84c11d1220f.jpg,0,0.027458435,0.027444491,0.027451463000000002,0
08f0172d-01c2-4fca-b39a-9b71773833c4.jpg,1,0.9640541,0.97324634,0.96865022,1
e89b163b-9076-446e-be63-97a1128f8bf4.jpg,0,0.011617829,0.0068670795,0.00924245425,0
93294f76-f158-4d05-8f00-0bb78929a7dc.jpg,1,0.99210334,0.98870975,0.990406545,1
57b0a401-12aa-4d0f-ae9e-3fdb68aa09b8.jpg,0,0.7867022,0.7699874,0.7783448,1
6fb4e065-5b07-4d85-af43-28fa785ffd18.jpg,0,0.032981306,0.11409998,0.073540643,0
88fc69c9-97f2-4b3c-bcb7-af6a6590173c.jpg,0,0.009575007,0.2745829,0.14207895350000002,0
09d469b0-7f67-4b71-825a-5fb80634c22e.jpg,1,0.9685488,0.8616795,0.91511415,1
fd736ca4-2602-4c5c-a861-e22299912ad5.jpg,0,0.043617997,0.0393241,0.041471048499999996,0
9214a8e3-56e5-4c65-95f7-599a06fdb79a.jpg,1,0.96996665,0.8119006,0.890933625,1
6d4d0c05-5f24-4dd5-83e6-fce866cdaa79.jpg,1,0.9503135,0.97438985,0.9623516750000001,1
725bc202-45d8-4485-b5c1-7d81c9f84782.jpg,1,0.7573857,0.8076401,0.7825129,1
d013705b-f6be-4980-9d94-d1eceb0a5542.jpg,1,0.962117,0.934421,0.948269,1
371e3f4f-c1df-49c9-803b-9e56dc83eda1.jpg,0,0.016170003,0.02362948,0.0198997415,0
267dd357-a4c3-4319-a020-d01e1b6fcaf1.jpg,1,0.9785051,0.97716284,0.97783397,1
79be9602-0194-4ea1-b481-a044d3244592.jpg,1,0.95790195,0.57814246,0.7680222050000001,1
7441ae9e-3521-4291-b2c2-6440fc25a9b6.jpg,0,0.029276812,0.030606613,0.029941712500000002,0
d4e623fc-508b-4d3c-ab84-c6ae60ad0ecd.jpg,1,0.020491859,0.33045888,0.1754753695,0
3c2f1ea6-a82f-45a0-9c0f-e906b9743e60.jpg,1,0.9776516,0.9224711,0.9500613499999999,1
b0039ef5-3326-4253-b2be-4be501e76d06.jpg,1,0.9765528,0.9863073,0.9814300499999999,1
90aab833-1afc-4a8e-9ca9-e2c25842524c.jpg,1,0.983572,0.96260804,0.97309002,1
83a7248e-6128-4e1c-85b7-39084d218515.jpg,0,0.026401823,0.039047,0.0327244115,0
b7ef5f2e-2bc5-4eeb-a7f0-cf0ecaf99d3e.jpg,1,0.96065164,0.41552535,0.688088495,1
b73122a0-555a-4e21-97ce-58099a163a83.jpg,1,0.9195762,0.9681244,0.9438503,1
f504599d-b697-48eb-9929-cf905541f0fb.jpg,0,0.027704304,0.042530123,0.0351172135,0
24ee0e59-186f-469d-8e52-0e8469b1ba85.jpg,1,0.95762366,0.8817461,0.9196848799999999,1
10c63c1b-67a8-40c4-ade6-b667ef38359c.jpg,0,0.027158862,0.0075910552,0.0173749586,0
fef04b82-7e08-4fa2-9180-06c26d11ae1a.jpg,0,0.01890525,0.01786753,0.01838639,0
6a6351ce-587d-4ee0-9c45-cdfe26059958.jpg,1,0.25939286,0.44025835,0.34982560500000004,0
286434aa-ae13-40d2-9761-6560e406ce49.jpg,0,0.012511778,0.0036937122,0.0081027451,0
489fc6de-3a61-47b8-b7c9-636ea1282798.jpg,1,0.94491124,0.8426411,0.89377617,1
df4a4231-9211-4311-8364-f024de74630a.jpg,0,0.053370178,0.18996753,0.12166885399999999,0
088ec88d-a51e-43da-850e-0ec6de60b135.jpg,0,0.033999637,0.016119422,0.0250595295,0
544d4a99-503b-4ab1-b26c-8880baf8926d.jpg,0,0.14521037,0.070286155,0.1077482625,0
d9de4d5f-f7a0-41ed-b622-ee20b9a74cb5.jpg,1,0.9726224,0.9532261,0.9629242499999999,1
f7eb1c70-62dc-42eb-84f5-5359bdc2a1a6.jpg,1,0.9747258,0.96795493,0.971340365,1
6c47d6a4-baf7-4b9e-9407-142d222389d9.jpg,0,0.6603533,0.28447688,0.47241509000000004,0
02c709e8-de29-4644-a297-fe015be3634b.jpg,1,0.78940815,0.32022172,0.554814935,1
f80f4e39-9ad6-4925-a002-236add3a01f8.jpg,1,0.9605214,0.24868321,0.604602305,1
2dbea1ce-9cac-4d28-927e-1a20da6db34d.jpg,0,0.020777589,0.60905457,0.3149160795,0
558dab7e-2336-42a0-b12c-45994f9dabce.jpg,0,0.030278629,0.014974308,0.0226264685,0
9710852a-fda2-4b7b-9204-f61c30a1fbc2.jpg,1,0.86472243,0.48116896,0.672945695,1
36b6d75b-c9a6-4d43-b61c-55033cfd6ac6.jpg,1,0.963106,0.5971337,0.78011985,1
faf2c930-7f87-4a53-9a14-02bd7b0b0ad1.jpg,1,0.9698133,0.64316654,0.80648992,1
4c8612de-f131-4e11-85bf-e16478d75073.jpg,1,0.96088934,0.94600964,0.95344949,1
e429d2b9-a02a-46a5-8b5e-e3ea5300817a.jpg,0,0.02030955,0.11806005,0.0691848,0
746d8ed6-792d-49a3-a1af-1914fffcde80.jpg,1,0.9829529,0.96600705,0.9744799749999999,1
376325aa-0ecd-4951-9520-9e65715257bd.jpg,1,0.97683305,0.9784003,0.9776166749999999,1
9cf8b972-7e2a-406d-9d24-906c63dc2ff6.jpg,1,0.91301537,0.4160769,0.664546135,1
a3fa897a-d674-4099-99a1-e5b9ff65c939.jpg,0,0.028432108,0.03904349,0.033737799,0
97d162e2-6158-4493-8c75-5054ae24ebdd.jpg,1,0.9213776,0.53603333,0.728705465,1
43eb845e-f396-41fd-b4fe-358d2cb684a0.jpg,1,0.9500692,0.9714362,0.9607527,1
5ee9210d-1cae-4e7c-b6b0-3683fc8bea45.jpg,1,0.59574884,0.40437642,0.50006263,1
e984dd73-8bb5-4d74-9e4b-d45cdacba7f7.jpg,0,0.04804383,0.049295958,0.048669894000000005,0
7cde1922-095b-4485-810f-bb4ea8602317.jpg,0,0.51847315,0.8437114,0.681092275,1
5f50d233-ff7c-4f33-97e0-2476602a06b8.jpg,0,0.73590755,0.17660265,0.45625509999999997,0
7e75e21b-6f67-4b70-8b3b-6e16444ba006.jpg,1,0.81117207,0.7829129,0.797042485,1
52bba6b0-273a-4d26-a854-fa93a1355009.jpg,0,0.045750517,0.021895478,0.0338229975,0
8ea5d75a-b36c-4764-96cb-0bd321b5b97e.jpg,0,0.04192245,0.046086445,0.0440044475,0
9f242fed-b6f3-426e-a237-b237a5b66750.jpg,1,0.6250565,0.5777589,0.6014077,1
b982e68b-dbfd-412b-ba5e-3b118235b9d7.jpg,0,0.22752823,0.06118551,0.14435687,0
6d7fb98b-dda7-4874-a5ff-a18921313468.jpg,0,0.04974085,0.019946901,0.0348438755,0
d5a591de-2b71-4745-bac0-89d1111b7202.jpg,0,0.020726949,0.024853885,0.022790417,0
a50f4362-a246-4153-a0c4-abcc35661e16.jpg,0,0.92851657,0.49542928,0.711972925,1
ee054a69-1a89-412b-9f9d-d88606a7087d.jpg,0,0.09194531,0.026522761,0.059234035500000004,0
0b8134c4-5d24-4841-97b9-7d46211b5765.jpg,1,0.9760406,0.9606097,0.9683251500000001,1
0cee8230-e681-4212-bc17-48e697605186.jpg,0,0.06465149,0.16644283,0.11554716000000001,0
1dbbfbcd-450d-4fae-818f-bf2395adf8df.jpg,1,0.7834387,0.7225563,0.7529975,1
89750c7c-809b-46c1-8228-dd9391362d91.jpg,1,0.98135185,0.9794164,0.980384125,1
5ad83850-5b9e-41f5-9079-fe2447936e12.jpg,1,0.97712404,0.98089343,0.979008735,1
91ab5358-4849-45eb-8a37-0b748ebd65e2.jpg,0,0.0127030425,0.024463104,0.01858307325,0
94ab787d-1e5b-47e5-ac4a-94f1f8246067.jpg,1,0.96133614,0.95709366,0.9592149,1
a34d8264-9d9b-4252-826a-7058d00c8d15.jpg,1,0.9758606,0.97646165,0.976161125,1
a40438f3-b271-41d6-898e-1800ea56ee16.jpg,1,0.9685302,0.95900744,0.9637688200000001,1
0424385c-eec5-4200-9894-50d89b5c0bbd.jpg,0,0.8825731,0.6279533,0.7552632,1
b2c666b2-765b-404b-87d1-0dad269ddc22.jpg,1,0.96998197,0.9852018,0.977591885,1
8894d8b8-a309-46c0-a9ed-b8298a29a24b.jpg,0,0.32165718,0.3225043,0.32208074,0
356d665d-fd4d-43e7-afe7-fc497e0345d5.jpg,1,0.96584135,0.6677196,0.8167804750000001,1
d03f240e-ae53-4cc2-8de5-b7412773baed.jpg,0,0.13616325,0.025364503,0.08076387650000001,0
0520335a-be31-4cf0-a2f6-e7e51433627d.jpg,0,0.1447128,0.23313956,0.18892618,0
bd2cdb17-9da7-4080-a9b7-b1217a5a6293.jpg,1,0.028846055,0.27533695,0.1520915025,0
650689cb-c383-4abe-9f17-4e9e0ae8a41f.jpg,1,0.9392213,0.8494599,0.8943406,1
d091185e-0077-4619-8901-e142c5d05e09.jpg,1,0.9750355,0.99008155,0.982558525,1
b67dbde6-c9d0-4fd2-bd28-10d14c61d9d8.jpg,0,0.030585006,0.02404272,0.027313863,0
11587078-520c-474a-8fca-07ba386887eb.jpg,0,0.024377398,0.009331371,0.0168543845,0
3971bb05-6488-413b-965b-134783def96b.jpg,0,0.016319707,0.012193899,0.014256802999999998,0
850fda4e-9b86-4be1-807a-87875cb2ca9f.jpg,1,0.98452777,0.77696353,0.8807456499999999,1
86045266-05a2-4453-b21d-bcd7fb54c4e9.jpg,0,0.31904027,0.112910576,0.215975423,0
0a61ac0a-5dee-430b-9d1a-f076d7f1fb0d.jpg,1,0.9712115,0.9112602,0.94123585,1
3ea5c5a3-f406-49ca-9756-5854778abaaf.jpg,1,0.2670331,0.23927093,0.253152015,0
778ce9d5-7a45-4b5e-a0e0-9a660f76f9f5.jpg,0,0.033793744,0.114418894,0.074106319,0
e05753c7-4e48-4ffd-9a73-42cafc973b01.jpg,1,0.97631806,0.9399126,0.95811533,1
4ef7778d-4ee6-44fe-b917-6a8036b1208a.jpg,1,0.93974566,0.8485508,0.8941482300000001,1
2e8db7ad-5e90-4546-8de3-77c8a4ed60f6.jpg,0,0.04324089,0.026008243,0.034624566499999995,0
bc4f6351-d051-4f95-820a-528514067212.jpg,0,0.028605746,0.06779914,0.048202443,0
816b2d9f-2af3-4a0e-bc0a-d6a36bde6562.jpg,1,0.9767557,0.915232,0.94599385,1
0152b9c6-23b4-4997-be14-592680b47252.jpg,0,0.14274652,0.1593398,0.15104316,0
d49daa07-aa9e-4207-912f-f96ec1574dd7.jpg,1,0.9821231,0.9664812,0.97430215,1
4ca6aaf1-2cc4-4479-a325-daac140dcd70.jpg,1,0.9767774,0.91170126,0.94423933,1
4f2f88f5-2a14-4613-a998-6f658a92cc14.jpg,0,0.09264443,0.044274244,0.068459337,0
507599d6-9957-408d-9735-abaa66c4f53d.jpg,1,0.982858,0.9476528,0.9652554,1
ac299666-da21-4bfc-8ec0-c2d5fc8bcba7.jpg,1,0.9767778,0.8985219,0.93764985,1
146cd1e7-c19c-415a-abee-114d31f09cf3.jpg,1,0.9807358,0.9549117,0.96782375,1
a953f899-0f21-4d4f-aae3-2e9d8ae0a325.jpg,0,0.19505668,0.43579078,0.31542373,0
480e5f7a-f5a1-44ea-b466-ed0070db6a2e.jpg,0,0.016296558,0.053076226,0.034686391999999996,0
3a1bdf8c-aded-49ad-abe3-3415be39d23b.jpg,0,0.10202425,0.08988923,0.09595674,0
70a20fd2-2a0e-4a84-86f9-18c03a98bc13.jpg,0,0.059530273,0.01534168,0.0374359765,0
502e3ba0-d096-434e-9214-ef7dfb489d88.jpg,1,0.8538783,0.9556367,0.9047575,1
cbf9d59d-b999-462f-9f03-399967dd44d8.jpg,0,0.022388458,0.014730128,0.018559293,0
0c81f5da-b226-40fc-9964-6d0a4828ab58.jpg,0,0.025884433,0.00884663,0.0173655315,0
5b2fac8b-85c9-4663-b63c-d8d8e48515f3.jpg,1,0.97804826,0.9334957,0.95577198,1
7f31e14c-a6f8-4e97-b5e9-1b97c7d2c0f2.jpg,0,0.426823,0.20440532,0.31561416,0
15ded8c7-5b58-4597-b60b-21000a048d33.jpg,0,0.94231933,0.47462496,0.708472145,1
d13903f8-f3c9-4b3f-8d33-4a283cbe8e06.jpg,1,0.9685045,0.9644018,0.96645315,1
b6cc0053-5667-45f1-83ac-4e75edd06f92.jpg,0,0.05157431,0.026801007,0.0391876585,0
19ead207-b8a4-4325-a4e8-17f1c33c295d.jpg,1,0.939096,0.9078407,0.92346835,1
649c6611-8cf4-416d-a350-07d6349e58bb.jpg,0,0.018798983,0.016552273,0.017675628,0
9fba90e2-e229-47d7-b503-eb051fcf4362.jpg,1,0.27463177,0.45684278,0.365737275,0
80f61a0b-89fa-4804-b123-09c74f51b2d8.jpg,0,0.010686691,0.1453429,0.0780147955,0
64c7df26-dbb4-430f-9198-f204e3c8a8b7.jpg,0,0.05935082,0.0453682,0.05235951,0
4d437983-4a02-442a-89c4-0199a2b09e13.jpg,0,0.034549844,0.03986706,0.037208452,0
f2ed1dc3-89a8-4c07-9264-dcf6584e7d65.jpg,1,0.98018545,0.75432926,0.867257355,1
7ea2c85b-aa22-48a7-a7ef-48b34531d08f.jpg,0,0.89995116,0.24448945,0.572220305,1
428304aa-3038-40c6-a182-77fa7860aae0.jpg,1,0.9771483,0.9705441,0.9738462,1
02a7eaed-9fee-45f1-bd07-ac1a3e0c389a.jpg,0,0.062144507,0.0109249735,0.03653474025,0
08edefe9-beaf-4435-83d5-dcbd1060b615.jpg,0,0.028225115,0.018910972,0.0235680435,0
f10e1318-cc9c-46e5-b969-0a5e753de5f1.jpg,1,0.9690418,0.9685846,0.9688132,1
d5cbaa04-6fd6-4726-abaf-5fe13fa18273.jpg,1,0.9086838,0.7724776,0.8405807000000001,1
edbed3d9-3fad-49e5-a060-73f7bfb7a009.jpg,0,0.03299116,0.018526243,0.0257587015,0
95da8800-7a68-4c14-ba34-bb6e4f3d3523.jpg,0,0.020977894,0.015325698,0.018151796,0
253f79cc-3d9b-4460-a63e-805a73fb1261.jpg,1,0.9805093,0.9739291,0.9772192,1
bf3e4dcb-10d9-48fb-b9f6-00e7ab40c620.jpg,1,0.9289474,0.984152,0.9565497000000001,1
c0a0d745-3c88-46c5-a2a2-567373b7b567.jpg,0,0.018954096,0.006787615,0.0128708555,0
faca9c23-e617-4bb0-8805-fce8205e931f.jpg,1,0.9519778,0.9767166,0.9643472,1
48d44436-6cf5-4d1a-94f7-5ab74f245891.jpg,1,0.063671745,0.17941003,0.1215408875,0
4186afaa-d88f-4766-976c-60be724c809b.jpg,0,0.03845267,0.015493249,0.0269729595,0
9229e490-ff4a-4e81-b314-b3bf384546a5.jpg,1,0.97940207,0.9853284,0.9823652350000001,1
2c74b02c-2152-4f56-8db4-c4b5ee13c790.jpg,0,0.37681463,0.2741979,0.325506265,0
cd7d5527-c2e8-4a4e-bb94-f233dcfae428.jpg,1,0.92436606,0.97207975,0.948222905,1
aa2f25fc-21ec-4328-8ee1-6e5ae094c192.jpg,1,0.9017205,0.26891515,0.585317825,1
21b0160a-01c7-484d-9205-d89e7855b2ea.jpg,1,0.96269995,0.8506143,0.906657125,1
3e34751d-1e7f-4091-bfa0-01477e45c383.jpg,1,0.9802625,0.97034764,0.97530507,1
a481dd33-938f-420c-bcac-2df1717c486e.jpg,0,0.030734532,0.081469096,0.056101814,0
d4158513-75df-487f-b4d5-6173a3da9b88.jpg,0,0.03553568,0.016716545,0.0261261125,0
1f47cbe2-b04b-4ddd-81d1-5574be895042.jpg,1,0.97546893,0.9586723,0.967070615,1
ae01ebbe-9a83-4fe2-996a-b08ac6af2077.jpg,0,0.4511645,0.109025836,0.280095168,0
2a726fb3-55d9-4cdf-aa11-1322196e2d1b.jpg,0,0.18527697,0.10796168,0.14661932500000002,0
9727fdb6-ed49-43f6-aa93-e8453d21c488.jpg,0,0.97557586,0.74618083,0.8608783449999999,1
aad95f3a-9d0f-4f40-b620-f70a3719a4b7.jpg,1,0.9810054,0.95739645,0.969200925,1
e92bb1f7-79b0-4733-87b7-edd8d5186e4c.jpg,1,0.9776344,0.9826532,0.9801438,1
726c8964-c872-4039-a02f-456ad4dcb1da.jpg,0,0.07959431,0.16148864,0.120541475,0
1a13942f-c0ba-4ace-88b2-36c864d09395.jpg,0,0.017798433,0.059497118,0.0386477755,0
3a6b7d72-a379-4e5a-a133-fb7237696622.jpg,0,0.019345716,0.0057511535,0.01254843475,0
bcd65793-da49-462b-ae80-58b859a580fd.jpg,0,0.354583,0.23229991,0.29344145499999996,0
12adda08-f080-4c26-9fb4-afd5696981bd.jpg,1,0.475816,0.12165174,0.29873387,0
55524c09-7a09-48e1-9b3f-f2ca66c818e4.jpg,0,0.03644318,0.03233196,0.03438757,0
a396779e-13c4-4ae5-b192-420d8a6b1f36.jpg,1,0.8499567,0.5816428,0.71579975,1
e2cd66b9-ee2c-4f76-b07c-53d4fe1ec590.jpg,1,0.9539366,0.13006364,0.54200012,1
832216b3-fa58-4fb7-85a9-984183aea94f.jpg,1,0.98214704,0.745907,0.86402702,1
4484de57-4270-452c-8ca0-3f3e95773c0a.jpg,1,0.9863021,0.9779447,0.9821234,1
2bace5cc-5196-4d1f-988d-a952845932a3.jpg,0,0.13008647,0.06521935,0.09765291000000001,0
af1268b0-fd88-47f7-bddd-4b1fac2478a3.jpg,0,0.047774713,0.024414657,0.036094685,0
ea6a1873-8b27-474f-a9ab-a8a6008ffc89.jpg,1,0.98484236,0.87768054,0.93126145,1
ea5947b5-fa64-48a5-8089-74dce600643c.jpg,0,0.03170013,0.013615887,0.0226580085,0
31dcc558-2341-40c9-b833-8dad03229ef8.jpg,0,0.81527835,0.053240668,0.43425950900000004,0
476affe5-3ccf-4173-86e2-7d3506341302.jpg,0,0.03163257,0.010004316,0.020818443,0
dcb67bf2-31e7-486f-95c9-0feb94fd76ac.jpg,1,0.23914327,0.76273316,0.500938215,1
f9e135ca-aec1-4121-b1fe-b196ab887cec.jpg,1,0.6358866,0.7758482,0.7058674,1
f6fd0fea-a1bb-4bc5-a475-f5afcb3adad9.jpg,0,0.0368159,0.015788084,0.026301992,0
ac99764a-707d-490b-83d6-f1ff76216c8d.jpg,0,0.9389894,0.3363326,0.637661,1
c6fb467b-258e-4aba-b056-a62bddf6abbc.jpg,0,0.9420126,0.15028362,0.54614811,1
4bb89db2-e976-435d-81b0-9c613da8c3f1.jpg,1,0.7662425,0.6248817,0.6955621000000001,1
a788cea0-9229-45b1-ad59-0bb4d31c6b49.jpg,1,0.98030454,0.9869621,0.98363332,1
ca042d96-41ad-4c7f-b6c1-06930901027f.jpg,0,0.024509879,0.02536049,0.0249351845,0
e910d5db-f5ff-4478-975a-35cc6d259e64.jpg,1,0.9677103,0.803188,0.88544915,1
5af16bf9-fab7-4f49-86bc-74b826b937be.jpg,1,0.9305422,0.24036546,0.58545383,1
d7be8af1-f217-4cb8-b042-ae19933fce35.jpg,0,0.020625705,0.04809974,0.0343627225,0
291bf9bc-2b93-410b-9798-724f4a3535ef.jpg,1,0.9808884,0.9784444,0.9796663999999999,1
b6964725-6636-497e-a451-f7d70aed2585.jpg,0,0.09974896,0.88400346,0.49187621,0
a8f5e474-c89e-45c7-935e-3417583d9594.jpg,1,0.97930974,0.9880584,0.98368407,1
d9f46c23-0e81-4e3b-9d06-6fd237aca8b8.jpg,1,0.9625592,0.26234183,0.6124505149999999,1
401b340d-6dfc-49e4-b421-d7203221be34.jpg,0,0.032077085,0.014086206,0.023081645499999998,0
a23be806-1a34-4d7a-8ac3-6256afd4bbd9.jpg,1,0.031248331,0.03163213,0.0314402305,0
718aaa75-f374-4d78-8222-f751d6937b5f.jpg,1,0.9619481,0.91466826,0.9383081799999999,1
b5d5df57-4af8-45ae-948c-005fa273c785.jpg,0,0.050252546,0.026662858,0.038457702,0
b73587af-a002-4c38-a50c-be20de093033.jpg,1,0.95724434,0.968461,0.96285267,1
3436927c-cef4-4ef1-a5db-cf1cf7843f64.jpg,1,0.6669431,0.037986256,0.35246467800000003,0
14fd1c84-e90e-4f5d-a06f-2e1c6acd07c0.jpg,1,0.9723163,0.9057448,0.93903055,1
3ea2a7ea-920d-4f54-8294-0decd592cc71.jpg,0,0.022309443,0.04764208,0.0349757615,0
16d9b809-392a-4ce0-8bfe-54021de1f7bd.jpg,1,0.8116395,0.6071904,0.70941495,1
98a6afb3-a22f-40e2-875d-b3f25880bdb0.jpg,0,0.4421393,0.031975303,0.2370573015,0
68db8027-865d-43bf-a088-53efacde567b.jpg,1,0.97555,0.9068039,0.94117695,1
eb254494-ea42-48fb-9a39-466e498c94ab.jpg,0,0.021225141,0.005974785,0.013599963,0
aef1b4cd-17f5-4b63-8c6d-eec6a9c8cf28.jpg,0,0.024865782,0.015453976,0.020159879,0
47117d15-3e95-407e-aed6-725f94d7ab2c.jpg,0,0.6029778,0.093289636,0.348133718,0
cec5a038-4bf0-40b9-87de-f902077721bb.jpg,0,0.13920952,0.289907,0.21455826,0
db15fdc3-f51a-4bc0-85f1-5517d3859bd8.jpg,0,0.22677195,0.16463369,0.19570282,0
682ccb4d-9c3d-4563-a283-739818000909.jpg,0,0.045298472,0.015436307,0.0303673895,0
d527b0ae-861f-4ff2-b059-9365e0c27dba.jpg,0,0.014853324,0.023409074,0.019131198999999998,0
32a7b31a-23a3-463f-957d-a2d6dd6a3822.jpg,0,0.029794062,0.058050048,0.043922055,0
bd97094e-30f4-4b0e-8eb0-6720904fe3fd.jpg,0,0.0039687366,0.042165518,0.0230671273,0
01ba2fb3-729e-4f49-8f5d-f4ee92fd2f16.jpg,1,0.97572607,0.8165671,0.896146585,1
f514428c-1a8f-4203-870e-94ccf67e2404.jpg,0,0.01144565,0.0175774,0.014511525,0
9fc56d15-7a31-4797-861c-436a585407e5.jpg,0,0.0143414475,0.009864865,0.01210315625,0
380850ee-3c83-4194-81a7-e6d47ff4feca.jpg,1,0.98454213,0.9636123,0.974077215,1
2d9d131c-4a9f-473a-88aa-e20d81d60a56.jpg,1,0.9757135,0.97313833,0.9744259150000001,1
5c701dea-6d1d-4b53-9acb-ff50f98b49e3.jpg,0,0.027781367,0.06443488,0.0461081235,0
bf67bc9d-d5a0-4649-8132-8a9fe52cd35f.jpg,0,0.020558698,0.009431972,0.014995335,0
19f32361-852b-4d14-ae60-5f490b1e07f5.jpg,0,0.014874235,0.008635711,0.011754973,0
757fcedd-2094-4b4e-8b33-6015d9184f72.jpg,0,0.015673516,0.018535145,0.0171043305,0
c8c0161d-f121-4326-bf90-16023d9f9eb3.jpg,0,0.034339696,0.03788105,0.036110373,0
f24fdef7-5bfe-438f-9675-5068236c3ff4.jpg,0,0.011686967,0.024108553,0.01789776,0
4b66e156-47db-4ec8-afc2-778bd2e450ca.jpg,1,0.96834683,0.785772,0.877059415,1
f347e481-7b28-4b32-8b97-706cf6efd6dc.jpg,0,0.025465831,0.015232939,0.020349385,0
02978c69-0c6c-44b3-b48b-ac8ea6efb63b.jpg,0,0.029299935,0.014739248,0.022019591499999998,0
52cb8ade-edfa-4ff4-b52d-fe6d5bd55913.jpg,0,0.048937485,0.054715563,0.051826524,0
19c5c01a-48d9-4e44-988e-1d3939c2d85a.jpg,0,0.03707842,0.008398324,0.022738372,0
d7bd42d0-73f9-48b0-a474-f25c7ea5530e.jpg,0,0.9172485,0.5711659,0.7442072,1
3b0eac6d-d4c8-45ba-bf59-174d9fd9cb8e.jpg,1,0.9212549,0.41986427,0.670559585,1
588b52a2-4e92-4d1c-990a-b99d24f6abc3.jpg,1,0.9718645,0.9033138,0.93758915,1
e775fdcd-3275-4b6e-b069-0b755b6170c4.jpg,0,0.03949782,0.021556368,0.030527094,0
b583ec63-4555-4b73-8323-3849b850ee1c.jpg,0,0.06939528,0.010393181,0.0398942305,0
8111b48e-da39-40bf-8cd8-f743ab823db5.jpg,0,0.016647622,0.046511665,0.031579643500000004,0
ba04ac81-1344-4b1c-a5ab-1b4aa26a0102.jpg,1,0.9554186,0.8453059,0.90036225,1
8b6521a3-25a2-489a-bc47-a785cc2f45d7.jpg,0,0.017833311,0.07842108,0.048127195500000004,0
f1fe3571-5dd0-45dd-861b-58058d2c191a.jpg,0,0.96263695,0.18603039,0.57433367,1
95c8e092-2a25-45ab-8173-d3efef27bcdd.jpg,0,0.33794126,0.27477846,0.30635986000000004,0
d0f1d4e1-ad3f-4077-8e70-e5ed75e3ab26.jpg,1,0.04039611,0.0801725,0.060284304999999996,0
f4dfc550-ccd9-4f42-93f7-48c301f363ef.jpg,0,0.015769752,0.07914219,0.047455971,0
b148fd7f-3306-457a-82ac-316d4b28110a.jpg,0,0.022152334,0.049780477,0.0359664055,0
c83c0c07-1eae-4959-9edf-43a636a4fe2e.jpg,0,0.07713808,0.4014009,0.23926949,0
b9485bcc-2cda-41dc-93cb-f32637f6dc55.jpg,0,0.048145533,0.00974977,0.028947651499999998,0
14e4ed21-12a5-4446-b0c3-f1befd0f7c75.jpg,1,0.9804363,0.99360543,0.9870208650000001,1
81456966-75e8-49ea-85dc-0b94cf91b52d.jpg,0,0.026807174,0.013913211,0.0203601925,0
682e7ff1-536b-486a-b32b-6e2267484e31.jpg,1,0.7969331,0.32633612,0.56163461,1
3b8b2d52-0114-4651-bab9-1f88d8960810.jpg,0,0.017386861,0.014996659,0.01619176,0
bf11d886-13bb-4443-945d-82ee4d0358eb.jpg,1,0.7484694,0.6160028,0.6822360999999999,1
6cdc7e67-d2fb-41d5-9674-177e7846c560.jpg,0,0.011231117,0.025176615,0.018203866,0
1a246b39-68c4-4928-bb08-c0b04366b2da.jpg,0,0.11607215,0.14071411,0.12839313,0
064a04b5-a0ad-450b-9856-418e81ecb924.jpg,0,0.22707908,0.024820244,0.125949662,0
c8948cbf-2c75-40bf-930b-0f40467dd5b2.jpg,0,0.26462212,0.015893353,0.1402577365,0
11b341cf-a467-4795-a92b-3f0123c67247.jpg,0,0.03092514,0.05742541,0.044175275,0
d0f96fff-b8e1-4a69-a734-07c99045a380.jpg,0,0.0548726,0.27618226,0.16552743,0
1363088c-0124-40cc-91c7-329a2dca50fb.jpg,0,0.13757144,0.27452305,0.206047245,0
bb0a5f23-76a3-4abb-ae48-dbe234d6116d.jpg,0,0.10114956,0.023038292,0.062093926,0
8872dc29-2fba-4356-85d7-42a8e8449ce8.jpg,0,0.20655008,0.026698356,0.116624218,0
1756262b-2aca-43b5-a193-ed537d816a58.jpg,0,0.042956326,0.01778505,0.030370688,0
e5641331-f856-477e-937c-5b29194ccd19.jpg,1,0.98027545,0.99342465,0.98685005,1
4f4dc8e5-ccaf-4bb7-a463-98d46e6cba6a.jpg,1,0.9794877,0.97749805,0.9784928749999999,1
bab25a22-f2ba-4725-ba11-dedc38b878b1.jpg,0,0.020094851,0.0047023525,0.01239860175,0
8bbaa020-12db-4c61-be87-e068c8d39205.jpg,0,0.038453374,0.014324182,0.026388777999999998,0
3f222421-31a1-4183-911f-3a6eb220f2fe.jpg,1,0.9815216,0.9876218,0.9845717,1
5a0b05da-3a22-4de1-9a2a-99cdffb203ed.jpg,0,0.10139739,0.10814812,0.104772755,0
41b2e572-9ec4-4800-844a-ba026b7da5f6.jpg,1,0.9810081,0.900726,0.94086705,1
51facbd4-4c82-4ca9-995a-7233bfc6a2a6.jpg,1,0.96585464,0.9616124,0.96373352,1
24d0769b-01aa-40c5-ad4c-44a792ab5b8d.jpg,0,0.2178368,0.06517177,0.141504285,0
a606f6ee-de8e-4937-82cf-8d2b9dffe9de.jpg,0,0.009491585,0.025569694,0.0175306395,0
c77078c2-10ab-449d-8c9d-fd80c32822b9.jpg,1,0.8763959,0.9697401,0.923068,1
089aadf6-4a19-4dd0-bc26-b4f6f758ea89.jpg,0,0.032751683,0.010258283,0.021504983,0
8de738c9-c0c0-4f36-984d-f05f053b95f2.jpg,1,0.98288584,0.9854228,0.98415432,1
3f2b5242-117e-4cb8-a6e7-e24eded5d961.jpg,1,0.97361803,0.9149916,0.944304815,1
af87aeb2-61e2-4b31-aca4-9399429c3a5c.jpg,0,0.023920158,0.1563988,0.090159479,0
936732db-377c-4901-9cf4-38083b195d3d.jpg,1,0.9388085,0.9668391,0.9528238,1
3e5673d0-2e01-49b7-945a-401b46239fe9.jpg,1,0.9784898,0.9570891,0.9677894499999999,1
68c88590-9963-4345-bd3e-0690cc6e94cc.jpg,1,0.977197,0.9999978,0.9885974,1
0f63acf5-1013-46af-abde-e37b9949f182.jpg,1,0.2634232,0.09188413,0.17765366500000002,0
2c0051d3-11a4-4f92-829c-ee7e410fd4f4.jpg,1,0.9234026,0.9401021,0.93175235,1
9ffd1194-4001-4f79-a0ab-dc9db61aceac.jpg,0,0.008773372,0.009706332,0.009239852,0
8daa896e-4203-491d-bdd1-c3d31be58af6.jpg,1,0.97328377,0.9863839,0.979833835,1
e7a0b470-5e28-4ebd-85f5-9bd3569e7af6.jpg,1,0.08271689,0.0146621475,0.04868951875,0
0909390f-6a61-4d3c-8ecf-86a76422481a.jpg,1,0.758317,0.12759162,0.44295431,0
af4d58c2-be71-4bba-a7cf-2b5055acbe22.jpg,1,0.9591923,0.8571031,0.9081477,1
bac3ede2-33e7-4528-bd5b-2b4d19be571d.jpg,1,0.9761599,0.5072058,0.74168285,1
4cc81b7c-f9ed-4e5f-bd56-8dd96f4eb0e6.jpg,0,0.029153854,0.16888191,0.099017882,0
1e735559-9f32-4141-b5b6-973efc846a06.jpg,0,0.8797166,0.019322949,0.44951977449999997,0
5c94d8c8-7adb-4af6-a705-aebf9e9ffc70.jpg,1,0.9305563,0.8116741,0.8711152,1
d3a03fa4-7106-4295-8b4a-163cf058a542.jpg,0,0.026549118,0.013424296,0.019986707,0
0c6ade63-71f1-4e25-83e2-e9732a934859.jpg,0,0.98111564,0.37154588,0.6763307599999999,1
d7e60d40-37d2-4d6e-9b01-5ff7604b82ec.jpg,1,0.9510873,0.98830414,0.96969572,1
67ea4872-3e59-4894-9b71-84b4ee5af4c3.jpg,1,0.9878328,0.61584586,0.80183933,1
2b493ddc-b685-4022-9d9f-a9a53e69285a.jpg,0,0.19672628,0.3333933,0.26505979,0
6749c270-a889-48e0-8e1d-1990300c40cb.jpg,0,0.26364577,0.25433102,0.25898839500000004,0
aa04e7ca-71e3-414a-8d63-f8659777c08c.jpg,0,0.6063824,0.5408073,0.57359485,1
dbda4068-f61f-49e1-8a2a-ee8ad4721d5d.jpg,1,0.95939654,0.62500745,0.792201995,1
7dbdc177-248f-43f4-90a9-0819f5db6fbe.jpg,0,0.006366456,0.0074758343,0.00692114515,0
3662f11c-6030-4a6c-bcb6-75b3f30b8396.jpg,0,0.027609443,0.031629663,0.029619553,0
4cfa03e3-49a9-45c6-801c-7d17db14deec.jpg,1,0.9545229,0.95205337,0.953288135,1
c10705f8-e094-4fb0-af51-e4ed466638e5.jpg,0,0.018141566,0.006598422,0.012369994,0
2a8ce89d-9297-4ede-8aec-fbe46b8392e2.jpg,1,0.3706883,0.6630687,0.5168785,1
b0158b86-7661-4603-9330-3ccde83e3a4b.jpg,1,0.9764437,0.9953208,0.98588225,1
fb923e5c-c354-4caf-b536-008a163a6b9d.jpg,1,0.97817945,0.7692278,0.873703625,1
4fb42ed0-b4a7-4a65-b03b-d04e2ea4a874.jpg,0,0.010990766,0.01796928,0.014480023000000002,0
ac1105a5-8b87-4009-aa62-3d72e7c09785.jpg,1,0.98487544,0.91942185,0.9521486450000001,1
3415988a-3949-4205-a2ad-ab8ccddb64f7.jpg,0,0.013769411,0.022162145,0.017965778,0
4b738357-2ffc-41e2-8a6a-05247c7df9f7.jpg,1,0.9786938,0.97169405,0.9751939249999999,1
82108e78-a9bf-44e7-ad2c-7be7bb7b9b63.jpg,0,0.9845353,0.8781829,0.9313591,1
de1ec666-9dbe-436b-b185-ada116c94d99.jpg,0,0.9491165,0.12476224,0.53693937,1
55c21f05-a781-4807-af53-4e7584a9043f.jpg,0,0.02350854,0.017485108,0.020496824,0
8dedb2ff-75bd-494d-a4dc-d7ee91424073.jpg,0,0.021074975,0.013937607,0.017506291,0
74fc1c44-ac61-4420-8233-697c348acc15.jpg,0,0.023275768,0.023471236,0.023373501999999997,0
dfbd8a6a-5109-4ebd-9f70-7d0fa455e760.jpg,0,0.05642852,0.100231916,0.07833021800000001,0
ff462762-ecfe-4c44-a00b-e5ab22774da0.jpg,1,0.96067923,0.3413491,0.651014165,1
81169321-7d03-4e05-a7c5-f367b81faf78.jpg,0,0.013243974,0.00896601,0.011104992000000001,0
550d51ea-3203-4b6e-b65c-9af691716028.jpg,0,0.027948245,0.019727485,0.023837865,0
1c942bf7-4d03-4553-88bd-47a984fe8d86.jpg,0,0.17287357,0.01872656,0.095800065,0
a7325f5f-f2bb-4f0f-97cb-1dcf7882685b.jpg,1,0.9447229,0.9742597,0.9594913,1
cdedad34-3746-40a0-916e-ce496f0923c9.jpg,0,0.12317315,0.04569428,0.08443371499999999,0
3f9804de-8aa5-48f7-8cf3-569277b78338.jpg,0,0.04132092,0.049019367,0.045170143499999996,0
b55cc3a3-fd0c-4185-966f-d6926ee9ca21.jpg,1,0.97805125,0.9573295,0.9676903750000001,1
03e03a35-b6c7-43a9-a689-a809371efdd6.jpg,0,0.44586217,0.18634313,0.31610265,0
7c126dc6-d878-40ee-8fb6-15a0a180da1f.jpg,0,0.025185674,0.017145194,0.021165434,0
66b79298-9308-4889-9212-bf1803e22b7f.jpg,1,0.9836547,0.97064257,0.977148635,1
862b61b2-40f6-40c5-b601-b1bc0242a599.jpg,1,0.97767633,0.94044226,0.959059295,1
80b9af83-c02f-48c8-8351-fe7601f557a8.jpg,0,0.03035306,0.11575681,0.073054935,0
eb3c32a2-6731-4131-b086-687e54ddd62e.jpg,1,0.98462385,0.9828639,0.983743875,1
de7be727-fa03-4d76-8c3f-dde2b9367fe9.jpg,0,0.29150447,0.21222246,0.251863465,0
5d2fdc8d-7b5a-43c0-96e0-fa4493c780ce.jpg,1,0.9614184,0.97247005,0.966944225,1
6625e051-df19-4be6-877f-2b7fe5ce2801.jpg,1,0.58649874,0.61837095,0.602434845,1
e70b70b6-0132-4b3a-8172-da29954d744f.jpg,0,0.9386317,0.15334633,0.545989015,1
53986d8a-817a-4eb7-8456-4eb00bb45631.jpg,0,0.028642843,0.25409803,0.14137043649999997,0
7fc31626-cc62-4a24-be92-8cdbecf0a16d.jpg,0,0.029498896,0.014772954,0.022135925,0
d74efc1d-27df-4e02-8abe-a0325814980e.jpg,1,0.9879387,0.78047055,0.884204625,1
85acf84f-2f6f-4d0f-bc6c-1dd6be2e285a.jpg,1,0.9807405,0.9859111,0.9833258,1
0a85e05c-3a7b-499a-b458-a88d6251d58e.jpg,0,0.055872228,0.035015125,0.0454436765,0
78182fe6-6283-42cc-9f9b-a1d4f4c3bc72.jpg,1,0.98179245,0.83181494,0.906803695,1
f45855a4-d44b-4453-a2b1-c983ce6f7063.jpg,1,0.97577053,0.9042373,0.940003915,1
a563fa53-002f-4881-a9b0-c6e090a220db.jpg,0,0.018722245,0.029673085,0.024197665,0
77b19054-91d1-418a-9fb3-8fa9a0261eea.jpg,1,0.15283339,0.28911462,0.220974005,0
8ba191c6-b93f-46cf-a976-95e71e37a2c3.jpg,0,0.04776447,0.018131578,0.032948024,0
ad66c2ec-e2a5-4e5b-ab54-efe5ee458758.jpg,1,0.41923478,0.9731261,0.69618044,1
58992752-037c-4a5b-8419-268853a8f35d.jpg,0,0.47277188,0.17336261,0.323067245,0
d1868874-81e6-444d-91ce-58feea67f4de.jpg,0,0.026946807,0.009240567,0.018093687,0
c1e38c0c-904d-490f-bc5c-74fe05abf0d2.jpg,0,0.030828716,0.01345827,0.022143493,0
80056b71-36b1-4bfb-8a35-2ad6c334e9bc.jpg,0,0.011805889,0.03345501,0.0226304495,0
192eeccd-4aad-4460-a3c3-218c951f105f.jpg,0,0.085142404,0.03286279,0.059002597000000004,0
2d7329c4-feeb-4c2c-8941-a472eee7a3be.jpg,0,0.48103213,0.17191257,0.32647234999999997,0
596e07ef-cc0b-458f-9476-b32f953bc9d3.jpg,1,0.9606776,0.98436904,0.9725233200000001,1
608b5132-d5c6-4c32-891b-287c6e64c2dc.jpg,0,0.20303331,0.011820887,0.1074270985,0
3f7319cb-f8f6-436a-9d32-3f43bc0a9b67.jpg,1,0.9696881,0.9720982,0.97089315,1
82312c9a-abdb-414c-8a4b-d1506cf84738.jpg,1,0.9754539,0.97353333,0.974493615,1
ae12e7b9-05eb-4102-acde-63203e122556.jpg,0,0.034255672,0.078522734,0.056389203,0
5bcb7188-e530-42a5-8f56-ba8b6e7d1afe.jpg,0,0.15043299,0.038206775,0.0943198825,0
601b827e-bfce-4c7d-a690-31963e96c198.jpg,1,0.020146245,0.1169175,0.0685318725,0
899f1933-273b-4d87-bcb0-88cebe887135.jpg,0,0.28124174,0.042073477,0.1616576085,0
6e3f1b60-a5a7-438a-8fba-30e47aac8450.jpg,1,0.97606397,0.9711697,0.9736168350000001,1
2faed0c3-aaa6-4c0c-a99c-8f1811c956ad.jpg,1,0.95466924,0.9783618,0.96651552,1
9e969b50-5b16-4f7b-a08e-06c14ce48f32.jpg,0,0.04321714,0.078728475,0.060972807500000004,0
60dd76df-6f51-4adb-851f-6616b889e07f.jpg,0,0.019355893,0.014313537,0.016834715,0
9c3dd9ab-13a4-4583-a461-8780096547f5.jpg,1,0.97724086,0.9030049,0.94012288,1
fe397aa1-34b0-4a4e-8b16-ce73342eb3f8.jpg,1,0.96630543,0.9327596,0.949532515,1
123090fa-fb48-4e74-bc53-9a60677ecb49.jpg,1,0.026377209,0.050125714,0.0382514615,0
b1becce0-14b2-48be-9992-597d400fb580.jpg,1,0.9520599,0.81523496,0.8836474299999999,1
64dffe48-78ea-44cc-8738-4e738218dc5b.jpg,1,0.9797149,0.96441656,0.97206573,1
e12e2deb-c4e6-4c70-88ed-435474a72b7f.jpg,1,0.37681437,0.16898142,0.272897895,0
0201731d-f838-4f6f-a69f-878b12dd9c86.jpg,0,0.7883198,0.11489135,0.451605575,0
ce3a2e6e-ca30-4cca-a445-2719e4a1c8b0.jpg,1,0.9749875,0.95870143,0.966844465,1
32f894b6-3689-4a1b-9703-adb8b90681ab.jpg,0,0.02870507,0.0212015,0.024953285,0
20af51f3-cef5-407c-9756-17bd0f9fa00b.jpg,1,0.21981364,0.92949516,0.5746544,1
96a082f5-b9f2-4a06-8ae8-677808b592ea.jpg,0,0.011389772,0.18743964,0.09941470599999999,0
7f1eaea1-fe4d-4e8d-9a11-fde1d30533c6.jpg,1,0.9561088,0.8488079,0.90245835,1
a0c5838d-b68a-4cbb-9a26-718e41b8e848.jpg,1,0.9800899,0.6206088,0.80034935,1
1a9feaca-5459-40d9-9c0f-b1626a8d19ef.jpg,0,0.02745021,0.027245821,0.0273480155,0
999065a7-0198-466a-a34d-8792044f201f.jpg,1,0.03902926,0.21303625,0.126032755,0
5591329d-c14f-4133-a494-8bc19b758ad2.jpg,0,0.020916365,0.010083421,0.015499893,0
d804df34-81e8-4c27-a809-f8234baf94ad.jpg,0,0.03716667,0.05336516,0.045265915000000004,0
0c7332c2-c61f-4703-ab98-d0e4044d9b07.jpg,0,0.02603621,0.018661592,0.022348901,0
e458253d-1133-40c2-abbf-64afd5d1aaf0.jpg,0,0.032258373,0.022138042,0.027198207500000002,0
b38101a1-9036-4d29-9ef7-ec5510f122cf.jpg,1,0.03945662,0.97588223,0.507669425,1
de3b55e0-933b-4f36-b7ed-522cdeb50960.jpg,0,0.9715624,0.6797274,0.8256449,1
7f5af45b-db8f-499f-b320-913b7209a401.jpg,1,0.98304605,0.9457168,0.964381425,1
ad61dfb8-f86b-43e3-94fa-309366004791.jpg,0,0.019675039,0.006913997,0.013294517999999998,0
d1d9975a-ab42-465e-aee5-3a432a2c374a.jpg,1,0.95396405,0.6938469,0.823905475,1
59634f1a-90ae-46c5-89d2-64679051832a.jpg,0,0.038860187,0.03497779,0.0369189885,0
84791b37-fe9d-4b7a-ac9a-e908914cdc89.jpg,1,0.97699934,0.929143,0.9530711700000001,1
0d04d10e-7445-4fcd-87bb-12dba3531a39.jpg,1,0.98037297,0.9921673,0.986270135,1
4630a99a-041b-4e52-adb0-a6efdf286705.jpg,0,0.015649209,0.012597029,0.014123119,0
36b53c66-2e63-43f7-adde-8ecde887aeb8.jpg,0,0.03215658,0.04749626,0.03982642,0
16570736-4482-457c-8e50-9429a0e1f03c.jpg,1,0.97997284,0.7103458,0.84515932,1
1d656a52-a34d-46aa-a29d-dc93d6663765.jpg,0,0.018455325,0.008650928,0.013553126500000002,0
07e7420b-4512-475b-af29-6d25282f11e8.jpg,1,0.9746437,0.5729281,0.7737859,1
ef05c726-7e7d-43a1-af1b-3eede841b5e5.jpg,1,0.970877,0.9689245,0.96990075,1
ee292b83-02c1-4a58-b4f3-4f567d1eb0b0.jpg,1,0.9820723,0.79602367,0.8890479849999999,1
7582e17c-1937-4624-8770-cc50441d0d26.jpg,0,0.051208347,0.03291587,0.0420621085,0
be1f7893-6ce5-4408-9c86-878aabee9189.jpg,0,0.90366775,0.13783856,0.520753155,1
30aa2b99-e057-4958-a5d6-f8c9cf8d2d86.jpg,1,0.9745247,0.9531234,0.9638240499999999,1
4ef54c3e-f3cd-4c4b-999a-63b11b3c01ed.jpg,0,0.96782607,0.2754955,0.621660785,1
3769adfc-d710-41ca-b731-034f539425a2.jpg,1,0.98794216,0.9859061,0.98692413,1
b1aaea4b-1406-433c-80e1-2741870e1378.jpg,0,0.025177993,0.02898062,0.027079306499999997,0
87e57aac-afb5-451b-848b-caf30b2374d3.jpg,0,0.013089235,0.008714809,0.010902022,0
0f04f138-2e2e-4fe1-8b07-b34f488ddc59.jpg,1,0.9609816,0.88838416,0.92468288,1
88259b17-9a41-4f3b-ac69-2bfd6813f194.jpg,1,0.76261955,0.43580088,0.599210215,1
d270163a-16a5-4449-8620-1180673a119e.jpg,0,0.016529854,0.017953755,0.0172418045,0
dc37c88f-1358-49e3-94b6-5c488aeb0052.jpg,0,0.030235505,0.044118818,0.0371771615,0
e73e983e-65fd-49be-a6a9-5e1bb3a73cf7.jpg,1,0.9763694,0.64092267,0.808646035,1
5ef4e09d-6687-4333-8a4f-6c228538c65f.jpg,1,0.6755597,0.9284361,0.8019978999999999,1
9f930d0b-83bc-43c8-8be8-6ffd29efb722.jpg,1,0.71076894,0.43146896,0.57111895,1
47d4ee03-dc34-4efa-812a-1ce229d560ff.jpg,0,0.01802621,0.02168628,0.019856245,0
4a82a7d2-98dd-4323-8ae4-7c0f91fbe889.jpg,1,0.97202903,0.78172565,0.8768773400000001,1
5a4c9e35-188f-472b-a427-317b9c7923f7.jpg,1,0.9832056,0.8549159,0.91906075,1
d98c9323-531a-4ca3-abb7-77e78e0d1a54.jpg,0,0.98134834,0.26909757,0.625222955,1
1a114300-1654-4d90-ae94-6af6e505e700.jpg,0,0.09854224,0.10278756,0.1006649,0
5ba955df-5822-419e-9d8f-f2d58db95416.jpg,0,0.12505876,0.01324907,0.069153915,0
86203df6-28a1-4597-9986-b79860f35678.jpg,1,0.973269,0.7035537,0.83841135,1
fd0c70b8-058b-40de-8aaa-f6577970b1d6.jpg,0,0.024122884,0.014014359,0.0190686215,0
f7b2ca4a-6784-4733-a828-31ad5944beeb.jpg,0,0.021164127,0.013326161,0.017245144,0
0d8ef5f8-f1bd-4542-8934-65ed078a7b46.jpg,1,0.934092,0.935365,0.9347285000000001,1
b3d741fd-8883-4ad6-8690-a23e7971c00e.jpg,1,0.87793064,0.79611707,0.837023855,1
dc934272-7ab9-4cde-8f26-cc30fa252c63.jpg,0,0.020402027,0.019182159,0.019792093,0
b9714b30-02e6-4b6f-b8e9-abf5ded6cdac.jpg,1,0.8424395,0.7759457,0.8091926,1
ead07220-5b60-4002-ab4f-35c449e7e655.jpg,0,0.014480381,0.0133064985,0.01389343975,0
9306c7b0-ed5b-4825-b4b0-d966719afb4d.jpg,0,0.18855517,0.21265268,0.20060392500000002,0
733ae187-399f-43ad-a335-45f729449dcc.jpg,0,0.01048163,0.0059803748,0.0082310024,0
7a7b64f0-3b2f-44df-af52-2b4896765ee1.jpg,1,0.27329633,0.03981452,0.156555425,0
af60bb48-0ea0-4d54-a932-7e9bcc970d7f.jpg,1,0.97483116,0.7969001,0.8858656300000001,1
110eb143-19a3-4071-acb2-970d8a68b452.jpg,0,0.9252694,0.8375366,0.8814029999999999,1
7805f0c3-e62e-4b71-902a-3232f605a7ec.jpg,0,0.05569798,0.025292946,0.040495463,0
de53cf5e-a1f6-4a7d-b37a-9519f0ad0284.jpg,1,0.97611266,0.9659431,0.9710278800000001,1
900a9884-0f7f-402e-bf12-5bfc3ef5fe2a.jpg,1,0.98307943,0.9840295,0.983554465,1
f002f63b-23d4-471b-b502-3b09bcf740b4.jpg,0,0.016183557,0.41977033,0.21797694350000002,0
e3456d82-45cb-41ba-bc7a-956c11b590d0.jpg,0,0.10347521,0.8746286,0.489051905,0
469f264f-6939-49f4-9d5a-a398e45d470b.jpg,1,0.98370785,0.97308636,0.978397105,1
0b4fb02a-6a21-4dd2-aecf-acc67fb1baab.jpg,0,0.043455143,0.089297235,0.066376189,0
2795a70e-71b5-4e56-a2e3-b99e00b5612d.jpg,1,0.9710078,0.97799355,0.974500675,1
64b8eaed-bf23-4cc4-a815-193c66820ea6.jpg,0,0.01089768,0.012849879,0.0118737795,0
765b898d-c49f-41ba-8332-5279f82a406e.jpg,0,0.51668257,0.20124038,0.358961475,0
574a50bf-a0e5-4fe3-9397-4f80c85dd7e0.jpg,0,0.662358,0.94275314,0.80255557,1
5f13942a-a1e6-445b-a1ac-e68c2c28eb42.jpg,1,0.96908647,0.9422017,0.9556440850000001,1
fdbe4b25-9402-4756-9508-f541d918697c.jpg,0,0.0278364,0.013193745,0.020515072500000002,0
5a8a7321-b26f-4d5b-ae62-cc0f5e53c43a.jpg,1,0.91604644,0.7914419,0.85374417,1
2dfeee0b-b97d-4486-942d-527d3f2fdb7e.jpg,1,0.667825,0.8327248,0.7502749,1
0463578e-fdec-45f6-a119-61401e3999ef.jpg,0,0.010578927,0.029562363,0.020070645,0
79d2bf8e-ed49-4b5a-9377-a70753f4eb94.jpg,0,0.14368783,0.26884285,0.20626534000000002,0
f6d3d1cc-e3b6-461d-958c-2717eb02e947.jpg,1,0.097436965,0.88161206,0.4895245125,0
4a85768a-62ac-4f56-ba66-20a0f910d42f.jpg,0,0.059240967,0.32770038,0.1934706735,0
0833fcba-297b-4cc6-b6ad-0c536004a3fc.jpg,0,0.024558997,0.009078083,0.01681854,0
dc4f23fb-e895-49b5-87cb-8742d92c7c2c.jpg,1,0.9813939,0.9704778,0.9759358499999999,1
9ac440c9-1e4f-4b4d-a515-3a1149d5a293.jpg,0,0.018694622,0.0068958416,0.012795231800000001,0
63b55a82-6556-4b14-9e87-f8568e304e66.jpg,1,0.97595936,0.92804986,0.95200461,1
ba942355-882d-4e9e-b29e-4e1826d1ebd1.jpg,1,0.9848563,0.9102425,0.9475494,1
4cce918e-8220-4171-bfd7-9f07158da829.jpg,0,0.052420165,0.3390489,0.1957345325,0
16002d17-63a6-42f3-b7c6-68e27f781138.jpg,1,0.9665161,0.6978352,0.8321756499999999,1
19b97717-f3f4-45e9-834b-2ebcf1b0d9dd.jpg,1,0.9890792,0.96789974,0.97848947,1
10f18af6-9ff9-4804-a61b-09905a8d99c4.jpg,1,0.02923931,0.2966599,0.162949605,0
8a5ccd45-0965-4a18-adb2-1d30a07e2841.jpg,0,0.029689254,0.05370003,0.041694642000000004,0
3620eb5c-e92d-447f-91a6-36a85aba53b3.jpg,1,0.9837821,0.9418979,0.9628399999999999,1
230c2946-c86a-4178-8512-5628e3d5043e.jpg,0,0.024447402,0.01194821,0.018197806,0
1609da1d-545d-42d2-b603-85407729bd05.jpg,1,0.9723057,0.95030135,0.961303525,1
78a86797-5a3c-4dff-903e-615661f4a5e9.jpg,1,0.9735548,0.9917741,0.98266445,1
bb08eef1-aad8-4a81-a564-64620a50a060.jpg,1,0.97530514,0.98284274,0.97907394,1
45f89a38-f889-4a8d-a65a-0c01da4c37db.jpg,1,0.9773717,0.9680769,0.9727243,1
d73fb06c-3955-48d3-9f1a-403338c7d80b.jpg,1,0.91249627,0.13696258,0.524729425,1
80dbbce3-d770-4e4a-894d-5b8c6f9fd5fb.jpg,0,0.13688032,0.023431458,0.080155889,0
396f4836-2747-4840-b956-03fb781b3439.jpg,0,0.06394221,0.01111656,0.037529385,0
95f95c7e-4c06-414c-bb6f-b38a91859d3e.jpg,0,0.039767567,0.22016625,0.1299669085,0
4a363343-ffae-4d34-ac19-3d398975ad0f.jpg,1,0.9705119,0.8392151,0.9048635,1
e6c65cee-70c5-4ff2-a1b1-3601a3e2048b.jpg,0,0.8114743,0.1336656,0.47256995,0
e989701c-007a-4b09-b101-6a418850b0f0.jpg,1,0.97661334,0.8055219,0.8910676200000001,1
5de6d662-602f-49cb-88dd-b6be62dcb0f2.jpg,0,0.02445236,0.027569488,0.026010923999999998,0
5ba318b6-43c8-42be-9ce5-7b9de800f89a.jpg,1,0.98367506,0.82606894,0.904872,1
5d86767e-f5d0-483e-bd45-ecce4a9c93a8.jpg,0,0.018894149,0.35153475,0.1852144495,0
0c36dcf2-9308-48e2-8f6a-160dc3499f36.jpg,1,0.5098405,0.9626785,0.7362595000000001,1
be0903b7-4982-4b59-8268-6ebe7b83ea0e.jpg,0,0.037750524,0.02626004,0.032005281999999996,0
9bd4e0a5-85ae-4f8b-afa2-cfd731d4bc2e.jpg,1,0.97803384,0.9874117,0.9827227700000001,1
9e119787-9831-480b-9888-6e93c33161d8.jpg,0,0.9339459,0.19449748,0.56422169,1
dd5a2684-f9b0-4b88-91b1-8e8588e970f1.jpg,1,0.9667538,0.9595072,0.9631305,1
369fee9d-31f7-4b2d-a421-4ea05caf05a9.jpg,0,0.028657185,0.011559674,0.0201084295,0
0a54a103-d613-403f-a49c-f6e361abfffd.jpg,0,0.12959059,0.021786543,0.0756885665,0
bddbaec9-1f5d-4516-8df5-bf03e2366242.jpg,1,0.97824675,0.9887063,0.983476525,1
baac543b-7519-40b4-9869-3f8145247d30.jpg,1,0.93142843,0.74436927,0.83789885,1
88fafa53-455a-4fdf-9109-b471d049cc3b.jpg,0,0.022762902,0.014394467,0.0185786845,0
5296ba21-7819-4c5a-938d-845a5ed8028d.jpg,1,0.94396156,0.9883836,0.9661725800000001,1
29182626-658d-4a74-ab46-50fe48a9a386.jpg,1,0.9802564,0.9828637,0.98156005,1
d9ec04e5-c89a-4653-a697-38254307cac1.jpg,0,0.007787554,0.010463481,0.0091255175,0
5434f639-5e5b-4b9f-9c6d-0ed134767121.jpg,0,0.020634826,0.007319668,0.013977246999999998,0
a8c78017-c281-4f44-9ca7-d7f8b5a483b8.jpg,0,0.033501152,0.039769974,0.036635562999999996,0
bb8ae99a-36b5-420e-91a6-4e39cc2e8099.jpg,0,0.94847566,0.9354252,0.94195043,1
abc209ab-a621-4983-bcd9-e43321c9177d.jpg,0,0.14303477,0.08805198,0.115543375,0
5fb823e3-70b5-49fe-947b-7701b9cb8440.jpg,0,0.08531914,0.2809712,0.18314517,0
01708295-5d84-4b53-8070-03dd22ed3838.jpg,0,0.40583906,0.4736546,0.43974683,0
3d766dfd-9dd9-4704-b1b4-224ecda067a1.jpg,0,0.17580725,0.14018321,0.15799523,0
8ac4bfb4-deca-48ca-aed7-4905152851cd.jpg,0,0.042957842,0.07818248,0.060570161,0
c3fb1e1e-30e3-43c6-89d7-e27318ed6363.jpg,0,0.023208871,0.026580015,0.024894443,0
9bf5c2fa-9436-4f50-8c51-68b9525fbce0.jpg,1,0.9741767,0.9799387,0.9770577,1
489c7a77-65d4-4bd8-bd08-08b72c374d43.jpg,1,0.980797,0.9841142,0.9824556,1
032a87c2-dbd7-402b-b218-27787a063333.jpg,1,0.6537823,0.6597685,0.6567754,1
6b2b1f56-60bb-44b3-8b77-27f0e4e01600.jpg,0,0.04026107,0.33759904,0.188930055,0
be01bd9b-adee-44f9-b48b-346e09442e03.jpg,0,0.024246639,0.014188143,0.019217391,0
6d6f5e9f-d82e-4a2f-b755-e57ea46896c6.jpg,1,0.98387724,0.5818739,0.7828755700000001,1
6ad4974b-b5d7-4b9f-9fa8-086d0756affd.jpg,0,0.49428764,0.35486436,0.42457599999999995,0
24d47930-8ab1-4425-ba77-c436c0188d01.jpg,0,0.9484889,0.118371576,0.533430238,1
ee0ddd00-9342-493e-af29-43520bcdeb7c.jpg,0,0.02659659,0.009987774,0.018292182,0
98a5aa01-3bd4-42e6-ba36-3da8f6a45840.jpg,1,0.9573617,0.64348435,0.800423025,1
a122d2bf-63e7-4f4b-8e93-4b41e2940bce.jpg,0,0.027597442,0.20489693,0.116247186,0
2108d651-83d4-4763-bb0a-344ebe96f871.jpg,1,0.9729266,0.87203175,0.922479175,1
84452947-b60a-4b22-8abf-0de9afa55b52.jpg,0,0.12405735,0.049100753,0.0865790515,0
187e6598-3630-4dde-8e5b-4fca8de749cb.jpg,1,0.96974057,0.95290065,0.96132061,1
f9ea0b09-b9ba-425c-b6ab-2e9bc145b9eb.jpg,1,0.976288,0.97747105,0.976879525,1
1e3a60fb-fe88-4eab-993f-65e312f285e8.jpg,0,0.024382452,0.035846863,0.0301146575,0
cf61b4f6-3392-4199-ad38-e752a4091abf.jpg,0,0.8800408,0.8044651,0.84225295,1
fd71ea46-c3e5-43ab-a8a8-a8c3ac66a566.jpg,1,0.940934,0.8364441,0.88868905,1
a5c6a16b-79d2-400e-b66d-c2283074272a.jpg,0,0.026331095,0.03317158,0.0297513375,0
c76fa7dc-da71-4291-8809-4fa7423d27cd.jpg,0,0.059907794,0.29410216,0.177004977,0
7c3cf0a7-50b8-4e2a-ab78-3bef791d234e.jpg,0,0.009868552,0.110662006,0.060265279,0
aa479f14-b7a2-49c0-8a53-7e13d0bcf00e.jpg,1,0.97050095,0.8750646,0.9227827749999999,1
2be6d5cc-16a3-4935-8c59-809f157d3152.jpg,0,0.95684344,0.77937675,0.868110095,1
13684705-3e6d-4314-8909-f81a81f4d155.jpg,0,0.5763006,0.04600512,0.31115286000000003,0
fe18be6d-0d99-4f6d-99fa-b4026dd6f98e.jpg,1,0.9712518,0.97906893,0.975160365,1
aa1a2eb5-d11e-48eb-b960-d4c4fbaf9ce5.jpg,1,0.9728675,0.9873245,0.9800960000000001,1
fb0d20f8-24f9-4a75-951c-5f6c5d2b64ae.jpg,1,0.9814175,0.96683836,0.9741279300000001,1
09b4ccbe-a88a-4ae4-945f-e2b5d5ef8971.jpg,0,0.026383007,0.009467288,0.017925147500000002,0
e0eea8b5-04f9-4b07-b443-7a7629c38679.jpg,0,0.4323775,0.17550592,0.30394171000000003,0
41496774-b1f3-48f3-aa66-9c7f7eb16d04.jpg,0,0.19056065,0.75438124,0.472470945,0
a46ae6e3-a6b3-46ec-8477-9ab4fe9a1990.jpg,0,0.22513576,0.18060572,0.20287074,0
cba89533-a527-417a-9178-937637ae4ff4.jpg,1,0.98216105,0.98199964,0.982080345,1
489ae32e-fe9a-4f45-9b15-4ee67252c93e.jpg,1,0.81372666,0.9493201,0.88152338,1
2b28c612-d327-4829-afbb-2b7defc699e4.jpg,1,0.98391587,0.7081187,0.8460172850000001,1
bfa352d2-3d4d-4e2b-be89-840b2ff4497c.jpg,1,0.9443092,0.79272383,0.868516515,1
887ea533-f56e-43f6-8bbb-dda3e68056c3.jpg,0,0.024115711,0.03869998,0.0314078455,0
8b7cdf4d-101c-446a-a1f4-c1cf4f64ceee.jpg,1,0.9717789,0.9669671,0.969373,1
dd5f9746-444e-4448-aef7-75c06c745879.jpg,0,0.027262198,0.059383065,0.0433226315,0
3c581650-15a7-44f1-b76d-7e7bd1295768.jpg,0,0.013168089,0.018776262,0.015972175499999998,0
f47a211e-7aaa-40b6-b8d2-9b742964b08a.jpg,0,0.9026006,0.821287,0.8619437999999999,1
734f313b-8883-47ee-8b2f-2b3d2633e09c.jpg,1,0.96561766,0.9719643,0.9687909800000001,1
fc83062a-dd4d-4490-a496-9ce1dd71c020.jpg,0,0.7682691,0.8034833,0.7858762,1
8d54001c-7061-4c6e-9fea-49feb8607790.jpg,0,0.036754787,0.04308543,0.039920108499999996,0
00bc8a95-bc51-4353-a424-908f772f6393.jpg,0,0.027463883,0.03203323,0.029748556500000002,0
4f4e74f2-e332-4d93-b859-c8ef68ff6703.jpg,1,0.9613927,0.9026435,0.9320181000000001,1
241bd748-7c3c-4d8e-abe1-2e8a1ae53478.jpg,0,0.8034835,0.09063957,0.447061535,0
5a9b75de-dd73-460e-8a94-d1aa335e3a9a.jpg,1,0.9730733,0.9571144,0.96509385,1
61455f74-16e4-4346-8bc2-d864dab328c0.jpg,0,0.016027546,0.016282706,0.016155126,0
2820c95a-f7ad-4e6c-917e-6b532e44fa3d.jpg,1,0.9077766,0.8507299,0.8792532500000001,1
d75d7dec-5be3-4319-8fa7-fdaf73b3d649.jpg,0,0.91061765,0.12809505,0.51935635,1
6798a6a5-06e5-4b0c-ae87-3e4820c33fc3.jpg,0,0.015576203,0.049828857,0.03270253,0
a132a413-e7a6-45ab-8ccc-b866d6eae77d.jpg,1,0.91269636,0.41837144,0.6655339,1
02cfc65e-acab-4d9f-ab54-b55215535acf.jpg,1,0.6212768,0.5573823,0.58932955,1
ef76d1cc-ae97-4e18-bd07-eb3fcdfea604.jpg,1,0.98333,0.6597921,0.82156105,1
ae42e1b1-4c0a-4a09-8624-b5ff03ae5c9e.jpg,1,0.9834613,0.8949146,0.93918795,1
2dc98811-8a29-414d-8285-168782e1e871.jpg,0,0.011272308,0.008824973,0.0100486405,0
6b1f5a58-aba8-46df-8a77-9a6fa3261b71.jpg,0,0.8546178,0.16156328,0.50809054,1
3da61004-656b-458f-a71c-318f131e4c75.jpg,1,0.9741063,0.9780569,0.9760816,1
2d335549-7e1f-45fd-bc1c-3202dd0b5fe6.jpg,1,0.9930196,0.98483187,0.988925735,1
72a4cf82-cfcf-470e-9cf9-793cd87de1ba.jpg,1,0.9808001,0.92378825,0.952294175,1
4ca6ce39-1b46-4cdb-9ce2-3e3f31cf75ee.jpg,1,0.96711427,0.91346836,0.9402913150000001,1
3df32ed1-5382-4f29-b8c3-e866e9677d1f.jpg,1,0.98230475,0.63016933,0.80623704,1
b2887e31-fdbb-42e6-b3a1-272e2b9c12be.jpg,1,0.72745204,0.84843117,0.787941605,1
eecabb83-0874-4d11-a31c-685098b9d918.jpg,0,0.04548191,0.11338669,0.0794343,0
9f23acb3-b172-4f4a-86aa-59d1d6819147.jpg,1,0.9773352,0.987442,0.9823886,1
384a8da7-36fe-4eb1-887f-142d0d30a0cf.jpg,1,0.9664367,0.4240907,0.6952637,1
6c686832-8f93-4094-9caf-05b4b8cd0810.jpg,0,0.21484871,0.14632683,0.18058776999999998,0
c12fef3d-fe83-4418-95e8-7b12d758e70d.jpg,0,0.015822245,0.016618708,0.016220476499999997,0
6e6ed7a1-8c39-4b0f-be5e-709c9747a922.jpg,1,0.527664,0.37454775,0.451105875,0
76fd6286-28d0-4023-a7f7-0e3d0eec4be9.jpg,0,0.034016628,0.04953495,0.041775789,0
6cb25ecd-e376-48da-9128-31a465a15ad4.jpg,0,0.57004225,0.24578488,0.407913565,0
789ff59d-1b9d-4c23-8b63-b338fe131d78.jpg,1,0.9953699,0.96822196,0.9817959300000001,1
e3e49b79-00a0-4852-9c8a-601dff07aa86.jpg,0,0.027910376,0.0012943129,0.01460234445,0
54d46328-af94-47c7-80de-0c51e97770c5.jpg,1,0.97484,0.9757493,0.97529465,1
513f1e3a-192c-423a-af20-9f896e7c2fb5.jpg,0,0.025174074,0.013252542,0.019213308000000002,0
238933e0-0882-4ed2-8705-3a4d8a1d02b5.jpg,1,0.24287523,0.032661173,0.1377682015,0
5bd76c9f-57ea-48ef-8b72-2621e011bbe0.jpg,0,0.099358805,0.08302875,0.09119377749999999,0
a3b64ab9-61db-4800-babd-1e5a271913ed.jpg,1,0.8533349,0.7176915,0.7855132,1
ee61acdf-2aad-4f72-9a96-f3fa50920c1f.jpg,1,0.98617554,0.970643,0.97840927,1
c2b22956-ef57-4140-9c3c-66c40763dec9.jpg,0,0.054221284,0.0032623147,0.02874179935,0
11d3878a-c67e-4942-b325-fbbf5a219f2d.jpg,1,0.98147494,0.9748907,0.97818282,1
61ef197c-209b-4582-af55-941ca0064374.jpg,0,0.23464261,0.14264528,0.188643945,0
98cb6f89-bc7d-49e9-9969-0aa043f976a3.jpg,0,0.09969408,0.0151361255,0.05741510275,0
bfc09a8e-d4dd-49a9-b9cd-03afb2866d08.jpg,1,0.9778109,0.95067817,0.964244535,1
99a6094e-a8b5-4d1b-8255-88ed9ee270ea.jpg,1,0.90610343,0.13078424,0.518443835,1
ee1134b9-1c9f-4fc6-bbea-4778c73e8791.jpg,0,0.46509072,0.4776884,0.47138956,0
8f6304fa-0fd9-42e7-b8d3-bd0ffad01ac0.jpg,1,0.97948885,0.5792055,0.7793471750000001,1
263e7cb7-f38b-48ab-90fd-47a208777a06.jpg,1,0.9785952,0.95276743,0.965681315,1
f684d59b-815f-4dd7-94d1-967623c3c23e.jpg,0,0.026689962,0.09478095,0.060735456,0
aeb8a9c9-626f-4dbd-a12f-5eaca751372f.jpg,0,0.27695933,0.029002251,0.1529807905,0
ab5e57ab-25d4-4fc7-a1e7-c707b90ce610.jpg,0,0.040581945,0.01490471,0.0277433275,0
ba8e2a8a-57bd-459d-809f-9ad298c87276.jpg,0,0.025066137,0.01627102,0.0206685785,0
e8dbe49a-49f0-4928-8b30-3f8d793b96fe.jpg,0,0.01230685,0.21786167,0.11508426000000001,0
3bd41693-49df-4483-b784-8f52ff9ac1c2.jpg,0,0.028191088,0.028248757,0.0282199225,0
5a034686-f475-405f-bef1-cd7e401913b0.jpg,1,0.98282194,0.9512928,0.96705737,1
82c72152-77fd-45de-83b9-8caf4936ef6f.jpg,1,0.94197494,0.5977444,0.76985967,1
1b2c2cce-5818-4cfb-8907-10c39d8ac0d4.jpg,0,0.2125162,0.032618854,0.122567527,0
c27c6c60-22d8-4ea0-a558-90ff54e8feed.jpg,1,0.98449117,0.7107003,0.847595735,1
01bc49c1-c1cc-4eb9-9b3a-5153c9953fbb.jpg,1,0.9714529,0.9574596,0.96445625,1
a8c8e3d6-3ac5-4337-870f-6c9be27e63e5.jpg,0,0.9583904,0.5304214,0.7444059000000001,1
8acd79cc-a567-497b-a7d6-15c07f1770b4.jpg,1,0.95919555,0.96990556,0.964550555,1
b12b4666-ddd0-41f6-90af-951ce3564e20.jpg,0,0.03010915,0.014152012,0.022130581,0
5f44ee55-ca09-47e0-9bd4-f18a210fb2ab.jpg,1,0.9749947,0.9584756,0.96673515,1
4f0e5a17-341b-45fc-9025-2837f1832ea3.jpg,0,0.88669705,0.032899607,0.4597983285,0
91eb7e7b-d3f5-42d1-a910-3577bc7978f3.jpg,0,0.29151765,0.05321564,0.172366645,0
5eff189b-c4fe-4139-82a1-bcdcbe19c35e.jpg,1,0.97235996,0.96996856,0.97116426,1
426cc3df-34a1-41f9-8eda-d584ccc92921.jpg,0,0.017585715,0.013254057,0.015419885999999999,0
b75975f0-2702-4088-a230-0378b28fd79b.jpg,1,0.9835033,0.969611,0.97655715,1
acc38d72-b217-4b15-bfa3-578f97571d77.jpg,1,0.91198635,0.8593981,0.885692225,1
de9b1ed1-c801-483c-b787-0416fe633534.jpg,0,0.015577228,0.02469103,0.020134129,0
25129d1a-eaea-4943-8ae4-db77b44a2d7f.jpg,0,0.016641399,0.020892305,0.018766852,0
59659b70-e204-4699-ba6e-e1d10a9d0607.jpg,0,0.18709826,0.026940765,0.1070195125,0
c32f0f60-0519-4cc0-9acb-ab9cd76e13e0.jpg,1,0.9718609,0.79187965,0.881870275,1
5c647d62-6121-48b4-952f-41c1c528f814.jpg,0,0.020470718,0.0054084933,0.01293960565,0
701f9823-adac-43da-afca-03eab2d5bf47.jpg,1,0.9764488,0.8144975,0.8954731499999999,1
5fd67aa8-eb5c-4732-99ec-c835ba08bbf4.jpg,0,0.93618685,0.028650159,0.4824185045,0
819a9c68-ec21-4f2c-b2d6-7353876a8e42.jpg,0,0.03472722,0.030537814,0.032632517,0
8e418626-6fbc-4fc1-9344-4e1e5cfbe62b.jpg,0,0.17461371,0.02026313,0.09743842,0
0b428239-4b91-4a03-b5f1-978b3a8a0ab1.jpg,0,0.23040038,0.15128328,0.19084183,0
4b8734f9-a864-433b-a022-cbe3fd74f876.jpg,1,0.9722853,0.93759614,0.95494072,1
8e6c3dfb-5fcb-4b4e-99fb-f79172b6c1be.jpg,1,0.8974537,0.90664434,0.90204902,1
0b6db2ce-b30a-49f4-b12b-667c4067d394.jpg,0,0.019459747,0.009628673,0.01454421,0
c0f426a3-4d1e-4024-8a90-41f9bdf3f985.jpg,0,0.038926814,0.018313749,0.028620281499999997,0
95e8a026-0118-4aad-8ab0-8ef1a34aed86.jpg,0,0.02655591,0.02550488,0.026030394999999998,0
69fb0486-211f-4ce4-8eb9-f222ccd186bc.jpg,1,0.966454,0.9874864,0.9769702,1
25ed6cd9-96fc-4216-9421-831742a8cfd2.jpg,1,0.97596145,0.91309434,0.944527895,1
64bbc790-9b05-4a27-8c6e-3bfcb831d01a.jpg,1,0.9783314,0.9812586,0.979795,1
0d177d0e-4820-47fc-8363-9c752eb46ffe.jpg,0,0.029036256,0.007230971,0.0181336135,0
9866b466-49f8-4cc8-bad9-083d0a33be5a.jpg,1,0.97833014,0.9516503,0.96499022,1
f1906723-3a4d-4f28-b0fd-18ffe5ca9614.jpg,0,0.03368309,0.16723318,0.100458135,0
4029e8d0-8b9f-4e6d-ac7d-4d7252b1322f.jpg,1,0.9778166,0.87686723,0.927341915,1
d2ceb7e5-4c16-461a-afcb-0722d00789e2.jpg,1,0.30160418,0.20620202,0.2539031,0
e21885b3-7894-40de-b27e-08ad9e676752.jpg,0,0.02035016,0.014313514,0.017331837,0
b688d2c7-871d-4117-827d-c6b64d1fdd8e.jpg,1,0.984859,0.9721296,0.9784943,1
b3313b2f-9b1e-4f75-82f5-7b3c40f1e68f.jpg,1,0.993054,0.9933209,0.99318745,1
695cb266-028f-48e8-875c-3945937f56c1.jpg,0,0.04156088,0.009722118,0.025641499,0
f4eb5936-0576-417a-bc0a-0a83f46f40d0.jpg,0,0.021199012,0.010295853,0.0157474325,0
bd25cd10-bcff-4f17-a348-16a3bb497405.jpg,1,0.982441,0.8544481,0.91844455,1
c6223eec-30ef-48eb-938e-c2419c3511e4.jpg,0,0.046066508,0.019720111,0.032893309499999995,0
90ee6e38-36b2-4961-8151-befc2add526f.jpg,0,0.016256446,0.012085912,0.014171179,0
aacc52fa-9e2c-44ec-ae15-d0de7acac4e6.jpg,0,0.045757856,0.024620965,0.035189410500000004,0
4832f5f7-fc27-49f4-93a7-e582b33abd24.jpg,0,0.0102266045,0.016471474,0.01334903925,0
710e467e-e025-40c4-b6e0-898ffb13195d.jpg,1,0.97705793,0.9914083,0.984233115,1
f2ec8a9d-beae-45ec-8256-592b63b0c629.jpg,0,0.11077291,0.43086419,0.27081855,0
664935ab-2e3d-4be2-932b-b51116659b87.jpg,1,0.96667194,0.7467773,0.85672462,1
95cd4c1f-836f-46ff-ab11-d98dc0850506.jpg,1,0.36105093,0.62069774,0.490874335,0
26de4515-0011-432d-9c79-a0ab9f755b64.jpg,1,0.98093486,0.9466725,0.96380368,1
33e2929f-7490-4795-a439-fe3abe672aa0.jpg,0,0.02625759,0.048912514,0.037585052,0
e47705a1-f27b-4007-bad5-3ebb4808aa09.jpg,0,0.0116445795,0.008231472,0.00993802575,0
e4f79840-aa7d-449d-ba6c-0839dd24d22a.jpg,0,0.08122335,0.3151141,0.198168725,0
c228a5dc-c5fa-47be-9c80-7af07c5c561e.jpg,0,0.026917137,0.04185779,0.0343874635,0
d2c02996-5cdc-4459-b7b5-83658cdab950.jpg,1,0.973996,0.8658778,0.9199369,1
93da35e9-6df6-4c40-aa77-b40fdc58c5f0.jpg,0,0.066303946,0.069861926,0.06808293600000001,0
2be9f9f1-9e13-4a9a-9f02-70b2a1e4c962.jpg,0,0.011643385,0.020418912,0.016031148500000002,0
00a7efcc-c313-4a5c-ad7c-c377f0084e6e.jpg,0,0.12527584,0.6461342,0.38570502,0
68f91634-c67c-4ad0-8b41-5ff49d0cba79.jpg,0,0.020496786,0.03126386,0.025880322999999997,0
1962fb5f-b0d0-4dba-866b-4ba4f6f8c871.jpg,1,0.95124155,0.9565425,0.953892025,1
e7c55c4a-574c-4c26-a371-b583b6f20315.jpg,1,0.97379184,0.7057778,0.83978482,1
aead6837-8a01-41bf-8727-02a9dd4b0955.jpg,0,0.016644208,0.004854213,0.0107492105,0
f65d9c4e-ee85-4454-84a7-40c721897e0c.jpg,0,0.016267983,0.013929627,0.015098805,0
7d279a65-67aa-4e9a-9d27-94fd29cc990f.jpg,0,0.037219983,0.036753412,0.0369866975,0
8453769b-b44c-4f40-8f22-596f05322cfd.jpg,1,0.047900338,0.120693706,0.084297022,0
df9fd94c-a146-486f-93ca-5e7ca0e9f1d6.jpg,1,0.97525,0.96826714,0.97175857,1
4a7b5b55-c245-4926-b79a-a37a2e3f8548.jpg,1,0.94354135,0.9850609,0.964301125,1
c9e45420-6654-42dd-b958-193c98d4f806.jpg,0,0.17189245,0.035098307,0.1034953785,0
baa9f385-69e6-4f54-842c-03a5aa252d04.jpg,1,0.09440968,0.18861388,0.14151178,0
4138e04b-1b79-466d-900f-41d4915a1122.jpg,0,0.025282064,0.015760832,0.020521447999999998,0
8a5c8a4d-b424-4849-adea-7d7091d287bb.jpg,0,0.017938511,0.00912371,0.0135311105,0
b09b26ac-2e4b-460a-b6e1-fed138dc6c67.jpg,1,0.978673,0.6356582,0.8071656,1
2dfd1867-9db7-4848-afc6-91a518ab411b.jpg,1,0.24524231,0.05336501,0.14930366,0
434eb513-ccfd-4949-a7bb-90aa8d1c75ae.jpg,0,0.37894347,0.44612697,0.41253522,0
12e9bbde-516d-421a-a184-1c189af169df.jpg,1,0.96873266,0.97935987,0.974046265,1
6836d0be-67b6-438e-a33e-ce187b1fac47.jpg,0,0.024147058,0.1369044,0.080525729,0
3f213ec5-feda-4174-b7a4-49a18668f05a.jpg,0,0.2010047,0.013630933,0.10731781650000001,0
b2029d59-d14c-4d28-8945-d120d47421ee.jpg,1,0.8788622,0.3513414,0.6151018,1
b7c0eb3e-4bfc-48e3-a816-bca9f74a7f66.jpg,1,0.89608914,0.8824429,0.88926602,1
eba4876e-b28c-44a9-85a4-a5c813736c2c.jpg,0,0.015584846,0.042701617,0.0291432315,0
d65b9839-4085-4fbf-9727-20d89c61bafd.jpg,1,0.96770644,0.8986966,0.9332015199999999,1
ce123cc5-6948-451d-9b4b-f6e5c1cfd5ef.jpg,1,0.9445303,0.34518817,0.644859235,1
66301083-da3c-4ad0-87c8-df98bbfe5675.jpg,1,0.9840533,0.7769248,0.88048905,1
f876a513-db5b-4abe-9c71-8e9c00497fc4.jpg,0,0.7798299,0.035530254,0.407680077,0
80e37a73-10c3-4cc4-8e48-e19f5e9d038e.jpg,0,0.9425848,0.89236015,0.9174724750000001,1
bf61e861-be47-4c37-bc77-3cb92dfd37c3.jpg,1,0.98724526,0.9124124,0.94982883,1
d23a6633-f9e6-4317-ab5f-4c26ac1ea6e4.jpg,0,0.23860128,0.6221481,0.43037469,0
575f9880-c01d-4382-b613-4c5f86508eb4.jpg,0,0.02750191,0.01896819,0.02323505,0
556eb41f-6171-4b18-8671-db5690bed58e.jpg,0,0.040007066,0.022335714,0.03117139,0
bead5cc1-6d8f-4820-9252-c7026353f012.jpg,1,0.97518873,0.9218378,0.948513265,1
6e0f1aec-f14a-4c92-a45a-15197fd2cac0.jpg,1,0.97104234,0.72392493,0.847483635,1
5e95f6ed-3d67-4db5-927c-f4510792cc3e.jpg,0,0.12089374,0.08637187,0.103632805,0
57723ada-9c3b-4c04-b636-6fb79db16d36.jpg,0,0.051855642,0.020538924,0.036197283,0
6534e81f-b300-42c9-b620-4bb2335e379b.jpg,1,0.97374606,0.90936357,0.9415548149999999,1
21a6f66e-8818-4437-b1ca-ae2845d4bdef.jpg,1,0.97372675,0.9363807,0.955053725,1
5a1137c5-5315-4365-9421-793454f41093.jpg,1,0.96572787,0.67683476,0.821281315,1
b6cad44e-3e9d-45f0-b3d1-7f332db56f49.jpg,1,0.97227937,0.91202766,0.942153515,1
834f8d00-dc64-472b-b96e-1e90fb6461ef.jpg,0,0.27627373,0.33007267,0.30317320000000003,0
70cfec12-72cd-4fea-9e22-558b284a6d4a.jpg,1,0.9852826,0.949848,0.9675653,1
1111882f-b933-49ba-b17f-37e971935c5e.jpg,0,0.01172066,0.19062777,0.101174215,0
c1d13db6-56b6-4801-9f38-ce768ad9becb.jpg,1,0.94083977,0.31202507,0.62643242,1
94e5b22a-c065-49df-9f9a-531b50d035dd.jpg,1,0.98443073,0.9629255,0.973678115,1
1b3c9366-7461-4276-b57d-ac3b2ea71589.jpg,0,0.04882237,0.04298556,0.045903965,0
44d27360-8403-4147-a295-2e32f6eeef4b.jpg,0,0.048914004,0.10719039,0.07805219699999999,0
53f17047-33d9-43e8-bc76-102cf0749e36.jpg,0,0.028390447,0.007156636,0.0177735415,0
4dd456c0-ad97-4552-87c4-8edc9c3a103d.jpg,1,0.97085625,0.82604647,0.8984513599999999,1
584e64f4-ed48-4be4-9a32-072123956589.jpg,1,0.9438068,0.98242503,0.9631159149999999,1
bef38b37-9f4f-4f01-802d-b15e90adcb43.jpg,1,0.9731069,0.98598355,0.9795452250000001,1
d72b8360-dd04-4781-994b-1f3d0ab52eba.jpg,1,0.96683735,0.83928776,0.903062555,1
313e11c5-8007-47fc-8dc6-105ec394a9c1.jpg,1,0.9425412,0.9358867,0.93921395,1
bf664bad-0db7-4876-93e4-ca053d656622.jpg,0,0.025401747,0.015431891,0.020416819,0
63b7946d-e1f9-4420-b982-de2e626e79d4.jpg,1,0.9788204,0.9815209,0.98017065,1
dbceaabd-f7b4-4623-8ce9-575d317671e8.jpg,0,0.035018906,0.01893394,0.026976423,0
e70ae34b-db09-4910-a10b-68e735a94780.jpg,0,0.008001338,0.023466453,0.0157338955,0
1434bd6c-1057-4f8e-9f78-0dd5893d694a.jpg,0,0.017890917,0.028121287,0.023006102,0
8620d33f-2610-4f2c-a8fe-2e7d3e7e0d8b.jpg,1,0.13086714,0.52728015,0.32907364499999997,0
745dbb23-ff50-4c57-9abc-e219be01645f.jpg,0,0.05056939,0.08657024,0.068569815,0
0aa4df51-c5ee-46cc-926c-ba688f5f9bef.jpg,1,0.93354255,0.9460473,0.939794925,1
a77a7fc3-8cdd-46c1-b94c-d3c3265afdc4.jpg,1,0.97367746,0.55051047,0.762093965,1
15fc59d7-2f78-4303-905c-68ae9f8e6778.jpg,1,0.9640479,0.9655606,0.96480425,1
31156def-531b-420a-959c-7cb02d86b40e.jpg,1,0.9674669,0.98548746,0.9764771800000001,1
57d520c0-1957-4217-8878-4268a52407f9.jpg,0,0.019275906,0.020506158,0.019891032,0
c97c88a4-3a2e-460f-8650-d176bf5aafbe.jpg,1,0.2878923,0.6938887,0.4908905,0
f1f29cef-e37c-4b64-a12c-6edbb6e8b149.jpg,1,0.97967625,0.97405416,0.976865205,1
f6603700-41ad-4514-9f9a-b1a50aa61781.jpg,1,0.9616277,0.85546046,0.90854408,1
2615c433-70e5-4c55-9512-61e81f51aac6.jpg,1,0.9797604,0.9894417,0.98460105,1
5f4ee6ae-1dcd-4085-b684-b6aaa6697bc3.jpg,1,0.045302045,0.16227676,0.10378940249999999,0
415136a4-5b44-4396-88ce-8886fa30be11.jpg,1,0.0149874315,0.029122815,0.02205512325,0
d4d2d02e-d0e3-4727-b11c-d773200f0773.jpg,1,0.93132347,0.80235314,0.866838305,1
b6db4f22-1deb-456a-a0bc-c91fd37c2090.jpg,0,0.49236235,0.046076532,0.269219441,0
eef1f25d-6354-4adc-8c34-1ce73d66780e.jpg,0,0.011317837,0.002515704,0.006916770500000001,0
da660877-d2b4-4071-8c03-222c6d08ef6f.jpg,1,0.02251687,0.03361015,0.02806351,0
b3843702-b849-4bdf-8893-2d8b93d3c0c1.jpg,0,0.19935735,0.058882985,0.1291201675,0
4e044a22-e41e-49c8-afed-e75c61acf9fa.jpg,1,0.55686647,0.037665203,0.2972658365,0
5ab86fec-2157-4e02-b16f-bf94665fba89.jpg,1,0.9660351,0.69379896,0.8299170300000001,1
82d5b3db-fe68-4ec3-816f-c61e9734d139.jpg,1,0.9445131,0.92855257,0.936532835,1
21bb9bd9-f061-4fe3-af87-f5ee3e60549b.jpg,0,0.025808671,0.054688513,0.040248592,0
11673c36-29f6-4a32-a96b-3e17c75224e3.jpg,1,0.97538495,0.9755681,0.975476525,1
196dab34-dd6f-4a34-9c3c-00a74abee6c2.jpg,0,0.02656813,0.008895271,0.0177317005,0
0b2ee655-2662-4ba9-b27b-c8a60ac1bfde.jpg,0,0.014140344,0.044077635,0.029108989499999998,0
d341089c-d92f-4814-839d-315f005d7f8d.jpg,0,0.08786908,0.083900064,0.08588457199999999,0
95e37fac-38ff-4772-bfb5-129246d947f6.jpg,0,0.018282928,0.014150775,0.0162168515,0
66bcf21e-42e6-4aad-9614-90750828db50.jpg,1,0.9660494,0.95545286,0.96075113,1
e9b862fe-f816-4b23-a186-2c1e056b7121.jpg,1,0.8504854,0.026207343,0.4383463715,0
a7c0b56b-2031-49f7-9baf-63a987a92141.jpg,1,0.97777176,0.9640126,0.97089218,1
bf7bf575-e502-4a53-810c-53dab23bf231.jpg,0,0.74738675,0.54943496,0.6484108550000001,1
24e2f03e-628f-459f-8ce1-d7355b433e5c.jpg,1,0.97097415,0.41098666,0.690980405,1
79d59180-861b-4ef9-95c1-9ddef4e55a24.jpg,0,0.21773721,0.039903518,0.128820364,0
8faf917c-306d-4fef-ba05-4cdba5dd783d.jpg,1,0.976762,0.8826178,0.9296899000000001,1
ae4cbd0c-fdf4-44a7-9e91-e560ae84fff5.jpg,1,0.9140089,0.37890378,0.6464563400000001,1
81e7771b-fa69-4255-9c9e-82ac0b9380af.jpg,1,0.67055625,0.31667745,0.49361685,0
5d62144e-77c1-4f26-af3f-c8f7fa42617c.jpg,1,0.16230887,0.15585816,0.159083515,0
9717dbd7-f69e-42b4-b6f6-ef8ae772ed4c.jpg,0,0.06411765,0.07875985,0.07143875,0
7df69595-a2e2-41c7-8f77-6581682a96e0.jpg,0,0.57427746,0.5922689,0.58327318,1
2f44b745-08ff-47e1-b6d8-18e762f3bbf7.jpg,1,0.017947555,0.04435904,0.031153297500000003,0
4e5cfe9a-263f-43e9-91cd-5c8f6cf9f292.jpg,1,0.98281527,0.8292394,0.906027335,1
467c5224-2744-4c66-8b43-1cf55e542f75.jpg,1,0.53392315,0.9628156,0.748369375,1
353de9d9-c5bc-4428-ad21-6cceb292ff68.jpg,0,0.030733546,0.010160863,0.0204472045,0
966da691-95a8-474a-8aca-03dcd0ca529d.jpg,0,0.02558101,0.01887312,0.022227065,0
4ef8eaa1-59b2-4cf8-9a55-6a17f5cd5a25.jpg,1,0.9824,0.9568712,0.9696356,1
c132851c-17a2-4c96-8e49-810a1dfd2bd5.jpg,1,0.24831684,0.07479719,0.161557015,0
b4e72aef-73cb-46ff-9bde-f613bda9e7bd.jpg,1,0.96829325,0.76966166,0.868977455,1
dab0a223-82c5-4bf6-b64c-17523e37e757.jpg,1,0.332561,0.25387302,0.29321701,0
69ef374d-dcf1-47e7-ac69-5c7697345b3f.jpg,0,0.011575584,0.013973352,0.012774468,0
8b35f720-4738-4c45-a5de-436f6a96a2f3.jpg,1,0.9899106,0.48540005,0.737655325,1
4563f84c-bab2-4a1a-9535-b031b98e9511.jpg,0,0.7911463,0.024850147,0.4079982235,0
6cc2b518-4d34-46ac-8dd6-2e67f98d4044.jpg,0,0.03712556,0.21837802,0.12775179,0
24ca02a2-bbb8-4b79-9cd7-f30f81f1bf1f.jpg,1,0.9868267,0.93411016,0.9604684299999999,1
a1739286-43be-451a-9218-6f1364442ae8.jpg,0,0.4309688,0.13933152,0.28515016,0
33fafce9-e51c-4f87-bf81-9dc377890a9c.jpg,0,0.43683997,0.58565426,0.511247115,1
6a5d3404-c8c0-46a0-9b28-d4318b6c006c.jpg,0,0.021702603,0.04161158,0.0316570915,0
2ac6ba54-6cc2-46f7-9b40-12b66d37db8a.jpg,0,0.020930545,0.046068553,0.033499548999999997,0
fd9bb393-0758-42bc-a4ed-73f685c1a0c1.jpg,0,0.019385451,0.014829326,0.0171073885,0
c9e30ca8-870e-4f85-81ee-6649f06925c7.jpg,1,0.9866214,0.8914898,0.9390556,1
21848bb4-96e0-4050-999f-2a270db295f9.jpg,1,0.98216945,0.21552308,0.598846265,1
4ca100c6-603f-41ea-acea-f7a37a647214.jpg,0,0.6620452,0.25882697,0.460436085,0
84c1ce4b-0ecb-44cd-b415-aa47effc1105.jpg,1,0.77556044,0.66108125,0.718320845,1
fef10581-c913-42a0-ac1c-ee43501e535c.jpg,0,0.040699363,0.06199768,0.0513485215,0
62f2dea8-1d0c-4a93-98c2-207c63305189.jpg,0,0.02294877,0.46556926,0.244259015,0
3a150fae-bf75-4fe3-9209-d892da3d2a88.jpg,0,0.02523166,0.007933947,0.0165828035,0
6a023d6c-7d08-43db-bee2-b86a34ce8e86.jpg,0,0.3467469,0.19118999,0.268968445,0
da560d7c-6296-4fdd-9c18-325c848342c3.jpg,0,0.05435663,0.5485786,0.301467615,0
5c532685-c32c-4c03-8c29-6f7945ccfcab.jpg,1,0.7162532,0.83322144,0.7747373200000001,1
e598a45d-18f9-4e1b-813a-4064507d8135.jpg,0,0.20094077,0.14525765,0.17309921,0
de222a72-901a-4da1-927e-024d8dc8724a.jpg,0,0.041525807,0.023901148,0.0327134775,0
c26df6e0-5492-4629-9f93-5f4f7dfb458f.jpg,0,0.044210404,0.17028569,0.107248047,0
ea2d7756-4304-43cc-8b02-f0c337dd5d9b.jpg,0,0.008640357,0.058653902,0.0336471295,0
74bb41ed-5276-4e7b-8720-df85b709e486.jpg,0,0.05423674,0.12972097,0.091978855,0
f46009a5-c7ac-40cc-aca7-3ffa6ad6fd4b.jpg,0,0.04147309,0.08126088,0.061366985,0
b3a1181c-de15-4691-8833-1e8d24a9cfbe.jpg,1,0.05238633,0.20679455,0.12959044,0
d309ebe5-7cad-4f98-82d1-7e523bd30b26.jpg,1,0.9850426,0.73206025,0.8585514249999999,1
d8611313-aed5-4d5a-ad45-01444fcada6a.jpg,0,0.017217657,0.013711122,0.0154643895,0
bc557e74-cbdc-432a-bd36-0bccff8e9504.jpg,1,0.973618,0.97144526,0.97253163,1
3b7de541-edc3-4e14-a087-6406145d808c.jpg,1,0.98777694,0.8780184,0.93289767,1
c1fc5c3d-daf7-45b6-a826-d14fb947f25a.jpg,0,0.03099032,0.021347428,0.026168874,0
9ff48d5c-9f4c-447a-9ee2-295b0091a259.jpg,0,0.22801308,0.030629186,0.129321133,0
ecac9990-f190-40ec-8d09-f08b7ad8dd2e.jpg,0,0.027991973,0.044918388,0.036455180499999996,0
3174a70c-ecd8-414f-b44a-5bd1755efb6a.jpg,1,0.96203685,0.9755802,0.968808525,1
c9374471-0bd0-4be8-bc07-871293b2b4c0.jpg,1,0.97551686,0.976654,0.97608543,1
8206349b-5f2c-4efa-b027-e8df6328fff8.jpg,0,0.84619814,0.03202661,0.439112375,0
6ca21c4c-adf4-48f1-8a55-e43c8abfa9f2.jpg,0,0.102482386,0.29204866,0.197265523,0
aed18814-7213-45a1-9f87-185d7f72992a.jpg,1,0.9883186,0.97744775,0.982883175,1
69e8fe11-eab5-45d6-bc17-6749e595de1e.jpg,1,0.9748003,0.9455381,0.9601692,1
e5a521b1-62ea-4f1d-bf35-209a06f9c29f.jpg,0,0.14941329,0.016718442,0.083065866,0
b890750a-3f36-4f11-81a0-4c1e53894640.jpg,0,0.28445995,0.03779259,0.16112627000000002,0
e9d6fdf5-3488-4d33-bc47-5d2ded48cd1f.jpg,0,0.04657042,0.026717106,0.036643763,0
87f9c4c7-82fd-4383-acd1-0976983b485e.jpg,1,0.8008929,0.9181056,0.85949925,1
67a20db7-8476-48c4-935c-cea6ffcd30dd.jpg,0,0.07124826,0.025288858,0.048268558999999996,0
1d463b60-6907-4c4a-893d-08f14662a249.jpg,0,0.033029903,0.030960085,0.031994994,0
333e5185-0605-494f-aed9-5ace6eedd1e4.jpg,0,0.055910457,0.033846024,0.0448782405,0
10a7e7e7-0db9-4d2e-a759-5edcc8ce7058.jpg,1,0.15368406,0.26362845,0.208656255,0
8bb6b6d1-6a73-4e7d-a5b2-7995148db89c.jpg,1,0.96679115,0.97413355,0.97046235,1
0b05de9a-a1d4-466a-b062-e8b49de8386a.jpg,0,0.0582048,0.022914896,0.040559848,0
7324dafd-bd48-4a32-afc3-96342e0b2513.jpg,1,0.9760728,0.98887366,0.98247323,1
05c5e32e-1c31-49d8-b53d-663fd1df1453.jpg,0,0.016860193,0.017856373,0.017358283,0
3e31dbd8-6b78-4452-b172-51298e0dcce9.jpg,1,0.97338504,0.988061,0.98072302,1
4342225f-3acd-4567-8a10-9f703c321993.jpg,0,0.3142097,0.05765835,0.185934025,0
ec0f2b5e-3b1d-4e8b-8552-73f6473a92e9.jpg,1,0.9754091,0.90771097,0.941560035,1
ff879877-35bb-4c6c-ad5f-f353b6a9a1a6.jpg,0,0.37296525,0.7659641,0.5694646750000001,1
633cd3bb-79e3-408c-878a-82658d7c05a3.jpg,1,0.96461564,0.93054056,0.9475781,1
52abf193-0af6-40ee-95b3-8618ae1617a2.jpg,1,0.94396067,0.9673033,0.9556319849999999,1
7f1f1464-098d-4005-8e80-a2c294777b53.jpg,1,0.96997976,0.93421596,0.95209786,1
3e935c77-c765-49ef-9add-d3a343479d56.jpg,1,0.26653716,0.5532456,0.40989138,0
b9973429-d1a7-4718-bda0-419d29a1b963.jpg,0,0.030023262,0.06285172,0.046437491,0
a65788b8-c60b-4b46-8e3f-da06b3ddd469.jpg,0,0.02724575,0.0141708,0.020708274999999998,0
1fd71c91-d994-470a-a95f-b712768caef2.jpg,0,0.050890222,0.035794567,0.0433423945,0
b85ad051-9c14-4d59-8e6a-7fb7489919d4.jpg,0,0.9743566,0.9487882,0.9615724,1
80afe9e0-b79f-4c95-a368-48442184de3f.jpg,0,0.029159993,0.032828998,0.030994495499999997,0
0d8cf01b-05d7-4594-96f8-56fc1618783b.jpg,0,0.017102668,0.07751282,0.047307744,0
75114ebc-510c-40ac-a2d1-acf39e22775a.jpg,0,0.41235614,0.9493434,0.68084977,1
929e5d24-012b-4a8b-a24e-221cd69a2711.jpg,1,0.98445064,0.9826502,0.98355042,1
08cbeb78-1641-4f48-a766-99646618a116.jpg,0,0.038468454,0.019947466,0.029207959999999998,0
f919f0bc-11ff-4d33-ab5d-cdf7c510d3ee.jpg,0,0.042784605,0.009860852,0.026322728500000003,0
e492a299-535e-426a-a98a-1bc8327941bf.jpg,1,0.97098804,0.98480654,0.97789729,1
0dd47108-de87-45d5-a8c7-66ecea552c5b.jpg,0,0.010995668,0.013115038,0.012055353000000001,0
da2e13fa-55b9-42c4-b126-2f63a8a7d86e.jpg,0,0.051341657,0.033353835,0.042347746,0
37e5dd7f-d4c4-44f0-9866-4d829d8c47a3.jpg,0,0.026745612,0.27576593,0.15125577099999998,0
c87437a3-4ad2-41f2-b0d0-703cb52a6210.jpg,0,0.9371815,0.24344833,0.590314915,1
b2f03c9f-0c77-485f-9a8a-d75bd2172953.jpg,1,0.9775607,0.9619362,0.96974845,1
e4942ebd-0055-494f-9dd5-b701302f5dad.jpg,1,0.98162144,0.96728116,0.9744512999999999,1
15197e80-e5d8-4ce7-816e-3795776bb6e6.jpg,0,0.83700186,0.30966893,0.573335395,1
791f1d00-b1b0-436a-a48f-f7f3ba482da1.jpg,1,0.98306465,0.8728302,0.9279474249999999,1
096dca85-f4f9-4ff5-b1eb-2075a141dcfa.jpg,0,0.12942676,0.029378027,0.0794023935,0
fd282406-a66c-4093-964e-bfd0d187b6d0.jpg,1,0.9845049,0.49981913,0.742162015,1
630a03e0-52e2-4036-9cd1-1357296fa879.jpg,1,0.079824716,0.5398713,0.309848008,0
cbe73a9b-5e70-479a-bafb-d67feae5ebe1.jpg,0,0.027463526,0.010933593,0.0191985595,0
b426ffd3-14bc-44f5-8a52-1bb1d0d062ab.jpg,0,0.10347406,0.044171352,0.073822706,0
83be6ec1-d8c3-423c-acdf-04408236c6e0.jpg,1,0.27850837,0.13604951,0.20727894000000002,0
86a8f18b-af1f-4411-82bf-25604569692a.jpg,0,0.9054866,0.28919843,0.597342515,1
d0992e22-9d6e-4805-928a-3b5a94749dab.jpg,1,0.9767851,0.98539495,0.981090025,1
0283835b-ae98-4ab1-8c12-f7e9309421ce.jpg,0,0.17999284,0.13678585,0.158389345,0
efa09aae-803c-4036-984c-6ec6b1d1a996.jpg,1,0.9148674,0.9417522,0.9283098000000001,1
ccbb421e-50d2-4ba6-b844-6ea4b2c59ffb.jpg,1,0.97887963,0.92176384,0.950321735,1
8bba1abd-9efd-4d12-9ae2-be94f263d5d2.jpg,1,0.8939912,0.16793446,0.53096283,1
acdba1c0-737e-4c52-aa5f-edbcbceaefcb.jpg,1,0.97667676,0.98029727,0.978487015,1
d1109885-a98c-45a6-b7bc-d50a09dbe460.jpg,1,0.048377592,0.121200375,0.0847889835,0
25d92f6c-bfa9-4ee0-8a47-70cb02b356e4.jpg,0,0.036580298,0.012389702,0.024485,0
023e0b38-1464-49c8-9dfd-c679dea7c3ef.jpg,1,0.8986265,0.07176268,0.48519459,0
2606bc78-3a99-4df9-b8e7-88121b50013e.jpg,1,0.978327,0.9198907,0.94910885,1
5fd45ad2-7278-4bbc-b7f0-cceacbe73e33.jpg,0,0.025510719,0.10514989,0.06533030449999999,0
bf7eaa3c-af59-4f79-a9d7-22ba65ae4215.jpg,0,0.029480234,0.007420914,0.018450574,0
d946ab6a-00aa-4d20-92ee-c79a204fd676.jpg,0,0.02652362,0.18937708,0.10795035,0
5d7e2ae0-00ef-498a-b35b-7305394b1074.jpg,0,0.042859208,0.03238832,0.037623764000000004,0
5da2a1ab-5a94-4f4a-9995-7964d7bfea8d.jpg,1,0.9659025,0.95830536,0.96210393,1
29213c80-6050-4144-bd53-879e99c59432.jpg,0,0.080593996,0.035492033,0.058043014500000004,0
9cf1c363-93b1-4821-9251-3468e6b446dd.jpg,1,0.974545,0.9829485,0.97874675,1
7540583c-7df5-41ff-a8c7-a2a6096a9e8f.jpg,1,0.98636204,0.7275527,0.85695737,1
4e453bf3-e429-487c-a592-fdecc31a3964.jpg,1,0.9146654,0.75815296,0.83640918,1
04d7b661-de0c-47a2-9bdf-e38cbc7eac49.jpg,1,0.9456083,0.9546887,0.9501485,1
eb53ace9-88cf-4adf-b744-8d8100e8c922.jpg,0,0.084543146,0.05873022,0.071636683,0
cb34f3fb-7ed9-4348-b497-faa8306b2d7a.jpg,0,0.24449022,0.2078316,0.22616091,0
c91f9212-5574-4826-8bcc-54a47d8ef545.jpg,0,0.035316493,0.020203667,0.02776008,0
473fb42a-74fa-4095-bc4c-259881379234.jpg,1,0.96623856,0.89836997,0.932304265,1
5f367edb-89ab-401c-8cd7-4bcb92c76554.jpg,1,0.977961,0.9585898,0.9682754,1
479468c2-bb3f-4304-8471-23de78f4f620.jpg,1,0.45631742,0.9691596,0.71273851,1
979b1159-7ecb-4a32-918b-58e6fe78b06b.jpg,0,0.028965646,0.04152057,0.035243108,0
16e70a1f-e70e-44ad-ac43-e290e4c8b15e.jpg,1,0.97049314,0.9750104,0.97275177,1
4abeaf80-180c-4dcd-b453-70065d4e8efc.jpg,0,0.013238397,0.010066041,0.011652219,0
4503d3f9-af05-4b9c-bd5a-2091e4304158.jpg,1,0.9660855,0.98403364,0.97505957,1
e1bc6f99-9d56-42c2-8cd6-bbda2297c5f1.jpg,0,0.26979887,0.020076716,0.144937793,0
81fc91fd-9c46-4c1f-80f6-843233b2cfe7.jpg,0,0.035441004,0.22655855,0.13099977699999998,0
401115df-6046-4be6-ac8b-1a3f62fe81c2.jpg,0,0.060706854,0.026493927,0.0436003905,0
f20cc86b-5921-4f1e-b3f9-d857b93cbe00.jpg,0,0.6131812,0.107571036,0.36037611799999997,0
f41e7e85-5bd0-4e7a-a758-24f34a09733d.jpg,0,0.16729087,0.32304284,0.24516685500000002,0
0f4561b8-a11b-477a-8a69-b34efe63399d.jpg,1,0.94330996,0.61879945,0.7810547050000001,1
2a87ba4a-85d6-4413-b515-8084d3b2c2bd.jpg,0,0.07151028,0.027575305,0.0495427925,0
0e698014-08cf-47f9-845d-75b0a64f2548.jpg,0,0.041351546,0.2827018,0.162026673,0
c0f2ac3c-7792-42ec-924c-555d8bbfc6ac.jpg,0,0.08940377,0.0090533625,0.049228566249999994,0
6323f3cf-620d-4401-adca-ae4a2f5239a4.jpg,1,0.97452885,0.9150815,0.9448051749999999,1
ac0df6a6-e429-4e77-9e4d-1c420ad34373.jpg,0,0.0294336,0.015325062,0.022379331000000002,0
72333c9a-2ed6-413f-b9c6-502673eeee24.jpg,0,0.26540038,0.07251954,0.16895996,0
6f5c5815-a114-469d-a4c6-424cd32da41b.jpg,0,0.09066212,0.5795835,0.33512281,0
1f9cd6c7-fdcf-4729-b3fc-6432777307d3.jpg,1,0.9798298,0.95484465,0.967337225,1
829faa92-8eee-40ee-9d9c-e865177f545d.jpg,0,0.8308279,0.016648766,0.42373833299999997,0
315bf50c-ff54-46f2-9d55-cab0392673c2.jpg,1,0.9844234,0.9441673,0.96429535,1
1d6b2650-a80e-4150-8031-9b06ff80472b.jpg,0,0.21131651,0.2741516,0.242734055,0
d33b71af-38ef-4f7f-9929-7cf74ffd723d.jpg,1,0.97787243,0.9740784,0.975975415,1
88d4d6ed-b0bb-48cd-9133-2c6d6079c9e1.jpg,0,0.025159141,0.0060365633,0.015597852149999999,0
a5a804a0-e6e1-4085-b01e-63ead0731b34.jpg,1,0.070322014,0.062022105,0.0661720595,0
74efad39-1471-4ee5-9633-b1302c4eef88.jpg,1,0.9672129,0.8724335,0.9198232,1
f36bfe6c-1fdf-4f0f-9090-b8fa6237ff38.jpg,0,0.024274543,0.0068924627,0.01558350285,0
3f778db1-afc0-4d64-a610-b1e430306a00.jpg,0,0.037108857,0.06565986,0.051384358500000005,0
95139ba4-3f1b-4ee8-8dd1-d0826c0a4995.jpg,1,0.9797074,0.97394156,0.97682448,1
c04fa28c-f354-499d-8f50-cb0dced85804.jpg,0,0.08864888,0.020796811,0.0547228455,0
4cfb6b84-27a7-4ba2-bee5-09ddc204adac.jpg,1,0.9723084,0.9824043,0.97735635,1
433a5d86-876f-4afe-916e-b0b2131492fe.jpg,0,0.09139828,0.0098114535,0.05060486675,0
cd732f93-9f27-4163-858d-8549f8d2a949.jpg,0,0.010559852,0.005082155,0.0078210035,0
c4418133-e4fa-473b-b720-14b213f75a93.jpg,1,0.94160384,0.69804555,0.819824695,1
50a98e4b-864a-4aad-b3f7-33d07a44f3ab.jpg,1,0.04412453,0.082307756,0.063216143,0
cba64857-5c82-450a-b295-9034d90e7058.jpg,0,0.2505791,0.045603942,0.148091521,0
fd6b84de-0fdd-48eb-9c95-b2ce1cea03ce.jpg,0,0.018908476,0.033308964,0.026108720000000002,0
8e058622-164e-4a79-ae06-170b7c89a920.jpg,1,0.9822257,0.98164797,0.981936835,1
b31a565e-a3dd-40a9-8299-58efdb538d7f.jpg,0,0.012971473,0.22394775,0.1184596115,0
af4f04df-93eb-42a4-bb3f-b55773d16154.jpg,0,0.0899419,0.31397286,0.20195738000000002,0
f64a0bb2-d5f6-4766-b4f2-e42a97c190d9.jpg,1,0.9786505,0.7544904,0.86657045,1
03ac27fb-3d1a-4ee1-aae9-e06276002b6b.jpg,0,0.025134623,0.025715677,0.02542515,0
af5d4a88-9e3e-4163-b71f-3d8f63fa8e6c.jpg,1,0.98050565,0.91061765,0.9455616499999999,1
c286c85b-73fb-442f-ae31-0193a4623ff8.jpg,0,0.06304509,0.30809745,0.18557127,0
d2598a24-6c3e-4242-b811-494d533be21b.jpg,1,0.97799283,0.9110358,0.9445143149999999,1
36a38a62-c77f-40fe-8250-5661aa040e95.jpg,1,0.9781427,0.948611,0.96337685,1
e4567dd2-8816-4ad4-bbfb-356cd340dbab.jpg,1,0.98966473,0.97543555,0.9825501400000001,1
65f42ec5-8e02-471f-86c8-eababc607950.jpg,0,0.06437624,0.012599412,0.038487826,0
ccc00935-a3a0-497d-b531-e5cfb4d2490f.jpg,0,0.023031518,0.085273184,0.054152351,0
e5380cbf-f8a4-43cc-96a8-279cf16d7a6c.jpg,0,0.041879807,0.05346377,0.0476717885,0
1665cfb0-c066-4764-9535-7aa179179192.jpg,1,0.9727791,0.9745037,0.9736414,1
beee9b71-78f4-4299-8975-74fa132234e9.jpg,1,0.87947744,0.97157407,0.925525755,1
8c4fcea9-5805-48a6-9715-42b90c5e15da.jpg,0,0.056964558,0.022414362,0.039689459999999996,0
3bb2998a-a82a-483b-ab59-f162692fb9fa.jpg,1,0.9161448,0.89252263,0.9043337149999999,1
982b4c42-50fa-4fe6-a5f7-eecacc4a9e8d.jpg,1,0.9706865,0.9777573,0.9742219000000001,1
7a65cfbd-ea44-4882-a3de-120f7e4a887e.jpg,1,0.97531873,0.5995534,0.7874360650000001,1
638060c6-1d28-433f-932e-10dd1a06dbfe.jpg,1,0.9749276,0.8376487,0.90628815,1
9a2362fe-2c3a-4dbf-b57d-d753cde317d4.jpg,1,0.98494214,0.92401093,0.954476535,1
1c9e9ebb-e975-48ee-9ccf-a0ba2ca66385.jpg,0,0.03900544,0.010204294,0.024604867000000002,0
072c85ff-c13b-46de-9309-bb927626a7c8.jpg,0,0.5273077,0.22336036,0.37533403000000004,0
2f903026-72da-4bcd-98dd-7853f6454687.jpg,0,0.016997373,0.01663273,0.016815051499999997,0
67fc5bde-2e5f-4690-9de7-d15c9fcce78a.jpg,0,0.022802614,0.13562094,0.079211777,0
b6965111-02cb-485d-9011-e652d2a09468.jpg,0,0.044608403,0.05696163,0.0507850165,0
d7565a3f-f4b3-4fc8-9dd2-eeb2c58e6e3d.jpg,0,0.08127891,0.07542479,0.07835185,0
4219f559-7a3c-4297-9bfe-e40ff658df67.jpg,1,0.9620423,0.4567658,0.7094040500000001,1
be316280-7530-424b-8da2-73f82ff2e2f4.jpg,0,0.020424945,0.015063703,0.017744324,0
fde1fd68-a161-42e3-8089-aa3d38e6d3fb.jpg,0,0.02367744,0.01109838,0.01738791,0
cc9957c6-348c-4699-998a-457c2a6c7bf8.jpg,0,0.2597295,0.05131055,0.155520025,0
bd57ced2-fb5d-4f8e-9215-b547c0d98683.jpg,0,0.026576197,0.3880576,0.2073168985,0
38c7d449-e941-43c1-81d5-bff9b89cf0c5.jpg,1,0.9819204,0.99078274,0.9863515700000001,1
91cc1fb2-5bcc-44e3-a6b0-b23b75591f38.jpg,1,0.9828307,0.98581487,0.984322785,1
60aad28f-3292-4b1d-ac9e-dc21ec9ede29.jpg,0,0.070835434,0.0057987855,0.03831710975,0
54d573e1-9c96-49d8-91f1-b4441aeb5141.jpg,1,0.98429656,0.86946964,0.9268831,1
61d2c8dc-d164-414e-88f5-fc5d296c46be.jpg,1,0.6484992,0.61576676,0.63213298,1
5fe6b882-3b16-450a-8081-ced6dd4f4e32.jpg,0,0.061685413,0.16554524,0.1136153265,0
a3f926a8-e866-4ff0-a72d-fa40facda527.jpg,0,0.6236601,0.21153677,0.41759843500000005,0
22f02237-fd9f-4ace-9c7a-eff8093ee4eb.jpg,0,0.48208454,0.31904122,0.40056288,0
b47aff1e-923a-46fa-8f92-fb847b1886f5.jpg,1,0.9809294,0.5849022,0.7829158,1
ba659bfd-9841-470d-8524-9e00a5520134.jpg,0,0.026927149,0.015963875,0.021445512,0
2ebcb7f2-8532-4379-97a1-9f4a01111dda.jpg,1,0.9743692,0.9869743,0.98067175,1
9130caad-73ef-4d61-a643-db08d4a3cd58.jpg,1,0.9788806,0.9764146,0.9776476000000001,1
9ec3f9fb-be74-41a2-a98a-d34c82628404.jpg,1,0.9705668,0.9854775,0.9780221499999999,1
217d3e02-f8af-4eb3-9193-fe48db037427.jpg,1,0.1389072,0.09374675,0.116326975,0
ac874ecb-6aa5-47a0-8b7d-eaa7f979aac0.jpg,0,0.028249381,0.20159428,0.11492183049999999,0
1eb993ae-c06d-4edd-804f-6b4ba3b0eb6d.jpg,0,0.5139944,0.081683554,0.297838977,0
54daeafb-2091-497d-9636-79d7fc825c50.jpg,0,0.12985691,0.07152461,0.10069075999999999,0
71a9ee7f-6a0d-4249-b277-903d062f9d9b.jpg,0,0.09127337,0.29558492,0.193429145,0
e38e5314-05f1-4229-ae84-5b1b13d03c84.jpg,1,0.9823275,0.96961457,0.9759710349999999,1
14aec09a-873b-4f89-8735-02e008566f69.jpg,1,0.90988654,0.52063817,0.715262355,1
a9c74abf-d68d-43a8-bbfc-3c6180a63039.jpg,0,0.04001112,0.05215555,0.046083335,0
f68687a2-6576-43dc-b7b6-c8857a996641.jpg,0,0.03270318,0.019124717,0.0259139485,0
05c24e08-d283-4467-b0eb-bed48bacc11c.jpg,0,0.011722729,0.022772407,0.017247568,0
80b705c0-d239-439e-91d1-bca734173a54.jpg,0,0.068910114,0.3503933,0.20965170700000002,0
73011c46-0bda-4da9-a32f-46ab7501ba9b.jpg,0,0.058578163,0.47993624,0.2692572015,0
f8b73226-3afc-4d49-96d2-f0d308e82a78.jpg,0,0.05156143,0.20158434,0.126572885,0
3b138184-a67f-41f8-91af-a010752df370.jpg,0,0.13464808,0.03175289,0.083200485,0
df931743-8cc8-4bf8-a546-ac022d78629a.jpg,1,0.15986463,0.7607166,0.460290615,0
50b932b6-e512-4186-887f-a035235774a1.jpg,0,0.31164742,0.2912887,0.30146806000000004,0
a51ea7e0-cce5-4a74-a485-b6098a4a62f2.jpg,1,0.96048814,0.9260556,0.94327187,1
1022d1a0-5760-4ef8-b575-d4a65afe18cf.jpg,0,0.019813115,0.02019839,0.0200057525,0
2e8d9295-6651-4c8b-8604-8602511e9e4f.jpg,1,0.986795,0.9752631,0.9810290500000001,1
bc30baf4-b1d2-446d-879a-b8f6de4ce7c4.jpg,1,0.92761165,0.83171445,0.87966305,1
f5ae0520-043f-4306-ad65-140654fbc5af.jpg,0,0.040767107,0.019181242,0.0299741745,0
56a8833b-e1b0-4e89-9ddd-09e77217e230.jpg,1,0.9848428,0.8676677,0.9262552500000001,1
459c5136-d005-405e-a246-b156ddee2da3.jpg,1,0.9763684,0.99335265,0.984860525,1
9308aea9-4569-40da-ae6b-2cba2b3c8e34.jpg,0,0.090079844,0.03632878,0.063204312,0
83c38e8d-06df-46b2-8d89-08ad4cb53ded.jpg,1,0.98798877,0.9310344,0.959511585,1
98a4b801-a936-428b-a0b0-a6472a0f40bb.jpg,0,0.013172864,0.005374215,0.0092735395,0
d518662a-e502-4933-bbd2-153034eb9850.jpg,1,0.9848308,0.96610355,0.975467175,1
d3faf01a-7af0-49c4-98a6-c04228a662a0.jpg,0,0.9603825,0.8560551,0.9082188,1
25286fcb-b5f2-448b-b0d2-050e22aae66b.jpg,0,0.03133117,0.019142166,0.025236667999999997,0
1be9b481-ce3b-494f-824d-af68b092b9e3.jpg,1,0.9721144,0.90900826,0.94056133,1
c091808a-f417-49ee-b7d5-e40e92db0fca.jpg,1,0.9674909,0.8301812,0.89883605,1
6037570b-ce57-4d32-b641-6164b2434da3.jpg,0,0.039443698,0.036540955,0.0379923265,0
965e4feb-1a7a-497a-a614-825e355bdbd1.jpg,0,0.030434897,0.012769054,0.0216019755,0
5734afc8-ce87-4d3b-89c3-5275fd1f3af0.jpg,1,0.97732335,0.9867615,0.9820424249999999,1
f08059ca-8b37-46c6-a83d-0027d20222ba.jpg,0,0.017024232,0.015471925,0.0162480785,0
0c0e3256-35d7-4e6b-87ea-28c12961372e.jpg,1,0.71953654,0.970037,0.84478677,1
68be98b1-e99d-4117-91dd-a1d7eed6c4d7.jpg,1,0.92288065,0.87058026,0.8967304549999999,1
0b67e17d-3fce-488d-a1dc-b88e8b694d46.jpg,1,0.9853328,0.9860005,0.98566665,1
6bae4761-65e0-4bab-83f7-684ba53d5ee1.jpg,1,0.9606905,0.96578294,0.96323672,1
637b37ce-0115-4bea-acd2-67351000b66d.jpg,1,0.967967,0.9681718,0.9680694000000001,1
b1ba3497-5181-41b9-a950-56530faa4187.jpg,1,0.9786594,0.9752992,0.9769793,1
fcdca082-b9aa-4ca5-ba3a-23c707e4f6dc.jpg,0,0.08269496,0.01382004,0.0482575,0
da4edc4c-0cff-46e0-afb1-0af57de522ae.jpg,0,0.036942158,0.009904611,0.0234233845,0
a2d316ac-62a4-46fb-84be-9e4851cf33fe.jpg,1,0.835013,0.16684635,0.500929675,1
80f2747f-2c5e-43f4-bb1b-9c58a7412435.jpg,0,0.02111541,0.005607205,0.0133613075,0
2c5ea2da-5bc2-46f5-94de-586060726a10.jpg,1,0.9750207,0.94334775,0.959184225,1
293daa42-d4fe-420d-adfc-6f70f9086425.jpg,0,0.073123954,0.03643783,0.054780892,0
e2e79245-b5bd-4610-860a-bddacce7071f.jpg,1,0.9739194,0.9875701,0.9807447499999999,1
d6ffc87b-d02a-44fc-aae0-cd63bb0f5cb5.jpg,0,0.021475717,0.041565627,0.031520672,0
0d820953-888c-489a-a7b6-9726cb4da8c8.jpg,0,0.0032187998,0.03312913,0.0181739649,0
d6bde8ac-9128-4f57-a7b0-4778e1d350e7.jpg,1,0.97318286,0.9598972,0.96654003,1
80245555-2ad0-4c03-bd3d-73a7821752ee.jpg,1,0.97242707,0.9460569,0.959241985,1
0ca0d43d-e3b9-447f-bb3a-133f37cd0bc1.jpg,0,0.011100508,0.024427593,0.0177640505,0
7715674e-ca44-47fd-92d6-049e49d08916.jpg,1,0.97777444,0.9867361,0.98225527,1
9165b95f-0be0-48ea-a77b-281aba5b4e5b.jpg,0,0.14824153,0.04249856,0.095370045,0
fa0b2015-4e11-4849-a975-b83e85b86129.jpg,1,0.9785231,0.9862838,0.9824034500000001,1
1decdfbf-c412-41b2-9f83-701d9046e1c4.jpg,0,0.01983591,0.019501641,0.0196687755,0
8bc7943e-90b3-43b7-86d3-63825d0a7ffb.jpg,1,0.96494246,0.9624836,0.96371303,1
d7b98668-9d34-4256-9dd6-f80211e38c28.jpg,1,0.9828983,0.42818522,0.70554176,1
a3f18162-654a-48bb-b918-58b21534b72e.jpg,0,0.032628097,0.15347894,0.0930535185,0
1c824f8f-9ac0-49b0-b174-c4cb016b388f.jpg,0,0.95491385,0.030478967,0.49269640849999996,0
efbc4a0c-f724-4102-8d15-5af7d44cb0cd.jpg,0,0.03947613,0.014577605,0.0270268675,0
b0e7a7c0-9bd3-4c91-92f1-144812999e31.jpg,0,0.04560175,0.023029635,0.0343156925,0
03221697-b893-43c4-8426-0ce6502d161a.jpg,0,0.12336861,0.032474454,0.077921532,0
ad393b1c-a7b3-48ae-bf5f-10d062f7213f.jpg,0,0.05990273,0.25219688,0.156049805,0
4de77b41-e550-4965-8ec4-a813a5bbee5e.jpg,1,0.95398545,0.74610823,0.8500468400000001,1
ecddaf03-908e-401f-af4f-0dc4f4b72e5f.jpg,1,0.9642711,0.9430733,0.9536722,1
c3bd02b2-435b-4277-89cc-a13a65385918.jpg,0,0.9675543,0.83154196,0.89954813,1
aa28d49b-2a87-4a00-8851-dd22f314a523.jpg,1,0.13018806,0.07137821,0.100783135,0
9ce1f078-9a96-43a5-afd5-55a77a049a18.jpg,1,0.97521895,0.91607946,0.945649205,1
c58e07bd-dd7d-48bc-bb5f-8e4059b8ff2c.jpg,0,0.019579167,0.012485829,0.016032498,0
e777645b-41f6-4c4b-9bad-b4a4bd00f47e.jpg,1,0.06415648,0.31900585,0.191581165,0
88a38493-10e6-4881-a086-6e90fe096bc9.jpg,0,0.015735073,0.012009294,0.0138721835,0
f20347cd-9ca0-489e-ab7f-3d44e21d8162.jpg,1,0.9809529,0.96338886,0.97217088,1
caf11ad9-bf19-4619-9330-039fef65a814.jpg,0,0.016574364,0.0076556974,0.012115030700000001,0
e6c257f7-84fc-4a7f-a435-e45e6c23f146.jpg,0,0.7276065,0.91124946,0.81942798,1
75c043e5-bef8-46a9-bf3e-1a0201213b46.jpg,1,0.97841835,0.9658744,0.972146375,1
d226371a-ac39-4715-b54a-bd3e6f906b41.jpg,1,0.9777054,0.96504444,0.9713749199999999,1
d9fa03e1-a7d0-4ab4-a8ca-8ea9f9219cae.jpg,1,0.93445283,0.9158245,0.925138665,1
d67b4da9-9703-468a-9108-0f6d04ce585f.jpg,1,0.98060673,0.9646737,0.972640215,1
f42c7c18-f5bb-489d-809c-6d0d780ab811.jpg,0,0.028297847,0.022520125,0.025408986,0
0187019b-407b-4053-ae28-6339d8cec2cc.jpg,0,0.043672234,0.19737355,0.120522892,0
b5e402ab-98b5-4854-9732-01d3c3495c0b.jpg,0,0.08317786,0.049048513,0.0661131865,0
256f8c15-24f5-4b89-8637-7fd7dc70da64.jpg,0,0.015843553,0.0079312,0.0118873765,0
7d075412-b92c-48a2-89a3-680862517b2e.jpg,0,0.13232468,0.38233423,0.257329455,0
1e6d1ded-b780-434f-bfd5-2d3875c00e94.jpg,0,0.83168244,0.061482985,0.44658271250000003,0
6c460d3e-652d-45ac-a133-abf9f67ceb27.jpg,0,0.40319037,0.37620416,0.389697265,0
baa155d2-2088-43cd-bd72-1a5511ad293f.jpg,0,0.9654476,0.072655134,0.519051367,1
108be69c-42a2-438b-be50-d2d612426946.jpg,0,0.019396884,0.039270047,0.029333465500000003,0
466e3fb5-8718-41bb-96cf-bfe676c0a0ac.jpg,1,0.6843204,0.73243445,0.708377425,1
eff725f0-3dec-412b-9cea-f6a6c5ee9284.jpg,0,0.021207504,0.010079422,0.015643463,0
ad459e32-f6de-457f-94bf-255ae9ecc125.jpg,1,0.12313115,0.041738432,0.082434791,0
afd721a5-aed1-4967-ad6c-efad36638448.jpg,1,0.9828307,0.9733383,0.9780845,1
37057ab0-1207-472b-8ada-da6a69392d9d.jpg,1,0.98113936,0.8703628,0.92575108,1
e8e4d7ed-0ce8-4ef8-beb6-077c76d3bc8d.jpg,1,0.9530869,0.93122244,0.94215467,1
77ad5b75-8a5d-459c-a834-5834a8fc3503.jpg,0,0.51018447,0.7234599,0.616822185,1
98c6010e-d29a-4436-8cc8-50c2430be8f4.jpg,1,0.9748308,0.90393776,0.9393842800000001,1
b64e5222-5b3f-469c-bcc8-eadf4b3aa0d9.jpg,1,0.9739291,0.958422,0.96617555,1
2af630bd-7d1e-4cf8-a7e2-ebb8e754be98.jpg,0,0.08934921,0.022753412,0.056051311,0
fdc218de-5eee-4a6b-a77b-6be0273b143b.jpg,1,0.9275077,0.70154953,0.814528615,1
6725f777-8563-417f-b1e7-75f5156d8701.jpg,0,0.018079093,0.012948158,0.0155136255,0
d900d401-514f-44be-b368-f07f6e5b3a0f.jpg,0,0.027280122,0.035948444,0.031614283,0
633c6ee7-e11a-452a-bdeb-6e83b2489ded.jpg,0,0.024510896,0.019611128,0.022061011999999998,0
6cc3d574-c14f-4432-9b17-a2d4e396ed99.jpg,0,0.96990484,0.18950474,0.57970479,1
a6a70dd6-89ed-4710-9c2b-fc43c8261dfb.jpg,1,0.9596589,0.95896596,0.95931243,1
9ae13f54-2cf6-4484-8aee-69973b8074f0.jpg,1,0.981922,0.95263577,0.967278885,1
ff8eaa69-6bbe-45b4-bf9f-0d5bc735f704.jpg,0,0.94679165,0.97457296,0.960682305,1
460e194b-163f-49b1-acd1-23134642a9e3.jpg,0,0.032935727,0.057181284,0.0450585055,0
28708134-e172-4089-acd8-1ca7b5bb7205.jpg,0,0.030229641,0.87920254,0.4547160905,0
b2aaa379-ea21-4900-9381-be1e3bc36934.jpg,0,0.05499944,0.10522899,0.08011421499999999,0
74ccaae2-14ca-4968-a15a-183062ea6959.jpg,1,0.9813828,0.96819544,0.9747891200000001,1
43a870f0-9838-49e4-9ac6-547c3b027acb.jpg,0,0.039635614,0.5871546,0.313395107,0
afe62f86-2318-4e4b-8971-6c5ddafd68dc.jpg,1,0.9838322,0.9597843,0.97180825,1
df951e8b-cc9f-4b41-a3d1-aef66677cd04.jpg,1,0.92062324,0.56244874,0.74153599,1
c10d94a4-d6a5-4701-b175-cf1c89c22037.jpg,1,0.97659445,0.94630694,0.961450695,1
90eb3cf1-bdb3-48a5-91e7-4fb56c74e2bb.jpg,0,0.014447153,0.01397759,0.014212371500000001,0
df895a7d-bb7b-4beb-803e-899e065ddb20.jpg,0,0.02929928,0.03353251,0.031415895,0
8ea4a679-8748-427f-ae33-b386187d87dc.jpg,0,0.031008592,0.0110965995,0.02105259575,0
e2814df3-2bc4-4300-b26a-3e76dade361b.jpg,0,0.18974864,0.052800525,0.1212745825,0
0fc7048a-a40b-479b-9230-ffd06f5d0a30.jpg,0,0.016675763,0.0047551855,0.010715474249999999,0
66bf7515-4547-493f-8561-e8c3e08d6749.jpg,0,0.17966413,0.16941398,0.174539055,0
5efe8f1b-be6c-4fa0-8c13-4f1bcc6c8c4b.jpg,1,0.9746832,0.94100666,0.95784493,1
26602afe-ee25-4114-9046-888ee758cd06.jpg,0,0.17609997,0.015360934,0.095730452,0
4ccaf5de-2948-44d4-bce1-6ab943295f29.jpg,0,0.63060015,0.46670696,0.548653555,1
c9c3d09f-7965-47de-88c6-a7b9de086776.jpg,1,0.9701491,0.7396404,0.8548947499999999,1
fcae37a8-0708-449a-b8d1-5599bc0aa346.jpg,1,0.9761696,0.96300334,0.96958647,1
d2d00133-5c7c-4cd5-8f9d-e6754e241c4f.jpg,0,0.024632173,0.05853647,0.0415843215,0
b292d25f-5f0d-4552-a43e-e388b134864d.jpg,1,0.9747084,0.9846167,0.97966255,1
d7dd9be4-91db-4f65-a765-d36211b52198.jpg,1,0.9769445,0.9863321,0.9816383,1
7df97a98-cfcb-4b98-9679-3380c98f34e4.jpg,1,0.9556491,0.9195966,0.93762285,1
d1939a4e-3cff-4a0d-824f-7ed898f21b3b.jpg,0,0.024594396,0.019222995,0.0219086955,0
37a0b848-fe13-4a64-a191-def34bc1259e.jpg,1,0.045484614,0.11619264,0.080838627,0
bf91a4ae-f6cf-44c0-a791-2286c43e3794.jpg,0,0.045873344,0.021231482,0.033552413,0
de8b6edb-2bf1-41cd-858d-ce22be7aa460.jpg,0,0.073204786,0.04864457,0.060924677999999996,0
47afa7fb-4bf1-40ac-80a1-5621c48ce8bc.jpg,0,0.038893905,0.10549402,0.0721939625,0
f541089d-cbbf-45c5-94b8-23539e5be27f.jpg,1,0.98026294,0.38187838,0.68107066,1
ddfe75f5-c402-4752-be1e-52baeb6c9faa.jpg,0,0.035567928,0.14651324,0.091040584,0
0503ea22-e568-4b6f-b167-e4d497af37f5.jpg,0,0.94705385,0.731157,0.839105425,1
0a9934b8-89ac-4d98-b917-e6955dce4b8a.jpg,0,0.056436848,0.029591417,0.043014132499999996,0
2580652a-1483-4172-94b2-c3b9a54b7799.jpg,1,0.97204703,0.98562074,0.978833885,1
fb8caafb-0a5c-439c-aeff-294dcbc02fd6.jpg,0,0.12995677,0.9063969,0.518176835,1
61940547-7dd5-47c6-b356-813837680f3a.jpg,1,0.9520676,0.9033107,0.92768915,1
bb664f04-544e-453f-89f2-9c21d402762f.jpg,0,0.044179495,0.00504909,0.0246142925,0
975cd60b-b2f3-4454-aba3-055a2efd5a85.jpg,0,0.027831307,0.012063335,0.019947321,0
25e9f23a-1cb0-4fe6-8a39-d1ac013e46c2.jpg,0,0.016610503,0.007719137,0.01216482,0
922c264c-5a53-4c19-8295-71e334ae3f41.jpg,1,0.09645808,0.06655144,0.08150476000000001,0
f2cf7da5-0499-4ff2-a486-15a427b04c61.jpg,0,0.9606537,0.8525967,0.9066252,1
558c477c-c579-4e3b-a33a-c76cf948578c.jpg,0,0.03283625,0.050075997,0.0414561235,0
7d718620-2606-4ebc-b590-8133d0b1ad45.jpg,0,0.01571002,0.008371801,0.012040910500000002,0
0ce4e9b6-16fc-48ce-a415-40e5436adf44.jpg,1,0.98157024,0.98251265,0.982041445,1
7d5f7227-d953-4f54-af62-9c45e7e94bb2.jpg,1,0.98137206,0.98254824,0.9819601499999999,1
f2e36ebd-bf12-4aaf-8818-dabd19e061dc.jpg,1,0.98042935,0.8800581,0.930243725,1
c7a54142-d447-4bde-9c0d-baa95bcace4b.jpg,0,0.035405952,0.015695956,0.025550954,0
78d24521-38ad-4acf-ae29-08e0521882ec.jpg,1,0.4734826,0.06301778,0.26825019,0
0b4ece6f-5b9f-4f71-9c62-eaa73f40d51a.jpg,1,0.9760778,0.96839803,0.972237915,1
7f7363b2-d60d-4850-b2d6-bf9d52092291.jpg,0,0.34679356,0.46016082,0.40347719000000004,0
315fdcaa-b249-4121-9769-3ba95382fe4c.jpg,1,0.08080671,0.6352996,0.358053155,0
969508ae-093c-453e-b04c-0ed44e0f4a5d.jpg,0,0.97506803,0.9184763,0.946772165,1
e99ddae3-ac03-4d2d-a843-a2f981f293be.jpg,0,0.030226832,0.01589796,0.023062396,0
802e2fa2-94c2-4302-84aa-173999bf2104.jpg,1,0.97550946,0.98616934,0.9808394,1
f3629607-5689-4c21-a96b-27e4f3501c84.jpg,1,0.7700155,0.9515507,0.8607830999999999,1
1eeb5a5a-1110-4eb8-b524-fd5afdb37999.jpg,0,0.035980567,0.045168523,0.040574545000000004,0
0fe5dd85-4ea9-4363-b3d9-c299c63f7ad6.jpg,1,0.9889713,0.80374175,0.8963565250000001,1
011594ed-4b0a-4601-b601-21c32b71cfc0.jpg,0,0.10932457,0.056847256,0.083085913,0
2f1fb757-90b4-4a4e-a868-7665bb6a0267.jpg,1,0.9770034,0.97932416,0.97816378,1
b2dd96ae-664c-45de-8898-79a959b3bf87.jpg,1,0.9745348,0.9507492,0.962642,1
f8951c91-91c1-44d8-9c3c-41dadac5fc48.jpg,1,0.7636228,0.8625247,0.81307375,1
c1691e20-9efc-4cfd-a978-243f581daf94.jpg,0,0.021641219,0.030502737,0.026071978,0
34199302-44b4-4ca9-a6df-bf48c81d60d6.jpg,1,0.9698747,0.87891716,0.92439593,1
c0a0b7aa-90c7-4c69-9394-a271d83e0cc5.jpg,0,0.026318634,0.007174428,0.016746531000000002,0
039ea0f8-432c-4373-b103-ca9914086fe3.jpg,1,0.97350115,0.9135804,0.943540775,1
b1fec01d-f1d6-4e5b-900a-084735b79eb2.jpg,0,0.052956536,0.02680003,0.039878283,0
e8ee3060-6b07-45c6-892e-eecd1579f11c.jpg,0,0.029411532,0.013200518,0.021306025,0
d9bd8368-d202-493b-ba4e-4d85db96d2d7.jpg,0,0.59414935,0.25973174,0.426940545,0
a36b8e63-18d5-4542-8138-9061939c1a07.jpg,1,0.9734339,0.34873047,0.6610821849999999,1
2a075a30-7fca-44fc-8e29-93bc4e8cfa9e.jpg,1,0.9716595,0.897,0.9343297500000001,1
b753b415-951d-441c-9bea-e48f19d32224.jpg,0,0.06123564,0.019799275,0.0405174575,0
3809d676-abe1-4cba-95c1-aae6290bf922.jpg,1,0.9652676,0.9737256,0.9694966,1
03039b60-df6b-4c3a-bcc5-5f3d1203f8b9.jpg,0,0.8111636,0.095507294,0.453335447,0
e97f648b-e590-4ba4-9b3b-53bd00f6bc5b.jpg,0,0.04874881,0.403851,0.226299905,0
b15bbcb9-0269-4340-b9b2-bb8575e23cf5.jpg,1,0.9791656,0.98219496,0.98068028,1
783295c3-7419-4207-8c98-6bbe8052e0a8.jpg,0,0.90440774,0.17817707,0.541292405,1
1990cf42-7dc4-4794-943c-a57c203f22e1.jpg,0,0.013272811,0.008573329,0.01092307,0
bb1bb1f0-40e6-4139-91c7-1a93a4061f4a.jpg,1,0.86542827,0.9766268,0.921027535,1
3219bd46-e081-438a-a094-442d3d59279c.jpg,0,0.022426905,0.01118327,0.0168050875,0
2dc5a9fd-f680-46a5-8b04-232787f6234c.jpg,0,0.015277974,0.01576704,0.015522507,0
d8e975c0-5036-404b-ab31-d1b267c24bc8.jpg,0,0.11514262,0.048945475,0.0820440475,0
a3c0cdf4-fd9d-4dea-8e5d-cb5a75b131cf.jpg,1,0.71466416,0.7129162,0.7137901799999999,1
cf162752-9d61-465c-9fd6-7ad04328b322.jpg,0,0.020275367,0.040149022,0.030212194499999998,0
4dbc603d-692a-4637-965e-bd8d6763fe82.jpg,0,0.6977404,0.09329271,0.39551655500000005,0
9ba83be5-15e3-426c-99f2-d9bb82bea46c.jpg,0,0.076225705,0.011464202,0.043844953500000006,0
48831781-0890-4b2e-b447-5c99dc3fb2b4.jpg,0,0.32039264,0.055694744,0.188043692,0
4da4efd7-703c-4e21-9ac4-cdb9f7ef3646.jpg,1,0.9835817,0.6987377,0.8411597,1
b9763cae-3b89-48c0-8a4e-fa8b8e434d1a.jpg,1,0.97194624,0.85522693,0.913586585,1
29b07988-89f7-4230-a7cf-f090d19a1e68.jpg,1,0.98455924,0.8695492,0.92705422,1
f39ccbd2-1c82-457c-b4ec-b25ec37f984c.jpg,0,0.037390444,0.04237468,0.039882561999999996,0
f46bd7ad-daec-47f5-97a6-bde55b06d767.jpg,0,0.018912427,0.013627872,0.016270149499999997,0
6abb9344-9b11-414a-90bb-0c28f50bb1db.jpg,0,0.79755306,0.5660147,0.68178388,1
38620006-4364-4959-8b23-572e2efa908e.jpg,0,0.018167267,0.013002344,0.0155848055,0
73f474eb-8166-4b19-a432-8c72fcb3fd32.jpg,1,0.97773653,0.6108495,0.794293015,1
4da495ea-ced0-436a-b850-dd0dd5a368fd.jpg,0,0.027282128,0.056106295,0.0416942115,0
f2f65220-dcd4-4aca-8ce0-676faf7d920f.jpg,0,0.016075442,0.0038325966,0.009954019299999999,0
84fec93f-35e9-411f-a3b8-e9c2dd708989.jpg,0,0.0690987,0.024301715,0.0467002075,0
55f9e352-5a09-44e3-acdc-b84462a3bea3.jpg,1,0.64377636,0.3323827,0.48807953000000004,0
617380da-1d5d-4712-a65d-eb8629a66cac.jpg,0,0.12975991,0.14615746,0.137958685,0
551046f9-e441-485b-b188-d04aec3c2036.jpg,1,0.9850448,0.6306407,0.80784275,1
b193cfca-0e43-41d9-b175-8400548764a7.jpg,1,0.9674756,0.6996978,0.8335867,1
165ca585-f72a-40da-89bc-738e7a013461.jpg,0,0.3158181,0.14502668,0.23042238999999998,0
e9bf090c-dc5a-4d13-8c95-fff4fe109367.jpg,1,0.980997,0.9683712,0.9746840999999999,1
3d2b8701-7f9f-471d-b1aa-326c9a9c5cca.jpg,1,0.8692684,0.4316906,0.6504795,1
0386580b-017c-47a2-9017-c577dc660ae9.jpg,0,0.18355905,0.02394926,0.103754155,0
5f4684f8-f6f2-4860-91db-1a43362e6846.jpg,0,0.02040401,0.14285189,0.08162795,0
554b87a0-3dc7-4f7e-9a49-6e920c0872c5.jpg,1,0.9813259,0.4827671,0.7320465,1
d7139c17-15f6-4d42-a8e1-8ea1546e7291.jpg,0,0.45256403,0.049948465,0.2512562475,0
73d49bd4-2f19-464c-951e-4c0b504fd33c.jpg,0,0.03589272,0.16699113,0.10144192499999999,0
86087c2a-93a8-4e33-84a7-df28afff045d.jpg,1,0.9781038,0.9775788,0.9778412999999999,1
8755428c-89e9-4740-81c9-42e8472ce6d7.jpg,0,0.040418774,0.014734746,0.02757676,0
ad3ea4e5-cd48-4363-930b-c69e38081115.jpg,1,0.9701831,0.9801741,0.9751786,1
2868bd80-f8d2-469b-b5e4-c653faa3d267.jpg,0,0.01006995,0.017868562,0.013969256,0
b05914ed-5b0f-4fa1-aa0e-1710b50a1014.jpg,1,0.939487,0.9099951,0.92474105,1
722eebc7-905f-4a4c-8e6c-70b2fab00b57.jpg,0,0.222533,0.02676229,0.124647645,0
ea3b1bc5-e0cb-4f87-b0d7-bd7c62179c09.jpg,1,0.9741928,0.74754286,0.86086783,1
5e5fc967-52bd-4560-830a-768c5992b8ae.jpg,1,0.9697938,0.9718423,0.9708180500000001,1
58cd3461-5131-451e-8bd9-7b1386391769.jpg,1,0.96600294,0.94768804,0.95684549,1
aacb009b-eb72-4dea-9ba1-4162eb5ded9b.jpg,1,0.9805233,0.9896528,0.98508805,1
a1d0ae98-a3f1-4085-9c09-8cad816a2247.jpg,1,0.8213334,0.9941423,0.90773785,1
05d40748-9fa2-45ec-94b5-6b8ececa95e9.jpg,1,0.62881273,0.36966708,0.49923990500000004,0
24cfab20-f9a3-4dd7-a75e-0d548faa1413.jpg,1,0.9746339,0.8652353,0.9199346,1
4f208827-7baa-4ace-84c5-113f2dcd6381.jpg,0,0.26313618,0.21441258,0.23877438,0
468d1a48-6158-40e2-b0cc-9b628caa4093.jpg,1,0.98374015,0.97207403,0.97790709,1
7bd39d46-b86d-494f-8d79-5073a45e2d41.jpg,1,0.97862536,0.9824794,0.98055238,1
00e74b62-90e9-4e2d-95c8-1e1c0541f839.jpg,0,0.02233315,0.01817648,0.020254815,0
db937794-8201-4792-9104-818e19de3512.jpg,1,0.67463714,0.8959319,0.78528452,1
52dc2ce5-8063-470c-8544-b734dfe50858.jpg,0,0.12451186,0.38163278,0.25307232,0
f0eb3bbb-fc14-4e4d-b0ac-9383382f102b.jpg,0,0.09086924,0.38469148,0.23778036,0
7e323531-34eb-45b9-bd5f-b66c0ef1d5ad.jpg,1,0.9784531,0.49665174,0.73755242,1
23760519-c243-4f77-8bee-b407fa33d283.jpg,1,0.98044914,0.93677473,0.958611935,1
6620f40a-807a-4133-a9f5-c93a026bb91f.jpg,0,0.5199283,0.091991365,0.30595983250000003,0
db4a679c-31d6-4ae3-bec7-a9bf10c498da.jpg,1,0.9803832,0.86654645,0.9234648249999999,1
03c8117c-5365-43eb-8117-3e11ac4e5972.jpg,1,0.97543067,0.9739616,0.9746961350000001,1
f0d70755-1999-4769-8cd9-31e065137878.jpg,0,0.026456982,0.03990457,0.033180776,0
aa2889b5-f06e-4d4a-ad41-4a15617b93fa.jpg,1,0.8580417,0.44409904,0.65107037,1
f0adc7ed-b609-4a5d-ad1f-144fc1bf13a8.jpg,0,0.01529562,0.017934645,0.016615132499999997,0
ab4289d4-c00f-411d-b6b8-a64337c67d5c.jpg,1,0.9656298,0.5915582,0.778594,1
ac2178ce-509e-45c2-8fe9-05e3774a9770.jpg,0,0.044924527,0.2565006,0.1507125635,0
70670322-37b9-46b8-aa05-2de3885d6a74.jpg,1,0.9732651,0.8869783,0.9301216999999999,1
e21b09f6-486d-43a2-b3e8-6dae81274b67.jpg,1,0.97898847,0.9852292,0.982108835,1
9a708f7b-7edb-40a2-843e-fadd807728f5.jpg,0,0.11363366,0.014494799,0.0640642295,0
0e6ae017-ea0c-4aa0-b8dc-4c9ca833b14a.jpg,0,0.2139988,0.094511904,0.15425535199999998,0
4e64666a-982f-4021-90dd-d42ae35d2ad4.jpg,0,0.04185098,0.03583778,0.03884438,0
02a78022-561c-4bfa-9490-e02f17211f77.jpg,1,0.983272,0.9898506,0.9865613,1
d8413564-8275-4988-9c69-3f5f68646207.jpg,0,0.1085848,0.019294566,0.063939683,0
2532f4d5-55a8-476e-bf8b-fc82b7b8282c.jpg,0,0.053821485,0.16804467,0.1109330775,0
d2db554b-9672-4b06-aec0-631954233134.jpg,0,0.49075893,0.03295371,0.26185632,0
f9d990fd-451b-4998-a574-541a09e50520.jpg,1,0.95117515,0.70179415,0.82648465,1
b761cc8f-f8d9-4d2f-be35-6405bff0069a.jpg,1,0.961267,0.34293398,0.65210049,1
4a87650e-76c5-41da-bcc5-181e5530f5bf.jpg,0,0.012998083,0.038457334,0.0257277085,0
eed0c993-b8c5-4018-8906-752fbec88fd3.jpg,1,0.21241115,0.70701337,0.45971226,0
51b40820-15b1-4992-bbb1-6d2c70fddfd6.jpg,0,0.022943005,0.036224023,0.029583513999999998,0
bb93550f-a882-4366-974d-772a795fd4ac.jpg,1,0.76616144,0.6323778,0.6992696199999999,1
21b6e410-095b-45f6-8c46-0dccf612b6d7.jpg,0,0.044460792,0.0076095485,0.02603517025,0
411f6274-6a23-4cd6-bcce-81e772eeb1a2.jpg,1,0.9753496,0.98386115,0.979605375,1
74d364eb-aa92-45dd-8010-a3d882005ad9.jpg,1,0.97754574,0.5728192,0.7751824700000001,1
cb78f028-dfe8-4bc4-ac32-b1ccbc1bf2cc.jpg,0,0.021451296,0.025398096,0.023424696000000002,0
ebce2008-f897-4778-a20d-5b772521cc6f.jpg,0,0.018437056,0.013540164,0.01598861,0
2bfa3e8c-f3fa-4beb-a10b-a8947ac1806b.jpg,1,0.9720159,0.97493905,0.973477475,1
17003790-e26c-497a-9b10-5bb442ff8329.jpg,1,0.90530443,0.96489835,0.93510139,1
5beb86fa-c073-4b08-81c0-ea832000db89.jpg,1,0.9833974,0.9682924,0.9758449,1
b9df1100-a52b-4fb5-82bd-665ce3d831f5.jpg,0,0.93527514,0.49478635,0.715030745,1
5c296a29-d79d-4383-a67e-18ebd6c3fa1c.jpg,1,0.9743201,0.9924663,0.9833932000000001,1
35596300-104d-4bcd-9aa6-8212c294451e.jpg,0,0.032402176,0.40567538,0.219038778,0
e6d56700-f1e1-437b-8df1-677ddce6bd3d.jpg,0,0.026990158,0.007986962,0.01748856,0
de18d288-b1b2-4fc6-a289-938bb7a65454.jpg,0,0.35307196,0.02090042,0.18698619,0
edcc00b0-2782-4a30-918e-96cc7b6d7ab2.jpg,1,0.980495,0.9525555,0.96652525,1
99a96793-a6d7-449a-bbf8-207fb5b37265.jpg,0,0.013889264,0.013396445,0.0136428545,0
e8ca6fca-637e-4282-b3ca-7b927b19d7cd.jpg,0,0.027130986,0.021217853,0.0241744195,0
1c933242-ca4b-4b05-b3e7-b8c04dafa683.jpg,1,0.016613295,0.011259547,0.013936421000000001,0
770a9f90-7abc-45f5-be49-c1c62ecbefff.jpg,0,0.071449794,0.024112588,0.047781191,0
de2e3ce1-9d5e-45c4-b996-83f7bd4652bc.jpg,0,0.016743364,0.11187438,0.064308872,0
5b93df86-d488-493d-b976-c0d685468a8e.jpg,1,0.90513223,0.6520678,0.778600015,1
44b7972f-0579-4cdb-a079-1b2c16d0c755.jpg,1,0.25661466,0.42107096,0.33884281,0
0cdf3270-f0b2-4757-b0ca-67414de6414d.jpg,0,0.20690344,0.047665566,0.127284503,0
711a75bd-06ef-4699-a88d-9d68f68e6cbc.jpg,1,0.9351589,0.8838027,0.9094808000000001,1
d0dc3056-9b71-4058-b5fc-49744a0722d7.jpg,1,0.97778815,0.9844273,0.981107725,1
10e39d5f-8190-49b8-bdce-37fb2d5b3f60.jpg,0,0.015352492,0.020730777,0.0180416345,0
1031d3cb-c512-4901-9900-e00a0a55fc93.jpg,1,0.9528899,0.879968,0.91642895,1
6347a534-1402-4b6a-a463-d5f3851f039d.jpg,1,0.9814489,0.98332244,0.98238567,1
ac336fdb-ba63-4eb7-a758-5d4f3376e269.jpg,1,0.98194224,0.9889684,0.98545532,1
dd822500-cd3e-4210-a6f1-55b24e344301.jpg,1,0.9726805,0.86574316,0.91921183,1
570f39ca-9de1-4593-94ae-a24097b64fc2.jpg,1,0.9750323,0.9775612,0.9762967499999999,1
5b7b2caf-1bef-4fe1-97e5-6a0b4829a0c7.jpg,1,0.9125793,0.682179,0.79737915,1
5fc85b1c-2239-4101-9126-b9d2d038e9dc.jpg,0,0.47514033,0.2009133,0.338026815,0
fcdc5f51-2dd4-41bd-aca6-935965596083.jpg,0,0.036288705,0.0453082,0.0407984525,0
1a9682f8-34c8-48e1-8c3b-93b7bd475449.jpg,1,0.19273913,0.69319314,0.442966135,0
60bcaa9f-eb1e-44fe-8a96-dc5fca7a765f.jpg,1,0.970891,0.97691876,0.97390488,1
8ac155a8-0ca1-4d16-bfcb-55a975a70b7d.jpg,1,0.98232603,0.96981794,0.9760719849999999,1
51514b03-7647-437b-be5e-b2389a8541f6.jpg,1,0.9728892,0.9242453,0.94856725,1
a69a4f2e-4dc5-4951-a130-0b7a472aa8d1.jpg,0,0.123678535,0.13801979,0.1308491625,0
1edb42e9-28c5-4181-a9af-91fd7f96d1fa.jpg,1,0.9425583,0.9572099,0.9498841,1
54a0ea73-a201-4300-b7ca-a0f86f01d42e.jpg,1,0.9582069,0.97896796,0.9685874299999999,1
861e6c45-cee5-4dfe-9af8-b509f8d09f14.jpg,0,0.012850395,0.0079428395,0.01039661725,0
b75b6e1e-eb1b-422c-a7be-dfc974c911c5.jpg,0,0.083584614,0.12022128,0.101902947,0
fe483fc2-372f-4fda-8064-b483d7db6432.jpg,0,0.015669316,0.06985531,0.042762313,0
5bc57212-0b37-4be7-819d-32721b54f57b.jpg,0,0.02514025,0.034693103,0.029916676500000003,0
f9d885d8-e8ff-479d-9340-530ba3430083.jpg,0,0.026553676,0.13498192,0.080767798,0
8a1c8423-4c88-4560-b8ae-a169ba4ad0e7.jpg,1,0.9647274,0.9729295,0.96882845,1
cdcc60bb-3676-4f92-aaea-cfa81be8f1fa.jpg,1,0.92711717,0.9787149,0.9529160350000001,1
f96e57c7-b454-4305-bb6a-459a39fe3d7d.jpg,1,0.9754074,0.9905825,0.98299495,1
a11ad8a0-c5d8-42b0-8a1e-aa12347d4f83.jpg,1,0.9799349,0.955972,0.96795345,1
da852b9b-c99e-4ead-af8a-6a63c27158bd.jpg,0,0.10053786,0.02148688,0.06101237,0
48333126-2f5c-4fb9-bba2-ef489b99dbfa.jpg,0,0.01400594,0.038105268,0.026055604,0
1f914c7d-3bb8-47c8-8d31-fe56a1948559.jpg,1,0.97481984,0.25425088,0.61453536,1
bc94015b-144e-4819-acbd-98f03954e105.jpg,0,0.059775352,0.09062963,0.075202491,0
b6628d02-bedf-432e-bf47-95776c47de47.jpg,0,0.022319088,0.03313013,0.027724609,0
ab70de2e-3c16-4465-8238-8eb8ea5fadeb.jpg,0,0.02731513,0.02732233,0.02731873,0
255df8ae-2973-49d2-8208-5da714d92c6f.jpg,1,0.97590536,0.94911045,0.962507905,1
207a63c7-6ad4-4c19-a788-832560309642.jpg,0,0.021606544,0.8751221,0.448364322,0
1e2662a5-3292-4ede-bff7-fe42b17b49ad.jpg,1,0.9879582,0.9707051,0.97933165,1
dcbc5dd0-993b-4a57-858f-735d4a3691e6.jpg,0,0.019448996,0.008490794,0.013969895,0
59144cf3-7cc7-43fd-8480-b3b54ec0d356.jpg,0,0.027493775,0.10224565,0.0648697125,0
599ce1c9-b96c-40ac-8728-8e4290b98a69.jpg,1,0.65946674,0.6613559,0.66041132,1
182a36d2-10f8-4147-9f0d-fb8430b214d3.jpg,1,0.9851436,0.843764,0.9144538,1
a48ef5d2-f352-4f99-bad5-f6010432cf90.jpg,1,0.97049063,0.7288473,0.849668965,1
7df596b3-d1d5-41cc-814d-b1fcba3f3907.jpg,0,0.021716796,0.014832367,0.0182745815,0
de5f4554-3992-4669-b294-4f1e21a946d0.jpg,1,0.98151416,0.9867508,0.98413248,1
845cefcb-8f3d-4974-91e6-9388d82cf67e.jpg,1,0.9876497,0.93633413,0.961991915,1
9cec8f1b-2662-4bec-89fb-b73d28046db0.jpg,1,0.33051154,0.2838811,0.30719631999999997,0
02085b0e-f67e-4be4-8a55-f46f298881a8.jpg,0,0.9731937,0.37782893,0.6755113150000001,1
aed5e8b8-4509-4d47-acb5-fe901eb274af.jpg,1,0.9729671,0.94413775,0.9585524249999999,1
1e5d246c-cbce-4046-b4a3-d441a25718ad.jpg,1,0.98087835,0.62504506,0.802961705,1
f5251ae5-275d-4620-9201-5cf8b6b7fa7e.jpg,0,0.02149982,0.054205555,0.0378526875,0
6e4e0732-21c8-4672-a9d6-23c602498b7d.jpg,1,0.99378395,0.7690068,0.881395375,1
adedc36e-97fa-454d-bba3-a4d368f4138a.jpg,1,0.03523585,0.020538783,0.027887316500000002,0
000541e8-6ea3-4ae0-a79b-10bd3bc3a38d.jpg,1,0.9694466,0.9882476,0.9788471000000001,1
4fb50885-4c20-4a5a-8fe9-90c6385dfdd4.jpg,0,0.0078108194,0.010576333,0.009193576200000001,0
57c72eb4-59ed-4dd5-b1c8-db9462d9fa64.jpg,1,0.9817801,0.9441716,0.9629758500000001,1
70062380-9584-40be-be13-1ef80d4c4b86.jpg,0,0.7332156,0.14031874,0.43676717,0
3cb9e0d8-6cd3-4b61-b4c3-99cd5f363e47.jpg,1,0.94035196,0.8730085,0.90668023,1
c63b9228-83ed-4e78-9020-088dad8eb510.jpg,1,0.9862291,0.98376065,0.9849948749999999,1
a11b7bce-0277-4d8c-85ed-61c9dee8651d.jpg,1,0.14414744,0.05415626,0.09915184999999999,0
fa77d481-b9df-4e25-accf-fa78c0cb3695.jpg,1,0.9815641,0.97469616,0.97813013,1
2c6b8ef3-916b-4bfd-8e6a-4b7e1da7b1b5.jpg,1,0.9717203,0.9864052,0.97906275,1
150847c9-ea5e-4b62-9ec3-ba8f758c1d01.jpg,0,0.9683635,0.31811216,0.64323783,1
8c1eed52-442b-4809-a400-56380930f88f.jpg,1,0.9747302,0.935806,0.9552681000000001,1
8dc7776d-384d-43a3-9896-6647b71b126d.jpg,0,0.30569407,0.00069212244,0.15319309622,0
44f30c15-007e-470c-b131-fcf96c2df0ca.jpg,1,0.97372055,0.74928313,0.8615018400000001,1
17ef3505-d192-4640-95db-57a213df29ac.jpg,0,0.03230201,0.025045523,0.0286737665,0
294d7fa6-6401-4ea0-b2dd-591ee67a04e3.jpg,1,0.9156324,0.71370834,0.81467037,1
7492c370-e161-419f-9867-8e9e5d929716.jpg,0,0.051740468,0.023211842,0.037476155,0
36c55e2b-7266-4a14-b0b0-61c52fd6a2aa.jpg,0,0.5315878,0.2776009,0.40459435,0
8348c158-28df-4963-9b5b-ff709007e133.jpg,1,0.96211404,0.96662664,0.96437034,1
41ab332d-755c-41ab-a91d-1d945032f017.jpg,0,0.01997987,0.0209084,0.020444135000000002,0
320dfde8-b2ea-4de6-b8e9-d7d7b2fc5d0e.jpg,1,0.9769338,0.9903476,0.9836407,1
0a7ad37c-d816-42a1-818b-9cbd76b7bc79.jpg,0,0.28258708,0.26320234,0.27289471,0
0b0aed83-30d8-4320-a397-c2d5623ee8c1.jpg,1,0.9780733,0.9683439,0.9732086,1
c3373f0a-9ae7-468a-8999-2bb60165eb49.jpg,1,0.97121173,0.9501645,0.960688115,1
f99989ac-3d08-4391-a43b-945391db0f44.jpg,0,0.013499215,0.04661159,0.0300554025,0
4eab97f2-99d6-4770-9d13-c2fdb895c7f6.jpg,1,0.96173435,0.22438706,0.593060705,1
2df723ae-2258-427d-8583-e69924cf4011.jpg,0,0.028375877,0.014626861,0.021501369,0
fda600ce-941a-4703-8eb5-53077ee7780a.jpg,0,0.029293409,0.0121467635,0.02072008625,0
05852d02-6867-464b-b194-b48cfecdfefb.jpg,0,0.73128575,0.02685918,0.37907246499999997,0
0318405c-b5d9-44d1-8ccc-f2f614769dc0.jpg,1,0.9709964,0.974427,0.9727117000000001,1
06d9dc08-3341-4e8e-86bf-7b7d154b67ac.jpg,1,0.017385887,0.13234426,0.07486507349999999,0
4c13aad7-5b4e-4a39-9e21-5550b8746adf.jpg,1,0.9812331,0.8532166,0.91722485,1
eb27fc0b-2a06-4a7d-9edf-7581b4a6fcc0.jpg,0,0.030950999,0.024330487,0.027640743000000002,0
f392b9a0-da23-432a-ac46-c7e1e68a5ff7.jpg,0,0.108344115,0.14984806,0.1290960875,0
0a3c3b38-9be3-4c1b-9c61-1408a8ed612a.jpg,0,0.019091276,0.02169034,0.020390808,0
00db7baa-a8fe-4c79-8ccf-c38f2e09f423.jpg,0,0.04103488,0.0132997865,0.02716733325,0
c0cf101f-b904-4f99-91ed-a2ab6229e4d5.jpg,0,0.16045856,0.03418044,0.0973195,0
bff7b664-525e-416e-961d-3de1fab5a1f3.jpg,0,0.024818433,0.024692385,0.024755409,0
d5ee8c2b-7d56-4da6-981e-f9c6126488e5.jpg,1,0.98326206,0.9645701,0.97391608,1
b4d34fbc-047d-4181-848d-86abfb38c62d.jpg,0,0.95065624,0.14439295,0.5475245950000001,1
aa38efa6-3c5c-4e2b-81a6-4bba9617ada9.jpg,0,0.029164894,0.031944327,0.030554610500000003,0
ed617d33-ca42-421d-b64f-c68f1d8ebfce.jpg,1,0.96276826,0.81461024,0.8886892500000001,1
b3474be0-158d-4eec-9f17-237eaf366a10.jpg,0,0.008458646,0.060228992,0.034343819,0
6f27966a-8a53-4cd4-be8a-8c603cae6ed0.jpg,1,0.97686124,0.9555382,0.96619972,1
82bd071a-e710-4716-90eb-6dc4b65bbcbd.jpg,0,0.020698003,0.011962024,0.0163300135,0
07e170b5-140b-40fb-8a8c-d1cb90907d96.jpg,0,0.032980636,0.118032314,0.075506475,0
c8852b7f-cb32-4bff-b4a7-bb2fa5071cfb.jpg,1,0.7726347,0.9780972,0.87536595,1
71bec556-b116-4836-99aa-c7fc9a83b225.jpg,0,0.019494092,0.007466497,0.0134802945,0
d9cdb5dc-85ac-412f-91ff-b5f13daa12da.jpg,0,0.018308414,0.023548258,0.020928336,0
b6e9ff3d-51d3-48eb-aba6-8a9e2b44c4a3.jpg,1,0.9736838,0.9747351,0.97420945,1
7f69dfa1-88a7-43d7-b2f7-5fc5d3cc0cc5.jpg,1,0.92912674,0.3677491,0.64843792,1
e5878ff6-cdb6-46bd-836a-c7b540bc03aa.jpg,0,0.05683582,0.018830737,0.0378332785,0
cd141363-bead-42c9-86c4-17cfeceac2ac.jpg,0,0.03419743,0.016226968,0.025212199,0
65ad0607-cd27-44e1-8b86-3c85e579da9e.jpg,0,0.016008444,0.010549693,0.013279068500000001,0
295c65c1-dda3-486d-9bb2-33314a3e7174.jpg,1,0.029500013,0.08880624,0.0591531265,0
d6151d0b-0d46-4b2d-8620-55310e36ce92.jpg,1,0.9512028,0.9954112,0.973307,1
104cdbd6-3975-4d3c-8e23-87f2e723320c.jpg,1,0.98385286,0.91525537,0.949554115,1
1d2364d6-3d3e-485f-aad5-c6ad696557e0.jpg,1,0.98599213,0.15152578,0.568758955,1
d89ca244-54b2-40bf-8d4d-d7bede084ca5.jpg,0,0.37580016,0.5649581,0.47037913,0
58664bdd-ecaa-4356-8940-db2cc2f1037f.jpg,0,0.021816237,0.034032617,0.027924427,0
9f1086a3-1b57-497a-a441-efb12e5ea710.jpg,0,0.02442571,0.0139011545,0.01916343225,0
cbb122c3-4dd8-46b3-b9aa-6b2a037141f5.jpg,0,0.054634314,0.2033643,0.128999307,0
f1320842-271a-4715-9fd7-a751b631a5d0.jpg,0,0.021803493,0.022422194,0.0221128435,0
3d86bd42-bc95-46b5-97bb-8898d15bb041.jpg,1,0.9795243,0.87120944,0.92536687,1
238b265c-1deb-4571-9ac4-757edc26b089.jpg,0,0.10636596,0.0136882,0.06002708,0
eeb2d47f-72c6-46b5-9d70-27ad999212ae.jpg,0,0.05257361,0.012006107,0.0322898585,0
150c44ad-c2c4-44c4-b4a6-386b57d8417e.jpg,1,0.937398,0.5843666,0.7608823,1
f4c7260b-1d48-47c8-bd0a-5af67e94de8e.jpg,1,0.08616666,0.033337623,0.0597521415,0
b9cce903-2aa4-46c2-a3e7-29a1fea4b6b5.jpg,1,0.97199136,0.9624451,0.9672182300000001,1
005af84d-d9ae-4842-a4a2-75fc8f590a94.jpg,1,0.77710366,0.91576576,0.84643471,1
982f3af9-c271-4d4d-921c-cfa2a93e3c5a.jpg,1,0.9834836,0.9837246,0.9836041,1
c08e93bc-8fe2-4bf1-8fc9-e3d4f6207ec8.jpg,0,0.015056595,0.018665686,0.0168611405,0
9f25011f-b4f3-4320-b87f-d000aa25258c.jpg,1,0.9769864,0.82924443,0.903115415,1
47767351-80a7-490a-9d46-2c99abd6c99c.jpg,0,0.13856499,0.08466732,0.111616155,0
2a24e213-62ca-457a-9bb4-8e22d62f1f48.jpg,0,0.82659006,0.07534475,0.450967405,0
be3729d9-3566-4cbb-9969-0b6e9bf5d860.jpg,0,0.06772714,0.3009947,0.18436092,0
eac13fac-cb50-46a8-b8c9-765d8195784e.jpg,0,0.028646102,0.008226119,0.0184361105,0
d1aca19c-2e1b-485a-80d7-12fb4622deae.jpg,0,0.47743145,0.21359497,0.34551321,0
fa240e4b-3729-40e3-8195-0e1d4c86e2c2.jpg,0,0.019574704,0.028105758,0.023840231,0
b51fdf31-5b45-4bf8-aeab-c5e2b26514aa.jpg,0,0.04486816,0.14817606,0.09652211,0
174d1c91-44a0-42f0-93b6-d952b6e7c407.jpg,1,0.03231248,0.16161363,0.096963055,0
01f8bff4-f65c-4847-ae73-d17297c9db79.jpg,1,0.33735546,0.92712426,0.63223986,1
a0996b94-e9e3-4400-9dc9-f91c967fe4db.jpg,0,0.0144818155,0.012327836,0.01340482575,0
5eee07f0-63eb-4581-bf0b-f7b9ff86b800.jpg,0,0.01755141,0.005324922,0.011438166,0
24307bdd-cd41-4f48-9c1b-ebcbfb856c6d.jpg,0,0.13145022,0.43367282,0.28256152,0
5d13ff59-abfe-42c4-b3c9-761618d33a5e.jpg,0,0.71291274,0.23330319,0.473107965,0
708f527b-94d0-472d-a787-e30fbfba4d56.jpg,0,0.03377192,0.010830377,0.0223011485,0
8efecf9d-4dca-447a-8829-5789a0e32aff.jpg,1,0.9539377,0.41622925,0.685083475,1
af7237a9-3584-471c-a1bc-5315a1876464.jpg,1,0.96189886,0.8831443,0.92252158,1
6a2894d3-0a23-4b89-a388-dc06d8abea10.jpg,0,0.06667534,0.18899314,0.12783424,0
2c8ec2c4-5c39-4839-be03-3305cee54b60.jpg,1,0.022362197,0.5196321,0.2709971485,0
38bf5a9d-a2e4-469e-86ab-021a3c41aa64.jpg,0,0.016320182,0.016552182,0.016436182,0
f92e9175-55b9-4677-b77f-a514737c2ea0.jpg,1,0.98403955,0.63882655,0.81143305,1
2d56e13b-d89b-4b0f-b549-2b446f793a55.jpg,1,0.9615995,0.9776364,0.96961795,1
0bde1906-90ae-4920-a8c5-aa720b0f8b4c.jpg,0,0.016771482,0.022181043,0.0194762625,0
859fa6e2-4615-46af-b1d1-78142b2c3a09.jpg,1,0.88214684,0.14570077,0.513923805,1
0a71584e-3fc7-4511-b54c-494a0de104af.jpg,0,0.96993,0.51673794,0.7433339699999999,1
1b87b8bf-42d1-4475-9e0d-0ebfdc3b1b4f.jpg,1,0.97679615,0.98248315,0.97963965,1
f66ff461-4978-405c-b2e8-0d3cb33abbaf.jpg,0,0.23060614,0.046779383,0.13869276149999998,0
d5ee3c02-4390-46f4-9998-3710b6d61ba8.jpg,0,0.106117964,0.093750596,0.09993428,0
21f111fb-9607-4a6d-8f63-dcf348a5239c.jpg,1,0.6874489,0.9846911,0.8360700000000001,1
1c089ec0-c40d-4888-93b1-6d8e7254f8ca.jpg,1,0.9738794,0.9761474,0.9750133999999999,1
56134a60-1816-4750-b0af-e9dc536f6e6e.jpg,0,0.020952092,0.017084079,0.019018085499999997,0
61910991-c2a3-42a1-bc4a-1998e5de33a3.jpg,1,0.8334751,0.9621101,0.8977926,1
ac0095a6-fa9f-430d-945c-05f3c36d6422.jpg,1,0.9746006,0.96078426,0.96769243,1
e59b0708-8d4c-491b-8328-18055dc80533.jpg,0,0.035319954,0.012135389,0.0237276715,0
16e2f418-4e58-405a-87c5-81072df4a25f.jpg,1,0.9257941,0.581901,0.7538475499999999,1
4c57d84d-1fdd-47f6-aef0-08e59bb9afd0.jpg,0,0.048877295,0.036154747,0.042516021,0
499ee977-7716-4dbb-8110-d02b543f78eb.jpg,1,0.9819688,0.97987837,0.980923585,1
16f9dcff-f4a3-4baa-9431-b7aec4942df2.jpg,1,0.97074836,0.9396636,0.95520598,1
9a9817d6-f5c5-4f22-bfe9-a3605f42fcfd.jpg,1,0.97832173,0.9427731,0.960547415,1
bb1e19cf-8a58-4030-a22f-035260e5cc18.jpg,1,0.9356329,0.5775165,0.7565747,1
34337e51-48aa-4bee-8ee4-78fa42c4fdab.jpg,1,0.9755149,0.9443824,0.95994865,1
39264b44-e30f-4aee-ac23-83c9c048b8ab.jpg,1,0.98026496,0.9776273,0.97894613,1
18d75780-d7b0-4e4b-b471-b20a8871d129.jpg,1,0.9881058,0.7539614,0.8710336000000001,1
1e895746-e3d7-4abc-880e-80257aeb6cce.jpg,1,0.83252066,0.29578325,0.564151955,1
cfb625a4-0d1c-4b15-b1e0-074d2d900ead.jpg,0,0.95220757,0.7469382,0.8495728849999999,1
7cd85a71-3067-4f3d-9020-113cf8dd7e35.jpg,1,0.97671956,0.9365132,0.95661638,1
e8f06b7f-e2d8-4408-9589-b9d12a87478d.jpg,1,0.97611475,0.97756004,0.976837395,1
55bb7d90-9029-4544-9ddc-88ddddb79eda.jpg,1,0.9754226,0.9782706,0.9768466,1
c754bd7a-0c12-421d-8bf1-1c3150a30979.jpg,0,0.009522587,0.013332826,0.0114277065,0
2635ab17-5c9a-4583-8ded-4cb70e377782.jpg,1,0.8909642,0.34633145,0.618647825,1
aceaa94c-a491-4ade-afb8-cd9d46a7cb3f.jpg,1,0.9762408,0.9780874,0.9771641,1
8e616bc8-a3d8-467f-a249-736e827724dd.jpg,0,0.017972365,0.0077077816,0.012840073300000001,0
5682f6cd-a29b-45c4-9209-7ea500bfd836.jpg,0,0.030867213,0.061692137,0.046279675,0
35e44e7d-a9de-43c0-8e8c-d6a346de981a.jpg,1,0.9830596,0.9939491,0.98850435,1
e647d156-64af-49b5-9fdb-c5588c4ed7db.jpg,1,0.9672189,0.97725105,0.972234975,1
1b649c8d-9d75-4bb5-ab98-8e75abb0d665.jpg,0,0.023309961,0.009225386,0.0162676735,0
1a25843c-01be-4fca-81e4-2f64901f3b3b.jpg,1,0.91214174,0.64731485,0.779728295,1
5cecdaa2-fa4a-474a-98f7-73c20266a24b.jpg,0,0.03628708,0.023700377,0.0299937285,0
0358da46-3aa2-481b-b619-d96f6922e976.jpg,0,0.07527069,0.3168132,0.196041945,0
29ce36cf-1070-459c-bc54-1bd3a3c7e6ac.jpg,0,0.013865251,0.011377412,0.0126213315,0
c6469cab-81a4-4c75-876c-ec4b3051fda4.jpg,0,0.03803053,0.036711913,0.037371221499999996,0
8e973410-b1b2-4f02-9d0f-af7e33b31efb.jpg,1,0.9762246,0.92745113,0.951837865,1
4dd9e10f-80a4-4400-bc15-f02fedcecf2c.jpg,1,0.9893274,0.22569238,0.60750989,1
732cb4eb-8bf8-4ce4-b3c4-e9311d0d5704.jpg,0,0.011843056,0.02585342,0.018848238,0
4f8de24c-6289-4c5d-861c-01a95779bf4d.jpg,0,0.048465993,0.019615969,0.034040981,0
e945d4bf-bc1a-4c10-b795-7e1ba33aa078.jpg,0,0.082559526,0.004640662,0.043600094,0
4efeba61-089e-4095-9438-f01ec0813728.jpg,1,0.9702172,0.9839163,0.97706675,1
526349e3-25f3-41cd-9c06-0f89dcfc3670.jpg,0,0.023956737,0.048320886,0.0361388115,0
c3a447ec-9b1b-4f77-b4e5-1c3d6bb9f464.jpg,1,0.973423,0.9601074,0.9667652,1
6949a1fb-9d9f-43b6-a7e1-7d3fb5ac8d3c.jpg,1,0.33297962,0.9660209,0.6495002599999999,1
8d53dd9f-4a95-46fa-a305-d8ca7f524c62.jpg,0,0.12223655,0.034797017,0.07851678349999999,0
32708251-5d7e-4832-ba7e-ae200089884f.jpg,1,0.98603326,0.97076565,0.978399455,1
2b6194db-420b-4604-b27c-e0520d2ae841.jpg,1,0.6956787,0.64884245,0.6722605749999999,1
3d6ebecf-ace4-4d91-9755-b5b469f740af.jpg,1,0.96011525,0.7649925,0.8625538749999999,1
de88d783-244c-4d19-a44d-31642ca694d0.jpg,0,0.02696442,0.09064907,0.058806745,0
071b41ce-0f98-4062-b8b9-5934bfd00445.jpg,1,0.97150546,0.9697061,0.9706057800000001,1
81a4553d-e0ab-4fec-b23f-e8f7adac9279.jpg,0,0.8579655,0.08456754,0.47126652,0
49a0b42d-1813-4a47-99e4-7232fb4b17b7.jpg,1,0.37388548,0.060902756,0.217394118,0
49903b93-f5de-4d03-88ef-1f380f123df1.jpg,0,0.020118576,0.010745198,0.015431886999999998,0
ffb5fceb-f4b0-4d12-b93b-c05f75e73aa0.jpg,0,0.030920913,0.033776324,0.0323486185,0
8b17b471-0f87-4ec7-887a-ed48f1cd6829.jpg,0,0.07522158,0.019510353,0.047365966499999995,0
a9e3f0b0-2106-4f32-a9d3-5a4aaac38138.jpg,0,0.724294,0.04038072,0.38233736,0
e19c4b8f-a6f0-4d6f-b736-2f7cabdc0c2c.jpg,0,0.026593292,0.035854306,0.031223799000000003,0
b5937c08-2d07-4b86-b404-f3b114c46aa5.jpg,0,0.045657933,0.053422946,0.0495404395,0
e47d33ec-3d9e-45d3-8610-fdd1227c61f1.jpg,1,0.95037127,0.83899325,0.89468226,1
642c05c7-52d1-431c-8496-f5d067d19dfd.jpg,0,0.02392034,0.008037648,0.015978994,0
7d9ea975-acf5-4548-a1d8-78ef6f0b8ae8.jpg,0,0.10122448,0.04226339,0.07174393500000001,0
58f53138-a10b-4ae7-b794-8cee09c127f2.jpg,1,0.9752843,0.9362559,0.9557701000000001,1
f7936784-f54c-4f48-aa00-1d60e1506c4d.jpg,1,0.973396,0.97335106,0.97337353,1
d2aa3b95-721a-4f3b-b95b-d2d747b82a65.jpg,1,0.34939948,0.33538938,0.34239443,0
25824e8d-b01f-4ede-9e8a-ea0b544a988f.jpg,1,0.97395164,0.8862548,0.93010322,1
7c23578a-eb26-44ac-9ef2-5335a3097d75.jpg,1,0.96951944,0.7922454,0.88088242,1
8ff66380-c6bd-4ed4-b595-b7febc4690cc.jpg,1,0.98066306,0.9644282,0.9725456299999999,1
21cb7801-04f7-4fb8-b739-606f50f87683.jpg,1,0.9721109,0.590497,0.7813039500000001,1
ecc03a4d-dfdf-47fb-9239-8121983f7146.jpg,0,0.9874325,0.23863697,0.613034735,1
1cf0ff6a-7200-4539-aae5-a841a57dc0bf.jpg,0,0.022821411,0.016479487,0.019650449,0
27366c9d-2a7c-41b4-b1c6-5761de3a75fb.jpg,1,0.4489219,0.10482302,0.27687246,0
d2515cbe-cf5d-420d-a3ec-e0bf367fe540.jpg,1,0.70902014,0.3144524,0.51173627,1
a0d0ffd5-b2ef-4227-aad8-5d0d84e0235a.jpg,0,0.70547533,0.5937881,0.6496317149999999,1
71f021fc-853d-4cc5-a75b-dc5b47140f8f.jpg,1,0.94756466,0.79645234,0.8720085,1
9db153e4-6ff6-494b-97b8-35d0af5c3bbd.jpg,0,0.046180427,0.023298278,0.0347393525,0
bb48548e-438f-472d-8e8e-9f419ae9e7ad.jpg,0,0.03631684,0.011562753,0.023939796500000003,0
76d900be-df12-4362-ab08-ec3cceadac6a.jpg,0,0.09964872,0.36076656,0.23020764,0
01da1d2f-2b50-417e-8abc-a0b859727825.jpg,0,0.043398168,0.1395752,0.09148668400000001,0
e069d15a-8735-4dff-bb1a-4b0b15a058c8.jpg,0,0.013198498,0.033380073,0.0232892855,0
e06061b8-bb05-4f9c-942c-39c7875523dc.jpg,0,0.02178734,0.2537321,0.13775972,0
de3b2133-e424-4cab-8675-9e71ed1f371d.jpg,0,0.018490197,0.07724575,0.0478679735,0
dd9087a5-77cb-4c18-a2a1-8defb56bb33d.jpg,1,0.97670794,0.99101144,0.9838596900000001,1
8019e41d-bad8-4f14-97be-519492b94bdc.jpg,0,0.051781878,0.023353098,0.037567488,0
4ab803c2-1be9-4aee-bc7c-78aee4a9e84e.jpg,1,0.9753484,0.98190504,0.9786267200000001,1
59ac35b5-4e38-4d39-8ece-d6a486a1372c.jpg,0,0.026475906,0.016513845,0.0214948755,0
28781560-f45a-4787-b0ae-4f9415aec2a8.jpg,0,0.021300131,0.0984993,0.0598997155,0
34816893-b661-4983-86ea-35c6f2777003.jpg,0,0.021943094,0.02046883,0.021205962000000002,0
bf1e164f-4569-409e-a836-7fb4b66a4cc2.jpg,0,0.028244145,0.01934379,0.0237939675,0
aa8fa1d2-61ec-429e-b740-c51c8d4bf075.jpg,0,0.04856508,0.009196957,0.028881018499999998,0
410d0fea-2215-4976-bf77-569a1498939c.jpg,0,0.017513147,0.07758019,0.0475466685,0
0816e489-1922-4e66-aee5-d044d287ee50.jpg,1,0.97308445,0.9527882,0.962936325,1
8cba7ae9-f901-4f3c-8996-b12a7f6fffa3.jpg,0,0.0827643,0.02515643,0.053960364999999996,0
fc4ff449-d55c-434d-8859-48af4018c98d.jpg,0,0.03257426,0.09795941,0.065266835,0
200cfa87-2440-46b1-a91a-1ca0b5b98c2c.jpg,0,0.020479029,0.021375075,0.020927052,0
2298ec3d-0862-4157-be9d-ed3bb4c7a425.jpg,1,0.9747417,0.96224684,0.9684942700000001,1
b6f60c3b-efaa-4301-a3da-494aa1355ee6.jpg,1,0.016107934,0.1782211,0.09716451699999999,0
fc1c64fa-7aca-4193-bffb-07f93717181b.jpg,0,0.23417564,0.09407219,0.164123915,0
f0143546-becb-4d6f-8174-c71c032a43c3.jpg,0,0.3651766,0.20351827,0.28434743500000004,0
a0c1c321-f874-42ab-b51c-5b0ed74a3ebc.jpg,0,0.01139848,0.008623539,0.010011009500000001,0
aac0adb3-9c5f-42aa-9dcd-1c0b483c5707.jpg,0,0.049872905,0.11546641,0.08266965750000001,0
04a5e5a0-41f6-4a9d-842e-15e7fae51e3b.jpg,0,0.16812201,0.5716698,0.369895905,0
5c4262f6-6b6f-492a-ad3c-3439db79bf3b.jpg,0,0.0156015,0.032897193,0.024249346499999998,0
972c4cbe-4a4d-4cb0-a993-ba0963d66ecf.jpg,0,0.015686654,0.017552042,0.016619348,0
498f7461-02af-4ec3-87bf-3fad1ecd949a.jpg,0,0.9831359,0.18589479,0.584515345,1
f727122f-abf6-4e1b-babd-91127aae1870.jpg,1,0.9745605,0.98661685,0.980588675,1
3fff2dcc-3d9c-43c0-8029-4418894e1061.jpg,1,0.98346686,0.9922108,0.9878388300000001,1
aa6f33d2-e330-4760-985d-55358a140e99.jpg,1,0.98096746,0.8250039,0.90298568,1
5afb7dd9-0711-43f4-b0da-d9355de03ab5.jpg,0,0.015942479,0.014690615,0.015316547,0
16d68d75-869e-49b0-a49e-338c15549261.jpg,1,0.97734135,0.9637521,0.9705467249999999,1
61d648c1-e738-419e-af51-cf20cfe6035e.jpg,1,0.9748294,0.98524743,0.980038415,1
bdda5d04-8eee-4d26-9f60-7d3849ba4b83.jpg,0,0.014395333,0.14274678,0.0785710565,0
92c5791b-72e2-410e-9db8-5bf8f6f6e5d7.jpg,1,0.37939453,0.28022248,0.32980850500000003,0
009f1abc-0e75-4238-8510-604f45c6657c.jpg,0,0.023861878,0.039063614,0.031462746,0
ec5419f7-04a4-4c6e-bcaa-1b50c71fee56.jpg,1,0.96356225,0.9662425,0.964902375,1
6037f69b-b396-46d0-b9e3-cdcfa25b8e90.jpg,0,0.018093621,0.010270244,0.014181932500000001,0
b535cbd0-fd5f-4ca9-a213-ad2a7df28305.jpg,0,0.017949631,0.01870997,0.0183298005,0
876b4c7b-5f3e-496f-a396-7ce0f7fa814d.jpg,0,0.020306528,0.0039714817,0.01213900485,0
424c6349-ebad-495b-aca9-acb6822d93f6.jpg,0,0.023246294,0.020472249,0.0218592715,0
921a3df8-91d5-4432-b3ff-9af4bb0a047f.jpg,0,0.024379173,0.00915502,0.016767096500000002,0
8ae904d9-e434-47de-9893-c4cf478c5db0.jpg,1,0.9736374,0.93916386,0.95640063,1
ccbecc14-bb8a-4cab-a545-b033e1398d15.jpg,1,0.9809455,0.90754956,0.94424753,1
6d6a89e7-57f4-4476-8772-38b147214715.jpg,1,0.98214585,0.98907834,0.985612095,1
6cb39191-8549-4327-bb5e-b9538b14af26.jpg,0,0.31956077,0.24283142,0.281196095,0
ac23a35e-349c-41c0-96b6-432ad9e7fa69.jpg,1,0.9698784,0.97869205,0.974285225,1
3188335b-a440-4911-8b8e-5f2fa9cb6fa2.jpg,1,0.9579175,0.97872734,0.96832242,1
667ebf0e-f0a3-461a-93a5-e79ecb5fc164.jpg,1,0.983963,0.5869153,0.78543915,1
2fd7702b-49d4-4bd0-8516-078527a265c9.jpg,1,0.020427214,0.114863284,0.06764524899999999,0
5108cc08-98de-45aa-b3b2-c63f1f33fe70.jpg,0,0.924155,0.035620842,0.479887921,0
d3b84454-9a4f-4f05-a5c7-0b843cfe4da5.jpg,0,0.68835115,0.114663474,0.401507312,0
559f7da2-e31f-45bc-b07a-85262e81eb15.jpg,1,0.97612983,0.27080935,0.62346959,1
4647a5bb-6c9d-43f5-80ac-2926cd981c54.jpg,0,0.0233924,0.011058065,0.0172252325,0
8acfd566-c5fe-4e8f-b526-b2dce567449a.jpg,1,0.96259373,0.95835257,0.96047315,1
0c030240-e031-489e-a45a-e1fca617f658.jpg,0,0.01949819,0.014877022,0.017187606,0
7f784eb7-13a1-41b2-be16-2d964da5a9b9.jpg,0,0.050909866,0.06407475,0.057492308,0
4fd6f6cf-5fbf-4af3-a3e9-2a67c48f72b3.jpg,0,0.072714165,0.098050915,0.08538254,0
0a12a373-d608-4241-8769-78e45ed1e909.jpg,0,0.0147167845,0.010139558,0.01242817125,0
e626dd9c-af70-4d65-8ef8-39518b3821f1.jpg,1,0.9852136,0.9861994,0.9857065,1
05f01fe8-8b8e-4ed7-9600-1f59c397cd62.jpg,1,0.97555846,0.97256726,0.9740628600000001,1
98079cac-7fd1-4153-9b1c-529281af63eb.jpg,0,0.3272921,0.07634299,0.201817545,0
6b954471-0d13-4e5b-9069-4b8c297cc1f7.jpg,0,0.083424784,0.00476878,0.044096782,0
379e9e63-ac71-4d80-bf48-72873848168b.jpg,1,0.95442295,0.9635918,0.959007375,1
b63582eb-4990-4ef5-9571-8b9d79681670.jpg,0,0.016475294,0.048226934,0.032351114,0
e40693a7-72ad-4fe2-8438-4c956eb10061.jpg,0,0.04664665,0.030233903,0.038440276499999995,0
4557fe91-0425-43cb-a192-6b3025dbe34c.jpg,0,0.032621708,0.042081352,0.03735153,0
0f82637e-66bb-4bec-9f02-1f2b4900d3ab.jpg,1,0.9690959,0.96973777,0.9694168350000001,1
878f0693-f1e5-48de-befd-0731e7465234.jpg,0,0.015186275,0.10486913,0.0600277025,0
3ff18038-4332-4b91-a637-0da860c8ce44.jpg,1,0.2837647,0.28961965,0.286692175,0
7e1394ff-9061-4d28-a2cd-39d60ae3d4ee.jpg,0,0.027216785,0.022390006,0.0248033955,0
187fd077-bed6-46a3-b8fd-2e8e2b4ce9b5.jpg,1,0.8988056,0.05458954,0.47669757,0
e67a3e77-f810-44c6-951a-99555bc38150.jpg,1,0.9832671,0.9850833,0.9841751999999999,1
3a21d2a4-797d-4f8c-ba7b-61eb53cc8a40.jpg,1,0.8692166,0.7434377,0.80632715,1
0e14bc17-9f9d-4b52-b20f-ee3202f7dc73.jpg,1,0.97681695,0.89838314,0.9376000449999999,1
e6b77e09-e488-4a54-9ae0-ccdede21f16a.jpg,1,0.98779637,0.8682781,0.928037235,1
17b94e10-5fc4-4a5d-8377-5a314b53549d.jpg,1,0.61771315,0.20307054,0.41039184500000003,0
0b127b45-fd1a-4291-8838-95c4cee0b488.jpg,0,0.020893127,0.012650147,0.016771637,0
c074eeef-0851-4bf6-a251-458fee1cdfb9.jpg,1,0.5792292,0.8204195,0.69982435,1
fb1f39a2-e73e-463c-ab32-10d47fbd4874.jpg,0,0.9717715,0.57914203,0.7754567649999999,1
08746a62-3996-48fa-ab04-aa97ce7cc2ff.jpg,0,0.03010565,0.44259274,0.23634919499999998,0
54c2aad9-55c2-41e9-947f-1ecb01ac37b9.jpg,0,0.034020275,0.036577884,0.0352990795,0
689b4575-3bdb-488f-92d9-509df0e04f98.jpg,0,0.007873203,0.38756612,0.1977196615,0
2bb892b3-ca26-4095-98c7-9aebc1b583b6.jpg,1,0.9815225,0.94740945,0.964465975,1
528e6108-5bc0-476c-bacf-b78de9954b09.jpg,0,0.6836427,0.8469181,0.7652804,1
0d42d2cc-4d11-4603-899b-b04295e4a991.jpg,0,0.6626447,0.05247416,0.35755943,0
4ee4a647-d66b-48f3-abb1-f5407379edcc.jpg,1,0.035793945,0.060871657,0.048332801,0
d51cb20a-d698-4117-b0a6-ddb72054a8be.jpg,1,0.98337555,0.913747,0.948561275,1
0fe90638-b3cb-40ab-97db-2f87e116b699.jpg,1,0.98267215,0.9434886,0.963080375,1
fd9a2ca2-242f-4d82-82c5-8e28b12377af.jpg,0,0.97057265,0.8914418,0.931007225,1
a36bc136-3f44-4b52-8c1b-cbf99e86fe7f.jpg,0,0.009591412,0.015093061,0.0123422365,0
6a711c9b-c4ad-41ce-bc18-28d72e13c432.jpg,0,0.02211923,0.0030665577,0.01259289385,0
08352f75-28c0-4ac8-b558-c8a5d086aa62.jpg,1,0.86207837,0.79613733,0.82910785,1
915965f9-0877-4416-b597-98d184fa0073.jpg,1,0.40362668,0.93037415,0.667000415,1
f476d6fc-f612-4292-becf-79330bb46b36.jpg,0,0.01727958,0.015152208,0.016215894,0
92369f8c-93f3-4fc6-82b1-923f200e7cff.jpg,0,0.7355884,0.27832106,0.50695473,1
a4c58c0a-339a-44c8-a8c5-d024e1581184.jpg,0,0.10228559,0.041321766,0.071803678,0
405dc518-87be-4c48-9e25-6a7f14ea5e01.jpg,1,0.8543661,0.6827545,0.7685603000000001,1
bd37811d-428f-4f1e-9118-2dbc429d849d.jpg,1,0.9662673,0.8412288,0.90374805,1
1d129cc0-0861-44cd-9a28-7e61bd05895e.jpg,0,0.044046015,0.04369292,0.0438694675,0
53a107ca-475c-47f1-9ffb-958115540494.jpg,1,0.9813285,0.95551276,0.96842063,1
e377298c-9954-4eac-a74f-201b4d83afb7.jpg,1,0.98544437,0.9371662,0.9613052849999999,1
4812fdd0-e210-48f5-a452-4ba4ca2192c7.jpg,1,0.9696705,0.9774149,0.9735427,1
1d9a8ea3-725f-4de1-8c55-5e73b6e0690b.jpg,0,0.016750855,0.004326966,0.010538910499999998,0
f190d370-bf14-4bb1-9fb9-6887b5978c76.jpg,0,0.029024296,0.036282238,0.032653267,0
353f7864-62eb-4a67-b83e-5593c11f32fb.jpg,0,0.027484318,0.029192433,0.0283383755,0
d7029b06-6ed0-465b-bb86-63a50dfd5b19.jpg,0,0.72044116,0.73374295,0.727092055,1
7182d196-fe0e-4149-a879-88c5382a2159.jpg,1,0.9799345,0.9816961,0.9808153,1
5d4f3dae-d6f9-48d5-86dd-023a58319943.jpg,1,0.9774299,0.8103973,0.8939136,1
d0bb1fa7-d8fb-446c-9330-2cb9fd7d68e6.jpg,0,0.015358842,0.008791327,0.0120750845,0
0ce3529e-6f3d-49ee-8689-53d890faaa2e.jpg,0,0.03549384,0.27817413,0.156833985,0
23d25d70-dd69-490d-8e33-f6d6c1f96a3f.jpg,0,0.011728257,0.018899372,0.015313814500000002,0
9ae72ba0-e108-4536-87e3-bc945e68a7ac.jpg,1,0.75629735,0.8028062,0.7795517750000001,1
4b2dabf0-9ba0-487d-8be3-264de17a1a35.jpg,0,0.04560076,0.09272044,0.0691606,0
b622e12f-95e8-42b3-a9f7-a856c5fcdddf.jpg,0,0.013795177,0.0153994365,0.01459730675,0
9c8bb9dc-19d6-459b-87d7-0f8d69e0a6ee.jpg,1,0.7571656,0.8990484,0.8281069999999999,1
6f7575e3-9c8e-4b6c-986b-75f6889180d5.jpg,1,0.9756646,0.970179,0.9729218,1
1bdd6326-55e7-4b57-b7b7-0afabf3e9e3d.jpg,0,0.032364007,0.007180475,0.019772241,0
a991c942-c94e-48b4-a837-be15ee411a6e.jpg,0,0.0041734935,0.016282452,0.01022797275,0
e343d509-a9d6-4d4a-a6e3-fcbdb212445f.jpg,1,0.950892,0.8733036,0.9120978,1
96ffab4d-f9f2-4b98-9ff0-6fbe4b112cd0.jpg,1,0.9694238,0.6887358,0.8290797999999999,1
518fba2b-9710-49f2-9116-b661d9c54d2c.jpg,1,0.21564163,0.67978173,0.44771168,0
4542f426-db4a-42e0-93c4-6a667ad70e5a.jpg,1,0.9758485,0.9031537,0.9395011,1
4be82cc9-9b28-47d7-a26b-8d91ecb5769b.jpg,1,0.97621435,0.96807355,0.97214395,1
9ceb2016-a6ae-4df8-b973-9eb0ac2b5e9f.jpg,1,0.9837591,0.9664267,0.9750928999999999,1
513a289b-f065-4af6-aff5-69ad10e7d081.jpg,0,0.953378,0.60189575,0.777636875,1
da77c413-6705-4e1b-a968-cb59380ec874.jpg,1,0.9765708,0.95124406,0.9639074299999999,1
4d29f749-c542-4c96-9d6c-951a2fc71d8b.jpg,1,0.9784956,0.9672167,0.97285615,1
ca62cfdc-5884-4517-80da-a6a61baaae5c.jpg,1,0.9607959,0.9311428,0.94596935,1
2d9d476b-1e5e-4a7b-9a6e-7b7c4ca49db0.jpg,0,0.023190433,0.009793389,0.016491910999999998,0
e9b615df-2b53-4433-a4f1-cb2f05108ae4.jpg,0,0.029672327,0.02741474,0.0285435335,0
7e7ccf0f-04ef-4db7-b621-40dcfa4391aa.jpg,1,0.97892714,0.9505163,0.96472172,1
a54cf628-ee3e-4c66-bdb8-d589a682944e.jpg,1,0.9737677,0.9708397,0.9723037,1
3d749862-4746-41cc-a04f-74c2826395f9.jpg,0,0.012838664,0.08120503,0.047021847,0
40bb6426-abc4-4ca6-8063-54102f8da1ba.jpg,0,0.28358877,0.34118724,0.31238800499999997,0
1099e0ec-d642-4b27-9972-10b11ee81f6f.jpg,1,0.9132274,0.7267399,0.81998365,1
138e7879-f66b-4dc8-aea1-5caf44f0f44a.jpg,0,0.016517738,0.022461645,0.0194896915,0
8694fab9-866a-4df2-b302-e6fc4032dec2.jpg,1,0.97547513,0.7315386,0.853506865,1
0b5697a9-a32f-4df9-9337-e3f3cc5a04ba.jpg,0,0.03100065,0.032556508,0.031778579,0
46f6a873-fbc7-4afa-ad6f-6c7fce6250ce.jpg,0,0.3052852,0.02519842,0.16524181,0
f79ca68f-8d60-4756-b477-81bfff0e9e2a.jpg,1,0.98743945,0.97323805,0.98033875,1
60a0cf48-24a2-4f1a-a0e3-073d8e4fc3f4.jpg,1,0.36206365,0.5654717,0.46376767500000005,0
477d242a-582d-4206-8cec-78f7a4946f53.jpg,1,0.3972182,0.17087013,0.284044165,0
2db7c48d-688b-4396-8e7a-3ab0b909ebf0.jpg,0,0.08375847,0.05967694,0.07171770499999999,0
8a5179e5-31ae-4a2b-9859-57873e1abf13.jpg,1,0.97312814,0.9728038,0.97296597,1
bbaa157c-44e6-4d8b-b93e-eacf9f40fc7f.jpg,1,0.96988314,0.8499727,0.90992792,1
ab38dc34-7b13-40d8-8983-ff71b42c0e0d.jpg,1,0.029772764,0.96888024,0.49932650199999995,0
27688bf9-48b8-4d11-81aa-2a9eff0f9719.jpg,1,0.9832697,0.9853394,0.9843045500000001,1
8a60dbfe-f956-4f57-98f8-4b0730f10cdc.jpg,0,0.9066567,0.2795842,0.59312045,1
5639b83b-2a93-4f6a-a685-0e51192dc415.jpg,0,0.10099354,0.049037058,0.07501529900000001,0
3b61dff6-8539-48da-8d91-31389328062c.jpg,0,0.14671372,0.8948265,0.52077011,1
59670736-1323-4463-91cc-dd5b29d3595a.jpg,1,0.6218735,0.20275731,0.41231540499999997,0
9aeb8280-22e2-459a-b617-e855198877bb.jpg,1,0.9694405,0.44433233,0.706886415,1
832fbadd-d0f6-4839-9cde-2ae5ab3b68d8.jpg,1,0.9905433,0.98151237,0.986027835,1
174b0cc2-654e-43f3-955d-05c61c0eaeed.jpg,1,0.97124594,0.96564656,0.96844625,1
c10fde8c-f468-4386-aae9-8e3e0e3972d0.jpg,1,0.98273087,0.9373209,0.9600258850000001,1
d8a2088c-cbea-4b7d-a696-8ebc77fd14d6.jpg,1,0.96307105,0.9475686,0.955319825,1
d267c9c5-ab52-4feb-a3db-3b763ceac777.jpg,0,0.017967371,0.04106432,0.0295158455,0
75693d87-e748-4109-9f40-7dc5ce63d237.jpg,0,0.006668579,0.0048067155,0.00573764725,0
db9fd694-7d93-44b2-ace8-046e9fc8018a.jpg,0,0.44664454,0.11007804,0.27836129,0
b1011772-6137-4565-b15f-657a614688f1.jpg,1,0.9844176,0.98920983,0.986813715,1
916c40e5-454e-44d7-9324-0b100f7126c7.jpg,1,0.9733402,0.8313462,0.9023432,1
6085ba70-b522-43e9-b221-20bc6992e31d.jpg,1,0.90601945,0.6764746,0.791247025,1
a863492d-cf31-4381-ba76-647cbda76f95.jpg,1,0.97411555,0.9860179,0.980066725,1
b1a10b29-bd04-4ed3-9fcb-33b4870f3a90.jpg,0,0.03859054,0.012896602,0.025743571,0
aa9c114f-d8b1-4376-a82f-8e92bc9f129a.jpg,1,0.99168104,0.69152784,0.84160444,1
d91a6baa-77ab-4a0c-9b98-6040aa3ec389.jpg,0,0.18698843,0.028277842,0.107633136,0
7ab4ecba-e0d4-4b1c-948d-ce4120dbf50f.jpg,1,0.88336784,0.7313962,0.80738202,1
ae2fb455-138e-40f2-8ce7-a01086f18200.jpg,0,0.20783913,0.009115925,0.1084775275,0
427b29fc-1507-45dd-858a-b4338bd62232.jpg,0,0.014349037,0.014297088,0.0143230625,0
e5095cb9-3fca-4912-b267-ff87ffc6b6f4.jpg,0,0.0513556,0.016440721,0.033898160499999996,0
1de420e3-08aa-4df2-8854-d147481dadd5.jpg,0,0.79522234,0.18086056,0.48804145,0
4273c156-8645-4e98-98ba-c57f9157ebfa.jpg,1,0.9796772,0.98277265,0.981224925,1
85017d89-c002-4d68-9491-9b34def5484b.jpg,1,0.9541858,0.9362542,0.94522,1
0fa89b23-8080-4e1b-a964-a64ab84d4642.jpg,1,0.98062474,0.7533703,0.86699752,1
40e7b428-4bb2-49f7-a56e-41d8d0effd8d.jpg,0,0.0369086,0.021222504,0.029065552,0
1ebf6249-df49-4a31-9858-6da7e695e53e.jpg,1,0.9404623,0.9396618,0.94006205,1
f719eed7-3dbc-4278-aad5-d594d4eba15f.jpg,1,0.974679,0.85806495,0.916371975,1
c5a4b21b-2cfa-4a67-a4c8-9ffd7ce09398.jpg,0,0.08756182,0.015980506,0.051771162999999995,0
8d9a1c77-854d-4a71-83ea-385e5ffc4f2b.jpg,0,0.97551256,0.5106488,0.74308068,1
71667cff-b7eb-4c41-81a6-c9d26a0aa57d.jpg,0,0.052462015,0.08702939,0.0697457025,0
a3da6879-051d-448a-8b8a-ee6cac19a564.jpg,1,0.9807188,0.83973104,0.91022492,1
f669e4c9-9bf4-40e0-9392-1aaa4f302d78.jpg,1,0.9745671,0.8874789,0.9310229999999999,1
e1d3e52e-e1f9-476c-aacc-d2e22b42138f.jpg,0,0.03003483,0.019686813,0.024860821499999998,0
9bacc5a5-bb66-484a-a5fc-10327b9ea955.jpg,1,0.25516203,0.26709834,0.26113018499999996,0
ab77c924-17c0-4ba2-9879-f7e020a9788b.jpg,0,0.013161319,0.06393523,0.0385482745,0
e6784258-2810-4c1e-8278-ec529016b612.jpg,1,0.9616558,0.7435642,0.85261,1
879194f5-f4bb-4236-92fb-87f89f14c65d.jpg,0,0.03887677,0.02115719,0.03001698,0
036d8d19-2aa7-4159-9217-4aed6ab57305.jpg,0,0.17601134,0.016141945,0.09607664249999999,0
12ce02e3-e83c-48e1-8ab9-cf7e913d3eaf.jpg,0,0.05226926,0.016758168,0.034513714,0
496202b5-6d6e-44da-89a0-348a6e93bf4f.jpg,1,0.78748244,0.8542144,0.82084842,1
96a0919b-8f52-4a68-9edb-1599fc5238b0.jpg,0,0.118013896,0.022108585,0.0700612405,0
7626b009-962f-4b2f-8ee9-aedd457f6b76.jpg,0,0.13904576,0.05586056,0.09745316,0
4b8f71fc-4326-4543-b7a0-a6b78809394d.jpg,0,0.015557694,0.05032741,0.032942552,0
63c36977-0639-4c31-b397-2b186539f344.jpg,1,0.96814233,0.49047336,0.729307845,1
6c953c61-314d-4636-b221-f445d2382866.jpg,0,0.017444214,0.008491176,0.012967695,0
e89b2cfd-6361-4e37-a6d1-757288ac4e45.jpg,1,0.7890727,0.62477136,0.70692203,1
bb1dd9fe-8e3b-4ed3-ac7c-06e0f8ac6c56.jpg,0,0.05914024,0.14580442,0.10247233,0
4497fb3f-1909-43cf-b361-dec5b336e6d4.jpg,1,0.7637177,0.7604224,0.76207005,1
9e7e2594-70c1-4dd5-9650-acef260e7699.jpg,0,0.014766217,0.0077709756,0.0112685963,0
b439ed2d-966d-4bc5-b36c-dd6cda01d72f.jpg,1,0.9812704,0.9875452,0.9844078,1
390cf5c6-22b8-4923-a9ad-aa96e78d41b3.jpg,1,0.15007803,0.9525137,0.551295865,1
3464a126-17ab-422c-ae48-a0d604a7cc69.jpg,0,0.024222925,0.06267804,0.0434504825,0
1bb2d358-9d5c-4f79-b990-e16bb701a6aa.jpg,0,0.027592672,0.041495517,0.0345440945,0
d10cb983-c6b5-43dd-b0cb-21d388d0f86a.jpg,0,0.97242016,0.1487688,0.56059448,1
a8cabab3-a6fc-41cc-8cfe-9eaa835231d1.jpg,0,0.050412357,0.011759393,0.031085875,0
0166b313-6aa6-4623-8e35-1f4977dd3582.jpg,0,0.5356789,0.46385053,0.49976471499999997,0
80fe47ca-76da-464d-a065-24627a987a4b.jpg,0,0.27095357,0.022380812,0.14666719099999997,0
9295ca33-29ae-4cf1-9a33-c6f0d4a80a62.jpg,0,0.0070661716,0.02944702,0.0182565958,0
dac60dc4-aabb-434d-bf51-f8c5ec1b439d.jpg,1,0.5258766,0.88446885,0.705172725,1
6f906a53-0f94-4b7e-94ab-0918a21253cb.jpg,0,0.027052857,0.005053953,0.016053405,0
0e0dcbf4-af70-4a01-ac44-9272cf5fcd0e.jpg,1,0.97573644,0.95021266,0.96297455,1
44d99e33-28b7-46c3-97da-375c1e571d1d.jpg,0,0.024332581,0.012723713,0.018528147,0
ddd892a5-cb16-4db2-a9d0-b9ae46304c2a.jpg,1,0.9865236,0.5592281,0.7728758499999999,1
e13ee2d9-9400-42d8-80c5-c9dc3e01020a.jpg,0,0.018182198,0.020214068,0.019198133,0
f0927a0b-e569-4b59-9181-c41d9eb42b8b.jpg,0,0.021777997,0.24134557,0.1315617835,0
9ed9ecb6-e17a-4704-9692-bff103fe666f.jpg,1,0.9721934,0.98684067,0.979517035,1
458e6062-a1af-47c2-8a3f-ba92b42fd631.jpg,0,0.005180853,0.1320699,0.0686253765,0
e63c81af-32bf-4505-ba45-132600577ba0.jpg,1,0.9665215,0.9658163,0.9661689,1
fca385d2-2c38-4cf4-bf5d-488a01b7689d.jpg,0,0.071902305,0.01798416,0.0449432325,0
6cfb8b70-f453-4cfa-ae50-0ba9b0fdb8da.jpg,1,0.98227996,0.7244845,0.85338223,1
442f52d1-34fd-4962-84b9-71e1960830f7.jpg,1,0.9792793,0.9566579,0.9679686,1
d73fa80a-f16b-43a2-8b39-1392aa66b37e.jpg,0,0.4672718,0.15680997,0.312040885,0
e0a7b6d2-c45d-4c0f-b033-fc0a6e1a4547.jpg,0,0.62724817,0.63683224,0.632040205,1
30a01428-e573-4d0e-832b-634fb7a610c0.jpg,1,0.5116253,0.5875933,0.5496093,1
29ca581d-c5df-4635-baa0-fb4bce144924.jpg,1,0.72002125,0.9689579,0.844489575,1
4d3f1473-d953-48fb-a98e-fba01ce0dedc.jpg,0,0.019820357,0.045705978,0.0327631675,0
7b952a2e-2e08-4902-97e1-06001f8eccad.jpg,1,0.9681616,0.97563535,0.9718984749999999,1
5a57d35c-b6eb-4102-9a46-3c08d410789d.jpg,0,0.9664808,0.9545,0.9604904000000001,1
1f84f273-8549-427b-ab94-1a942c18e114.jpg,1,0.9797375,0.95340806,0.96657278,1
6aef9420-5cac-47c7-807f-6a2d3af7f0f6.jpg,0,0.9499109,0.50693846,0.72842468,1
07d080e0-3d97-480c-b2ab-2d5ae2f5211e.jpg,0,0.31249115,0.03290418,0.172697665,0
b3e7ad9b-e08e-4fb9-85b8-bf63f17eefaf.jpg,0,0.028162278,0.0468037,0.037482988999999994,0
5ae8de93-a84a-4ca2-8b63-3f561f3172e6.jpg,0,0.012273334,0.031253308,0.021763321000000002,0
baae8ef0-a8f6-44b5-b716-8ff41721c9f5.jpg,1,0.4810408,0.8270178,0.6540293,1
2b422851-a999-4676-9300-51a9b41a8496.jpg,0,0.025702452,0.0045591253,0.015130788650000001,0
456f5bc6-cf4d-4990-9a6c-77bed90e2d2f.jpg,1,0.9722962,0.9407215,0.9565088500000001,1
8f674795-6b81-42a7-9047-1f8947c30285.jpg,0,0.033986066,0.00785046,0.020918263,0
489321d3-e168-40a0-805b-c2f34e11c5de.jpg,0,0.035141975,0.013819094,0.024480534499999998,0
6e1a73e3-89e9-49a4-9fd8-077e49c9fe2a.jpg,0,0.9718311,0.992415,0.98212305,1
b0854c0c-d3a1-42e4-b76d-719c05263eee.jpg,0,0.73787886,0.11191223,0.42489554500000004,0
381a5f00-0865-42ff-a334-d9c7a2cf2c51.jpg,0,0.016052112,0.019828087,0.0179400995,0
aa14b5c6-f8c4-4727-864e-76c5a1adc8dc.jpg,0,0.05134152,0.02370713,0.037524325,0
cfffd5e5-a537-4ccd-9f0b-27295fe6a61b.jpg,0,0.23054898,0.0018113082,0.1161801441,0
2bb5db51-29e8-416c-b84c-934e7cfb43bc.jpg,0,0.056113243,0.20444398,0.1302786115,0
244fb800-3654-459c-ac52-d613c9466590.jpg,0,0.021769851,0.012690651,0.017230251000000002,0
8534f73f-099f-40f3-96e5-81ebccab637c.jpg,1,0.974268,0.97394425,0.974106125,1
86621bd3-2b8a-418f-bc65-cc86efe56c02.jpg,0,0.9586551,0.6718006,0.81522785,1
1b629512-3e55-4b70-869f-2bb88c11283d.jpg,0,0.03491496,0.05023931,0.042577135,0
9a585d45-cbac-46d1-8327-ccde8727172c.jpg,0,0.03760368,0.12571527,0.081659475,0
9071c5c5-266e-4960-a8f8-f643abad797a.jpg,1,0.9712321,0.9202145,0.9457233,1
31a5913c-94c7-4377-9922-d2c7920db1bb.jpg,1,0.91827863,0.9525926,0.935435615,1
413544ac-729e-4405-a2a0-feaf171943f4.jpg,0,0.014864892,0.017271949,0.0160684205,0
deff3672-4d7c-4ebc-96da-dc6542c65a6b.jpg,0,0.035740122,0.068523556,0.052131839,0
ba7835a4-14e0-4b83-9a4a-e002989f1e4d.jpg,0,0.09427407,0.04504164,0.069657855,0
abbb1a49-7a0e-435e-879b-f6edce7ebfaa.jpg,0,0.034531754,0.06969603,0.052113892,0
76fe2fa9-a7b9-4de8-954a-7df4116e5f72.jpg,1,0.8428653,0.49279138,0.66782834,1
80bd4909-5d8c-440d-97ba-ac4aeba9513d.jpg,1,0.982176,0.9331723,0.95767415,1
0e58944a-7391-4307-bd58-d071fcdfcc8d.jpg,1,0.97311616,0.8833544,0.92823528,1
5f0141ab-7029-4b36-8fe6-9a3bcc7b60e0.jpg,0,0.091716826,0.16090707,0.126311948,0
4ebbffb5-ce3a-4534-bb7a-fa15667472e5.jpg,0,0.17878182,0.07155953,0.125170675,0
f9c5b6f2-94e7-4229-82bc-c308bfe073d6.jpg,1,0.97811145,0.96767,0.9728907250000001,1
33cfdf8e-516e-46f5-ac44-6a407848149b.jpg,0,0.021951439,0.2605039,0.1412276695,0
4e18ffa6-d704-4461-b881-caa8dea041a5.jpg,1,0.9858079,0.9792281,0.982518,1
8f113695-f469-4b5e-8f88-8293f345f6d3.jpg,0,0.04439069,0.36329377,0.20384223,0
ac2cd56a-4ed6-467b-90ad-c13e47979258.jpg,1,0.9696825,0.9751258,0.97240415,1
4b197fc2-a70f-45be-9bce-1d1754bdf926.jpg,1,0.98233205,0.99283344,0.987582745,1
0eb7a46a-d1e1-4196-85b4-19568a05ccbf.jpg,0,0.058805596,0.037293706,0.048049651,0
69388acf-3093-4a32-bd45-2ccb58a653a1.jpg,1,0.9800202,0.98215604,0.98108812,1
6feb6168-6f4d-4ac0-a516-1b08d1ffb904.jpg,0,0.014319319,0.006447607,0.010383463,0
1bfd4d1a-fe01-4559-a344-5ff137ec6ed7.jpg,0,0.020392219,0.026217071,0.023304645,0
d681da53-26a1-4f2e-8d88-93162e0e89c7.jpg,0,0.016607838,0.06159247,0.039100154,0
ab047ac8-2fc6-4554-a35e-e7d364f7603e.jpg,1,0.96142286,0.97809666,0.96975976,1
96db6151-17c4-4047-b81a-043b09099fab.jpg,0,0.05116568,0.027478606,0.039322143,0
ead0ee26-b5b4-4965-a9f7-7c992fa5047f.jpg,1,0.9781292,0.9529338,0.9655315,1
3d0aed00-c38d-4d6c-912f-de1f7defd466.jpg,1,0.947732,0.9704674,0.9590997,1
8b536112-5496-46de-a666-3f4a1839321a.jpg,1,0.9316667,0.8183796,0.87502315,1
8762820e-4087-4db4-afb0-a77c903fbd20.jpg,1,0.9703645,0.99885625,0.9846103749999999,1
0e1ace36-08ff-412b-bfd6-e1bc43526a3a.jpg,1,0.4779493,0.70026785,0.589108575,1
48edf5c1-43f0-40da-9912-e8b36650f006.jpg,0,0.02209682,0.0143165095,0.01820666475,0
2995de34-c947-4be0-8ecb-f61dd2e3f526.jpg,0,0.20064199,0.14415295,0.17239747,0
f4c58530-b076-48d5-bf80-cfd1544a764a.jpg,1,0.9757094,0.98886234,0.9822858699999999,1
12f683e9-d712-4711-8114-19e27652043c.jpg,1,0.9850653,0.6849535,0.8350094,1
1cf054c2-c984-4cb7-b33f-4f9bf3f064c3.jpg,1,0.76531917,0.31141832,0.5383687450000001,1
364e018a-569e-4f3c-9f0e-7c41f3229627.jpg,1,0.97365,0.9836295,0.97863975,1
ad26b032-d517-472f-8706-3512105eeba0.jpg,1,0.64765745,0.43392634,0.540791895,1
d4139375-012f-4ae2-8c9e-e74714166da4.jpg,0,0.025223592,0.017122805,0.0211731985,0
226932f6-a213-43eb-ab14-5480d3284aff.jpg,1,0.979253,0.8891757,0.93421435,1
a0a90afc-19ff-4aa1-8a03-33b45c2d62ff.jpg,0,0.12894334,0.049554456,0.089248898,0
9c9a7f1e-55e4-4a0a-aea8-82af24d9459b.jpg,1,0.9673771,0.99949056,0.9834338300000001,1
ce309b3b-d471-42e0-b62d-55087982c42f.jpg,1,0.913032,0.9320488,0.9225403999999999,1
fff814c3-d972-4bec-8ad1-875f8eff28e0.jpg,1,0.55673856,0.24899895,0.40286875499999997,0
4613a5fb-9fcc-40f1-8e1d-89db845109ac.jpg,1,0.9749558,0.9696412,0.9722985,1
53ab2558-2ccd-4e8f-aca1-ac20d38a7250.jpg,0,0.79365355,0.04056327,0.41710841000000004,0
8648a25b-5a55-488c-a1b5-138f1a235377.jpg,1,0.16315949,0.61631316,0.389736325,0
d033cc7b-2a20-403f-bfe1-e45873fabb2a.jpg,1,0.9671685,0.9486499,0.9579092,1
deeef137-8948-4d4b-824e-0abd2a148796.jpg,1,0.87758774,0.8296183,0.85360302,1
1e50eb39-4cf5-417c-b4e4-da8cba04d7a7.jpg,0,0.024425635,0.015699746,0.0200626905,0
77eb9044-37fa-47aa-9d90-91539bce13f8.jpg,1,0.9824405,0.68273336,0.83258693,1
501948a8-0587-4c14-a833-11b314542014.jpg,1,0.689095,0.7926635,0.74087925,1
fa6b7e75-80d1-464d-8288-ac3d99afeb44.jpg,0,0.040765382,0.09091472,0.06584005100000001,0
ff2af874-2596-494f-b14c-05c73ce26848.jpg,1,0.9808566,0.9647767,0.97281665,1
b03c1684-55b1-4473-9d62-0da19ab9fe6a.jpg,1,0.0878036,0.3516898,0.2197467,0
c8fb45ca-ea8c-4327-9db6-e1f2184d31f9.jpg,0,0.16029064,0.04293488,0.10161276000000001,0
4a3acf0d-d528-4148-931f-893acbb4fea8.jpg,0,0.2247129,0.020545224,0.122629062,0
53da7bc3-bd39-407f-97c5-bf9657f272b8.jpg,1,0.97025394,0.90734905,0.938801495,1
a7853cf6-ead8-48f0-bdc8-5232e2859b42.jpg,0,0.14925672,0.036813773,0.0930352465,0
c7da5ae0-92b4-475d-a415-912142778a96.jpg,0,0.04346995,0.032380078,0.037925014,0
ebbda517-dd8d-4053-8c2a-a6ec8dd5da89.jpg,1,0.92307836,0.53977287,0.731425615,1
97bf17a0-5055-4086-a4e9-bed7f422243f.jpg,1,0.034371074,0.039361995,0.0368665345,0
320e4a68-82a1-4917-a5af-ce69f2413372.jpg,1,0.953114,0.97596645,0.964540225,1
0b65e96f-2678-42b8-88e8-57c7b0af5524.jpg,1,0.51313704,0.15285605,0.33299654500000003,0
e687240f-cbdf-4a1e-a286-2a297b2aa3f9.jpg,1,0.98282105,0.98469806,0.983759555,1
77320b29-8352-415f-8093-8e618133e514.jpg,1,0.9818116,0.9529815,0.96739655,1
eba6ea61-f890-41cc-bd69-29aeafe72e5d.jpg,0,0.9383566,0.0296937,0.48402515,0
0ecb2d4c-bd0e-4c08-b540-15ee7cf0ffa5.jpg,1,0.9026294,0.9406245,0.9216269500000001,1
e5080d60-dbbd-437f-a715-5913fcc4b92d.jpg,0,0.9024332,0.9626058,0.9325195,1
9c2d2e8e-1fe7-4481-8b4b-66a12e247517.jpg,1,0.966389,0.9346933,0.9505411500000001,1
51a0ca93-c5b4-4154-be9d-dd707ab7a0c5.jpg,0,0.0138936825,0.01934298,0.01661833125,0
0fb4c96a-b340-41e4-8c95-c5416351b2dd.jpg,1,0.97530156,0.9742608,0.97478118,1
496bda92-550c-40b3-a941-13ca0c9ef4d8.jpg,0,0.023716694,0.5908913,0.307303997,0
22f27f58-03ce-4c5f-aa20-95c84fde07d3.jpg,1,0.97220564,0.9323377,0.95227167,1
58ab6dcb-8e7e-4b05-9695-baca12dc9780.jpg,0,0.8413326,0.46901593,0.655174265,1
38ae2d37-7a1a-4aef-837e-2b632390f48c.jpg,0,0.98335415,0.15707338,0.570213765,1
2921fd85-ed6c-4d29-be20-5f2636e6f858.jpg,0,0.6243751,0.018780978,0.321578039,0
cf605a69-179f-4d63-8c69-530ff6cfde79.jpg,0,0.018900545,0.013776802,0.0163386735,0
4113804e-5dc3-4bd4-b6ce-3f847b0679c6.jpg,1,0.97752935,0.77594805,0.8767387,1
3b5948d9-653c-43b1-800a-1e6ac2087ae5.jpg,1,0.9824018,0.98668146,0.9845416300000001,1
76c9d0ab-9a35-491d-80fe-393ad7a7e5df.jpg,0,0.03149422,0.025261438,0.028377829,0
a5953a3d-c6fa-41d1-922f-468febe89212.jpg,1,0.9655269,0.9707473,0.9681371,1
74824ecd-b2e6-42bb-aefe-648f4663291a.jpg,1,0.87879705,0.82942134,0.8541091949999999,1
e3601f6c-6256-47ff-9a50-6e17c0cb4a47.jpg,0,0.046857607,0.026554337,0.036705972,0
ff7479e4-1e4d-47eb-b5ce-cd3fc2a9e829.jpg,0,0.026913064,0.18229584,0.10460445199999999,0
c663b0b0-c649-46e0-a0b5-a30b8c99edd5.jpg,1,0.9739876,0.67309666,0.82354213,1
f3fc5f61-6e45-42f9-9054-e7de2519f485.jpg,0,0.034711637,0.01415908,0.024435358499999997,0
71c1ee60-42d3-4b0c-b1dc-84b1f7830e5f.jpg,1,0.9537565,0.23226948,0.59301299,1
f5122cd9-4b2d-4a0d-a294-a1f1d7beda27.jpg,1,0.97686213,0.96899325,0.97292769,1
90810a1e-39a9-4785-a4de-55a872b87110.jpg,0,0.45618543,0.375885,0.416035215,0
ccb71b03-6bb3-449a-9fdb-3a49a2621cc8.jpg,0,0.65882593,0.8076661,0.733246015,1
b1f70dd1-ca5c-488b-b505-29f14c76f693.jpg,0,0.73326683,0.017792156,0.375529493,0
27b6aa52-5422-463b-8382-ed395ba78325.jpg,1,0.9751518,0.9831305,0.97914115,1
1e585371-6f85-4247-b2ca-98712ed2cad0.jpg,0,0.024663834,0.013718504,0.019191169,0
8a64c121-0e0d-4505-894e-40e1968902d2.jpg,1,0.98466986,0.8800938,0.93238183,1
4b18f9e5-8672-44de-8801-84eb69e457fb.jpg,1,0.68952185,0.49664986,0.593085855,1
0ce4ec4e-d943-4c60-aec4-f404d45c8836.jpg,0,0.9434144,0.77372915,0.8585717749999999,1
5f89be84-af55-4e93-8fe9-0a79a0a4a8a9.jpg,0,0.19370873,0.0035044032,0.0986065666,0
1e9e2efe-5996-4832-b884-c84e89e51d9e.jpg,0,0.0713833,0.021132266,0.046257783,0
5ec45f94-fdea-4098-9a52-9b5ec230aaee.jpg,1,0.9802026,0.97579575,0.977999175,1
596de9a7-0b5e-4e97-9a80-91dc7157c54c.jpg,1,0.97548175,0.9574387,0.9664602250000001,1
aa1eb74f-f01d-4d0f-838a-ad1d05b69a61.jpg,1,0.86231184,0.37850595,0.620408895,1
532974aa-75c1-43c6-a1c4-82e785182912.jpg,0,0.03757136,0.05469234,0.04613185,0
d30ccfa6-bab9-45ba-8fd6-45b43900f415.jpg,0,0.027952386,0.040476847,0.0342146165,0
81a2329a-d86d-4ca3-a553-ecff3306b019.jpg,0,0.057177395,0.00852785,0.0328526225,0
68d5db23-8775-4cf8-bf15-27e4997dcd29.jpg,1,0.9796211,0.95848304,0.96905207,1
612f0eec-81b2-416a-acee-546b277f03f5.jpg,0,0.019415427,0.16112816,0.0902717935,0
b317feeb-0ed9-45c1-8852-9545b180e143.jpg,1,0.9088667,0.9629496,0.9359081499999999,1
b80cac20-208f-4674-acba-edad54337aea.jpg,0,0.022999866,0.0068542385,0.01492705225,0
2d10d27a-1dfa-4837-90c1-5f91713b61ea.jpg,0,0.2776672,0.29145297,0.28456008499999996,0
386955a6-839f-4c4a-90cb-2d9cf44d3d45.jpg,1,0.98298126,0.9017737,0.94237748,1
a4e83dfc-1ec1-4444-a140-c4a5cfa979b0.jpg,1,0.9759517,0.99108964,0.98352067,1
cb356de2-54a9-4b70-9448-32e4bbdde2fd.jpg,0,0.016976887,0.030619139,0.023798013,0
3871f5a7-1b66-4cbd-8107-dbb3247e5449.jpg,0,0.39491007,0.2172866,0.306098335,0
9ebdf927-b2a2-47a0-913c-7fdf50b8eabc.jpg,1,0.97925806,0.9823422,0.98080013,1
34fc6ed8-f444-45e6-8d30-0a822d68add5.jpg,0,0.1664223,0.055542912,0.110982606,0
e09a81a8-f8ce-4490-a3fd-5b65bbf3f753.jpg,1,0.97754544,0.8030415,0.89029347,1
832ff9cb-b132-41aa-ae71-ddb35c34607e.jpg,0,0.5138454,0.6963398,0.6050926,1
8b191ce4-b7e9-4887-aa42-31166b0bfc15.jpg,1,0.98032355,0.8799844,0.9301539750000001,1
0ce8dd5c-731e-49d3-9dbe-e0f4da0f17e9.jpg,0,0.021758543,0.009931008,0.0158447755,0
ee28f3e8-efd9-4691-ab53-1c9065a9c69b.jpg,1,0.9780285,0.93783355,0.9579310249999999,1
69b50c67-c9ea-460e-92d2-85e6659766c4.jpg,1,0.9760693,0.9179538,0.94701155,1
b2a0281b-b06b-4a62-9bdd-b4a16321a9c8.jpg,1,0.97726154,0.96976084,0.97351119,1
30a8e867-0d70-4f31-acb6-4db8f9b0c928.jpg,0,0.022981146,0.008258198,0.015619672000000001,0
6328f07e-862c-4785-9242-e5f2ccd29bdb.jpg,1,0.9701354,0.9264476,0.9482915000000001,1
ee88d79b-49e4-4a23-8d10-6c8ee3bc8f8f.jpg,1,0.93277836,0.8849531,0.90886573,1
4b791c00-8cb7-4538-9e66-c9adead36434.jpg,1,0.028507525,0.11937466,0.0739410925,0
36242797-5c51-4510-acff-58c429351849.jpg,1,0.9707904,0.9855437,0.97816705,1
f495a90f-46a7-45f2-9e47-57ecbe3b670a.jpg,1,0.9756655,0.90992576,0.94279563,1
d5adcd5b-4f82-4db3-8176-695033239f95.jpg,1,0.9716689,0.98477846,0.9782236799999999,1
811ff1fd-d6ad-4eb7-89b1-1c09f11b7b14.jpg,0,0.50279385,0.0127595505,0.25777670025,0
0b06d7e6-c474-410c-a27e-93c89f2a26fe.jpg,1,0.9681538,0.3192719,0.64371285,1
69413141-8d10-47f6-929f-b281340cc6be.jpg,1,0.84788346,0.9630826,0.9054830300000001,1
43e29b37-a676-4a16-85c2-0db318e05242.jpg,0,0.9805584,0.79705673,0.888807565,1
f76f7a61-b999-4f3b-aec4-a95d427eef25.jpg,1,0.978401,0.98832685,0.9833639249999999,1
1643774a-09a5-4676-939b-3a18ef3eb2f0.jpg,1,0.30843255,0.37671152,0.342572035,0
dbfe1efb-800b-4b05-a797-d11f61d5a888.jpg,1,0.9840384,0.9828215,0.98342995,1
8ccff6d1-06df-4bf5-9db6-368ac497a44e.jpg,0,0.017670432,0.02583834,0.021754386,0
65a23054-2b0e-4948-b23a-cb483047fcff.jpg,0,0.2811745,0.4069492,0.34406185,0
d801ca02-313b-4b9b-adac-77b47ee48090.jpg,1,0.86962193,0.42068854,0.645155235,1
9ba072ed-36f6-4974-9e1c-5562ce5ae8c7.jpg,0,0.024716832,0.03282502,0.028770926000000002,0
b15e225e-116a-410b-8473-454c96ae91bc.jpg,0,0.06637105,0.039376896,0.052873973000000005,0
2e379d0d-5d5b-49f8-bc16-6407f0dbc5c7.jpg,1,0.97462875,0.89716244,0.9358955950000001,1
a9c0ef70-de83-4b01-bc0f-ab63702f6f64.jpg,0,0.054764193,0.05896728,0.0568657365,0
9406aa98-a587-4624-99ac-f225d98f74a3.jpg,0,0.017685145,0.006322551,0.012003848,0
9f201892-2af2-4b38-9ca1-ad35c59b1ade.jpg,0,0.018749759,0.006167889,0.012458824,0
39c646df-11e8-4fb8-a2e3-81aba913c767.jpg,0,0.21981859,0.20248441,0.2111515,0
5ddf4fd2-1522-46a7-a4d7-64b692adb26f.jpg,1,0.9733785,0.9745205,0.9739495,1
3b9ce43a-153c-4e20-9baf-b0ce86308aa9.jpg,1,0.987892,0.98586553,0.9868787649999999,1
f125996e-811c-4fb8-b1fa-df8c1111cb6c.jpg,0,0.79626226,0.11422268,0.45524247,0
44c7b095-17ed-40f8-bb65-206042d2e918.jpg,0,0.024986574,0.019308439,0.0221475065,0
313a8166-4528-4d3c-afbb-25314e4fdf88.jpg,1,0.97545105,0.2635114,0.619481225,1
8ed1e704-10c8-4310-8f6d-ce5e210ad829.jpg,1,0.96549636,0.8627774,0.91413688,1
e525b372-1775-48bc-be5b-df2b19740dfc.jpg,0,0.0079115825,0.014846061,0.01137882175,0
6a819690-9d8e-461a-adac-3aa072219d94.jpg,0,0.043364882,0.03881746,0.041091170999999996,0
97d0a0b5-ca76-432c-8f9d-e021846b6507.jpg,0,0.02514095,0.009830652,0.017485801,0
fd7f54f3-503f-4d06-905c-f516537837f4.jpg,1,0.9577523,0.8265841,0.8921682,1
0f345e68-5871-41f7-86c1-4fd683be4b51.jpg,0,0.043774333,0.018753028,0.0312636805,0
aa9ca430-2662-48ce-b521-9bfa8c346997.jpg,1,0.98274,0.9841067,0.98342335,1
74dc15d7-8a97-4fdd-b4e2-9412fe23ce8d.jpg,0,0.027258432,0.28025752,0.153757976,0
7121cb59-f543-4257-9316-1dfdb7c325d3.jpg,0,0.949672,0.2751719,0.61242195,1
2ab93f00-6d2f-42d3-b0e4-067d97798ec5.jpg,0,0.078194216,0.0123348115,0.04526451375,0
521ba683-e7c9-483d-a210-42a6102cbd5c.jpg,1,0.9765105,0.9552143,0.9658624,1
5d1d5963-c754-4b99-8a24-a73452126b47.jpg,1,0.9462063,0.33855805,0.6423821749999999,1
a032595c-d1c7-46c5-83a0-245666c34b6b.jpg,1,0.9815014,0.77578115,0.878641275,1
a0546df1-4a55-4084-9883-399616d8475f.jpg,1,0.6213779,0.029786984,0.325582442,0
015de3eb-bed4-4cae-ac49-c585504d2526.jpg,1,0.98458594,0.8221908,0.90338837,1
c8945aac-2486-420a-a9bf-b528794d4fcf.jpg,0,0.027458914,0.021208137,0.0243335255,0
94d1d605-f0c7-4b75-98f0-8be551949221.jpg,0,0.026495723,0.013697363,0.020096543,0
1e36a7fc-b2fa-453c-b84d-7489ef9ff1ad.jpg,1,0.9744699,0.6449702,0.80972005,1
6b75d7e5-2b3a-4f10-b818-b5fbc64ec8f0.jpg,1,0.98097306,0.97943497,0.980204015,1
cff39912-9848-4a92-9b16-e0bdcc0ac5fc.jpg,1,0.9785879,0.4902569,0.7344223999999999,1
2a1e6dee-d2d4-42d6-b23d-d944e7ef3ba4.jpg,0,0.013159017,0.017676922,0.0154179695,0
a3400949-402d-40ff-83a2-cc47fdb23565.jpg,0,0.021697365,0.030948462,0.0263229135,0
1eb93be4-dc8a-4f18-b7f3-1c6aeb5e8c33.jpg,0,0.009876927,0.08476459,0.047320758500000004,0
3683f604-c713-4074-93d6-3e4c9f5ac1a9.jpg,1,0.89747876,0.96042794,0.92895335,1
3b14faa9-bd97-46f5-ad40-5d87422a25fd.jpg,1,0.5126767,0.51395273,0.5133147149999999,1
7769c466-e7cd-4479-a883-c34d1b279982.jpg,1,0.033883262,0.18561657,0.109749916,0
10c9dd05-ccb3-49de-a186-5e5d8587c6f0.jpg,0,0.068345875,0.15555996,0.1119529175,0
c7bb94b9-f82e-4a28-80fb-6927a94d98d0.jpg,1,0.98361665,0.7283697,0.855993175,1
1d1783c8-8f90-4fad-b695-f07c16c9a0e0.jpg,0,0.028864326,0.013655663,0.0212599945,0
120831d1-d314-430c-8250-da4ac8160b74.jpg,0,0.032826878,0.017809616,0.025318247,0
075e4836-475a-4def-b955-ba32bc7a8f84.jpg,0,0.048196107,0.025066426,0.0366312665,0
eaab080c-a279-4181-b399-cbc406ff5c83.jpg,0,0.050372172,0.03368079,0.042026481000000004,0
4cba4796-21ad-48d8-8eba-76501d5bd21c.jpg,0,0.096637666,0.05862732,0.077632493,0
a3d22825-d261-4fcb-b369-e531106b9cac.jpg,0,0.032359917,0.018094273,0.025227095,0
a872cc0e-d971-445d-ba2a-7f7636a54e68.jpg,0,0.83758575,0.06645147,0.45201861,0
2b80c47b-7d07-4779-afeb-3e46d81ff0f9.jpg,1,0.27280334,0.7494467,0.51112502,1
4384bea5-645c-4a2d-8636-476d3921cf17.jpg,0,0.9483933,0.6448738,0.79663355,1
cb565af0-03ae-4b26-8ee8-53689d25b09b.jpg,0,0.5832553,0.09852847,0.340891885,0
254a38c4-ab2b-4d91-bcc7-e0dfa2863aaa.jpg,0,0.070356555,0.17431374,0.12233514749999999,0
51a7eb60-c8c0-43fb-bc0f-11e8e5f38d44.jpg,1,0.8797857,0.9074785,0.8936321,1
1f287cea-40fd-4a4d-9f79-692328bb26f8.jpg,0,0.10981626,0.08782572,0.09882099,0
11e253e3-e34a-46ad-b71c-c8e4324672d6.jpg,0,0.954947,0.2851403,0.62004365,1
cb5a3be4-4e42-4c06-b7b2-e6fe05061ff5.jpg,0,0.025635963,0.023719097,0.024677530000000003,0
2855c1fe-c939-431f-9b03-eb270e1ddec6.jpg,1,0.9855524,0.975703,0.9806277,1
51963a09-cbc4-4b41-8c37-bc61551c571f.jpg,1,0.97358495,0.898207,0.935895975,1
1d7a619e-7f0c-4f5d-9dfc-0ded1eab4de1.jpg,0,0.017802665,0.013859407,0.015831036,0
2762f491-49ba-4ccd-a392-8e9ec7351497.jpg,1,0.050422072,0.110883884,0.080652978,0
d3357950-19eb-4478-a45d-06a3864bc12e.jpg,0,0.9713139,0.21055861,0.590936255,1
f87c8402-2027-4092-bcdc-e876438372fe.jpg,1,0.9794181,0.9574898,0.96845395,1
17e67839-f417-4a98-9133-fc6d62c8ac23.jpg,1,0.87856776,0.961217,0.9198923800000001,1
135661a5-af99-4696-84c3-8059bad9ad6b.jpg,1,0.45958602,0.09094367,0.275264845,0
96591f5e-6918-4850-9003-484cca8b5b49.jpg,1,0.98217535,0.94248074,0.962328045,1
ed610302-8106-4301-b406-320a0470469e.jpg,1,0.97589844,0.9790614,0.97747992,1
0c799687-83f3-4a97-bcec-c2d5c873ea24.jpg,0,0.033762023,0.038566213,0.036164118,0
ddc39573-3969-4271-bb28-edf4c1d9c445.jpg,1,0.9777401,0.7157089,0.8467245,1
8883f2c2-48d8-4de2-a006-5f5a46ca4c67.jpg,1,0.9616514,0.97729176,0.96947158,1
efa645d7-2b10-4114-9597-9f3db078fab1.jpg,1,0.97974974,0.29617655,0.6379631450000001,1
eab6b59c-5585-4700-ae28-a75305e2a5d6.jpg,0,0.015368118,0.01825236,0.016810238999999998,0
bfce8bdc-7b8a-4581-a15b-cb71134db309.jpg,0,0.06864055,0.027505105,0.0480728275,0
3044ec23-6203-4116-aeb2-0814c4d6ec3d.jpg,0,0.014686181,0.060312737,0.037499459,0
ce6cda3d-485d-44c8-a49e-af83935bc898.jpg,0,0.9824462,0.7744438,0.878445,1
cd5cc583-cb85-4212-b59b-6ab2d5268cf9.jpg,0,0.02957649,0.0064553134,0.0180159017,0
d66174b2-1bd7-41c3-be82-1142758ac919.jpg,1,0.97697455,0.9516864,0.964330475,1
f3a435c7-5b25-43e1-8cae-208e95403d0a.jpg,0,0.056339066,0.025434464,0.040886765,0
bc22ff1a-6153-48b7-b87c-9ea8796dc0c4.jpg,1,0.97797155,0.9811217,0.979546625,1
97bb3e26-d77d-44df-83b8-97bfc45ffa73.jpg,0,0.041042335,0.011063899,0.026053117,0
d2a3267a-6dd1-439f-905b-eff558249833.jpg,1,0.9799819,0.98916173,0.984571815,1
bfa6f3d1-f10d-4d9d-93c4-cf143432efb8.jpg,1,0.1247584,0.07543351,0.100095955,0
57176cde-b996-4d7b-b30e-2bd7dc930106.jpg,0,0.04491512,0.19595754,0.12043633000000001,0
e927cda1-b29d-4efb-b384-7512c31ebee8.jpg,1,0.974452,0.74271584,0.8585839200000001,1
9552d2dd-39a8-43eb-9e62-805da220a64a.jpg,0,0.016533079,0.015738202,0.0161356405,0
c9692593-4962-4d54-ad55-ca4fb8db1846.jpg,1,0.9859713,0.67615366,0.8310624799999999,1
5bdc067b-dd82-4f36-a80f-3554980ee970.jpg,0,0.22380881,0.027488202,0.125648506,0
43dbc3d1-f591-40b0-9c2e-c1176dc482fa.jpg,1,0.9767105,0.9843952,0.98055285,1
353c2e3c-fbb7-4061-9c77-18bd1cab7d66.jpg,0,0.021834254,0.011799169,0.0168167115,0
cf471129-802f-4fe5-b123-de0111048a3c.jpg,0,0.043529276,0.35711983,0.20032455300000002,0
e81347e4-4c1c-427d-96e7-b295071bea40.jpg,1,0.98015785,0.98317,0.981663925,1
58088b22-b077-4ead-993b-e7a664f46110.jpg,1,0.9764905,0.92875034,0.95262042,1
92e4f379-ebe7-4dab-9698-1cf861053d8b.jpg,1,0.9930236,0.85112506,0.92207433,1
b8ddb618-73f8-4905-8bf2-1226e2838574.jpg,0,0.023976648,0.013290721,0.0186336845,0
36ae7ba9-c8ce-4c07-abd3-c6998db7aa19.jpg,1,0.9493201,0.8622002,0.90576015,1
51dbe1f6-6a55-4d1e-9d0a-bf5788939ad0.jpg,0,0.22266595,0.22320305,0.22293449999999998,0
e09ffee4-21ee-457a-b4b0-85679855b5af.jpg,1,0.9292883,0.6985893,0.8139388,1
f4fa654c-c056-494b-b0e8-8b290ffcdafd.jpg,0,0.3255303,0.08642515,0.205977725,0
069ec635-6c70-4ce2-a6cf-8e6b4d8139fd.jpg,0,0.047746673,0.30097476,0.1743607165,0
021942a4-aa17-4026-8329-73216dd40e05.jpg,0,0.048788577,0.012337456,0.030563016499999998,0
97c7dd8a-6add-4efe-a985-c773474b2b31.jpg,0,0.020308353,0.013427005,0.016867679,0
256a262e-d001-49af-873e-d09b11bb13d1.jpg,1,0.9677003,0.9743199,0.9710101,1
100ca342-cfea-4983-b4ee-2f0252f23001.jpg,1,0.98336697,0.98951703,0.986442,1
acd05a7e-4ad9-4a2c-961a-4e0f6c8f6ecb.jpg,1,0.9800605,0.97923607,0.979648285,1
af90a476-6abe-4c9a-9077-158cce5482bf.jpg,0,0.012639723,0.032433897,0.02253681,0
a42b510f-9c5f-428e-b7a2-97dcc6ca352f.jpg,0,0.055025596,0.08487854,0.069952068,0
b37c2194-4343-42c4-a4e5-32e2dd9a148e.jpg,0,0.185943,0.5594636,0.37270329999999996,0
c3fae0b9-f035-41db-ad1a-1bc3d4b837ce.jpg,1,0.98094153,0.9951926,0.988067065,1
dbc4d3b8-fef2-4a7d-bd56-2f3c6f3e5543.jpg,0,0.04595062,0.04198875,0.043969684999999994,0
cc0c62c0-f1f2-4a86-9457-ca0b83766a62.jpg,0,0.027414637,0.02431239,0.025863513499999997,0
151887eb-22df-43bb-8f50-6d935e35b18b.jpg,0,0.019283744,0.0078877015,0.01358572275,0
4ea8eb4e-3c82-4cc7-be1c-2b93f6a58656.jpg,1,0.89094824,0.80223846,0.84659335,1
bce6b477-c613-4f1f-9519-ddc43489b207.jpg,1,0.9621183,0.9415,0.95180915,1
907734d2-9b75-4337-b3f3-129c774a7d9c.jpg,0,0.034775924,0.061217308,0.047996616,0
44aafb4b-9f57-420c-9eb3-e3e4f503f51f.jpg,1,0.9354372,0.30695972,0.62119846,1
560849a3-c04f-4930-a6df-3bc549e8d61e.jpg,0,0.05710214,0.014960705,0.0360314225,0
6720e328-738c-4c24-97eb-5475e4893305.jpg,0,0.8268632,0.28098598,0.55392459,1
2fd2aebd-4eb0-432d-b5fb-68168befd522.jpg,0,0.025248216,0.009921189,0.0175847025,0
7b307f57-dd08-4820-b236-0526faa06e8f.jpg,1,0.963748,0.862272,0.9130100000000001,1
ad788009-5829-4178-8384-05a13bb879bd.jpg,0,0.03515077,0.016817091,0.0259839305,0
28669b21-7d31-4cff-be76-c00299764d76.jpg,1,0.95771533,0.9613512,0.9595332649999999,1
d529641d-c653-4480-877f-3a7637e04a9b.jpg,0,0.92725235,0.9171955,0.9222239249999999,1
f8d30bf8-928f-4e6f-9d47-bccbd49190af.jpg,0,0.024316438,0.00969291,0.017004674,0
14b5c723-ef04-4406-a4c9-4313924ab8d8.jpg,0,0.13104358,0.014162517,0.07260304849999999,0
ba4c2375-5f63-4eed-93de-6d655d227335.jpg,0,0.025775453,0.007084333,0.016429893,0
3662fa62-0c3f-4ef0-ab20-0755cf01b282.jpg,0,0.023224657,0.26596805,0.1445963535,0
e7b3667a-533f-420a-8e01-1b6c9be3bd2e.jpg,0,0.016773174,0.02223961,0.019506391999999997,0
79bd3da7-90b8-4acc-9a24-480debe23950.jpg,1,0.97276616,0.96714324,0.9699547,1
861e903c-7ed8-40a8-9a06-c7acd44872a3.jpg,0,0.40610752,0.018216426,0.212161973,0
d1b0cfee-a8ce-4d7b-9277-65a94d687150.jpg,1,0.9622094,0.8895569,0.92588315,1
6fbaecf2-b87c-4df2-a10b-cee7679e3845.jpg,0,0.9138996,0.0583857,0.48614265,0
4328ad63-b075-49af-9177-3bc1c445384f.jpg,1,0.068143874,0.045789573,0.0569667235,0
1402d36c-cd6a-4c73-85ab-d51b1cb60135.jpg,1,0.97102135,0.97321826,0.972119805,1
7ca6d15a-960e-4c07-83e4-ee7947070cb1.jpg,1,0.9855304,0.97045153,0.977990965,1
2217feef-fb34-4f49-9acc-8d987bd6da3d.jpg,1,0.5462065,0.089050174,0.31762833700000004,0
1d8e71fe-2220-4475-a1e7-629750363ad1.jpg,0,0.02634347,0.19234689,0.10934518,0
d0cd8e80-99bc-4bd2-915e-94c217129f3d.jpg,0,0.04923642,0.1015613,0.07539886,0
3ca0e337-320e-4a54-a334-60a9ee30c696.jpg,0,0.029135548,0.021172248,0.025153898,0
92a0ea0a-742b-4e01-a9f7-f2809bbe1b4e.jpg,0,0.7590464,0.26370287,0.511374635,1
d747f1c1-8e64-4f3c-bead-ba89c4bd97fd.jpg,1,0.9737962,0.9804557,0.97712595,1
5e53ca85-4870-47f6-9de0-59abb3ec3314.jpg,0,0.011630143,0.022131845,0.016880994,0
fe90b556-21e7-40bc-ba89-b8b842aad1fb.jpg,1,0.8774948,0.8527191,0.8651069499999999,1
78bb94a8-6113-4009-a4f7-f6764a307b41.jpg,1,0.9514231,0.72318673,0.837304915,1
2118d254-4704-4a99-b865-44c81c25e9ab.jpg,1,0.9778436,0.9107197,0.94428165,1
95ac3dcd-4aa9-4044-9299-8bba254276c2.jpg,1,0.96434623,0.9783668,0.971356515,1
9d564b69-3eff-4ca7-8f88-a5268fabfb65.jpg,0,0.045800086,0.008250273,0.0270251795,0
f85a8854-49e7-4179-80e6-fc593a169056.jpg,1,0.98282284,0.9214255,0.95212417,1
42e0289f-ffa4-4f51-bbc5-bc7fb23e959a.jpg,0,0.029983351,0.015872126,0.0229277385,0
8c56aa46-c497-457f-af37-7654f58e1456.jpg,1,0.5177024,0.7901666,0.6539345000000001,1
5921831b-9850-48d4-a209-6ed1cfcf8905.jpg,0,0.020109555,0.008905279,0.014507417000000002,0
5ba8f7ae-3546-4572-8f29-cd599f10b5cb.jpg,1,0.96972245,0.9158552,0.942788825,1
ad32d0eb-91c4-4688-ac45-b5dac77b0fd4.jpg,1,0.9860222,0.9715443,0.97878325,1
e7572c39-9c2b-4df7-9170-d5a772543cdd.jpg,0,0.020016665,0.014434446,0.0172255555,0
e9385a46-61c3-497f-8a74-38c19e6dc36f.jpg,1,0.020276723,0.027388064,0.0238323935,0
46131e36-8677-4431-9ef2-dd67e3d3b739.jpg,1,0.97748274,0.9323831,0.9549329200000001,1
6d1d7794-ea34-4ce7-8daf-8efc5421e088.jpg,0,0.07482918,0.38763627,0.231232725,0
92c801c8-6c6c-4a84-9ca4-28b06c696bcc.jpg,1,0.97545433,0.94233686,0.958895595,1
3f38e2e8-ffe6-4db5-859d-8e0b1fe5e0ea.jpg,1,0.93361855,0.7030198,0.8183191750000001,1
4a3d5a93-d00f-4534-ae51-600e346fb79f.jpg,0,0.1611904,0.2674333,0.21431185,0
1aa0ddbf-000e-4184-83a0-ee8a6546e901.jpg,0,0.021110727,0.0017493918,0.0114300594,0
492b5df5-6093-44ed-8296-a643db516eaf.jpg,1,0.9722306,0.9944131,0.98332185,1
2deaae61-5485-4ea8-83c6-a4b0fdff3932.jpg,0,0.9616552,0.98012376,0.9708894800000001,1
5f2a1137-f2d5-483a-aadb-34e9ab7dd7e4.jpg,0,0.019971898,0.011798286,0.015885092,0
045fd4a4-2b3d-4fcd-860c-f1ceae877d13.jpg,1,0.52525795,0.79334563,0.65930179,1
064423da-d323-4c41-9adb-7267273b709d.jpg,1,0.97074467,0.9531749,0.961959785,1
67720639-2d47-4680-aaf9-10f8e146ed91.jpg,0,0.1499451,0.1820011,0.16597309999999998,0
8f86f02e-f3e8-4849-9c91-fed66cbbd445.jpg,1,0.21891856,0.8256726,0.52229558,1
7d8b99e3-c51b-438e-884f-a76a87afb1f9.jpg,1,0.9749119,0.98564214,0.98027702,1
e7067994-48cf-4c9a-b1fd-2b0939e17eb8.jpg,0,0.029684411,0.031567834,0.030626122500000002,0
46f84396-b603-4417-9c6d-975020f03b38.jpg,1,0.9689103,0.9768081,0.9728592,1
04cf6372-17b7-424c-9981-b6de559a01ea.jpg,1,0.98694843,0.862153,0.924550715,1
c2025e8f-ca1b-4a2d-ae36-64ee1515c2bc.jpg,1,0.9896924,0.9782297,0.98396105,1
a95bd5af-a2de-402a-9445-deee2ccb7652.jpg,0,0.7402081,0.39845613,0.569332115,1
6213fb9d-626d-4952-b7a7-c7b119a85f94.jpg,1,0.95287925,0.9588642,0.955871725,1
db2e2bc0-e4bf-45b9-80d4-c0362ef4dd4f.jpg,1,0.9457302,0.8251419,0.88543605,1
3ea304cf-e7e1-4aff-9295-fe9662abe7f3.jpg,1,0.9532051,0.87983006,0.91651758,1
86a74d70-80de-4138-be1e-1487cb560067.jpg,0,0.3001436,0.2239183,0.26203095,0
e4f0b6fd-f317-4cee-9b09-94012e199006.jpg,1,0.7504937,0.14733176,0.44891273000000004,0
efaebd50-84ce-4b4f-9397-1d49d5819a8b.jpg,0,0.023873275,0.025831504,0.024852389500000002,0
5f08537d-816d-4cde-b44c-e754d16bfbe1.jpg,1,0.97955066,0.97423965,0.976895155,1
9d4b6428-3d9d-4f82-8fee-bcdc4bacefdc.jpg,1,0.9777782,0.93475205,0.956265125,1
0e297de9-8fcd-4012-bf1d-85b0c7311c12.jpg,1,0.6960729,0.36016437,0.528118635,1
6e60a54e-6a9e-44f6-9462-4e13c4c917c7.jpg,0,0.110586405,0.06299118,0.08678879249999999,0
efa33b9a-4ea9-4208-8dd4-03ee2c70d092.jpg,0,0.43430603,0.040618517,0.23746227350000002,0
5c7ba254-c1bc-452b-af33-bf08c7d26c3f.jpg,0,0.11429707,0.04759036,0.080943715,0
8d4b7f33-414a-4255-9dbf-3b05984ec0f2.jpg,0,0.018294994,0.024335602,0.021315298,0
4708a5bf-8e6c-489b-a908-db7c0f67c950.jpg,0,0.06328407,0.017921777,0.0406029235,0
5f951871-faa8-487e-a014-a04577841f9c.jpg,1,0.9804034,0.98223275,0.981318075,1
595bf511-7a9b-4502-9062-2fda6ae12bdd.jpg,1,0.9791792,0.9472154,0.9631973,1
469afb1e-241f-4814-bfc9-d6dd8bd76a3f.jpg,0,0.05413581,0.009031031,0.0315834205,0
1457f4c8-0c19-4b5c-8227-f9eaad24d689.jpg,1,0.98303944,0.9402807,0.96166007,1
621115c9-acfa-4889-847c-c1838ef78c68.jpg,1,0.971155,0.95609957,0.9636272850000001,1
d9627790-ec15-45f1-8692-74aa1a7e700c.jpg,0,0.7364187,0.5302088,0.63331375,1
775894fc-7e02-4cc3-a2a6-5dab378cde91.jpg,0,0.073094554,0.020041278,0.046567916,0
a3098c21-1e04-471a-bfee-2f055ab55a4d.jpg,0,0.021099364,0.07206582,0.046582592,0
ff859d9a-9426-4884-9c79-ea1539b1ac63.jpg,1,0.97091645,0.9839475,0.977431975,1
b62f76a4-0e77-41a7-94bc-90b6f8abd4e5.jpg,1,0.99251705,0.55328417,0.77290061,1
d56ada0e-be69-4ed9-bad9-e5992349af06.jpg,1,0.9784059,0.98484856,0.98162723,1
65bfd53b-82a8-47d9-8687-8c931e60e698.jpg,1,0.9950266,0.9053631,0.9501948499999999,1
8e0b1fa3-33e3-4a53-bff2-bc05fad5882d.jpg,1,0.9730773,0.94768476,0.96038103,1
d895c763-5b07-4f59-9d7a-7319df5648db.jpg,1,0.98424727,0.8632276,0.923737435,1
ff8239ce-29d1-49fa-810e-065888807b35.jpg,0,0.10304161,0.26328263,0.18316212,0
e2722ae0-bf6c-4a0c-99e9-0c921c4413c1.jpg,1,0.96784973,0.9768162,0.972332965,1
bd2820ea-735c-4967-bed3-0cad6914ee90.jpg,0,0.03376904,0.02800627,0.030887655,0
37939623-816a-497d-850c-b9827fcf6943.jpg,0,0.100054346,0.11635086,0.10820260300000001,0
9e18dd14-232d-4212-85b9-5dcfbf97b9ec.jpg,1,0.91440797,0.96139663,0.9379023,1
42238bae-f9ab-4781-8b30-dcaad5e6eee6.jpg,0,0.028836498,0.0062831505,0.017559824249999998,0
0420c162-14a9-4c2f-bf98-af8d1f83eef3.jpg,1,0.9416501,0.8716292,0.90663965,1
5dd4616f-7273-4c97-92ee-52083680db5d.jpg,0,0.897422,0.113465436,0.505443718,1
6a6e6ad9-26f0-44d1-9a48-d27c3ccdf729.jpg,1,0.76868135,0.8391752,0.8039282750000001,1
cd0a6c55-9144-479c-96c5-d9e3d41005a0.jpg,1,0.9794614,0.9253588,0.9524101,1
2c6dd79b-ad59-4536-8cfe-9b7b280b8221.jpg,0,0.021187073,0.016998004,0.0190925385,0
cde26aea-7fc9-470a-a366-eaecb0cc7707.jpg,1,0.42877063,0.3784989,0.403634765,0
15990335-be36-48de-ae08-f17b991200b4.jpg,1,0.950927,0.9776675,0.96429725,1
c3a0cbc7-4b51-418f-9742-71852ef48be0.jpg,1,0.97252893,0.9483857,0.960457315,1
588e93dc-bf4e-4f26-8e43-0162a2f4c0a0.jpg,1,0.8840806,0.9618168,0.9229487000000001,1
0293c053-178e-4595-b77b-8123b8e4cf9b.jpg,1,0.9783599,0.97164106,0.97500048,1
18126684-2483-4e84-9fec-85ba88228e9f.jpg,0,0.067327105,0.013007086,0.0401670955,0
a54790af-031a-4108-a5a9-f5b028d9fd16.jpg,1,0.96713537,0.86326236,0.915198865,1
b949cb53-0817-4859-9300-800de719f8b7.jpg,0,0.022138998,0.008877979,0.0155084885,0
90f56ada-90de-4e90-814d-5032ee262765.jpg,1,0.9756686,0.6966843,0.83617645,1
bcefea59-8b04-4226-a94b-9af5b6741e6c.jpg,0,0.77682096,0.14731617,0.462068565,0
da5829d6-6c10-4d84-9bbb-58fb2a5b335d.jpg,0,0.9809184,0.5443369,0.76262765,1
02219dcb-a958-463b-9ec3-f9559001b98c.jpg,0,0.36751613,0.022755401,0.1951357655,0
a330b662-cf51-4289-af8d-89fbda3f710a.jpg,0,0.030752396,0.011732429,0.021242412500000002,0
fd047705-5090-49ab-878e-6a71240d8712.jpg,0,0.027222535,0.02225952,0.0247410275,0
84a3f35e-d042-4994-bb33-8a40f16ff6d2.jpg,1,0.8658506,0.65710545,0.761478025,1
ca1a3538-00c1-42d1-9eae-5b5c2f2f5756.jpg,1,0.9283781,0.47360048,0.70098929,1
70463030-bc4d-40a8-adad-d97b65d32f48.jpg,1,0.90454674,0.9539415,0.92924412,1
251bb8f4-b858-40ae-b301-047bdb44387f.jpg,0,0.08399546,0.017460681,0.0507280705,0
651669ac-3ade-43a8-89be-a229bd61be7b.jpg,1,0.9709391,0.9782422,0.97459065,1
d2b4c71c-e11a-4921-92a4-acd4173ba2ad.jpg,1,0.17694432,0.28772366,0.23233399,0
4871f088-c43f-424a-8b97-baae639432d0.jpg,0,0.01839448,0.019806067,0.0191002735,0
188177de-f908-4bd3-a367-33b38fe43d73.jpg,0,0.024249123,0.3713738,0.19781146149999998,0
1fbb0f62-1dc8-4b69-b4d5-6047ea916e98.jpg,1,0.9686031,0.98440385,0.976503475,1
c4de29f5-2e32-43f1-aeff-106c6c7a1c5c.jpg,1,0.9430801,0.9103234,0.92670175,1
d8e91f20-10c0-4da5-849e-73b3771618f1.jpg,0,0.01676711,0.024044672,0.020405891,0
a02bda47-455e-42dc-b8b8-9399f6df802d.jpg,1,0.9769416,0.9891202,0.9830308999999999,1
5818bca5-323c-48ad-9d69-a78013881083.jpg,1,0.9719572,0.9815443,0.97675075,1
0c7b368e-4d7e-4d44-ab17-703110c9ccfb.jpg,0,0.031176552,0.04109169,0.036134121,0
b7272eab-2fa3-4be1-b8ac-2f40bdd0de6f.jpg,1,0.9856979,0.9414854,0.96359165,1
90ae8cd7-39ca-407a-a522-7764e5b0c854.jpg,1,0.98033094,0.93759775,0.958964345,1
e707a1a9-4db5-4960-bc92-d75036e08fff.jpg,1,0.9851312,0.9775637,0.98134745,1
c7e49524-ed89-4a66-9062-c11e14ebe3f1.jpg,1,0.9392919,0.87013906,0.9047154799999999,1
63486b1f-7f65-40be-bab7-3bad67a654ab.jpg,0,0.020204842,0.009228822,0.014716832,0
9869ff79-088d-4e8c-b603-be29e807c139.jpg,0,0.04102347,0.2549099,0.14796668500000001,0
55f79a47-22c8-4ff6-bbdb-10a6e5a12ca1.jpg,1,0.97955203,0.9663551,0.9729535650000001,1
f5a73f83-689a-4545-b1a5-033badab16dd.jpg,0,0.01244936,0.009559125,0.0110042425,0
e65f2858-5977-462c-afa3-0b9d11033acc.jpg,1,0.9429801,0.9104329,0.9267065,1
fda8ba81-6830-4476-9fc9-16cc83bf5299.jpg,1,0.97437435,0.9729641,0.973669225,1
0f4b1b84-c0c1-4fa2-bf36-5e547a585b4b.jpg,0,0.050951317,0.150037,0.1004941585,0
0a08317b-b607-49f6-875c-a1b6c124571a.jpg,1,0.08543066,0.025699815,0.0555652375,0
793896d9-0763-4f72-aee5-af9ba158df68.jpg,1,0.979811,0.9880605,0.98393575,1
b95b625e-f88a-4413-b83f-25e42233267e.jpg,0,0.23842303,0.042709544,0.140566287,0
99784473-e222-409c-8e74-be6bf7f769e4.jpg,1,0.9719749,0.9654193,0.9686971,1
774a8330-170d-48af-bca2-5b06f75cdeef.jpg,1,0.975012,0.8667007,0.92085635,1
5a357d33-2f63-458f-8f7a-f5e8122f53a3.jpg,0,0.43805215,0.077061325,0.25755673749999997,0
62220717-4d9d-4a5d-88f4-683bf205d1cb.jpg,0,0.021271573,0.01929136,0.020281466499999998,0
ab9fc0f2-e7bd-4c06-90fe-622d12c30055.jpg,1,0.6581822,0.49063435,0.574408275,1
3507a586-47ba-4f9b-abb0-06be3931a4b2.jpg,1,0.9726758,0.94352347,0.958099635,1
281c1c55-e826-4327-ae51-4ae13056cc46.jpg,1,0.9814108,0.9175623,0.94948655,1
a72b9814-d885-4b41-a44d-aa14331bdac2.jpg,1,0.9312696,0.5108878,0.7210787000000001,1
016b2115-b302-4a39-aed5-bed81b32b020.jpg,1,0.96594477,0.9751982,0.970571485,1
c20c7e6d-03b6-43e7-94ca-b8363420f5b6.jpg,0,0.022441177,0.026193589,0.024317382999999998,0
0094a51e-89f0-4042-8e63-1dbf616d9e80.jpg,0,0.05312082,0.021481061,0.0373009405,0
3c0049b3-c858-4f93-b773-f96206dae7e1.jpg,1,0.97461414,0.9804341,0.97752412,1
6080766e-154e-4333-9d65-21c2a75a646f.jpg,0,0.017043903,0.043355804,0.0301998535,0
ee3af370-1872-4a70-ba61-6cdcb57b2db1.jpg,1,0.97649294,0.97765654,0.9770747399999999,1
84272a50-ddc2-482a-b101-b9890a7d1984.jpg,0,0.017962607,0.21892856,0.11844558349999999,0
49c43647-f76a-4dc3-b3b0-5ef66d54047c.jpg,1,0.9644341,0.9798624,0.97214825,1
06f8d578-495c-4cc6-9443-5630b1884cce.jpg,1,0.95013696,0.40874448,0.67944072,1
6384c057-7cc8-4e9c-a9e8-d208d66759bd.jpg,0,0.07558953,0.17350562,0.124547575,0
f25663d1-f932-42e9-bbee-7730a06e9977.jpg,0,0.039996672,0.011038856,0.025517764,0
5485b451-cd87-4255-a2f5-f32dcb69a78e.jpg,0,0.25781372,0.007964985,0.1328893525,0
f8eaa151-ed8c-4745-82f5-e00841ed0340.jpg,0,0.025093457,0.092724204,0.0589088305,0
611e42bd-0c7c-451a-9305-d4c8e3f627ce.jpg,1,0.9678313,0.920252,0.94404165,1
38a03a86-bf2d-48f3-bcab-4a800260e65e.jpg,1,0.9235403,0.5665069,0.7450236,1
63939de6-c12a-4b61-9440-c666fe9b1538.jpg,0,0.085324325,0.88016033,0.4827423275,0
b4ecd136-eb0d-400b-851d-2b719d540f01.jpg,1,0.9769288,0.6341136,0.8055212,1
4feacaa8-48f1-493d-b977-a4f2b7c2bc72.jpg,1,0.9574922,0.88314503,0.920318615,1
a8236e81-22a5-422e-8c64-13d7f52ca0d3.jpg,0,0.3957982,0.043627754,0.219712977,0
4ecfea87-5490-4606-bb04-5b6b0e7b8d58.jpg,0,0.025000617,0.0036595913,0.01433010415,0
f1f28cc0-0308-4b9c-80e3-acf872c80cab.jpg,1,0.95285434,0.17474104,0.56379769,1
d596b210-6ae0-40e6-9f94-44b95958e14e.jpg,0,0.9740836,0.54190916,0.75799638,1
f61cbb47-2010-49fb-88b7-9d489dde9b0d.jpg,1,0.9854064,0.9569485,0.97117745,1
239d8d6c-83e7-450e-8538-fc82b8e9d10e.jpg,0,0.06205569,0.017967835,0.0400117625,0
ace68c57-cd5f-47e7-b67e-68dd68d2ce6a.jpg,1,0.9771175,0.9447977,0.9609576,1
20d5a030-81f0-4b85-98aa-c10eec89cfdd.jpg,1,0.9878872,0.9759988,0.981943,1
80848f06-204e-4f23-b75f-a473965a1c94.jpg,1,0.92018956,0.7078286,0.8140090799999999,1
530dd7d1-4659-4957-9f3b-a9ff6373144f.jpg,0,0.028855778,0.13657577,0.082715774,0
f0985f6e-c187-43c6-b1ad-db29058a2a57.jpg,1,0.984138,0.98670954,0.9854237699999999,1
a4deeb9a-be11-4777-ae44-cf379fa538fb.jpg,0,0.059291035,0.008717719,0.034004377,0
63cdfbd4-9704-40f5-a9d3-e95a2298773e.jpg,0,0.17235632,0.3271595,0.24975791,0
e355202f-d649-4603-8974-954424bc1c3f.jpg,0,0.20243949,0.05653512,0.129487305,0
400eb955-6375-4996-929f-55265f201dbb.jpg,0,0.018272085,0.016513454,0.017392769500000002,0
da545ab2-7b72-4773-a48f-a36a044f9689.jpg,1,0.9578085,0.8287088,0.8932586499999999,1
28c58f7d-4ba8-4f6f-a763-276bedede75c.jpg,1,0.98148507,0.8739615,0.9277232849999999,1
b4f6cc1b-9f2c-4ea6-a30e-5a3318b9b9dd.jpg,1,0.9801777,0.9737217,0.9769497,1
0068b91f-794a-4520-83a4-0f8735d2a229.jpg,1,0.96062833,0.9923833,0.976505815,1
9fbef431-b5f1-4c7f-bdc2-5b5e7f66cadc.jpg,0,0.03314912,0.35133767,0.19224339499999998,0
d4e775a9-f278-4ce7-b75c-0021e8d11326.jpg,0,0.8771995,0.36464027,0.620919885,1
afe7e1b2-5905-4f95-b4cd-0a458918cbf9.jpg,0,0.033211187,0.009238903,0.021225045,0
9b672ab1-dc25-4fe1-aea5-d0e9ecbc610c.jpg,1,0.980731,0.802439,0.8915850000000001,1
afdd6d28-b20e-4327-b4e0-d8e68bdd0849.jpg,1,0.97587234,0.92525697,0.950564655,1
fac6b398-68e8-4bdf-8ea2-628bd0681ee3.jpg,0,0.18089528,0.478503,0.32969914,0
014efe3b-59ef-406b-9daa-44144df9d1a1.jpg,1,0.9767669,0.9552161,0.9659915,1
a0e2a5df-22b1-40fd-804b-ead28df6fea4.jpg,1,0.97806746,0.89630765,0.937187555,1
791ae849-e676-4486-b293-bcb920111167.jpg,1,0.9496522,0.7276087,0.8386304499999999,1
3b49f65c-6cea-4071-8047-3912723f4640.jpg,0,0.068740934,0.014839198,0.041790066,0
f51d4b3d-e045-4e23-b2e9-029a1c65a137.jpg,0,0.031988505,0.040611945,0.036300225000000005,0
1f7cecf5-945d-47d1-99f2-81db409c5723.jpg,1,0.97085685,0.8525458,0.911701325,1
59930fc6-e9c2-4f82-a81f-8aa74a147db4.jpg,1,0.97413963,0.9665764,0.970358015,1
14accb3e-16d6-489c-a82f-85a17938af37.jpg,0,0.5053851,0.8439415,0.6746633,1
39a180ed-6b0a-4469-8562-320cd32592e6.jpg,0,0.15241896,0.017708456,0.085063708,0
e4742e91-5c3a-4237-b63b-58b9343a7034.jpg,1,0.97246665,0.5834729,0.777969775,1
49f7f3e0-84f6-4e2c-9b40-300a7d3794f4.jpg,1,0.9886858,0.85665315,0.922669475,1
71430f9f-eced-4cc4-9463-850e85917258.jpg,1,0.97556734,0.97393703,0.974752185,1
fd580ecf-934c-431f-8646-ff7926428876.jpg,1,0.9852318,0.939833,0.9625324,1
427dff6e-56a0-46b7-9b58-5faeb9d71f30.jpg,1,0.9789849,0.9823076,0.9806462499999999,1
2a47f25e-e627-4e34-9e3a-c1436c1b10f1.jpg,0,0.018096175,0.014895859,0.016496016999999998,0
30d7ff3e-cb16-4f2e-803a-93bfcbf889ed.jpg,0,0.016785732,0.011732089,0.0142589105,0
f4d825ab-70be-441e-8c20-40bed7f96059.jpg,1,0.9780614,0.9763794,0.9772204,1
ee0d8ce8-dd34-4483-ac11-98c8c6a72d77.jpg,1,0.97833794,0.9594877,0.96891282,1
488a1128-5cc4-49cf-9206-c34abf269eaf.jpg,0,0.09733079,0.0372704,0.067300595,0
0963c3f5-e999-45fc-9d40-bfc597a11036.jpg,1,0.83235234,0.51199466,0.6721735,1
8b8c1bfa-b4dc-41e5-98ea-277e4c292152.jpg,1,0.90129155,0.95571405,0.9285028,1
cfc0f233-f623-4319-a669-30e58571742e.jpg,0,0.04072739,0.0114495605,0.02608847525,0
b6ca8aea-27ac-4767-9bc7-bcf9fda13edd.jpg,1,0.9815386,0.8876136,0.9345761,1
05044900-08e6-4009-860a-3b84da0cd199.jpg,1,0.17448221,0.5417714,0.358126805,0
210fcda7-367b-4f1d-a844-04fd2ac7da40.jpg,0,0.028732495,0.022282533,0.025507514000000002,0
76089e9a-8dd4-4c04-9424-bb9af2340662.jpg,0,0.06382428,0.052640986,0.058232633,0
74753cf9-0867-4a61-89e0-b408b493e05c.jpg,1,0.9844639,0.9911546,0.98780925,1
f14a9c77-5bee-4a3f-9d5b-7b67281d9764.jpg,1,0.97405076,0.95819646,0.96612361,1
c90d3b8a-cccd-4cd0-b121-7bd3a58e9175.jpg,1,0.23795289,0.7170542,0.477503545,0
b2c577d2-728f-43d9-b003-50790883c880.jpg,0,0.6719896,0.3679569,0.5199732499999999,1
77e22367-f056-471a-ac9c-e353799113ee.jpg,0,0.03855772,0.07541101,0.056984364999999995,0
a6dfcecc-3939-416d-bbac-1fe34cdced2c.jpg,0,0.083752066,0.028225258,0.055988662,0
c08d639e-4fc4-46b0-acdc-aace448e0f6d.jpg,0,0.09736841,0.007877946,0.052623178,0
4b497dd2-0382-499e-b600-2d39c8836a2c.jpg,1,0.87829804,0.5407888,0.7095434199999999,1
d5fb0fc5-dcf4-4284-b223-61463529c96f.jpg,0,0.10717889,0.36017814,0.23367851499999998,0
aa4e6a19-ac5d-4f6f-81ec-ac009eee45da.jpg,0,0.08144013,0.009105948,0.045273039,0
daa27bd1-e506-4ff9-aaf5-0b2866b80c3c.jpg,0,0.020380234,0.016579634,0.018479934,0
171ae428-b1d4-4989-b202-65d7e02ca429.jpg,1,0.98727435,0.984564,0.985919175,1
6f8499c7-f47b-4af2-b503-a265feea4a1b.jpg,0,0.014988348,0.05979299,0.037390669,0
9ccfed70-e20c-41d9-9c25-b0a3944ace98.jpg,1,0.02909211,0.3273896,0.178240855,0
4bdc23a3-bb99-4b53-ab7e-b53205ffffa0.jpg,0,0.040191982,0.01862237,0.029407176,0
6d274099-2438-4bfd-bc60-12d2b576f1f6.jpg,0,0.9300287,0.546343,0.73818585,1
1ef3366d-ff79-44f7-a4e6-c1e94d421d4f.jpg,0,0.9659503,0.64581865,0.805884475,1
97b0aac9-8fd1-4b96-b2d5-04c05db246ed.jpg,1,0.9722576,0.97876006,0.9755088300000001,1
2764021f-1600-47dd-817a-202b32c5fd97.jpg,1,0.7817421,0.8563328,0.81903745,1
7d41589c-6f83-4f30-a3ea-a6967fc006c6.jpg,0,0.04127592,0.023162724,0.032219322,0
7efb156a-d705-44bd-b08c-f6bc087d077a.jpg,1,0.0692323,0.5399132,0.30457275,0
18a16560-0e64-4b36-8e2c-fbd719282c00.jpg,1,0.9641814,0.92102224,0.9426018199999999,1
fd717566-9f5c-4c73-a92f-4ceba8c07edc.jpg,0,0.022945715,0.034207195,0.028576455,0
22279eb0-95c0-4bab-ba2f-a5960a6ddbd6.jpg,1,0.9617646,0.8918349,0.92679975,1
9ae10c4e-0473-4363-a00c-aa02e27b32f7.jpg,0,0.021374857,0.053718265,0.037546561,0
4fafbc34-af6e-4834-8e1b-ef786296fa48.jpg,0,0.21144652,0.024345117,0.1178958185,0
4e47953f-aeaf-4c54-929f-296bb96cd927.jpg,1,0.9774832,0.89838314,0.93793317,1
e93b4676-52a2-4627-83d4-c66d825be27f.jpg,0,0.24064888,0.8900156,0.56533224,1
e02469a7-f1c5-4b30-b5fb-506eb34534cb.jpg,0,0.0069696046,0.029052548,0.0180110763,0
b1252a78-866f-49fd-9789-f621751801aa.jpg,0,0.0315447,0.008656923,0.020100811500000003,0
5932fdb5-4398-42d8-b95e-9734c2e54e65.jpg,1,0.97688967,0.93257743,0.95473355,1
97749a36-ce29-4c19-b32e-c3dd502f75dc.jpg,0,0.21977663,0.4763241,0.348050365,0
b8aa1443-e60f-42df-a091-de2baba5e991.jpg,0,0.028243339,0.02695214,0.0275977395,0
c41164dc-dd9d-4851-a716-c4953f95a3c8.jpg,0,0.07514574,0.022553677,0.048849708500000005,0
333d97a2-9b6c-424b-a8bb-a7b42fa18cf1.jpg,1,0.9737058,0.9170427,0.94537425,1
b03bc8b5-932f-49a4-a6ef-164a56ee54f2.jpg,1,0.61537886,0.14252873,0.378953795,0
10cbd288-4f4b-4717-a803-470f4a1629a1.jpg,1,0.91279715,0.37673926,0.644768205,1
84a2a3c9-b0eb-4ab5-a4f2-2c465df9d067.jpg,1,0.98132163,0.93763155,0.95947659,1
b3900f47-075d-4cd4-a5f1-9119f8ede279.jpg,1,0.9731154,0.8809533,0.92703435,1
9d4b4537-7878-4686-8219-76d167bd4e3d.jpg,0,0.011573143,0.0048326007,0.00820287185,0
c2270044-d45c-41a8-a4f6-315e5d411950.jpg,0,0.29504898,0.040704723,0.1678768515,0
19a947b5-6e70-4e34-90ce-f159fb0a4302.jpg,1,0.96548635,0.9541964,0.959841375,1
b75cf6bc-ec5f-4da2-a81c-2dc9d8a26887.jpg,1,0.9702534,0.95901394,0.96463367,1
771c6479-bacd-4f3b-8caf-777fb754288d.jpg,0,0.028548487,0.01501707,0.021782778500000002,0
6acd72d2-18b7-4fe1-93c9-916d41b6db90.jpg,0,0.018424794,0.016346248,0.017385521,0
bcc76b75-d441-485f-8dde-6446ae76d883.jpg,1,0.982281,0.9567954,0.9695381999999999,1
eed9988d-a44c-428f-a5b0-a0f652df4809.jpg,0,0.023347795,0.12910731,0.0762275525,0
cf0e426a-0d6a-44bf-86a1-ee9b59444d86.jpg,1,0.90930367,0.7792068,0.844255235,1
54dd21f1-3ec2-4ca7-ac8c-4d16754ba00a.jpg,0,0.0393686,0.015496139,0.027432369499999998,0
eade75a4-d35a-4d9a-b64c-50309d2ca8bf.jpg,1,0.98760605,0.98237556,0.984990805,1
53904d78-6083-45cd-8765-05b4e99e0611.jpg,0,0.01546894,0.017709296,0.016589118,0
ced8ee7d-7cba-42de-8493-d0771f318f7b.jpg,0,0.6373749,0.06640178,0.35188833999999997,0
c0edc8ca-528f-4cf2-8704-aded7f50c945.jpg,0,0.025971329,0.01552777,0.0207495495,0
1026f7b9-36d4-411b-82d4-59d83d056512.jpg,0,0.8790183,0.1914532,0.53523575,1
cef28218-0090-4b0e-99ac-4c9b7a7619e7.jpg,0,0.6977582,0.40420878,0.55098349,1
2b8d3b7a-27b2-4867-8166-371759ffc0fb.jpg,1,0.7827113,0.26017335,0.521442325,1
175b1f0a-3aac-4588-a5fe-f8d12ef6ef99.jpg,0,0.013025328,0.011514493,0.0122699105,0
2c2a6d2a-908f-4f93-8d38-4a331ac0951a.jpg,1,0.9843337,0.74840355,0.866368625,1
d86d29e8-63b4-4b07-b799-8672f02b462a.jpg,1,0.97192264,0.97630316,0.9741129,1
56fd26b4-f95d-4543-bc93-be0409c9d0b3.jpg,1,0.98513675,0.9685896,0.9768631750000001,1
5af596b3-e978-40ad-bd1f-3faf59ffaf2a.jpg,1,0.96631026,0.98545367,0.9758819649999999,1
45c9fa02-260c-4293-b816-6083988ebfab.jpg,0,0.3980713,0.4739093,0.4359903,0
fb0a849d-6569-43ba-a134-b772c5ca896a.jpg,0,0.010794035,0.013179551,0.011986792999999999,0
9ca86ebe-555c-4347-834e-da62514e456c.jpg,0,0.04167581,0.11015097,0.07591339,0
5f70b938-bf1e-4ac7-87f1-a55200f76ae2.jpg,0,0.17266603,0.50242853,0.33754728,0
0cb04cc8-fa8c-4635-8d48-62df2dbc32df.jpg,0,0.022446746,0.05530138,0.038874063,0
3b3d1a6b-d311-4384-a141-129e16dfb4fe.jpg,1,0.9915959,0.8413442,0.91647005,1
72d73d2b-c5bd-466f-85c1-d54de2b38e34.jpg,0,0.8174798,0.038810592,0.428145196,0
ef9a140c-9eac-47d2-89a2-671e6333c18e.jpg,1,0.97259265,0.9779394,0.975266025,1
46272ffa-5d1e-4a7c-ab8d-67623496344b.jpg,1,0.90498906,0.11482167,0.509905365,1
92824363-7da2-4416-ae07-400164bb2001.jpg,1,0.9308614,0.84919167,0.890026535,1
103e9e5c-3b46-4e20-a62a-e14dc2b887ef.jpg,0,0.018924676,0.014187239,0.016555957500000003,0
cb65e5a2-dbb1-4f18-ac31-1ee5edfc24d7.jpg,0,0.012427386,0.032215532,0.022321459,0
f45c8ef4-912f-4124-8420-d0e3f58f1f03.jpg,1,0.95673066,0.9062319,0.93148128,1
4409d6f9-5285-4bd1-9627-39c758094c0b.jpg,1,0.9737498,0.95661235,0.965181075,1
25ee8256-5a72-429f-b5c1-b0985f164e8a.jpg,0,0.03154784,0.011237453,0.0213926465,0
e894416e-e61b-4eb1-9a2f-e08a3a0c0093.jpg,0,0.022937583,0.005497671,0.014217627,0
1646b316-bcca-4e30-a389-2511e2cce6a5.jpg,0,0.05032299,0.1434384,0.09688069499999999,0
c546ad9a-2643-495d-9837-5cef7836fc22.jpg,0,0.17038359,0.23825426,0.20431892499999998,0
81bcc9de-f7ee-4365-ad00-c8a5bb7de955.jpg,0,0.9222701,0.53176945,0.727019775,1
29361570-d6c6-419e-8fc5-956f35509bed.jpg,0,0.058626395,0.038235582,0.048430988499999994,0
08709f2e-c08a-4390-8e10-6c40f3464dea.jpg,1,0.96881527,0.9876917,0.978253485,1
7678a293-3901-4e1c-9a6f-5f5d528b0e9a.jpg,0,0.9928269,0.57831734,0.78557212,1
3f4987da-ce93-46f4-a6d7-77edd5711eec.jpg,0,0.29019225,0.7762637,0.533227975,1
a3f310e2-d98f-4578-af58-a5f9b8d72ad1.jpg,0,0.14408669,0.37347272,0.25877970499999997,0
55563b63-5924-4648-b252-31e149c7626d.jpg,0,0.26432607,0.02054248,0.142434275,0
404b0fdb-d4a7-436d-a3ed-edc68d78ee36.jpg,0,0.013974783,0.016621552,0.015298167500000001,0
3bc26b35-38a7-4aa4-bd09-7d28bf49b1dc.jpg,1,0.97052735,0.9537255,0.962126425,1
dc69aa9c-2edb-49d4-9a05-127919b728ea.jpg,0,0.052364256,0.15020263,0.101283443,0
5d256e29-360b-4727-a780-f9fdfca7597e.jpg,1,0.9754846,0.93082505,0.953154825,1
0e943491-b9a4-483f-99d5-f7260d20d3d5.jpg,0,0.008856941,0.025621466,0.0172392035,0
f1b01644-b5ff-433a-b43e-982593125883.jpg,0,0.30628103,0.59359735,0.44993919000000004,0
003a55e2-901d-4e2a-b6ab-186041ee792d.jpg,0,0.04980131,0.016194632,0.032997971,0
a8f1ff1f-fa59-4ed8-b007-7c392688e41d.jpg,0,0.038581252,0.0077464744,0.023163863200000002,0
09184418-de1b-40d5-98a3-b81ae2c382e4.jpg,0,0.012133098,0.046974123,0.0295536105,0
ef30104d-7381-4c9e-b84b-907c101b4928.jpg,1,0.97479564,0.9715541,0.97317487,1
097c65d4-fe7d-4256-8825-2de7bd0fb704.jpg,0,0.090286195,0.0512636,0.0707748975,0
f1f63f8a-f804-463e-9972-5a1ea5de5ceb.jpg,0,0.035372157,0.11194613,0.0736591435,0
a7220d23-71b2-4fcc-a79e-b0f3031da370.jpg,0,0.7670103,0.15971173,0.46336101500000004,0
245396c1-0b90-4e56-b808-dadf1ed55fbf.jpg,1,0.9766304,0.97443277,0.9755315849999999,1
af5f383c-2498-4f42-a0d7-fb846c899431.jpg,1,0.98298734,0.9800308,0.98150907,1
1f0be05c-5dd3-4614-9796-4c7fc203630c.jpg,1,0.98147315,0.994013,0.987743075,1
1b25b800-f2e7-4f51-97af-e6ec772f41f3.jpg,1,0.98354286,0.841768,0.91265543,1
009eeb23-c531-43fc-808d-2646d604a787.jpg,0,0.015647424,0.39216062,0.20390402200000002,0
b7af020b-2f0e-4b59-9aab-c2be49549a75.jpg,0,0.029340714,0.56200343,0.295672072,0
133f949a-0341-43a0-8bce-869d3e961f8c.jpg,0,0.21817607,0.15544288,0.186809475,0
c2f64790-9fd6-44fd-b10e-554e0154f89e.jpg,1,0.97181183,0.9398001,0.955805965,1
90641c4b-823c-45ed-9a6b-aa7044846bf0.jpg,0,0.44336137,0.05939578,0.251378575,0
712d41b7-3117-4ca1-bd25-9951d2de9965.jpg,0,0.35777786,0.7781994,0.56798863,1
7bdd3693-6427-4dbd-9de2-703c3d2b11d1.jpg,1,0.9792487,0.9872117,0.9832301999999999,1
226f819f-b431-463b-88d6-215dc0ef27e8.jpg,1,0.9384823,0.95935464,0.94891847,1
023d95bb-1360-4862-a77b-3c9d612baf1b.jpg,0,0.054703664,0.015971797,0.0353377305,0
7afcfdc2-4785-462a-a988-58945eaaf4d8.jpg,0,0.023061493,0.010467403,0.016764448,0
2e8ced6a-bacf-492d-9345-c33f220325a4.jpg,0,0.04096508,0.0058446447,0.02340486235,0
cd06b0ae-099f-476c-8237-4773fb4c246d.jpg,1,0.9721868,0.97207767,0.972132235,1
0f349e7d-edc3-46fd-985b-212972182e06.jpg,0,0.7547452,0.70300597,0.7288755849999999,1
24ce4b4c-d37b-4f00-b49b-6d98cefb8019.jpg,0,0.042903256,0.3239464,0.183424828,0
bde49628-64ba-4a30-b485-c8f2488431ff.jpg,0,0.037201136,0.016306749,0.026753942500000003,0
d2330b38-a43f-4659-8101-a10b4c460c60.jpg,0,0.013910229,0.013995025,0.013952626999999999,0
40e2ce86-288f-4a9d-8234-4244b381baf1.jpg,0,0.036948983,0.08743039,0.062189686499999994,0
fdadb0d2-ee90-4d64-86c1-b7fb2e780045.jpg,1,0.979646,0.8416832,0.9106646,1
6e386de0-290f-45f7-96e8-8de0fc801dcd.jpg,1,0.97166115,0.9815397,0.976600425,1
7a9c5a3a-6b38-4c1f-bedf-b6beca26003b.jpg,0,0.0323251,0.0027466938,0.0175358969,0
b7c2d479-2e0e-411a-945d-4df295a4892d.jpg,1,0.98414165,0.98993,0.987035825,1
be7d36f9-be61-4d89-9a39-7dc5447352e4.jpg,0,0.20357794,0.2643925,0.23398522,0
4e69358d-4129-4aa2-8df3-892c879fcd7b.jpg,0,0.3425064,0.04722554,0.19486597,0
f5a257db-ab26-4354-952d-b75e51e16eb5.jpg,1,0.953757,0.7099285,0.83184275,1
72358fda-41dd-4844-878d-f07a465307a6.jpg,0,0.46483603,0.0911156,0.277975815,0
87c215e7-9056-437e-bd79-07ab8008b064.jpg,1,0.97051567,0.9709985,0.970757085,1
46b1f143-d686-4a69-b09e-1111bdf1ef11.jpg,1,0.8981285,0.5111514,0.70463995,1
42170c51-931c-45b8-ac94-a7de0bab98d5.jpg,0,0.4803811,0.62398416,0.55218263,1
1a108e5c-987d-4d88-94a9-10127d07d7d0.jpg,1,0.95246226,0.9290299,0.94074608,1
cccc372c-34c3-4a47-9ec1-727932810b37.jpg,1,0.9585895,0.9696214,0.9641054499999999,1
5ca258c7-64a5-45e5-9ca1-50651131f6d4.jpg,0,0.06495284,0.038103495,0.0515281675,0
7d8f671f-f329-4571-80f2-893972e568a3.jpg,1,0.9785938,0.9798221,0.9792079499999999,1
635d1996-c44a-4d7e-9ba7-ddfc84483d5d.jpg,0,0.041386977,0.012068258,0.0267276175,0
053d9758-d647-4e35-bcc1-aa7804c7725a.jpg,0,0.03201872,0.008442869,0.0202307945,0
300074eb-3f06-491a-9aa6-5c1a7aa4f8a3.jpg,0,0.02867352,0.074549384,0.051611452,0
045c0f6b-a9d2-4f07-9020-dd62b5c73ab0.jpg,0,0.9054417,0.43255374,0.66899772,1
272cea9b-7a45-4c84-91c9-2616feb7d450.jpg,1,0.9383165,0.7731258,0.8557211499999999,1
d5306a82-404c-44c8-bfb2-7bd8e17a22a0.jpg,1,0.97780687,0.95849484,0.968150855,1
576df7c0-e49c-456f-ada4-9384e2d5c5cb.jpg,1,0.9707517,0.9780808,0.97441625,1
3b0bcda2-64a3-4410-ae88-b11cd9d25b80.jpg,1,0.9742813,0.97547716,0.97487923,1
a4c7497c-d476-4a29-9df1-b1b5b1a09c14.jpg,1,0.96602076,0.9752659,0.97064333,1
b580b083-e90e-4477-8a01-a12df2728aab.jpg,0,0.03998238,0.052061047,0.0460217135,0
18a3115a-0397-4b0c-b8ef-eb20f968930f.jpg,0,0.018640185,0.009600987,0.014120586000000001,0
2faabb59-c1e4-44a8-8da3-9dd993670822.jpg,1,0.97507256,0.97468966,0.97488111,1
b58a0264-3030-4366-bd02-51c97a0b7374.jpg,0,0.49167085,0.1772744,0.33447262499999997,0
0e8edd5e-52ba-4ab1-88a8-ea53c941055f.jpg,0,0.033395607,0.020431327,0.026913467,0
2634f297-0087-408a-af5f-9d57d34d13ec.jpg,1,0.92148834,0.833975,0.87773167,1
b3c6b424-b733-46fe-b876-d80088210cb5.jpg,1,0.8211799,0.5771317,0.6991558,1
ae0a7987-f6f6-441e-adb4-4756069193ce.jpg,1,0.98564196,0.3971586,0.69140028,1
1362496a-bf0f-4551-a907-4f880f3eb114.jpg,0,0.03516943,0.011278913,0.0232241715,0
0d0cbf1e-8320-4d14-b6be-36e2df4e11c1.jpg,0,0.015206687,0.0064270156,0.0108168513,0
33db4d2b-fc8c-4c7d-a159-b960ee3612ff.jpg,0,0.75433683,0.5900695,0.672203165,1
4f821dde-a75f-4534-a3f0-ad33d0a664be.jpg,0,0.054824173,0.06131597,0.0580700715,0
4f696100-ed04-4683-80ab-91fcb4c314b4.jpg,1,0.9671023,0.9808679,0.9739850999999999,1
2fee2376-9bed-478d-8395-ae0bb7754e0d.jpg,1,0.978883,0.8931796,0.9360313,1
02851192-5784-4fff-a1fb-dde50cbee4cf.jpg,0,0.02522777,0.06797458,0.046601175,0
0a16b455-0dd3-41b9-96d9-305dc1f8b777.jpg,0,0.05308771,0.17740034,0.115244025,0
629ca1ee-5413-4ad2-b3ce-3ad65a83bc4a.jpg,1,0.98129326,0.79773164,0.88951245,1
eae63724-0193-4bde-a235-36e8cc184d9e.jpg,1,0.96831465,0.24442346,0.606369055,1
6718d9f9-0760-4794-bcbc-d4cb07e078d7.jpg,0,0.01760108,0.024043957,0.0208225185,0
8fe5a9eb-8148-4a4a-b664-e62a478d51b9.jpg,1,0.6394127,0.7307679,0.6850902999999999,1
16e7668b-cf57-415a-811b-0a502ddd3bc2.jpg,0,0.17468672,0.46339682,0.31904177,0
b1d47fcb-837d-43ca-aeb0-c5ba05c83334.jpg,1,0.9826719,0.77915955,0.880915725,1
858b0cc4-3023-457b-b7c9-fbac6b83d60f.jpg,0,0.031457588,0.015457208,0.023457398,0
18ddd286-e7ad-4c8c-8f4e-4aa95e49e735.jpg,1,0.9787062,0.94360226,0.96115423,1
6a92ab94-e380-46c4-b9c0-3c060c5c4137.jpg,1,0.97877216,0.9002977,0.93953493,1
461c8d59-6470-4ad1-a597-63a34ded4ee6.jpg,0,0.059803177,0.5421483,0.30097573850000003,0
c7ce05c6-f11c-4c4e-990e-19099f760a25.jpg,0,0.02331082,0.017695429,0.020503124499999997,0
586983c7-0fbc-412d-a6a2-d3a3aa4a58b8.jpg,0,0.012441275,0.010602303,0.011521789000000001,0
8c103d7a-0e25-4a12-8b48-8e2769ef3b5a.jpg,0,0.9689272,0.71984905,0.844388125,1
fdcf6a86-f955-4fa3-b966-9770e6a870f7.jpg,0,0.020772504,0.011320335,0.0160464195,0
9f5754d4-0e84-4829-9ab9-c24d8453672d.jpg,0,0.9182766,0.91888714,0.91858187,1
09b4d3a5-2a00-43cc-a46a-d9da6345de4a.jpg,0,0.10201573,0.012819302,0.057417516,0
dd772142-bd70-4445-9910-4fd1662b4ca7.jpg,1,0.030434517,0.16436903,0.0974017735,0
7b2d09a2-494f-446f-aa33-08ef62091dcc.jpg,0,0.03713626,0.011601884,0.024369072,0
8b738bca-291e-4c5c-a9e1-6e70e2bc2aec.jpg,0,0.13304767,0.018823855,0.0759357625,0
36b5e59d-b2a5-4cb0-ae48-740622ab88ca.jpg,1,0.9594638,0.83094805,0.895205925,1
fbe3e070-d702-4758-8002-a0b67899a984.jpg,0,0.042847913,0.11115775,0.07700283150000001,0
027a92b6-ad0d-4e68-bd77-e6b574ba3538.jpg,1,0.978101,0.95122725,0.964664125,1
031b22d3-7abf-4623-ba4a-162e1f18b046.jpg,1,0.43280068,0.938526,0.68566334,1
8a1408c6-2dc9-43da-90f7-d7c9c84261ed.jpg,0,0.02369227,0.01892516,0.021308715,0
2c5a7c10-11ff-4716-9009-0b54266fcc7c.jpg,0,0.04171976,0.011716797,0.0267182785,0
5acd1152-64c4-4013-a2ec-5d72a47092d3.jpg,1,0.96170115,0.9752574,0.968479275,1
94478ca4-e172-4227-b6be-14c333ad484d.jpg,1,0.9732652,0.97328013,0.9732726650000001,1
f657c200-fad1-46a6-a203-9031168b031b.jpg,0,0.024440395,0.0031398013,0.01379009815,0
ab5f2701-6dca-4086-940b-8a63416917aa.jpg,1,0.8339636,0.7742774,0.8041205,1
a2ae7d35-f94e-47d8-a46f-193d7cf2e3dc.jpg,0,0.035729665,0.019440252,0.0275849585,0
dbdd566b-f9d9-4924-af0f-995d34ce2345.jpg,1,0.98447615,0.8864658,0.935470975,1
69eda2ce-3d86-4ed4-8f20-0fa8947314ec.jpg,0,0.08965128,0.3836991,0.23667519,0
d73a2e57-aaaa-46b7-8532-d9c681c166a5.jpg,1,0.97719413,0.83093244,0.904063285,1
1fe6baf5-91fb-4f14-b732-ceab657addd8.jpg,0,0.13341099,0.42954192,0.281476455,0
54707df3-d6bc-4b82-a746-faa3924251cb.jpg,0,0.030581206,0.03197382,0.031277513,0
d43d4a92-274f-4b76-bd7f-d84234f4af3b.jpg,0,0.021714037,0.015440122,0.0185770795,0
bb8f8b86-22db-43c4-8281-049b21f1d979.jpg,0,0.13656816,0.028245866,0.082407013,0
2d36cc02-6f8b-4b8f-9c56-ff25a30353cc.jpg,0,0.085099705,0.09902609,0.09206289749999999,0
940337d4-b9e8-49c1-9f25-e4c345ce154f.jpg,1,0.9751337,0.8641022,0.91961795,1
e8422493-0cb6-4f51-b034-bd19d62d1c52.jpg,0,0.024482874,0.05843909,0.041460982,0
f8a3acc9-bb98-48f3-93eb-d35fd4482467.jpg,0,0.13891776,0.10923944,0.1240786,0
59140d68-68cd-4c78-97f4-d5af74eeff17.jpg,0,0.022782542,0.037484113,0.0301333275,0
79c296f5-1e48-492a-bdc4-5cd3ffd3bbd2.jpg,0,0.020076383,0.023086809,0.021581596,0
f6183c56-6326-4067-939d-127a497b1614.jpg,1,0.9880993,0.7902722,0.88918575,1
81cebe8c-ed26-4f20-86ac-3b8338925cc3.jpg,0,0.018077346,0.023706473,0.0208919095,0
140e8fc2-1879-4cb3-b0dd-ed5e898ac66d.jpg,0,0.18980263,0.020714873,0.1052587515,0
9a4ec57a-291c-43b2-a5f9-899a5d1d775f.jpg,1,0.96922857,0.9839894,0.9766089849999999,1
1605ea40-d609-4dd3-aa09-1a0dc7a4af62.jpg,1,0.9730647,0.97849697,0.975780835,1
668edf8a-0224-466e-bb69-8f47d11c98c3.jpg,1,0.9673887,0.9636321,0.9655104,1
aeebe560-aa53-456d-a37e-41e62447c384.jpg,0,0.076580666,0.013262094,0.044921380000000004,0
0dd2616b-2a4f-4887-9297-186f583617ad.jpg,1,0.016516404,0.1711386,0.09382750200000001,0
635e5a71-5f67-46a2-8ff8-8e5605f0634a.jpg,0,0.32641992,0.05401038,0.19021515,0
27f2eb2c-1af8-4079-909c-5df4b1cc2716.jpg,0,0.06981113,0.04273439,0.05627276,0
f7b1da23-dfbd-4923-a33f-86832e76a6c0.jpg,0,0.12767063,0.10859852,0.118134575,0
d7bf8068-3854-40c0-b661-2f45c12bf2ee.jpg,0,0.012898064,0.0075711906,0.0102346273,0
85fd2501-08e2-4ba0-bd63-1a6b4c0e72b4.jpg,1,0.974655,0.9199586,0.9473068,1
26790904-7b7a-46b6-b113-b555ba835490.jpg,0,0.016180778,0.017559132,0.016869955,0
d4264906-63dc-41b8-ae08-86543d209b40.jpg,0,0.0128977485,0.0662702,0.03958397425,0
8941edaf-ee52-477b-b51e-3cd616e13f11.jpg,1,0.9723607,0.97176236,0.97206153,1
895dc4b3-7bcd-4a56-a5f1-0438812ac83f.jpg,1,0.9757727,0.98223233,0.979002515,1
7ec0339b-45e8-4929-922b-52fdffcc0d49.jpg,0,0.7336683,0.7422212,0.73794475,1
75541b00-6dc9-4b83-9198-c5b3a4b284ba.jpg,0,0.013786089,0.01255852,0.013172304499999999,0
30e6bfbf-8998-4d54-855a-e3e99b51b063.jpg,1,0.9761198,0.97505164,0.97558572,1
63041061-5497-438d-b5ef-7304a73edc9d.jpg,0,0.01588759,0.014386547,0.0151370685,0
525c883c-0736-49d5-a674-e837086581ce.jpg,0,0.06668219,0.007707555,0.037194872500000004,0
324abe25-1c62-42b8-8486-289c93b023fc.jpg,1,0.97734565,0.9837811,0.980563375,1
99c18899-bfad-49f5-ad3d-694fc7b5e77f.jpg,1,0.7263629,0.8739051,0.800134,1
5d974b1e-0cfa-41dc-ae9d-a05b964c56a2.jpg,0,0.026894147,0.03856935,0.032731748500000005,0
b8fcd852-9ab9-4740-a28d-a700c9321c80.jpg,1,0.9865375,0.97853726,0.9825373799999999,1
9159e01e-33a3-4e9e-b55b-510233c3bf13.jpg,1,0.72224814,0.42199674,0.57212244,1
e56a61d6-d7a4-4911-88bc-926513708103.jpg,0,0.022816585,0.21454601,0.1186812975,0
3ad91717-7def-4ddf-a996-c280f9bb7f1a.jpg,0,0.017538764,0.027260615,0.0223996895,0
2929da15-d033-45e1-b9f2-e7237a8833c7.jpg,0,0.017922468,0.03456975,0.026246109000000004,0
be368461-9a3e-478e-9857-771a0df41b33.jpg,0,0.7238932,0.08135244,0.40262282,0
d8a13dea-c55d-4514-ab3a-b998db23ffb7.jpg,0,0.02099497,0.044546515,0.032770742500000005,0
2cbb0e57-87d5-45d6-9e53-1664a8ad99ed.jpg,0,0.9859473,0.9057536,0.94585045,1
69ec163b-0e84-4407-b019-0a9387d6af9f.jpg,1,0.9886058,0.8893376,0.9389717,1
2d101272-c033-4078-9b6f-377f7f10fab2.jpg,0,0.89448714,0.24400206,0.5692446,1
35d49205-5695-4cc9-aefa-8590d9c24e9a.jpg,1,0.9839652,0.9870989,0.98553205,1
c5d0f3f3-ed06-4e66-ae68-db5bf8e67c5f.jpg,1,0.9595516,0.5360741,0.74781285,1
758bb9dd-7aa1-45d8-a609-b01dbb77fa23.jpg,0,0.27591896,0.5335973,0.40475813000000005,0
41b7adc7-27c7-4c3a-a9ad-5f88465da68c.jpg,0,0.03453399,0.013007072,0.023770531,0
7bfdf3bf-cf19-4875-912a-168385f62218.jpg,1,0.99313945,0.948755,0.970947225,1
e0b8737f-d355-4f3e-9470-aca7fbe37560.jpg,0,0.026910843,0.016549451,0.021730147,0
bcb9fcee-6268-41bb-8efc-546f7ca524b6.jpg,0,0.35835016,0.0463699,0.20236003,0
d81f2f16-1dc4-4c03-b5a6-4b6922b455ce.jpg,1,0.9212435,0.9554515,0.9383475,1
c0041e0a-6885-478f-927c-32941527ec2c.jpg,0,0.048740372,0.75009555,0.39941796100000004,0
1464c383-0f66-4006-a573-be0a0dfcdb76.jpg,0,0.10141341,0.10122236,0.101317885,0
3a494270-52b3-4844-b854-0dc1617998d0.jpg,1,0.579286,0.08118298,0.33023449,0
3e45f2c4-c653-49d8-b457-416b1c4c486d.jpg,0,0.59121865,0.28492892,0.43807378499999994,0
abdd456d-d0ee-4053-8c6c-344e7ad4712a.jpg,1,0.9416228,0.93403274,0.93782777,1
0289ff63-ef66-4077-a189-8b76af41a540.jpg,1,0.014700629,0.0072554587,0.01097804385,0
b74d407e-82e1-4d64-aebb-09cdb02d255f.jpg,1,0.70993924,0.13487142,0.42240532999999997,0
1914fda9-97ec-482c-9628-068798edbda9.jpg,1,0.9778362,0.9627173,0.97027675,1
0c2295d1-ac9a-447a-a135-ee9217dba5fb.jpg,1,0.28910384,0.6358943,0.46249907,0
4c705f3f-852a-4b5f-b1aa-100e102f7f59.jpg,0,0.023456333,0.015076569,0.019266451,0
e9bee629-e5df-4551-a375-c47d05c20fe6.jpg,1,0.9861562,0.93254536,0.9593507800000001,1
87a36926-3aa3-498b-b210-d720febedb8f.jpg,0,0.030676275,0.047321875,0.038999075,0
9a15c4b6-a1e2-43b3-a376-d3bd0d3ca9b8.jpg,1,0.46609652,0.37525287,0.420674695,0
de986104-8b60-447a-8e1c-f1bb7fbb8458.jpg,1,0.94682103,0.9742231,0.9605220649999999,1
89f98e1c-afee-4e00-9589-5a6c73c40d2b.jpg,1,0.97614,0.028353998,0.502246999,1
04d6541e-88ea-4f76-bba5-4b2b33442d11.jpg,0,0.09231665,0.1908443,0.14158047499999998,0
fff9552a-348a-4885-b2a8-c3cb8eba7c4e.jpg,1,0.10421837,0.750189,0.427203685,0
e3792500-a47d-4be5-bda0-38d8602f73f8.jpg,0,0.20096357,0.09589837,0.14843097,0
52e5f7c9-76e9-4aab-a098-338e1ac64a95.jpg,0,0.022975313,0.026460825,0.024718069000000002,0
471e6cf0-60a5-45a3-9b28-6d96167c4236.jpg,0,0.043274134,0.006343925,0.0248090295,0
e4b2f57d-9687-4941-b06a-77a78fe2b9c3.jpg,1,0.9739558,0.958636,0.9662959,1
d80c8f11-9d12-4141-82b7-a5e9af473594.jpg,0,0.06377143,0.06346276,0.063617095,0
f529f9ed-8a98-4d08-bc7c-1b7ee4714641.jpg,1,0.98925775,0.858259,0.923758375,1
4d29d4bd-5008-4ed8-8d08-9fca72871049.jpg,0,0.98296195,0.9560779,0.969519925,1
1dc5e1fd-e909-49ab-9b8f-baa6e4ce9c01.jpg,0,0.016468724,0.0060065947,0.01123765935,0
8ceb7f6e-4b93-479e-994f-5d3b717b3ed9.jpg,1,0.79191667,0.68602425,0.73897046,1
84237076-acea-4a01-b7d7-aa247a8ad916.jpg,0,0.015473973,0.022361092,0.0189175325,0
5816b57a-fa02-48ad-8ea6-9f673a266b98.jpg,0,0.024313949,0.015999202,0.020156575500000003,0
ad268176-d9bd-48ed-b6c4-e0126c70d1b2.jpg,1,0.03485101,0.010275608,0.022563309,0
1ba83a50-fbbd-4795-9f42-9931884c9de7.jpg,0,0.8167768,0.53563553,0.676206165,1
6c858a45-a53f-475a-8849-68783816a1f5.jpg,0,0.29122484,0.0061092167,0.14866702834999998,0
3e8b0797-89bd-45ab-af2f-2164649e9a2d.jpg,0,0.9594164,0.08338999,0.521403195,1
a53e062b-a56c-412f-998f-cc2d00b7e1a4.jpg,0,0.87773794,0.47477868,0.67625831,1
f5ecf53a-a15d-42be-9d3f-ce7f8573ce9f.jpg,0,0.02482677,0.020287927,0.0225573485,0
86fcbef8-f74b-4da5-9590-08835dc3de69.jpg,0,0.024271078,0.015591492,0.019931285,0
60578c75-1d68-4e2f-b8d6-db31914a23f3.jpg,0,0.01101276,0.0047768285,0.00789479425,0
fb6a0cf4-b432-4775-bfe6-0bc87863c16e.jpg,1,0.9844677,0.7974207,0.8909442,1
2a655e71-5f82-42f8-bd99-834e39f5df8a.jpg,0,0.030780824,0.024335377,0.0275581005,0
98546c28-1795-4d33-b0ad-20dc85457d26.jpg,1,0.9730515,0.9715089,0.9722801999999999,1
e9b4bf4c-5deb-472f-87c1-653466759b3d.jpg,1,0.91746306,0.9029992,0.91023113,1
c5652fd1-d7ec-4fac-bf67-486cc916621a.jpg,1,0.98665303,0.8529937,0.9198233650000001,1
4d64c93b-7e85-4872-8d07-a808da029dcf.jpg,1,0.79148436,0.9287905,0.86013743,1
6660067e-5f81-42b8-bfa3-18155ea3ff40.jpg,1,0.9321936,0.9720834,0.9521385,1
b9fa85b3-9e0a-4a99-8333-4561173569d0.jpg,0,0.022431789,0.03373536,0.0280835745,0
387ab89d-02f0-4cfc-b417-7586ac02424f.jpg,1,0.9834896,0.885371,0.9344303,1
bf2e1fbe-6f96-4d91-ab66-d997b79ee384.jpg,0,0.022240316,0.020460526,0.021350421,0
aedfaeb9-58e8-4f31-8fa9-68fd1c6cb31e.jpg,0,0.052821886,0.015786717,0.034304301499999995,0
9d3d2101-853f-434f-a946-687cb77c6692.jpg,0,0.013522596,0.032671813,0.0230972045,0
f98a57a2-9fee-4ffb-8a30-5ca9d7baed37.jpg,0,0.050988987,0.006419984,0.0287044855,0
2c707118-e88c-4400-a0f9-733068cbd993.jpg,0,0.43714944,0.064738154,0.250943797,0
0bd4cf71-0d20-44ae-9d9b-0f0f6f194991.jpg,0,0.53097206,0.56103116,0.54600161,1
9ee9b428-6057-4ca5-8511-b3784aa5226b.jpg,0,0.95935446,0.23242073,0.595887595,1
4942508f-f13c-403b-b1c7-9549826d9067.jpg,1,0.97610664,0.9892032,0.98265492,1
221ca6cf-b43e-4c43-b872-22118123a193.jpg,0,0.037105292,0.014106221,0.0256057565,0
7b464d72-6a24-4cc5-bf41-dc7e1e572506.jpg,0,0.021437177,0.05104815,0.0362426635,0
98d6394f-7d05-4b51-8685-0bfd273d3981.jpg,0,0.021289825,0.06441412,0.0428519725,0
e3c8535b-9f3f-4c84-ab57-78c846211c65.jpg,0,0.05854556,0.009619338,0.034082449,0
1a8adf97-e5c4-4cbf-bd1f-c612f5731c9e.jpg,1,0.9751954,0.9577708,0.9664831,1
44d068ed-7f0c-4290-a298-7014a311e8bb.jpg,1,0.9538884,0.6502088,0.8020486,1
c759c428-a2bc-4345-95a7-40a50f727843.jpg,1,0.97033435,0.9724993,0.9714168249999999,1
36a33cb5-a6a9-4d8b-96a5-daf7c1886b98.jpg,1,0.31365636,0.022561511,0.1681089355,0
e474a382-6bf9-4f16-a8c5-74a5d768027f.jpg,0,0.013545469,0.09987601,0.0567107395,0
1700609d-f7ed-46d8-8135-741ff33d2c4b.jpg,0,0.02267474,0.0029831927,0.01282896635,0
69e8dfab-ed31-4e2e-a3fa-01ddc608da06.jpg,0,0.010524284,0.004132697,0.0073284905,0
2d357703-58ac-408e-a7d7-ebcd454662d7.jpg,0,0.06532612,0.07587797,0.070602045,0
81b36585-67cd-4519-bc36-9a13fa43b636.jpg,0,0.015136088,0.016335463,0.0157357755,0
73e18efa-fc5c-43ba-b947-09cf97ed1ba8.jpg,1,0.9768446,0.021395825,0.4991202125,0
e068cc86-c554-471a-9648-cc1370212953.jpg,1,0.97916794,0.9652815,0.97222472,1
7cc446ee-4695-4635-8211-567f98fa21da.jpg,0,0.4746391,0.018662907,0.2466510035,0
b7ae5e10-e664-4369-b29a-fedeb1f48493.jpg,1,0.98463863,0.9004672,0.942552915,1
2074aab5-c400-4d11-977b-fa391b692858.jpg,1,0.9727872,0.98712903,0.979958115,1
63ed8c87-c00f-4cc9-911a-16305a7b5205.jpg,1,0.86617184,0.8619516,0.86406172,1
9ed22add-b902-4121-94bd-ad471f4af164.jpg,0,0.04817608,0.17092335,0.109549715,0
c5167ff3-d23a-40d8-ac28-180c7a8c0a59.jpg,0,0.22713034,0.030152144,0.128641242,0
66bc989e-97e9-49a3-ad9d-a3b89091177a.jpg,0,0.74821687,0.10338876,0.425802815,0
16508fe7-128e-4159-8491-19390d8fcf0c.jpg,1,0.98373294,0.95144224,0.9675875899999999,1
8504fa95-c61d-440d-9067-10f4e5fe815d.jpg,0,0.010731052,0.09233891,0.051534981,0
1ed7beac-5e6c-4a4a-a17c-bd6e3a99fba0.jpg,1,0.04899768,0.0413153,0.04515649,0
ff1ab630-7e19-45de-9ff4-9baca8280afa.jpg,0,0.9092068,0.23987119,0.5745389949999999,1
05b5d6a4-672a-4a4c-9568-d60623c1bfa5.jpg,1,0.5431158,0.18588997,0.364502885,0
0f68c302-e066-4fd8-b48f-10dd52cac2df.jpg,1,0.9458565,0.98549104,0.96567377,1
1f330c81-8033-4973-989e-edb658812a99.jpg,1,0.97605103,0.97032946,0.9731902450000001,1
c15ceb44-3023-443e-90e2-8809d122dc0c.jpg,1,0.97902495,0.98216444,0.980594695,1
5e54a433-ff06-440f-805d-cdeb15b0b9e5.jpg,1,0.96502167,0.87357026,0.9192959650000001,1
27346b66-90c1-4eab-8dab-8df14059c74e.jpg,0,0.02113688,0.04502852,0.0330827,0
46b74160-72d8-414b-8bb0-4aebf733ad09.jpg,1,0.9541702,0.9473986,0.9507844,1
1765ad87-ac6c-41e3-8ec7-3f2bd379118c.jpg,1,0.9806652,0.67486995,0.827767575,1
7ebbe201-49bf-405b-9489-108795ad624e.jpg,0,0.031739745,0.026566127,0.029152935999999997,0
0390e436-b142-45f3-aca5-cac619b0efb6.jpg,0,0.016251365,0.010901566,0.013576465499999999,0
13de8ec4-ad75-48d1-9d11-0505053e241f.jpg,1,0.96977955,0.961286,0.965532775,1
8c464ad5-3a33-4269-ad78-d387da5df318.jpg,1,0.97759694,0.9874715,0.98253422,1
895ac992-3c23-4c08-a474-c577e7608bf1.jpg,1,0.031758823,0.70364577,0.36770229649999997,0
a39f27db-a0f7-420c-a5e9-44a08e11852b.jpg,1,0.9757326,0.8842266,0.9299796,1
715b5454-7042-40e7-9974-9d79ab236251.jpg,1,0.97357327,0.9813697,0.977471485,1
177a26a1-1337-4ee4-9b51-7f8af2b3f202.jpg,1,0.44491172,0.9372824,0.6910970599999999,1
7cf9298f-7642-4176-a3ef-63d101abdae0.jpg,1,0.071584634,0.9022069,0.48689576700000003,0
1f17e673-b50c-4580-a048-e9d3f22d82d8.jpg,1,0.6411622,0.25277033,0.44696626500000003,0
d327dff0-d42e-4553-a2cf-34245e8dfa0f.jpg,1,0.9673402,0.96663976,0.9669899799999999,1
b45a77fe-5ceb-46b6-9b0e-c88e1f3ceec6.jpg,0,0.028635627,0.03617994,0.0324077835,0
b98c7a22-7ff0-4417-9184-95ae9b83b584.jpg,0,0.58092296,0.21464144,0.3977822,0
7d7caba0-052c-488c-8111-fc7745180df1.jpg,1,0.9807002,0.65316147,0.816930835,1
697b5be5-80a5-45dc-82cc-9d200d90580b.jpg,1,0.9685922,0.9789488,0.9737705,1
3b927ea4-feef-42aa-8753-c7873fe16a60.jpg,0,0.04142295,0.027992228,0.034707589,0
1a80db89-eb2d-4a7d-ac8c-9fd43259851e.jpg,1,0.9857275,0.88012093,0.932924215,1
d060dc21-281f-48ec-acc4-1fe8d2f83e28.jpg,0,0.10004986,0.046004016,0.073026938,0
91f0c5bc-84db-4487-bdf7-ee271080a2b3.jpg,0,0.95862335,0.02142279,0.49002307,0
9b91ec23-c0e4-4b2d-a12a-c49ed71a5c54.jpg,0,0.029202187,0.012941788,0.0210719875,0
547f6bca-6681-407a-b5fe-49e1e71bb081.jpg,1,0.9243626,0.9238272,0.9240949,1
fd7c5127-70a1-4b4d-9b3f-e6f8ac968f94.jpg,1,0.9735164,0.83948773,0.906502065,1
c33edd58-c115-4295-83df-bfbbc50a39f8.jpg,0,0.019505112,0.009705381,0.014605246500000002,0
2d354a35-f58c-44a7-8c49-90fb35a02ad1.jpg,0,0.03069543,0.16842824,0.099561835,0
fc93c10e-868d-48e5-888b-651dd4482a31.jpg,1,0.9738534,0.9875078,0.9806806,1
5feee484-4ca5-4276-a9be-6ae9daa14e82.jpg,1,0.22049963,0.45296228,0.336730955,0
d766de7b-5403-497e-9a33-b79ae16ecf98.jpg,1,0.9730962,0.9716374,0.9723668,1
6df90ecd-c079-450c-a875-8789f59adf67.jpg,1,0.97938246,0.89012307,0.934752765,1
8580f6b6-1a25-4f74-b437-e1a35670e8c6.jpg,1,0.1903584,0.81605434,0.50320637,1
3b80156f-64ad-4b70-ace8-f197ab7b04a4.jpg,1,0.03725155,0.0924029,0.064827225,0
27dd119f-54e0-4699-8dd3-9a3d6ffd8cbb.jpg,0,0.024768895,0.0059517566,0.0153603258,0
831b6bb0-ce52-4ef8-ba9a-063b74f29d0c.jpg,0,0.02515026,0.041173022,0.033161641,0
4d865f1f-f99c-4515-8665-2a1dfa1688bf.jpg,0,0.09446434,0.030533174,0.062498756999999995,0
58093753-fe37-4dbf-8f60-0a92213a41ca.jpg,1,0.85170364,0.66036886,0.75603625,1
cdb3a26a-fb08-4f50-a3e8-f0353076ef2e.jpg,0,0.72807616,0.025392102,0.37673413099999997,0
fb7537be-609e-42aa-b1e7-abf5c717dbcb.jpg,0,0.19157426,0.03178693,0.111680595,0
defb1b69-bdb9-475f-b3a1-b4e0f277d7ac.jpg,0,0.15146649,0.16966122,0.160563855,0
ed7a45e1-9f58-409b-b30f-105444cbff1e.jpg,0,0.0667334,0.019413728,0.043073564,0
f89370d6-6d1c-4a83-924b-b7d3984d7497.jpg,0,0.021085063,0.008698561,0.014891812,0
bb4c49d7-acca-4b22-a1ad-d6243edd023b.jpg,0,0.9740443,0.8773043,0.9256743000000001,1
169804fe-8a76-4f6a-83c4-9493692122f7.jpg,0,0.07041829,0.020312577,0.045365433499999996,0
10151c39-43da-4bb7-aa0b-c607bd0e99a3.jpg,1,0.68311334,0.3742067,0.52866002,1
3cb6a505-89d6-4d28-94be-3391820afafc.jpg,1,0.25119177,0.7474494,0.499320585,0
fa693bf0-035a-469b-8860-e227ad0a8b56.jpg,1,0.76827115,0.58431786,0.676294505,1
f6dc128d-5c05-42f2-8771-de2033bd8d27.jpg,1,0.71326256,0.11524087,0.414251715,0
bf3d3e80-f6c8-4ba2-94c8-e8addb6f43b5.jpg,0,0.049084928,0.0062268693,0.02765589865,0
59d02997-7bca-4148-8a8f-1a46bbeeb5e7.jpg,1,0.87652755,0.6828213,0.7796744250000001,1
38ce1882-09cc-4ee8-bcd3-39f955e5866c.jpg,0,0.04483037,0.32481977,0.18482507,0
24880a95-be68-436a-9f53-dcf94a2437a7.jpg,0,0.0248183,0.10707811,0.06594820500000001,0
734c16d4-f322-4544-b104-b7c843924159.jpg,0,0.35691747,0.01030546,0.183611465,0
60ce596a-19cd-4011-a8c8-9872e1ab8912.jpg,1,0.97647303,0.887842,0.932157515,1
2306efd4-be2e-43f5-9f71-8ddd44d15e01.jpg,0,0.027562225,0.079952,0.053757112499999996,0
8eb5d772-83f7-4ff1-8ae8-de4201c2bf3c.jpg,1,0.96934503,0.8560369,0.912690965,1
967dcbf3-b50e-4f71-a522-1fb44c83c6b6.jpg,1,0.9825385,0.8743813,0.9284599,1
f4826527-5b91-48de-83cd-dc05d4ed246c.jpg,0,0.016418925,0.039153505,0.027786215,0
8c777e19-7874-4d01-9480-1a9dd456dd9a.jpg,1,0.98517424,0.9717997,0.9784869700000001,1
6b083cae-d63b-4163-a37d-f1309f07da43.jpg,0,0.028256493,0.0093311975,0.01879384525,0
06a90bf4-02b9-4322-84a6-f168e5ebc8d8.jpg,1,0.06692812,0.5735453,0.32023671000000004,0
4d7dae1d-3984-4560-8799-4a32a3b4dce0.jpg,1,0.98450917,0.98705405,0.9857816100000001,1
87f057c0-852f-4674-8a2e-acb3a76e24e3.jpg,0,0.057889547,0.07945072,0.06867013350000001,0
04a191da-7ebf-4a1a-a29b-4a414adbf21b.jpg,1,0.976146,0.96209955,0.969122775,1
8d072cf4-8ce2-42fb-b353-f03e03897dde.jpg,0,0.055327788,0.10499697,0.080162379,0
91ed6e4e-764e-41ae-9277-c9544dfa5f0b.jpg,0,0.061335057,0.09593981,0.07863743349999999,0
3d151543-c583-4604-bd0b-57d11c0643b1.jpg,0,0.013201095,0.059403267,0.036302181,0
8873bece-bcf9-4e64-a419-fa5971b4898c.jpg,0,0.029286811,0.009022479,0.019154644999999998,0
4bc75b43-e5cb-4a93-9961-ecc4893766c9.jpg,0,0.030361354,0.0051067495,0.01773405175,0
bad0ee31-1a2e-4546-a5d5-84099b11a42b.jpg,0,0.4839573,0.12581915,0.304888225,0
e0e94d20-58a5-4e64-8aaa-98d18978c2a0.jpg,1,0.47951058,0.41887105,0.449190815,0
d4136565-4086-4174-a044-ca7a941c8748.jpg,1,0.96882224,0.8394258,0.90412402,1
ae2112fc-58e7-45fb-97e1-4a5b28fa3b39.jpg,0,0.013943567,0.034563735,0.024253651,0
f71da0ab-1987-46d3-b957-1f438fd98c52.jpg,0,0.02020584,0.009834089,0.0150199645,0
42291d00-a589-4dfb-96ed-745a6d3fa9f8.jpg,1,0.9722333,0.98329514,0.97776422,1
11aadcca-8d2f-4d08-ad56-105566597199.jpg,1,0.9685116,0.98127955,0.974895575,1
0618fa62-6c19-4844-b408-b42ce48c08eb.jpg,1,0.9752318,0.9121204,0.9436761,1
1a527b27-07d0-443a-9133-2084edbf08e4.jpg,1,0.97602373,0.8786502,0.9273369650000001,1
6f4f1520-32bc-4471-9407-5c2b086b678b.jpg,0,0.7779146,0.029323472,0.403619036,0
9d1b4546-4f02-4236-a39f-4f62d0d9065a.jpg,0,0.5100263,0.063164525,0.28659541250000004,0
b07b5a7c-8e88-4e6c-8352-8203a2dca1cf.jpg,1,0.96386886,0.99424595,0.979057405,1
c07728a7-dcde-4bc4-961c-447e17b24c68.jpg,1,0.96433,0.86173844,0.91303422,1
56bcab93-efa1-4d73-b23d-d718a168c63d.jpg,1,0.38036978,0.90074587,0.6405578249999999,1
f489a7ff-c86b-4665-ba54-4a2419a4c784.jpg,0,0.014285131,0.027415454,0.0208502925,0
ff08f115-2cfc-4480-be63-23a47742eae1.jpg,1,0.7684105,0.85123205,0.809821275,1
24132452-20cd-425b-8198-c09ecd4f5af8.jpg,0,0.2641082,0.050240684,0.157174442,0
c64023ff-1b43-401b-bc4c-90b55e8a70f4.jpg,0,0.018161489,0.015060186,0.0166108375,0
fe60eac7-7a97-429a-8430-2aca765868e3.jpg,1,0.9669849,0.6684589,0.8177219,1
78860e46-25d6-422e-ac29-06b3ab5cf01f.jpg,0,0.14474829,0.075657874,0.11020308200000001,0
209127e4-25e3-48d1-a5af-bd71457c5df3.jpg,1,0.94397235,0.5611794,0.752575875,1
81b2a6a9-b33e-431d-989f-08e9893de14f.jpg,0,0.2712382,0.24820167,0.259719935,0
5aed506c-b4c1-4e79-aac9-2e57db227c3c.jpg,1,0.8663802,0.736849,0.8016146,1
ec578e30-91f1-46b7-9006-089d4d871ff2.jpg,1,0.57773787,0.13491105,0.35632446,0
a3152e5a-d11b-4842-9b38-78f06f7c90b6.jpg,1,0.96142226,0.7153787,0.83840048,1
58294ed0-d7e4-4079-9af7-95dfc9f4435b.jpg,0,0.87890774,0.11467981,0.496793775,0
30521e40-998d-4d68-a3c3-e3142a8ea7f9.jpg,1,0.97658086,0.92665154,0.9516162,1
c1283cc1-7a12-427b-a515-7076a213045a.jpg,1,0.9829888,0.70336217,0.843175485,1
24c4d5bc-70a9-4d09-b8cf-d882960aed75.jpg,1,0.6562863,0.8349193,0.7456028,1
413e55e7-78ed-49ab-971b-2ede4b2f0064.jpg,0,0.008248515,0.0056616627,0.00695508885,0
81a25fbe-ea60-45ca-8eaf-bae091828623.jpg,0,0.042300362,0.033150896,0.037725629,0
a9113570-36ae-4b5d-b3ea-e5765e9f9fbc.jpg,0,0.9177099,0.8732083,0.8954591000000001,1
c60cc90c-e364-42e1-8af4-4100bc7979de.jpg,0,0.55807066,0.17609961,0.367085135,0
abb1f97c-37d5-4047-9ca0-62a0d5e1dcaf.jpg,1,0.4596807,0.30527532,0.38247801000000003,0
4ebdbc5c-4a59-44ba-aa71-e460f17557d5.jpg,0,0.029038614,0.045239817,0.0371392155,0
8e285c20-9b3f-4b23-ae54-7c6a3bc0cea6.jpg,0,0.019515565,0.015668733,0.017592149,0
9be7aabf-e2bf-4a47-b33d-fe1b01959dac.jpg,1,0.9709244,0.87473416,0.92282928,1
f2d2f9d6-1cd1-405e-a61f-9e70b1381638.jpg,0,0.02912478,0.03294611,0.031035445000000002,0
69d0d13f-8008-44fd-b023-258a4591ab07.jpg,0,0.035680864,0.037741657,0.036711260499999995,0
8419d2f1-cee7-443a-b8e0-a475734e6820.jpg,0,0.015220452,0.009809872,0.012515162,0
705ae111-c9b1-4596-969c-5fc2c426e62c.jpg,1,0.9733222,0.8832119,0.9282670500000001,1
b23d561f-1d3b-4855-b79f-41f947e71d21.jpg,1,0.9794801,0.98557824,0.9825291700000001,1
e2aac52c-a152-4fd0-8f5c-3eed317cf983.jpg,0,0.027328542,0.026341707,0.0268351245,0
e0b30838-5a77-4e5f-90e5-a81827c37dd4.jpg,0,0.014032517,0.013501638,0.013767077499999999,0
2de968f3-cbf7-4ffb-ac29-1455605323c0.jpg,1,0.972604,0.96934515,0.9709745750000001,1
153db709-818b-4458-b7df-b40a8b0f21f9.jpg,1,0.97946906,0.98979396,0.98463151,1
6f125c75-fed8-45e7-a423-906da508d969.jpg,0,0.021743806,0.02062624,0.021185023,0
d93ebbfa-b8f1-482c-9f26-d295191790e6.jpg,0,0.2030964,0.13302831,0.168062355,0
563e06eb-7876-4092-9c40-1c4f4cbfad70.jpg,1,0.97988814,0.9840726,0.98198037,1
e0ad4c57-3503-4c0a-ba3d-dd7cc1ace058.jpg,0,0.02743774,0.039844494,0.033641117,0
f8dd9683-c0c9-4d93-886a-6adbddd0f949.jpg,0,0.16116084,0.019095035,0.0901279375,0
d5f139c9-c74d-4417-9f1c-606b8529c808.jpg,0,0.96037215,0.43889222,0.699632185,1
b0bb9709-d511-4629-8ec8-e16dbadf40f6.jpg,0,0.036234047,0.053849388,0.045041717499999995,0
ac8f5d76-545f-4d32-9c25-3759da0426f6.jpg,0,0.9725771,0.3583598,0.66546845,1
8f7b345e-3114-4176-9271-dbfabafe79a5.jpg,0,0.018729346,0.010270584,0.014499965,0
39448638-bf26-41ab-8f4f-50a0c914abc7.jpg,0,0.15021949,0.03368313,0.09195131000000001,0
18e6e9c2-d565-4b3c-93c7-27c4e59022a5.jpg,0,0.015831225,0.007912618,0.0118719215,0
3a2396fa-d0a2-4845-b8cf-97bb5b4ac38f.jpg,0,0.02561366,0.026860243,0.0262369515,0
cddfee10-b09e-4153-ac22-7bc99d1603f9.jpg,1,0.9740862,0.97523767,0.974661935,1
3da7e13a-aa87-4f32-85d5-a59d98dd50c1.jpg,1,0.98127943,0.84248924,0.911884335,1
b81f8c36-f692-4df9-a24c-d5894260db67.jpg,1,0.98551184,0.9508884,0.96820012,1
fc8e37a1-2fb9-4ce5-9a2f-4e39c829209d.jpg,0,0.040150363,0.01955459,0.029852476500000003,0
9f85fdad-60d4-4d97-81bd-b95fdfd85345.jpg,0,0.022516958,0.013270865,0.017893911499999998,0
3664441d-8b15-420f-a0ba-dd2b82944932.jpg,0,0.19036192,0.7843192,0.48734056,0
a22c811b-fa32-403e-aa62-1df093ce6087.jpg,0,0.024109958,0.03243449,0.028272224000000002,0
c01b5117-f485-4918-a6d8-5296ba2e1d62.jpg,1,0.97540075,0.8299141,0.902657425,1
e5bcf4af-c6ff-445c-baae-e2bc3483d983.jpg,0,0.030086711,0.02201127,0.0260489905,0
a6aa064f-bd08-47d9-bcb8-418db1e8dbc4.jpg,0,0.9334485,0.5746284,0.75403845,1
1727a142-7048-498a-8b58-15a3ef47c85e.jpg,1,0.9389375,0.8553472,0.89714235,1
09565b94-b1b5-412e-8a53-9720e2ed8c00.jpg,1,0.96705586,0.97790295,0.9724794050000001,1
e5ce2a06-b69f-4743-be01-ce860c3f3e6e.jpg,0,0.11747273,0.028077176,0.072774953,0
eb0d2d57-58ee-4289-af1e-14a45c5b6220.jpg,0,0.76373154,0.92009836,0.84191495,1
57e1b081-395d-41c2-8c6b-5eff7bd85b13.jpg,0,0.4936125,0.019516272,0.256564386,0
8eb41a05-7e01-40cf-99b4-ed1d60bfb258.jpg,0,0.1502346,0.5765152,0.3633749,0
140fe191-614d-4186-b9ee-67ce4f3d1018.jpg,1,0.92025715,0.9442676,0.932262375,1
142e972d-51a3-420a-86d6-7d717619ba36.jpg,0,0.050808966,0.0625903,0.056699633,0
4473e05d-6cdd-43c2-be79-942da057d197.jpg,0,0.02198886,0.04345372,0.03272129,0
b496b203-f61e-4d98-986d-0d5c7ba7f232.jpg,0,0.9558423,0.51568836,0.73576533,1
daf1f0d5-3024-42c6-9937-18de1ad9a434.jpg,0,0.039133232,0.03267448,0.035903856,0
fb0617f4-b28c-43d1-a4f8-edf4a5a35371.jpg,0,0.014593289,0.05727612,0.0359347045,0
2208a0c4-7730-497f-9ab3-6e0e5f49926e.jpg,0,0.010738321,0.080993876,0.0458660985,0
429ee8f1-b86c-4dca-b534-c1703cf37c37.jpg,0,0.020571044,0.28564432,0.153107682,0
3cf74e08-0675-493a-a72f-cfc2b66c98ae.jpg,0,0.9090245,0.49319005,0.701107275,1
2ff83bb8-5df0-4da7-bb0a-9c6c256ad02b.jpg,0,0.023243213,0.015445716,0.0193444645,0
8d766b2a-fd42-4a8a-b2c8-1b177ada1ce2.jpg,1,0.03146636,0.1450767,0.08827153,0
6074a65b-7ac7-4005-b8a8-d5f7521d6000.jpg,0,0.26919618,0.09327221,0.181234195,0
b26b9ee4-6aa8-4a8c-bdbe-2bffbd14868b.jpg,1,0.9659582,0.969342,0.9676501,1
cab5d2b7-df9e-4ce0-86e5-5d5369776cdf.jpg,0,0.044127,0.106344186,0.07523559299999999,0
d30812d4-2cfe-4cec-9c23-4075ff37a385.jpg,1,0.95370215,0.9259603,0.939831225,1
0695d371-5162-4c0a-a36d-5d237f7d0f9c.jpg,1,0.9762452,0.31202632,0.6441357600000001,1
76173263-b198-4704-bab3-c09e29afe456.jpg,0,0.024135716,0.0038766824,0.014006199200000001,0
54da968b-f8be-4fff-98e5-f811bafbcbd1.jpg,0,0.0624519,0.06353471,0.062993305,0
43f3691b-2ab0-41e7-98bf-0c42e297258c.jpg,0,0.02018957,0.0061724004,0.0131809852,0
84d752b5-554b-4e9a-af3d-6f544acc2ee1.jpg,1,0.9494799,0.87327117,0.911375535,1
4882b949-72c0-4dd2-b0d9-49a6c6049fbc.jpg,1,0.97496057,0.97966194,0.977311255,1
78d8cbac-009b-4adc-a9b7-28abcd1b6a63.jpg,1,0.98182297,0.9657313,0.973777135,1
ca06d696-b620-4e97-8218-0d273d1d3eae.jpg,0,0.00965808,0.009183841,0.009420960499999999,0
9b7a9a57-1e31-4e9d-bf65-08238ec2bffe.jpg,0,0.23607904,0.019663664,0.127871352,0
b9bd9833-7fc5-4980-99ec-76de65aa1e9e.jpg,1,0.97250795,0.9806469,0.976577425,1
a803acad-1db3-4818-af05-50767fdc4c40.jpg,0,0.057334766,0.018274251,0.0378045085,0
f22d9629-8f65-4b90-86ac-3d53e7d8ab2f.jpg,1,0.08740886,0.04692863,0.067168745,0
15d51ae4-c97a-431e-879c-7bd5a34b42e4.jpg,1,0.98034906,0.98227406,0.98131156,1
4170c14a-6f1b-4589-8458-1012ec4cf95a.jpg,0,0.011981323,0.024345636,0.0181634795,0
c2050e4f-35c6-45d9-9056-26761ff917ed.jpg,1,0.9764952,0.2474571,0.61197615,1
08275f82-a2ee-47d3-9239-9a782181cb7c.jpg,0,0.030404821,0.012836546,0.0216206835,0
ef75127b-beb2-4a0b-9bf4-522832bded95.jpg,1,0.51138777,0.19190095,0.35164436,0
ad2879df-c63f-4a10-92b1-b7a8288db6d7.jpg,0,0.042882625,0.009187774,0.0260351995,0
52cca418-8196-41d2-9e4a-43803b844472.jpg,1,0.5897071,0.94302124,0.76636417,1
6b8c196b-79be-49ad-9445-26107a3c5328.jpg,0,0.019253522,0.019658899,0.0194562105,0
e42cfafb-63cc-43d0-8c4e-f27c8b7e0fba.jpg,1,0.97876054,0.96031266,0.9695366000000001,1
faedc7f9-8673-4d4b-ab61-5b0455c9bf27.jpg,1,0.97944397,0.83947086,0.9094574150000001,1
cf56f569-5e19-4314-a905-5b63ffda0a29.jpg,1,0.08413869,0.2991685,0.191653595,0
2da976e8-2758-4464-a390-e9573edc4088.jpg,0,0.30635056,0.1975541,0.25195233,0
b450b796-5fb1-4bb9-b169-b2e5a19adc5c.jpg,1,0.892905,0.9608178,0.9268614,1
f1975628-b94a-487d-8253-ec38af7cde3f.jpg,0,0.12777,0.75285965,0.44031482499999997,0
cc1c050f-5a67-495a-b0dd-ce4aef3e0ebc.jpg,1,0.919805,0.93196154,0.9258832699999999,1
b2f62559-ff7c-4fca-b3a3-cf4e854ca973.jpg,1,0.9555624,0.96598655,0.960774475,1
fcbb8cfb-71db-428f-8819-a9bc33e6d6bd.jpg,0,0.063306905,0.36314604,0.21322647249999999,0
475e1b79-34b8-40b9-8583-4a220c54431b.jpg,1,0.87725383,0.9480637,0.912658765,1
177b912d-86df-4f3e-bbee-2a296fbe65c4.jpg,0,0.024714807,0.007884936,0.0162998715,0
97389e8a-28dc-4cc1-89e2-33f55c2a31c8.jpg,1,0.9676275,0.8520074,0.90981745,1
2e81f4c6-ce9e-4806-8535-91170ebdd5d3.jpg,0,0.034550454,0.2023359,0.11844317700000001,0
57c462c8-d98d-4b47-96fe-c6add45262fb.jpg,1,0.9710583,0.96338063,0.967219465,1
4c2eb1ca-f502-4b8a-9f2d-de371e2c9dbc.jpg,0,0.5189945,0.019993933,0.2694942165,0
250d8952-4294-4998-82ec-7a506eab8ce1.jpg,0,0.016138185,0.012082367,0.014110276,0
a4832d22-f812-4572-9f3d-fddfa72426e5.jpg,0,0.4541959,0.16456847,0.309382185,0
f6d15f0f-e057-4b6e-b0bf-7ee3c79385a8.jpg,1,0.12203401,0.06612586,0.094079935,0
ea76417b-43a3-487d-9395-37e863501c0f.jpg,1,0.9818333,0.97770244,0.97976787,1
ec9944a5-71dd-4028-bbf6-29419f7e7eae.jpg,1,0.98475385,0.9803607,0.982557275,1
5f00fecd-a438-4b78-a3e5-948e03bd86f8.jpg,0,0.7875057,0.30510953,0.546307615,1
c4e823f7-fca0-456b-98c5-16458a38fb4a.jpg,1,0.97741383,0.9766051,0.9770094650000001,1
cd10c3c9-b721-4d99-b686-8ac8bc419006.jpg,1,0.9829615,0.9841268,0.98354415,1
0fbacba7-e960-477a-b587-c2e1fb7bb85b.jpg,1,0.8994587,0.9515659,0.9255123000000001,1
fde032a2-8c17-45d4-88e7-c5d171420d97.jpg,0,0.017280782,0.14728574,0.082283261,0
7b610db2-493b-4dfa-8b67-c06d62c0bdc5.jpg,1,0.019298052,0.031921122,0.025609587000000003,0
460bd985-317b-403e-8d4e-17f2569b8c41.jpg,0,0.23679465,0.21115498,0.223974815,0
e617a906-3e27-4513-9df0-641cf3dd300c.jpg,1,0.9576046,0.8108217,0.88421315,1
5aab6eb6-8cf6-45de-9de8-cc6f06d40eac.jpg,0,0.014338352,0.14139102,0.077864686,0
0bf43c69-fa3e-4ebe-b060-2289759ff2df.jpg,1,0.97479504,0.9804654,0.97763022,1
8285ee58-acd1-461c-acbd-55c7d2b77e3d.jpg,1,0.9761072,0.62036735,0.798237275,1
7adf9c34-e0ae-41b4-aeb5-56713313b980.jpg,0,0.032699406,0.02844994,0.030574673,0
ab7d9c20-f75b-49fc-a34b-a95d9c0955bc.jpg,1,0.86237544,0.45486534,0.65862039,1
81b25069-7fba-45e0-b2f9-b1e9ae6386af.jpg,1,0.08577323,0.8399213,0.462847265,0
2bbdec5d-06ff-4e95-9889-260b96de3f09.jpg,1,0.97430974,0.9462752,0.96029247,1
fb8689d3-1a89-4671-8b4b-534659cbdea7.jpg,1,0.96692306,0.9338431,0.9503830799999999,1
afd3499b-1fa0-4544-9203-de9c14051fe1.jpg,1,0.9603571,0.7492914,0.8548242500000001,1
c21008f1-ebbb-4f17-8bdf-8b3fd53c8fbe.jpg,1,0.96834093,0.8243472,0.896344065,1
65eed627-d197-42f8-add2-659e4f3054d7.jpg,0,0.42597893,0.8561979,0.641088415,1
e3fe405e-efc3-481d-bef7-60d129c2a0b3.jpg,0,0.10979425,0.18486005,0.14732715,0
a9b1fed0-15dd-498b-acc0-50959b12fa02.jpg,0,0.0881503,0.8873186,0.48773445,0
8be77686-ad37-4dff-87cc-a2f04ad7f782.jpg,0,0.017502857,0.026663281,0.022083069,0
9bd09d1b-099f-432e-931a-98425670da2a.jpg,1,0.058058098,0.3576384,0.207848249,0
d27b8444-eb64-49cc-ad8e-ef97c3f665cf.jpg,0,0.01845853,0.035861183,0.0271598565,0
b0976e0f-9d10-42bb-a07d-789529c9a14b.jpg,0,0.016116513,0.036664266,0.0263903895,0
01322d4d-6f6f-4646-9d90-e21d202eef8b.jpg,1,0.9281182,0.68769723,0.807907715,1
f7c86843-5d02-4188-8fb7-7944ecbe0448.jpg,0,0.6307797,0.64719224,0.63898597,1
fd936149-08bd-48de-b124-356bec7e956f.jpg,1,0.9834636,0.98519516,0.9843293799999999,1
206b7b1a-5567-450e-8168-71f3433f7884.jpg,0,0.02477336,0.02557717,0.025175265000000002,0
1373e279-cab9-4e4a-a73c-045d90974c3a.jpg,0,0.09334978,0.20320778,0.14827878,0
fc95c992-40ea-4158-afdf-709f7d7b06e9.jpg,0,0.024188353,0.09038439,0.057286371499999995,0
a6ad1ab9-d5a0-4bd3-bdef-0b6f4155e63d.jpg,1,0.9628187,0.96867466,0.9657466800000001,1
75bd47a1-b514-4c85-bdd2-5a6e5583ce55.jpg,1,0.93850493,0.6818293,0.810167115,1
8fdf9136-802f-42b9-89ee-62455dd41610.jpg,0,0.31891716,0.051817417,0.18536728849999998,0
f27197cd-98bd-475c-91a3-b1fdb9a4c7e4.jpg,0,0.066937126,0.04390946,0.055423293,0
f8c6278e-d8e9-48f8-ac2e-693539303c24.jpg,0,0.9216202,0.60327196,0.76244608,1
496e7418-a15e-468e-ab32-c869f05434db.jpg,1,0.9487445,0.34944853,0.649096515,1
0d76c8e3-b6ed-400a-bc39-8459a21fdd5f.jpg,1,0.97483015,0.91698474,0.945907445,1
a304bcf8-565c-4c9b-84c3-34cbac765aaf.jpg,0,0.92200476,0.6010694,0.76153708,1
d16e4dee-2c73-47fd-946e-9bc55f6eb806.jpg,1,0.9800542,0.9499374,0.9649958000000001,1
c9705198-4f5d-41a5-94b6-b49cef8e07ca.jpg,1,0.9562095,0.892571,0.9243902500000001,1
8930d02c-acc4-47bc-b177-bcdfc129b1a2.jpg,0,0.039511185,0.019000359,0.029255772,0
d506cd52-51da-474a-aae0-70ca493cb783.jpg,0,0.9603348,0.74744064,0.85388772,1
fdd452f6-b440-41bd-920c-7fc10c0b5011.jpg,1,0.9738789,0.97930115,0.9765900249999999,1
c236c572-218b-4147-a24d-f3191146d555.jpg,1,0.9610774,0.4793271,0.72020225,1
2bd2a8d8-207d-4c4a-a1fe-8322313f9d6a.jpg,1,0.7095955,0.58150285,0.645549175,1
d27a927d-fafa-4c73-9284-42f5be60c03c.jpg,1,0.98008996,0.97058934,0.97533965,1
0ba2839f-3e82-46ff-a58a-5a7ece51ce58.jpg,1,0.9838381,0.9815839,0.982711,1
24a96c2c-6117-4a83-ae5e-b48546d11c96.jpg,1,0.9405272,0.76480365,0.852665425,1
ece1ad13-b612-4a41-b5ea-079320618e4e.jpg,1,0.9770271,0.98335344,0.98019027,1
63cd6c73-5c16-428d-834c-3b6914830f40.jpg,1,0.96494466,0.6621032,0.81352393,1
f90c613e-7c2b-4ce2-a040-8be30c9544b2.jpg,0,0.021170981,0.012322818,0.0167468995,0
a1fe5a17-6320-4c17-b80f-042ec8a9e7e7.jpg,1,0.9831926,0.9719839,0.9775882499999999,1
ccdf1e39-d4da-4e04-bed8-b5855f67a3e9.jpg,0,0.8642349,0.512073,0.68815395,1
0ee8d21c-6ace-414b-95fa-e3dfad1dd55c.jpg,1,0.9720605,0.99129725,0.9816788750000001,1
568c8ec9-c410-4bda-9cd4-661e5559f98f.jpg,1,0.93268186,0.37170663,0.652194245,1
7e9449dc-4bb1-4713-8684-595d75c91078.jpg,1,0.98209095,0.97552747,0.97880921,1
af780e6b-1e02-499a-9ef2-7bc764dd724f.jpg,1,0.976111,0.97516495,0.9756379749999999,1
d8d03ad1-f0b1-48a2-8ce8-9e1f7ef01224.jpg,1,0.9392484,0.6762889,0.80776865,1
92f772b5-e5b4-4fb5-b78a-62c93bf59c94.jpg,0,0.025046006,0.013588491,0.0193172485,0
9242c385-a53f-403a-8e83-0e6063bb84f5.jpg,1,0.99355507,0.9593324,0.9764437349999999,1
02b5c17e-fcc1-4660-80e9-52c3520556a2.jpg,0,0.046134878,0.038113683,0.0421242805,0
800125ef-2d06-45f8-87dc-bd3da77c0b6f.jpg,1,0.9704363,0.88172126,0.92607878,1
1d4c6b73-28eb-4ebb-ba34-e8e4eacaaa99.jpg,0,0.6708428,0.06500796,0.36792537999999997,0
afd91406-7d5b-435a-907e-444939dbc5c8.jpg,0,0.7276941,0.18863235,0.458163225,0
0b4474e4-5a84-4ff9-9641-c0b39ae6f1d2.jpg,0,0.9812618,0.7613446,0.8713032,1
b38b19d6-87a1-41c3-b7bc-33de2c0a310c.jpg,0,0.59275115,0.07515777,0.33395446,0
301cf95c-3d1c-4018-9cf7-2911b85df96f.jpg,0,0.03647086,0.022976598,0.029723729,0
753ab1fa-ca31-4710-8352-248f22558a65.jpg,1,0.9823505,0.8276449,0.9049977,1
87e81f42-d021-4f67-af72-0315653e797f.jpg,0,0.5410252,0.15209275,0.346558975,0
831c3214-78e9-4fb0-97c0-3ac64689980e.jpg,0,0.12234465,0.101352036,0.111848343,0
473888d7-a326-4030-a280-699bafe3e565.jpg,0,0.023374235,0.013447378,0.0184108065,0
5c239fa9-aa14-4ea8-a194-2927af6cf2bf.jpg,1,0.46478963,0.32156917,0.3931794,0
fe8e766d-e709-437f-8121-4216de9f8cf8.jpg,0,0.70254475,0.2272296,0.46488717500000004,0
54e1b549-03f7-4f36-a4a8-bbbfccc18960.jpg,0,0.023802241,0.016617505,0.020209873,0
0334055b-1d5c-48f7-a0d2-8f376e0efb15.jpg,1,0.97682333,0.9817536,0.979288465,1
5d8ab102-4533-40ec-91c5-50ede80480eb.jpg,0,0.012712927,0.014283725,0.013498326000000001,0
539d1591-4102-4770-bfd5-85273d9fe437.jpg,0,0.663062,0.25565115,0.45935657500000004,0
6e526f3a-fbb9-4609-9154-60fc8aace8d2.jpg,1,0.9702401,0.98102427,0.975632185,1
f713d905-5dc8-4295-95a4-b469f3f4d01a.jpg,1,0.9735876,0.9486093,0.9610984499999999,1
47198fe3-91c3-4b00-a447-f8785fe1c24d.jpg,1,0.9798501,0.96530074,0.97257542,1
7be190ed-db6c-4fe3-bc94-ddb904cc3a11.jpg,0,0.013467024,0.22290714,0.118187082,0
3e46546d-4c59-425c-a2db-eec746938e60.jpg,0,0.019285195,0.005040493,0.012162844,0
cb44c5f5-e876-40f4-bb26-e9da54b99cb5.jpg,0,0.20112349,0.10196322,0.151543355,0
fe7c4b64-3ce1-4277-a356-384fac4ee5d2.jpg,1,0.9812214,0.86867887,0.924950135,1
f0be38cc-9ec8-4e93-b59b-bd3841dddf59.jpg,0,0.35505915,0.61962545,0.4873423,0
d4b50453-b4da-4a41-8980-6c093d3ed562.jpg,1,0.5265999,0.765192,0.64589595,1
01f96f82-dbeb-499a-9f99-ed8d82161624.jpg,0,0.0695507,0.08364278,0.07659674,0
8c633fa0-487b-4526-ae39-6594d0bfede4.jpg,0,0.5264441,0.09752182,0.31198296,0
61d351ec-4c6c-48c6-924c-b44dd97e93ef.jpg,0,0.014060152,0.0081667295,0.01111344075,0
ef23de66-efd2-4b55-a72e-c28ed56726c6.jpg,1,0.97646356,0.9847727,0.98061813,1
b3a145f6-2622-4d10-b389-929dea9210c5.jpg,1,0.9723925,0.9675555,0.969974,1
9bdebfed-6ef2-4fb5-b77f-b7579d8fe4b4.jpg,0,0.91185665,0.50795805,0.70990735,1
172403ff-89d1-48a7-80d8-470fb7a71975.jpg,0,0.25658214,0.1085669,0.18257452000000002,0
0ab941e5-7cff-493c-866c-9f86cc1bb533.jpg,0,0.0203839,0.019376151,0.019880025500000002,0
19adc69b-31a8-4fe5-8060-20f7238dc4e6.jpg,1,0.9840881,0.9665336,0.9753108500000001,1
d90b51e0-b940-4d6c-8dff-f139d0d7c1f0.jpg,0,0.032611813,0.012908804,0.0227603085,0
e001b66d-4bed-4731-a66a-44049701b29e.jpg,1,0.9281001,0.9459472,0.93702365,1
4cfab3de-03b5-416c-89a4-b4d1f96768c8.jpg,1,0.9780441,0.8769014,0.92747275,1
963ccfa1-5186-4bca-bfd8-1aec024de372.jpg,0,0.07418624,0.03693351,0.055559875,0
4bf6906a-5cdd-401a-9369-e7b6ad547ca0.jpg,1,0.97196645,0.97150546,0.971735955,1
41bd6864-4356-4b0c-96fb-d6c3745d6abb.jpg,1,0.95847446,0.8735032,0.9159888300000001,1
d7e8a4d5-d9aa-4d25-b970-0173a95c18dc.jpg,0,0.14299215,0.033813786,0.088402968,0
d5dbd6bc-f66b-41f1-bee0-83ae5e233bf4.jpg,1,0.94856715,0.39201304,0.670290095,1
869b292a-cf1b-49be-9f04-1aee60f9ca03.jpg,1,0.946143,0.9697884,0.9579656999999999,1
20a92cf0-1f5c-49a5-9b94-96235f7ead30.jpg,1,0.94929814,0.84817916,0.8987386500000001,1
2376f10a-a8d3-4692-bb3b-ea7240889f90.jpg,1,0.9765262,0.9903085,0.9834173500000001,1
582d7bb5-5517-46a2-9b73-29f636f7d40c.jpg,1,0.97834635,0.97635627,0.97735131,1
a06f25b3-9ce6-44b3-b647-2fa73be3bc5b.jpg,0,0.019843793,0.0032293368,0.011536564899999999,0
a87dbe71-9248-4a7a-bb87-6d7a1e56dad6.jpg,1,0.9729704,0.99173933,0.982354865,1
a6a5c151-bcd6-4f57-b468-8d5b72104642.jpg,1,0.064641654,0.068241954,0.066441804,0
1dd72c0f-c994-4b42-982a-9002482543cd.jpg,0,0.5553321,0.18707637,0.371204235,0
57117307-3690-494f-a360-1af17404fa11.jpg,1,0.98203725,0.9884942,0.985265725,1
34f6d252-f029-47fc-9e96-6de1aba338c4.jpg,1,0.96894056,0.6603069,0.81462373,1
f3022329-5742-45ea-b7dc-3d507a2ed378.jpg,0,0.03725049,0.012814448,0.025032468999999998,0
bbd97dc8-004f-4d5f-ab9d-f0f48cb72d1a.jpg,1,0.9647479,0.937613,0.9511804500000001,1
22007675-d4a1-43f0-ab8d-df35267b6d83.jpg,0,0.8177066,0.7651532,0.7914299,1
7ac38c71-73b4-48f5-8a88-bc61aa7f71a9.jpg,1,0.9560478,0.96983284,0.96294032,1
7657ff16-7e49-468f-b36d-f35907d75d69.jpg,1,0.48406664,0.5548146,0.51944062,1
688729db-61c9-4954-b183-b8ffd6088d69.jpg,1,0.7980464,0.28500363,0.541525015,1
7aa1f79d-c8a6-4c02-9b8d-01a2adc17b05.jpg,0,0.03282851,0.13418363,0.08350607,0
f5c7ff8e-663e-4b6f-b48a-21e42ddeb165.jpg,1,0.9550777,0.9418692,0.94847345,1
39888f12-b128-4686-a270-3a7dd469c7e8.jpg,0,0.386315,0.12993489,0.258124945,0
ea932b58-c5cc-422e-8c0d-766cba0d9ffb.jpg,0,0.051446617,0.044663027,0.048054822,0
5668bd0f-f67e-482c-9270-3a5b4bb99a81.jpg,0,0.0545958,0.046308797,0.0504522985,0
053bcd49-48ac-48db-8241-07aaa8e72056.jpg,1,0.39572033,0.2155627,0.30564151500000003,0
eae019d5-01a6-4e13-bfb2-c8702a31ca16.jpg,1,0.26549983,0.39153636,0.328518095,0
f179fc6d-38d2-49c2-a38b-0c027652fc96.jpg,1,0.92759275,0.33741483,0.63250379,1
99e7a2e7-1812-4d3f-aa43-4428c0e12b3f.jpg,1,0.9820873,0.9738498,0.9779685499999999,1
aa271029-d9c7-4909-b888-1e1bfd6ee748.jpg,1,0.97498965,0.60763216,0.791310905,1
6e263ed9-7741-4a31-b894-14892b79e189.jpg,1,0.9845624,0.9665318,0.9755471,1
5d31b9b6-028f-4bdf-8285-be146be79aa2.jpg,1,0.9719405,0.909622,0.94078125,1
b548a981-542a-49c9-8539-34c467c317f3.jpg,1,0.97849494,0.9487094,0.96360217,1
7132aed7-ea34-45dc-814e-964c1632b896.jpg,0,0.020771557,0.01102192,0.0158967385,0
a48a6098-c6ee-4690-9c7a-4a30592ad0eb.jpg,0,0.022996202,0.019708773,0.0213524875,0
d6bb57ab-3302-48a8-b3d7-da31d1fb8aab.jpg,1,0.9768574,0.9904671,0.9836622500000001,1
98e6b7cc-0477-4af9-b929-9fd023e13ca8.jpg,1,0.92064565,0.111596204,0.516120927,1
ce95f365-7d92-4d53-ae32-25191842037a.jpg,0,0.022666892,0.008423737,0.0155453145,0
a5d1ffff-3b72-4353-a2bd-2a4a313c1205.jpg,0,0.20519121,0.058081925,0.1316365675,0
6cecdb03-08a8-41be-b49c-6513cbdde338.jpg,1,0.9762859,0.6453417,0.8108138,1
80f889ce-e525-4d2c-be39-c93593b0f3a9.jpg,0,0.044720758,0.07916594,0.061943349,0
7f495741-0b82-40f5-8b83-1c676aa7dbef.jpg,0,0.25178918,0.08135795,0.166573565,0
061b07db-1726-4fbb-b070-d7532e829757.jpg,0,0.0228164,0.063096106,0.042956253,0
bc297a67-9481-4ffb-b475-405ed0e3be8e.jpg,0,0.046188664,0.013389912,0.029789287999999997,0
bd5bf04d-b341-4c48-98a1-729b90280917.jpg,0,0.0716167,0.013018936,0.042317818,0
f1ffdcb3-c311-4bec-909c-65be77b659fb.jpg,0,0.9678638,0.8320401,0.89995195,1
677a2d0f-38ed-472e-9468-50ce9fd64a08.jpg,0,0.030818084,0.013093393,0.0219557385,0
29059a90-b643-40c2-bbad-abeb894f3a65.jpg,0,0.014698251,0.005672759,0.010185505000000001,0
f2bbaf7f-f315-47de-8f41-cbebdb60b93d.jpg,0,0.24967454,0.43405786,0.3418662,0
5e61d7a3-150d-4b85-a9b6-3fa8057e82b8.jpg,0,0.016138554,0.02794809,0.022043321999999997,0
5e4e059a-0082-4b93-94de-95d028315876.jpg,0,0.051400077,0.080864586,0.0661323315,0
eb730c19-c3fe-4b6e-904f-09f9b41ec1f7.jpg,0,0.11281421,0.078458406,0.095636308,0
ba3c5845-88de-4d44-b9a8-958b03b9313f.jpg,0,0.036627397,0.03310758,0.0348674885,0
5d41d643-249b-40c7-a5f5-02b814e47c7e.jpg,0,0.10918658,0.06893342,0.08906,0
4f6947ee-3cc4-4259-a739-8e7baf132610.jpg,1,0.89078814,0.6129276,0.75185787,1
58423673-dd37-4698-80c5-939ceab2b892.jpg,1,0.93255967,0.9824815,0.9575205849999999,1
5b89ceee-08d2-47a1-9522-4056f68a78f7.jpg,0,0.024071133,0.005992885,0.015032009,0
e224e275-e910-4a98-9419-73cf1e025935.jpg,0,0.024977902,0.0068937633,0.01593583265,0
ebcaafee-9f09-4f4d-868a-be798a045a62.jpg,0,0.016101206,0.021468028,0.018784617,0
911224ac-a6ae-4d96-8024-9b0786c20e8a.jpg,0,0.04171228,0.25268853,0.147200405,0
92a1d83b-0047-4883-928b-7c072a74f018.jpg,0,0.030168487,0.024836397,0.027502442000000002,0
1328054a-1144-4a5c-a97c-e99e221c4b81.jpg,1,0.28078416,0.9017384,0.59126128,1
679e0474-4dfd-4d66-a88e-0111d36e4b5b.jpg,1,0.98628265,0.8389535,0.912618075,1
73be356c-3a66-40f0-9997-2e4b64a00743.jpg,0,0.9678332,0.13936615,0.553599675,1
716256d6-a363-42f8-b2ad-952aa61e19e7.jpg,0,0.17689621,0.12016928,0.148532745,0
bdc11a07-3224-48c0-a8c9-2fcc76197b94.jpg,0,0.017122677,0.00628498,0.0117038285,0
cce66b30-73d1-4803-b914-ead140574fc3.jpg,0,0.41558957,0.5152914,0.465440485,0
fb81012b-0308-4c83-812f-f5846afaa828.jpg,1,0.9672801,0.97762156,0.97245083,1
1e6a871f-2300-4f94-88b6-289f65957bec.jpg,0,0.10611581,0.045356125,0.0757359675,0
570dbfb4-66d9-44ec-8893-9dd06e05c2de.jpg,1,0.051668566,0.030086512,0.040877539,0
55a100fd-7d29-4f47-9b41-c494cb35c05b.jpg,1,0.96182275,0.87966156,0.9207421549999999,1
45884d10-9e4a-433b-877d-8fb2734b9321.jpg,1,0.98104876,0.38436404,0.6827064,1
f5e44503-d5c9-4806-a2f1-8b2832d0082e.jpg,1,0.92520547,0.9609778,0.943091635,1
203c670c-1e84-437f-ab6f-6c642b23a581.jpg,1,0.9722147,0.9144209,0.9433178,1
1781ba0b-bfdf-4430-b416-a2e4236d6d83.jpg,0,0.41818893,0.07126141,0.24472517,0
d3b17f51-4221-4925-b20f-3979064aae10.jpg,0,0.021982335,0.034396913,0.028189624,0
85560e9a-884f-46c7-9678-10c21297bebe.jpg,0,0.022483816,0.013777263,0.0181305395,0
e4941cea-bac6-4a63-8003-d9b1475d9cf4.jpg,1,0.77489287,0.90791386,0.8414033649999999,1
7bcd0f14-9fdf-4ee9-b95f-0af110aad6b9.jpg,1,0.9834716,0.9891855,0.9863285500000001,1
82d5b7f4-c977-4713-90ef-087d10324508.jpg,1,0.793451,0.21523769,0.504344345,1
e7994e1a-60d5-4dab-a66d-110eea047d08.jpg,0,0.03592777,0.04415941,0.040043590000000004,0
9bf73b44-ca88-4b90-9779-9824bd0c72d6.jpg,0,0.04887261,0.063796304,0.056334457,0
9e8d4c52-0e78-48ce-a8fd-aa55d848bf92.jpg,1,0.97948265,0.92885,0.954166325,1
c596a1d4-dc86-4f62-9cf6-851684f9c478.jpg,1,0.8954694,0.2689937,0.5822315499999999,1
ca54ac31-2091-4ee3-9f87-4bbbb004d354.jpg,1,0.9730289,0.97127134,0.97215012,1
015e751d-f902-41b8-bff1-c47fd87acfaf.jpg,1,0.9769545,0.98615736,0.98155593,1
7ef3faff-976e-4d8b-a5d3-4d2e7494fdd2.jpg,0,0.030793041,0.014562079,0.02267756,0
cc1e2bf7-7f28-4767-a8c7-0950797a0f66.jpg,1,0.930027,0.85012865,0.8900778250000001,1
3a2deefa-3bb1-46f9-888e-a6776cbc4743.jpg,1,0.9500423,0.8652549,0.9076486,1
d32ed5b7-912b-4a62-83d6-2ef87b6b531e.jpg,1,0.95522565,0.6004668,0.777846225,1
4010cc82-e62b-4323-a689-4cdeb573df50.jpg,0,0.024931645,0.0104066245,0.01766913475,0
42ecac5d-72b4-4b6a-b179-4798522ec1df.jpg,1,0.9700265,0.9867653,0.9783959,1
5ca89474-3180-428a-9b22-025a5b9985e2.jpg,1,0.9516339,0.9612546,0.95644425,1
e9869c53-abb9-4718-b976-22a709cd22b1.jpg,1,0.96876436,0.9645377,0.96665103,1
25b222d6-709d-4af5-a1e7-308db1140f0d.jpg,0,0.016829303,0.018516434,0.0176728685,0
25fc99b3-d64a-4db3-9dd4-e400343cc0da.jpg,0,0.021782124,0.008590949,0.0151865365,0
125c303c-f7aa-47de-ab14-e037e28cda25.jpg,1,0.97233313,0.97154325,0.9719381899999999,1
fae0da00-c7c1-423e-bf13-bb338e15b52d.jpg,1,0.8309706,0.9149448,0.8729577,1
fb76a6c0-aae4-490c-a62f-89bc8ad9f5f5.jpg,0,0.8184562,0.50571537,0.6620857849999999,1
d3db034e-5291-405c-ae8e-f1e970ee5e45.jpg,0,0.019161157,0.008972575,0.014066866,0
d8dfcce4-39aa-4217-8cd0-0e4b802f5149.jpg,1,0.91317004,0.9453461,0.9292580699999999,1
f34e30e0-6316-457d-a913-a3f05ffff5d9.jpg,0,0.041404452,0.18542671,0.113415581,0
76f9ea62-6658-48cf-928e-6feab3b99827.jpg,1,0.62335545,0.872474,0.747914725,1
dfc73aca-cd3c-4fda-96cb-d5874a64237c.jpg,0,0.020446276,0.08902836,0.054737318,0
b74f3af8-231a-4e8e-9b32-63a99e5e1d0b.jpg,1,0.98003167,0.9822969,0.981164285,1
9bc95e01-3c4b-4b0e-8917-be7a766ada31.jpg,1,0.77412987,0.2979517,0.536040785,1
5a6575cc-6bc0-4c36-bc00-69f80ec854f4.jpg,0,0.03999145,0.17406581,0.10702862999999999,0
ed69d30f-8e4f-44f0-9ec9-9c2a48264526.jpg,0,0.1763855,0.066961735,0.1216736175,0
22fe5eff-9d0b-448b-b7b5-2d2d0241cbae.jpg,1,0.673438,0.47977337,0.576605685,1
e2964002-185d-494f-9f2d-e3e32b24db3f.jpg,1,0.98166823,0.9755276,0.978597915,1
694ad64d-1fea-4c79-841d-b36b88d95d00.jpg,0,0.027620254,0.014791266,0.02120576,0
c52bd3bb-e419-44ea-96ff-9c5e2e97ec21.jpg,1,0.9868172,0.971853,0.9793350999999999,1
0787ceca-6737-4c04-aa26-a82997caa8ac.jpg,0,0.029512621,0.022576323,0.026044472,0
f98aefcd-aa60-44a6-a9ef-11079040a5be.jpg,0,0.01920935,0.023762537,0.0214859435,0
3a81bb50-20e9-40e2-b1e2-154bbbd68706.jpg,0,0.16243309,0.0059736245,0.08420335725,0
ced753dd-2cfa-42cd-aa94-6213dc4cba0e.jpg,1,0.30002183,0.7291916,0.514606715,1
7df4d5ea-1bf5-4e5e-8103-f79cce8f1b95.jpg,1,0.9141671,0.81404656,0.86410683,1
e69bd16a-4967-441a-af0a-c7eab693853c.jpg,0,0.035130452,0.026117118,0.030623785,0
0159c360-58ed-4bbe-a7b2-5efd7df03d21.jpg,0,0.02773206,0.018453695,0.023092877499999998,0
90059913-1bc6-4523-a16e-a01891548f17.jpg,0,0.86510277,0.9219056,0.8935041850000001,1
bcb54aa6-4028-4378-8c52-b4776ea51c1f.jpg,0,0.015271563,0.008090243,0.011680903,0
55c72330-8100-49c4-8075-a52e640dd6ee.jpg,0,0.093479685,0.009833769,0.051656727,0
f23d8d61-98fa-4f29-a5bb-8f0c4b3eecb2.jpg,1,0.96451265,0.88535315,0.9249329,1
28d59b42-64dd-42bd-9a51-0ede2fbcfc24.jpg,1,0.9617054,0.9726593,0.9671823500000001,1
f51337c6-1eb4-4763-8e5b-49d645a32117.jpg,0,0.02294298,0.041271288,0.032107134,0
ccf5dcee-06df-45ef-ada6-53584f2b3eda.jpg,0,0.017200038,0.050458524,0.033829281,0
c567d476-6545-4338-ae02-0efbab54cf98.jpg,0,0.01514271,0.11430571,0.06472421,0
897ff71e-c075-421d-9ae4-03f0dc99b521.jpg,1,0.9610515,0.883771,0.9224112499999999,1
5d0a76b0-e1a5-47ee-a2a4-916a004e0f8f.jpg,1,0.33862984,0.23113744,0.28488364,0
582b1ed3-b216-4264-bf6b-cf3775548271.jpg,1,0.81504875,0.91940165,0.8672252,1
3b55b632-65dd-4ef7-b6a0-99fa5751e9aa.jpg,0,0.018292366,0.16308975,0.090691058,0
6dd7c210-3b43-4929-8007-027144a90a6c.jpg,1,0.9631738,0.9667106,0.9649422,1
83566d98-b1cd-44af-873d-b35f7c393e4e.jpg,0,0.027332528,0.28639126,0.156861894,0
c7ac9a67-acd1-4cc6-89a0-b31c64da338f.jpg,0,0.32785192,0.8797578,0.60380486,1
a08ae8c5-872b-4aea-8abb-50bb3a906acb.jpg,0,0.018569944,0.0075923894,0.0130811667,0
b348a18e-ca22-45f1-98cc-17badf926690.jpg,1,0.96186465,0.9181676,0.940016125,1
bb116e53-a200-4b45-94ca-fd89554c3e14.jpg,0,0.23320909,0.032026406,0.132617748,0
076f3fce-f2d1-415c-bc0e-da185dadccc0.jpg,1,0.97305804,0.9871919,0.98012497,1
d0dff172-b7da-4e13-a004-d2fd985f640d.jpg,1,0.96564245,0.82148075,0.8935616,1
a57f4354-d828-4112-bb30-72fe1f52c4df.jpg,0,0.025625765,0.04840034,0.0370130525,0
beabef96-3ea0-437a-94a9-165a802aff01.jpg,0,0.10648515,0.085182406,0.09583377800000001,0
9cff70a7-d086-48a9-a875-95c8af0d87e7.jpg,1,0.96926194,0.96642834,0.96784514,1
0ae9b757-35bb-47c2-b76b-dcae7872d11a.jpg,1,0.98118955,0.952913,0.967051275,1
51a7094b-d25a-4830-b795-f9bd204b9e11.jpg,1,0.97714823,0.8756766,0.9264124149999999,1
c5556741-9e97-4f10-933f-a848c7a651e9.jpg,0,0.015070203,0.012187296,0.0136287495,0
1a53ebec-a3be-45ec-9a23-79cac7aa0180.jpg,0,0.8621392,0.91261196,0.88737558,1
6d19ee6e-214f-49a5-af99-149432ff1913.jpg,1,0.98991376,0.04469481,0.517304285,1
200bf004-0ded-4bb8-9038-75cf81208556.jpg,0,0.2854927,0.1604982,0.22299544999999998,0
d05082b6-8ebc-42cc-9e0e-e4cbbcb35a93.jpg,1,0.97311443,0.98314357,0.978129,1
3e88512d-6e21-464d-b7ad-43d7bc3706cb.jpg,1,0.9815987,0.90810996,0.9448543300000001,1
eb02ac6e-44a2-418f-9ec5-616ce7371b23.jpg,1,0.9823598,0.9795113,0.98093555,1
fbbf0caf-2d0d-4098-a835-10b51984cd6c.jpg,1,0.9871989,0.9537668,0.97048285,1
24290d88-af0d-4fea-bf4b-31468e2b82c4.jpg,0,0.38819265,0.22028363,0.30423814,0
09574c68-03bd-4efe-aafc-b667e5866c47.jpg,1,0.9739716,0.9155938,0.9447827,1
bf685ced-48f7-49d8-9068-ee923711edf2.jpg,0,0.08818901,0.21551065,0.15184983,0
dc4dd989-fe62-465b-ba3d-763449a8494e.jpg,0,0.022633722,0.05424063,0.038437175999999997,0
e1ca53f6-8e09-4985-a4bc-ac4f5f270f03.jpg,1,0.25596473,0.39021865,0.32309169,0
fe1f5062-571d-4281-99da-60067769f49c.jpg,0,0.088163644,0.10798564,0.09807464199999999,0
b66c4cd5-4d80-4624-bccd-a55a1ca60f89.jpg,0,0.91987324,0.14290988,0.53139156,1
8a9a5709-ec28-4766-b3da-8f9f98a120a4.jpg,0,0.018434824,0.056265432,0.037350127999999996,0
7cb8c5a6-0ea2-4939-861f-4619771bb708.jpg,0,0.09218069,0.12628993,0.10923531,0
41430988-99ec-47eb-9f65-4df87978230f.jpg,0,0.03501882,0.081756085,0.058387452500000006,0
9412b4f2-6e29-4dbe-8e0a-9b5a7a84c800.jpg,0,0.016980074,0.018486079,0.0177330765,0
792d6067-b84b-4dcd-945f-ca5ee49208ba.jpg,1,0.9764261,0.83130985,0.903867975,1
297e8f6e-d989-467b-8052-faea48a79d24.jpg,0,0.027093196,0.009180537,0.0181368665,0
eb87ac2b-ccd9-4513-9752-7882c6640b59.jpg,0,0.024256164,0.23384051,0.129048337,0
0454a47d-a779-4aa4-a945-32f0d834c47f.jpg,1,0.97911626,0.9771135,0.9781148799999999,1
d3e58d77-2970-49a7-8c0f-ddff541282c4.jpg,1,0.8309121,0.7842446,0.80757835,1
8dc48856-850f-454e-92d9-5136dee1dc69.jpg,1,0.980254,0.94318295,0.961718475,1
6b222e72-c2ec-4179-9060-b05394aded6a.jpg,0,0.039764892,0.116595834,0.078180363,0
07fa3ce3-1076-430e-8d8e-9b5e647bbab6.jpg,1,0.91364175,0.4742074,0.693924575,1
72044935-3a98-4975-b454-69f366acfe7d.jpg,0,0.95227385,0.8643071,0.908290475,1
1162e5e5-38e1-48fc-abd2-1f6fce3a7a66.jpg,0,0.019175986,0.026523935,0.0228499605,0
61704e19-0096-429f-a040-c9a0789f6ace.jpg,1,0.96824646,0.9910979,0.97967218,1
52596e5d-024f-4b0d-812c-abb6fe123f9f.jpg,0,0.030684216,0.14208442,0.08638431799999999,0
1bc07b88-f0c7-4220-b5e4-60e4818e6c55.jpg,0,0.5590258,0.03214072,0.29558326,0
9d946ad7-2843-4f2b-8519-c329855a3185.jpg,1,0.9820407,0.7366366,0.85933865,1
5801c502-8c71-4e27-8f27-453943e4b358.jpg,0,0.015899865,0.0088356035,0.01236773425,0
6b756d67-dc79-4fd9-89b4-fdc51740598e.jpg,1,0.9323624,0.95996743,0.946164915,1
1cd133d6-3386-44ef-9e31-bb20f7680b30.jpg,1,0.06565573,0.647282,0.356468865,0
47a36a71-cd4b-4bbc-8e4e-fceddac47a93.jpg,0,0.019289454,0.019560609,0.019425031500000002,0
795f4a76-e2d1-4172-bdfa-c8710b525099.jpg,0,0.32878515,0.36532167,0.34705341,0
3265fec0-63ad-4350-a26f-daef4a5d8099.jpg,0,0.1038743,0.014535326,0.059204813,0
39a083a7-ddb0-451e-abd7-19df1edbf11c.jpg,1,0.97854644,0.99011564,0.98433104,1
ed29a1a1-95cf-47f7-bc1d-1a985945528b.jpg,1,0.9820945,0.97576636,0.97893043,1
0e5af4c6-be7a-473d-a4f6-94b419863ee2.jpg,1,0.9768636,0.98372287,0.980293235,1
0681b4c2-73af-4d10-a8bf-7ccdc6a198d9.jpg,0,0.030917874,0.047350377,0.0391341255,0
da47766d-4b23-4e48-8345-ff35b4c0dec6.jpg,1,0.777432,0.8942148,0.8358234,1
c5220289-09ec-4f6a-9509-66fe19ec505c.jpg,0,0.62196404,0.0096651055,0.31581457275,0
853d600a-0604-44a1-b762-368a289b3dc9.jpg,1,0.9801762,0.9862618,0.9832190000000001,1
61043bb1-4ec8-446c-904c-4ae590de3a62.jpg,0,0.036067516,0.055432677,0.045750096500000004,0
c6bf7672-7c2b-48ad-a217-f46f69c1aa87.jpg,0,0.013229883,0.02543907,0.0193344765,0
9d8a6e39-8dd2-4b18-bdc5-6534ae8e9cd4.jpg,1,0.9730137,0.7826202,0.8778169499999999,1
5d3051d2-2830-4c64-a4e5-2fafd39f1418.jpg,1,0.30222675,0.05869006,0.180458405,0
f9236d43-010b-49e5-8f8b-26cba7af2daa.jpg,1,0.9845992,0.61186504,0.79823212,1
6d9ba758-b746-484f-8f4a-7a8c8e3300f4.jpg,0,0.060441464,0.23401959,0.147230527,0
3b93c336-f165-41d1-a427-97873c4876c2.jpg,0,0.08538409,0.009560184,0.047472137,0
2d0d8891-3db5-465b-9e96-46b0c6e78cea.jpg,0,0.025925094,0.020261964,0.023093529,0
bd28583b-eb2b-4826-8f1d-99c385928809.jpg,1,0.94444543,0.96031266,0.952379045,1
cfb6f22d-0bf8-462f-805c-c139d6707571.jpg,1,0.95267135,0.902864,0.927767675,1
2ec623e0-f579-4bb5-8eaa-8c42c358ed67.jpg,0,0.038468983,0.021034183,0.029751582999999998,0
3ab2eac6-a51f-46a9-9b7c-eb8116e11725.jpg,1,0.96883607,0.9820211,0.975428585,1
01b73324-977e-499d-8c8b-8fa063df6853.jpg,0,0.022773752,0.015782526,0.019278139,0
5d16cc9e-ce47-462a-8435-fbb8a2ad3e4f.jpg,0,0.9276381,0.5074319,0.717535,1
4f071240-4fcf-41d8-b43b-89bb2b8d6ad1.jpg,0,0.025425658,0.007707423,0.0165665405,0
3be4034a-d12d-4049-b343-0877095db7d2.jpg,1,0.9763696,0.86442786,0.92039873,1
54ecdbc0-5011-4ad8-be94-502f7b2a7edb.jpg,0,0.51222026,0.050670397,0.2814453285,0
cd7023ee-c20d-449c-9660-67d099696cbd.jpg,1,0.9746426,0.67488736,0.8247649800000001,1
e4b1d48b-cb5e-4397-af14-ae860fe36712.jpg,0,0.029462462,0.39618894,0.212825701,0
388d3841-cd20-4089-84bf-eba22ae0e992.jpg,0,0.03276636,0.015822714,0.024294537,0
5637897f-36df-48fd-ab81-3415fe0be7c2.jpg,1,0.18695456,0.6664517,0.42670313,0
ed5c7518-c317-4e40-a53c-ea922b5f8714.jpg,0,0.011416663,0.005025522,0.0082210925,0
c6a6f1b6-8a9b-46f5-938b-8060c66a2612.jpg,0,0.020631483,0.036352757,0.02849212,0
f2e2bb5f-077f-4cd6-9092-f1077e11b5ee.jpg,1,0.97070426,0.9849124,0.97780833,1
1106ddb4-8098-47a1-8f5a-a58e7aea281f.jpg,1,0.9909435,0.6749139,0.8329287,1
928bbbeb-7645-4211-84c7-24f27fa8b8d6.jpg,1,0.9841749,0.9635637,0.9738693,1
937e0a07-fe35-4e46-8edc-d88eaefcb7df.jpg,0,0.017590666,0.06337666,0.040483663,0
0b57b127-a411-4c78-bd93-6597f16f0016.jpg,0,0.012695193,0.007997927,0.010346560000000001,0
8c2d4ecd-8fd1-4c4d-87bb-8d2c82f10556.jpg,0,0.8899142,0.44729185,0.668603025,1
9f3597bf-efd6-425a-9e99-c8d0d2e35ec3.jpg,0,0.0112966,0.021256909,0.0162767545,0
a182e722-5ffe-49fb-9816-c0dec3889ca1.jpg,0,0.021390969,0.12854381,0.07496738950000001,0
f0f748fe-d6e5-4f9d-a273-a350c0f5add0.jpg,1,0.97215205,0.9322627,0.952207375,1
9e86d1be-54a1-45b7-a495-a9bdc371f36c.jpg,0,0.04888683,0.17476451,0.11182567,0
227f4d24-6926-4155-84a4-968fe2c8dfef.jpg,0,0.6057505,0.25865546,0.43220298,0
b40bc448-fbcd-4f07-9f87-62ee8a9eb1dd.jpg,1,0.9805586,0.98653287,0.983545735,1
71ba159c-4e6b-4763-89fa-c783a662366e.jpg,0,0.14842789,0.060336977,0.10438243350000001,0
f06010ef-df0c-48a5-96c9-3b83dbd0bc52.jpg,1,0.97067475,0.9674761,0.969075425,1
50b73a7a-8843-4e26-96b5-d04299745697.jpg,1,0.9823447,0.9074653,0.944905,1
96e69217-26fb-4069-bea6-b2be6ef8faff.jpg,0,0.016365863,0.011617017,0.01399144,0
669ca8d0-e9a9-477b-80f2-6ef092222108.jpg,0,0.9814956,0.8691485,0.92532205,1
6de64caa-b8f8-435a-80c7-8f80dd211730.jpg,1,0.9599836,0.8825669,0.9212752500000001,1
b4fc3b16-53d2-40a5-a030-571f636eff0b.jpg,0,0.05672418,0.055378895,0.0560515375,0
826b6058-efee-4a9f-8729-06a54b89bf62.jpg,0,0.025747105,0.010287774,0.0180174395,0
1499f5b4-241f-4c61-beac-f63f4b66578d.jpg,0,0.019961707,0.011482713,0.01572221,0
a086113e-10b0-4286-bad0-0468d1d3a945.jpg,0,0.01701937,0.1556341,0.086326735,0
24a532b3-7e3e-4368-bdd0-0fc28c91a61b.jpg,1,0.8086081,0.5194673,0.6640377,1
6a9ecc6b-8cf0-4e4f-b24c-55ada3af963a.jpg,0,0.04680006,0.019173594,0.032986826999999996,0
5e902be6-f4aa-4222-9916-ab74d9b34f67.jpg,1,0.97461367,0.9793858,0.9769997349999999,1
9f78ca52-d4de-4b0e-93c7-34a4867b8292.jpg,1,0.96484995,0.9331301,0.948990025,1
78b636d5-5bc6-44bd-8b4d-97ab9f1c7283.jpg,1,0.08328343,0.16437262,0.12382802500000001,0
733bb62a-2d12-4da1-baf8-8b96286ba59a.jpg,1,0.7485409,0.79585695,0.772198925,1
6aba6748-bccc-42a9-8dd5-f3f53d7c7802.jpg,0,0.026385559,0.008058137,0.017221847999999998,0
e8212d63-7da1-4263-9aab-bae210fb7cef.jpg,0,0.020445382,0.048060387,0.034252884500000004,0
9491e30c-8bef-414b-b482-28ffe5396997.jpg,1,0.97848946,0.98016304,0.97932625,1
cd8c3b6e-aab0-4caf-9e91-ed7af7787665.jpg,1,0.98105955,0.97215027,0.97660491,1
c6b47437-192f-4940-9f1b-8c33f043620a.jpg,0,0.0082710385,0.036082968,0.02217700325,0
afbfd54f-6753-47c7-9b6e-50982801df3f.jpg,0,0.03830148,0.030029297,0.0341653885,0
3bd7448b-7411-4e8a-9220-6bf2129f37b5.jpg,1,0.8437473,0.46077856,0.65226293,1
dfd91132-aaef-435c-abff-0006c3d0be63.jpg,0,0.024812305,0.013527037,0.019169671,0
9d71da80-ed50-4f54-b243-1f738c06ad12.jpg,1,0.8492384,0.67578983,0.762514115,1
c930710c-4ef3-4099-8380-88fc7a3bae59.jpg,0,0.054098472,0.05850689,0.056302681,0
e6e51010-a981-4ca9-afe1-341dd1c8dee0.jpg,0,0.02550368,0.030253977,0.0278788285,0
2018f7e1-058a-46ef-9ba2-cce900661a55.jpg,1,0.80860656,0.92209536,0.86535096,1
fc7f2072-7f50-4704-9f3a-61955ef02410.jpg,0,0.0142928595,0.18516076,0.09972680975,0
b23833fc-c0f8-4ca0-9661-cea0f75b5828.jpg,0,0.5574746,0.0108443685,0.28415948425000004,0
d8be996c-d79b-4e98-802e-f2d449817537.jpg,1,0.9856662,0.93610257,0.960884385,1
7d02e73b-6d24-483a-b1ec-fe37a1a33cd3.jpg,1,0.09247282,0.033086225,0.06277952249999999,0
55317741-4ef2-43ee-aebb-c192585611c0.jpg,0,0.8298051,0.24594784,0.5378764699999999,1
bccca77e-c279-4476-b16e-a9bd6be02718.jpg,0,0.04853354,0.03971738,0.04412546,0
5258c327-7860-4675-9ecb-daaf4aba3772.jpg,0,0.03714593,0.0368365,0.036991215,0
4c054b8b-4fc1-4ee6-a798-80c9151dd3a7.jpg,0,0.0218883,0.009523996,0.015706148,0
3f3fee3c-9323-4172-88f1-dc145c5dd29e.jpg,0,0.81555796,0.14676206,0.48116001,0
0137512b-1192-43a4-8cfa-b70962af2ef2.jpg,1,0.9834319,0.952893,0.96816245,1
038918dc-5469-4298-a705-edb990a66679.jpg,1,0.9669151,0.8507948,0.90885495,1
819b070b-a957-4ddd-9bfb-823eab9eb455.jpg,1,0.9856679,0.95688397,0.971275935,1
4bf5497e-0097-4502-b35b-aab7b5a9baae.jpg,0,0.03951811,0.058648724,0.049083417000000004,0
29723308-fd33-4f6a-b9f7-d5b1d89621c1.jpg,0,0.059718907,0.17648427,0.1181015885,0
d430bb07-cdb7-47c7-9df2-aec8b934d8be.jpg,1,0.9616317,0.1581223,0.559877,1
538de755-eeb4-448a-b5c6-0300e9c38f5c.jpg,1,0.95044875,0.9724019,0.961425325,1
f57227d8-3199-4e3b-895d-7075d3737623.jpg,0,0.01941646,0.007910577,0.0136635185,0
99355267-5504-4254-8781-70c669733435.jpg,0,0.04081754,0.008411113,0.0246143265,0
3c86e748-c3f0-433b-a7d5-bbc5ee23f23f.jpg,0,0.025766572,0.071643285,0.0487049285,0
cb195e56-f926-45b9-a7f8-0765a043ebbc.jpg,1,0.983216,0.9763791,0.97979755,1
80cf2db7-e8d0-418f-8069-ab1fd8b856e6.jpg,1,0.98204565,0.6397626,0.810904125,1
e3df588b-446c-411d-b675-1e070dcf4bea.jpg,0,0.050365705,0.043970447,0.047168076,0
7470d974-a175-4b58-957a-6764524b04aa.jpg,1,0.48609057,0.9222212,0.704155885,1
b1aebf04-c403-46ba-b4c4-ea5db5c8b960.jpg,0,0.57162315,0.10785681,0.33973998,0
71e341e5-924c-4e3e-851a-fdf82dab4abf.jpg,1,0.98276836,0.9556942,0.96923128,1
0be373db-0fe8-4821-9d0c-d2a88ac687c3.jpg,0,0.63890743,0.08645013,0.36267878000000003,0
e72e0b21-a626-490b-8ccd-406eec09abb7.jpg,1,0.9813513,0.9427492,0.96205025,1
f3b513d5-a3f1-4b25-b9fa-e7ed9ff9eed5.jpg,1,0.95618767,0.31445697,0.63532232,1
b27a3edd-3491-4196-9741-953b917f08fe.jpg,1,0.12238864,0.517766,0.32007732,0
08875681-6023-4c52-b10f-7ef212f690fe.jpg,0,0.01059116,0.01167994,0.011135550000000001,0
c7505d1c-856e-4c87-baf5-7290813dada6.jpg,0,0.7313974,0.33544722,0.53342231,1
ee27017c-8a0e-4ca2-bf10-4f4e6f076b90.jpg,0,0.29142752,0.028163388,0.159795454,0
8b4cd203-231c-4a45-8715-58a4c1d12259.jpg,0,0.02707822,0.026751535,0.0269148775,0
f6ebacd9-49fa-464b-a05c-cd800b7362e9.jpg,1,0.41730747,0.811708,0.614507735,1
575e5291-1745-40ab-800b-ad41004e946f.jpg,1,0.97620493,0.98689246,0.981548695,1
6a1ba0ca-7f30-4cc8-87f0-5d0027a9821a.jpg,1,0.3420801,0.9296519,0.635866,1
c2fe066a-a814-4744-a08e-5280d84d955d.jpg,1,0.9811268,0.9847824,0.9829546,1
a071370f-4c46-4a27-8f93-37bc0a907a5f.jpg,1,0.97534746,0.98762554,0.9814865,1
99745826-54f3-4654-b54b-5b26217d2e35.jpg,1,0.9836543,0.98909473,0.9863745150000001,1
8f04c473-fd4d-46ea-bb14-6a9cb23387cb.jpg,1,0.4751533,0.7821534,0.62865335,1
c4f3066a-1b8e-4d72-8701-500bd2475440.jpg,0,0.018364305,0.08023659,0.0493004475,0
483343fb-f07f-404d-bd0e-b8925a7b47df.jpg,1,0.9820235,0.9770295,0.9795265,1
1be48cde-206a-438e-8099-ec2bcfb88b02.jpg,1,0.9680012,0.98712707,0.977564135,1
95835f11-22c2-4e66-89b8-687f27b0e33a.jpg,0,0.21044175,0.03443187,0.12243681000000001,0
e582265e-67b3-4203-85ff-99120959f3f4.jpg,0,0.021105329,0.031608004,0.0263566665,0
eca41dbe-ae7a-4aa1-9455-65d3f1013c09.jpg,0,0.90482575,0.86371446,0.8842701049999999,1
42865730-d510-47c8-9236-f60b6de629fa.jpg,0,0.032031134,0.008791831,0.0204114825,0
056cfde3-eb9f-4dc8-9c95-008ebb463bda.jpg,1,0.9692447,0.99331206,0.98127838,1
f8650026-21e0-4b1c-a5d0-aeae6ef76b5b.jpg,1,0.98806643,0.9237964,0.955931415,1
77b55b7a-3892-4ee1-ad48-96eb9e4cf6a6.jpg,1,0.9654625,0.9897253,0.9775939,1
fbbe35e8-4056-47e8-bbcc-e2a6deee7044.jpg,0,0.025507716,0.053747755,0.0396277355,0
1962fd85-04d3-4623-b36c-90ebe9eb8191.jpg,0,0.05607587,0.080108546,0.068092208,0
b2c80a93-e96a-43cb-bc20-ecff4d7d8ba2.jpg,0,0.14474836,0.04482316,0.09478576,0
d31a0124-cfc1-4089-ab58-2077061e4cba.jpg,1,0.9217422,0.9289277,0.92533495,1
87e294d1-bcd3-4c1d-88d1-3c329c810b63.jpg,0,0.18278658,0.8123861,0.49758634,0
91cf38ec-9294-4447-bfd8-a6a01d4a3e2a.jpg,0,0.06279912,0.016077576,0.039438348,0
b0894337-0be1-4960-85f4-f963a1771a71.jpg,0,0.027809968,0.7320151,0.379912534,0
08e221bc-8f00-4504-bb85-b0225bdfec64.jpg,1,0.97894925,0.9907818,0.984865525,1
9c0a7bf1-6716-435c-bd2e-3664a3a9f2db.jpg,1,0.971433,0.7110755,0.84125425,1
e1d330dd-2f07-4593-8972-19a6f938e51f.jpg,1,0.97955626,0.95176274,0.9656595,1
279ceb06-1fd0-4bc6-b8ee-ebf772b8f4f8.jpg,1,0.87606865,0.4535099,0.664789275,1
c4651197-0af0-48fd-bd4a-8b81605b5de9.jpg,0,0.010332388,0.042158335,0.026245361499999998,0
aec40ced-6d82-429e-a614-eb2501caf0f6.jpg,0,0.27147028,0.6738778,0.47267404,0
bd5361b2-9089-486d-b8f7-d9e10cc6d6c5.jpg,0,0.025684336,0.028305663,0.0269949995,0
ab4d4834-0e94-423d-b155-fc97e732f2ff.jpg,0,0.0904271,0.086075634,0.088251367,0
c76a8ff9-1394-4e48-8cf8-1f8aa0c54494.jpg,0,0.012998819,0.043636277,0.028317548,0
46c75edd-4569-4bb1-ab73-9d70408487fd.jpg,1,0.97312194,0.98970073,0.981411335,1
339bbaf2-53fd-4ed5-99aa-4d6930ce648e.jpg,0,0.022280216,0.17591698,0.099098598,0
f97a8768-64fb-464f-baab-79a4c22aa8e8.jpg,0,0.04460204,0.030605962,0.037604001,0
4b373ec3-aea2-4999-bf2a-61f8c26c69eb.jpg,0,0.19541179,0.1672414,0.181326595,0
f4ec90ff-3af9-4282-b2cd-e3ccc1b1c29a.jpg,0,0.028200224,0.09695488,0.062577552,0
fbee85ba-4761-4d34-ad18-fd182b1ccca4.jpg,1,0.9819171,0.931369,0.95664305,1
203e963a-6740-4a56-a5ae-55fed087e068.jpg,0,0.039196424,0.00893842,0.024067422,0
35b57561-3ed8-424a-bf8a-e3ae9600cbdd.jpg,0,0.027321352,0.008441452,0.017881402,0
5129fe2f-fcaf-494a-ab0f-5c182bf89ebe.jpg,1,0.9871909,0.9720633,0.9796271,1
4955d76f-28ee-4f36-9e8a-1c843eb3d8bc.jpg,1,0.9712551,0.9900744,0.9806647500000001,1
9a7571c2-25c2-4059-a692-2bb11881e585.jpg,1,0.89281654,0.059750337,0.4762834385,0
7ea6c6a4-e54e-4404-9328-4f3f6398bac4.jpg,1,0.98287696,0.9424823,0.96267963,1
c0f36311-4bdb-40bf-8ce0-9867f985903f.jpg,0,0.11438183,0.282043,0.198212415,0
2fba33cf-c412-4cdd-980e-00510e0d9bb5.jpg,1,0.88590384,0.5555506,0.72072722,1
03a30f35-3b79-4dd9-b23e-2fe16db2073c.jpg,0,0.040036518,0.03189902,0.035967769,0
5b22000b-55b1-4df2-b0df-5eb71161cb9d.jpg,0,0.02361414,0.010682593,0.017148366499999998,0
67f25428-2aad-45d2-bea2-7041cd121be6.jpg,0,0.037931222,0.019991092,0.028961157,0
6d0d57b9-8964-4790-b0ab-6aa71216607a.jpg,0,0.0315275,0.02772701,0.029627254999999998,0
92a12bfa-c69e-432c-a204-421a4df4e057.jpg,0,0.023819337,0.023784883,0.02380211,0
aabf97aa-1789-4b06-a9c2-d9662f54f90c.jpg,1,0.96952564,0.9784405,0.9739830700000001,1
6e8fb146-9aa5-48f1-83bb-f86760f59c07.jpg,1,0.98137325,0.9337435,0.957558375,1
43b59512-8e50-4ed8-8652-a25a2bec47d3.jpg,1,0.31923446,0.09518909,0.207211775,0
b6715362-5e5d-4383-84d8-38356d5a7587.jpg,0,0.018690797,0.015090205,0.016890501,0
57bc40ef-fd28-4d43-9eb0-4bbb5dbcc387.jpg,1,0.21012838,0.104400136,0.157264258,0
63aa8518-bb11-44fa-a2f5-c863ab9eb310.jpg,1,0.9744708,0.9783955,0.97643315,1
52016109-c8b3-49c6-a12a-cddd56eb1494.jpg,0,0.014739177,0.01683931,0.0157892435,0
27ac79eb-0e95-4bcb-8783-910ed5ebbf7a.jpg,1,0.9228241,0.97739047,0.9501072850000001,1
0542a511-8459-4523-8290-26f7d5897ade.jpg,0,0.011984118,0.08811464,0.050049379,0
0e1e2f0a-c485-4aa0-b72c-49b7bda68585.jpg,0,0.6041738,0.08838763,0.346280715,0
660d717c-a505-4f6b-810f-22069eb03bec.jpg,0,0.04040193,0.121243924,0.080822927,0
a4a202c0-8f44-40dd-9ff3-366a86aba350.jpg,1,0.9783072,0.96593696,0.97212208,1
930506c9-0c11-40e0-885b-db6cfc4d2501.jpg,1,0.9866393,0.62104195,0.803840625,1
4eec2d22-ebaf-462f-b869-59dfbcfba602.jpg,1,0.7030049,0.6220477,0.6625263,1
378acedf-21ce-4bf6-a82b-e92461802774.jpg,0,0.011814102,0.08818308,0.049998590999999995,0
b020a789-bbbf-4f5f-9037-2985941c2c53.jpg,0,0.9391119,0.8347303,0.8869211,1
cb207eae-9063-4290-bcce-a1130d60f289.jpg,0,0.022722565,0.008866747,0.015794656,0
c97c8357-7db8-428b-b47d-55d79c83a171.jpg,1,0.9775198,0.9774537,0.97748675,1
1bb79979-fb4d-4724-8f91-7edd19cedc60.jpg,1,0.50744075,0.76560134,0.6365210450000001,1
45be88d7-29e9-446f-ba2b-451f7c6a687a.jpg,1,0.94750994,0.9611694,0.95433967,1
252bc972-b6d5-492d-867d-da6318fd5530.jpg,1,0.86563134,0.09324485,0.479438095,0
2e325089-8304-46ff-9623-01fe9290873e.jpg,0,0.98034734,0.60411006,0.7922287,1
cc7b24e0-a08a-49be-83da-622a5c8edaf4.jpg,0,0.019544775,0.013804848,0.0166748115,0
315d7214-44ac-4fc0-b3ba-e37e3175af6d.jpg,0,0.02387105,0.16871494,0.096292995,0
4a14c311-4d4d-4b6d-bde2-a228f5ccbe62.jpg,0,0.04648648,0.02035044,0.03341846,0
66b5186d-fd8c-4f3c-9fad-6fe063af2978.jpg,0,0.020970777,0.09758881,0.0592797935,0
790a03da-d45a-4a24-9e2f-81e11cc7ed92.jpg,0,0.040236946,0.05692676,0.048581853,0
c6b62efb-8eec-4fa1-8a55-3f52d4e4ef3e.jpg,1,0.95749825,0.28669664,0.622097445,1
c8587cbb-5949-4461-b18c-da2a1445fe71.jpg,1,0.9861763,0.6450691,0.8156227,1
bb538f53-bba5-4fb7-bf62-3741e5004d51.jpg,1,0.97185904,0.9843251,0.97809207,1
f56596cf-facc-4490-9af2-115ba02a40ce.jpg,1,0.96831894,0.92175406,0.9450365000000001,1
18a22df1-d9a4-405b-be7a-16f2b0ef6974.jpg,0,0.8294563,0.3945997,0.612028,1
8594bcbc-3f6f-4c85-957e-662029b94bf0.jpg,1,0.48441175,0.02575625,0.255084,0
b99d39f7-f584-4877-a513-83bed0160c3e.jpg,1,0.9831214,0.27706847,0.630094935,1
9faaa5d1-539d-42d3-bb3d-924a3ace5b1b.jpg,0,0.23817365,0.025025988,0.131599819,0
598ac525-ad4f-4185-9859-bfa80e6e4e17.jpg,0,0.021302296,0.0061470647,0.013724680349999999,0
0bd0538c-4b29-4aff-b3e4-db97f9cf8fd1.jpg,1,0.984065,0.9813071,0.98268605,1
0c29cc32-1207-415e-b536-f173abc01d33.jpg,1,0.85101026,0.416261,0.63363563,1
62de1b35-14cc-4850-b1c3-82754281f3d6.jpg,0,0.035903428,0.13592865,0.085916039,0
c4e3a219-bf6f-4b62-baed-7284bf17f705.jpg,0,0.040945772,0.022051057,0.0314984145,0
fe1eb190-4c25-434a-853a-353dfab044a3.jpg,1,0.9772463,0.9482886,0.9627674500000001,1
88f374e1-f926-491c-9569-8f7d72d0d195.jpg,1,0.9716585,0.9557654,0.96371195,1
c867ef94-a7ab-43df-a911-15722300dc5a.jpg,0,0.08237659,0.035483178,0.058929884,0
5a3ed3bf-11bf-4d00-b994-6668e5debc6b.jpg,0,0.018050404,0.020339638,0.019195021,0
331ce818-96aa-4397-87f9-434fbbda44f3.jpg,0,0.015874853,0.0022818602,0.0090783566,0
25a596c1-aca1-4583-8cc2-36d78bc06c0f.jpg,0,0.022213079,0.014821771,0.018517425,0
3bc576ba-38de-4c81-82e1-e56251086614.jpg,1,0.30336383,0.14370419,0.22353401,0
df927a35-7d59-4d3e-9ad0-75e573217945.jpg,0,0.023122067,0.012358262,0.0177401645,0
1d967bfa-89a7-4603-b08a-93199945c384.jpg,1,0.9805303,0.91717595,0.948853125,1
3cc24737-2772-47b0-bcac-23943a14f849.jpg,1,0.98236865,0.8914194,0.936894025,1
49e777fe-859f-4233-9dc0-529dfc98ac63.jpg,0,0.42912602,0.88608474,0.65760538,1
5138d88b-580d-41fa-b298-d1cb367fe9c9.jpg,0,0.07130284,0.016700534,0.044001687000000005,0
cb85738b-c1a8-42bc-ba0b-8dc69f8c6b99.jpg,0,0.97400856,0.5934779,0.78374323,1
56dde685-c72f-4421-bb0b-69cfc8d73722.jpg,0,0.073932394,0.058945652,0.066439023,0
df0d48e8-4199-4abd-a67e-48a2780eeeda.jpg,0,0.01850798,0.011223336,0.014865658,0
02c2a127-c46a-4c25-b8df-92bda3f97cb9.jpg,0,0.040846933,0.10408384,0.0724653865,0
c18635bc-bf11-4a18-954f-9752d117d333.jpg,1,0.9838898,0.98274356,0.9833166799999999,1
75e35a1e-b954-42ac-a724-8b55161e82aa.jpg,1,0.9679721,0.93141323,0.9496926649999999,1
e09a35ec-162d-4e47-be52-06ee35d56749.jpg,1,0.96937364,0.9674201,0.9683968700000001,1
2de942a2-f5b2-4234-856d-fe4cbdc15724.jpg,0,0.021512523,0.011323479,0.016418000999999998,0
7e5e21e2-c63a-440f-a688-e9ecb726a53d.jpg,0,0.0548984,0.33690795,0.195903175,0
4efbc9e3-9182-4277-96ab-40e9d08c9bd6.jpg,1,0.9854827,0.9564881,0.9709854,1
53c45fb9-4b6d-4c51-98d8-f20bfe021348.jpg,0,0.037752237,0.08431246,0.0610323485,0
327637bf-a262-426a-bae6-004213394784.jpg,0,0.7429269,0.8383576,0.79064225,1
0825ac7d-f9f9-4b4c-8129-91235a2f5809.jpg,1,0.9790905,0.9831229,0.9811067,1
1d80f009-7a9c-4631-bbfc-7ff49504b9d0.jpg,1,0.9811368,0.67292714,0.82703197,1
e5b15425-6ed4-4591-8784-011ef16b6cfb.jpg,0,0.0319102,0.009322015,0.0206161075,0
a9012cd8-6223-48db-8182-82ac862c1a33.jpg,0,0.034920346,0.029585129,0.0322527375,0
fe36bd48-049a-4dab-8509-a149d1e775f0.jpg,0,0.90476376,0.44452453,0.674644145,1
6e23c41d-36ae-4c6c-a2bc-44e618c182d4.jpg,0,0.025131924,0.017112272,0.021122098,0
365a47f4-0182-4602-a002-f5e9bf04e6ca.jpg,0,0.15516551,0.5350391,0.345102305,0
3cbc2ca3-d9cb-4f5a-bf30-5c3898ad4351.jpg,1,0.9809411,0.7372392,0.85909015,1
7cfa002e-0e72-471d-8cb0-c10e2d816588.jpg,1,0.9755287,0.9856412,0.98058495,1
39f66b17-d5b9-475d-a82f-a0bc0f427463.jpg,1,0.5375344,0.5679379,0.55273615,1
342226d4-7298-40fe-a6fb-ff38f5f05b93.jpg,1,0.8552292,0.684532,0.7698806,1
ea6acf67-8ec0-429b-bf35-56acb288d51d.jpg,1,0.25386223,0.7081242,0.48099321500000003,0
339b73ec-64d6-4f6c-bd01-72dda457479b.jpg,1,0.9453953,0.964257,0.95482615,1
f9d70cf6-ffda-43b1-a5b6-71dda8707223.jpg,0,0.04466601,0.015325698,0.029995854,0
5b79a0a8-c19b-4afa-84a3-86d2394bb843.jpg,0,0.008141789,0.014615848,0.0113788185,0
b69340c4-ae17-42af-bc81-df806a315d87.jpg,0,0.010429989,0.018923057,0.014676523,0
8313c00a-8dbd-48b5-9e40-fc92cae4a0ab.jpg,0,0.015948797,0.026902242,0.0214255195,0
52e0f517-974e-4cc4-bc1f-b4f83047fb45.jpg,0,0.42412487,0.043501783,0.2338133265,0
8a22e646-c4e2-4f20-b58e-7229d280a235.jpg,0,0.10529853,0.013839352,0.059568941,0
c92c981d-35c4-4a6e-976e-b6c90cf3ae9c.jpg,1,0.9585783,0.68987393,0.824226115,1
9c185b6a-82a7-48d8-91bb-fd3ff2505ab2.jpg,0,0.027984193,0.018718537,0.023351365,0
36221a81-be19-404e-8ac9-f94f3b522cf9.jpg,0,0.03617068,0.013256505,0.0247135925,0
45af86c9-5c59-423f-827a-c67fff3e117b.jpg,1,0.987629,0.66521335,0.826421175,1
7b920220-8602-4cad-a8fe-7544616dcda5.jpg,0,0.01668874,0.017242486,0.016965613,0
d21c1dbb-21c6-42b8-84ab-b73dc41bbdeb.jpg,0,0.021236306,0.024825623,0.0230309645,0
3d993e75-2376-4a17-8dab-a0885e9f72d9.jpg,0,0.024907855,0.009015371,0.016961613,0
736e3fe3-e01f-4d60-b709-259a4440d877.jpg,0,0.01983485,0.003487949,0.0116613995,0
57b81f41-c396-4807-bb48-cf0e181022a4.jpg,0,0.32173175,0.38600025,0.353866,0
287acbd5-35c1-465a-9b1c-080efc345f1e.jpg,0,0.02361386,0.031460494,0.027537177,0
fcc9791e-1083-4d28-907c-bebd3047b614.jpg,0,0.017426377,0.026818456,0.0221224165,0
266983e5-627d-408f-bed7-9ea980ae6ed2.jpg,0,0.724847,0.11335001,0.419098505,0
4dab0da6-5aa8-4093-a836-bbb6e5aafd33.jpg,0,0.038398363,0.05614211,0.0472702365,0
641aeec9-23fe-4665-b675-0eb4bf981853.jpg,0,0.029983684,0.009298972,0.019641328,0
1ba293b0-ca6f-4d88-821f-f14bde38b3a8.jpg,0,0.938632,0.08295926,0.5107956300000001,1
8681bd82-df30-4203-86ba-9a0b5eca56d0.jpg,0,0.06633534,0.54896736,0.30765135,0
6eb8924e-76c1-41f3-b231-9cd6b2a9531e.jpg,1,0.97862434,0.94467705,0.961650695,1
963fb860-4ebf-40d9-bd05-c92fbcea1a79.jpg,0,0.16863108,0.021610877,0.0951209785,0
2f171443-a984-4cf3-9cd8-a368f55a0ab2.jpg,1,0.98500705,0.93502825,0.96001765,1
c9f0067a-6be1-4916-8584-33a497948ee8.jpg,0,0.07857202,0.019765908,0.049168964,0
5ebca025-d66e-43ed-bdce-721b5a2e609c.jpg,0,0.031247145,0.02314063,0.0271938875,0
576729be-02f6-4aa7-abce-063c0138a387.jpg,0,0.022073926,0.21522264,0.118648283,0
ace6f263-1113-46b5-a18b-25a354cdbebb.jpg,1,0.9878275,0.8903384,0.93908295,1
b3325f16-a68b-4cee-9419-c515edaeb156.jpg,0,0.07579113,0.091845006,0.083818068,0
2a623202-3a65-4e0f-874f-c33602926557.jpg,0,0.9487093,0.058379304,0.503544302,1
ee58cea4-635c-4dba-a63b-94d66f876e6c.jpg,1,0.9918487,0.95230025,0.972074475,1
48680433-637d-4455-b2f0-959c0cda06ae.jpg,0,0.025955535,0.011558837,0.018757186,0
2b937c42-f4e8-4731-b37a-5b2ff2e9b356.jpg,1,0.95769477,0.9522641,0.954979435,1
c3cabff4-d544-4e4e-b328-5981e280530e.jpg,1,0.98878473,0.98881143,0.98879808,1
5c2defd5-b60d-44f5-a6cd-728c231b5493.jpg,1,0.97096163,0.7674032,0.869182415,1
4566e8e4-184a-4fb3-9cc1-309d1cc2c955.jpg,1,0.98255754,0.9517949,0.96717622,1
29422c50-3438-4926-bdcb-0f3caa9d0b3f.jpg,0,0.019934772,0.010055545,0.014995158500000001,0
dba61650-16f8-4901-ba3c-31d8035f256b.jpg,0,0.018194778,0.031120872,0.024657825,0
f9ee34ec-4d52-4bcd-b83f-8a0523f0c48c.jpg,1,0.7277841,0.35786906,0.5428265800000001,1
6a2cd2ec-e5d0-4339-8c7b-57ab4798d3eb.jpg,1,0.7370096,0.8620148,0.7995122,1
15010d7d-cc3c-4ec1-94a1-7a05957b1648.jpg,0,0.031075979,0.08402421,0.0575500945,0
fc0057fd-a417-403e-ae18-1fff860699f0.jpg,1,0.80217487,0.46600267,0.63408877,1
66f7bc14-241b-4fa9-ae5d-34a5fa5e4298.jpg,0,0.8491121,0.18247062,0.51579136,1
228a92b6-9152-48a2-928e-cde1a2d6e9fb.jpg,0,0.040789127,0.016788458,0.0287887925,0
b33f6caf-67b6-46a4-8d7a-f5d184964d32.jpg,0,0.024704883,0.014184229,0.019444556,0
ba44d3f6-7b70-4d80-af7e-871efbf258a1.jpg,0,0.23222058,0.09906584,0.16564321,0
c370332b-d65d-486e-8007-699a5f74ed45.jpg,0,0.034244355,0.081904925,0.05807464,0
aa132fdb-cd60-4936-9044-fc26f21412d8.jpg,1,0.94435954,0.81583947,0.880099505,1
60a38fa6-7220-47ca-97a7-ceacd81a3169.jpg,1,0.9593758,0.9283946,0.9438852,1
a01c7460-29f9-40ba-9a27-66bd61306fa8.jpg,1,0.8150155,0.91064245,0.862828975,1
4e5bc9a4-316e-4785-a9a2-ef54ac85cfb7.jpg,0,0.53585976,0.68541604,0.6106379,1
02b2e6ed-d9c6-4e99-82e4-fe9aa338c9c2.jpg,0,0.064863645,0.022669563,0.043766604,0
48f69519-35e8-4623-810f-19e9c88deb18.jpg,0,0.018963605,0.012662388,0.015812996500000003,0
e36c6aab-13ad-479f-b333-e75b3fb4aded.jpg,1,0.97936076,0.9731124,0.97623658,1
27229ab1-60f2-443d-8332-5fc94d703b8b.jpg,1,0.97417384,0.5197971,0.74698547,1
bd362ad2-e0d9-4046-99db-44f4dfdf590b.jpg,1,0.9415116,0.45116043,0.696336015,1
b2723bc7-f038-4259-9860-af097b27eb95.jpg,0,0.020163251,0.02844069,0.0243019705,0
d787978c-ca46-43cc-a99e-ab4ee17cffcf.jpg,0,0.018486805,0.012848519,0.015667662,0
7a4c80a7-619e-41f2-a5ad-2231eae33fe8.jpg,0,0.015451476,0.012523291,0.0139873835,0
d947af65-3c14-4e55-b358-67b9b2dbb037.jpg,0,0.007734367,0.021272535,0.014503450999999999,0
daae4627-3248-4d24-9811-ad4610acf27f.jpg,1,0.9840781,0.69520265,0.839640375,1
fdda1fb2-b07a-4b83-9883-a504e2a23207.jpg,0,0.042513818,0.011817169,0.027165493500000002,0
b19d5a72-7091-4f77-9935-555856d7c914.jpg,0,0.075823925,0.093491584,0.0846577545,0
e67ad0a1-7f1c-43df-b1ab-3c74385e6ba7.jpg,0,0.03308939,0.050975565,0.0420324775,0
c37217ef-8f42-43f1-b17c-e95fa7593337.jpg,0,0.011664316,0.006169827,0.0089170715,0
fbbc528d-d69e-431a-a9bc-0978d101d10e.jpg,0,0.25637138,0.5581085,0.40723993999999997,0
ae6eda6d-006d-4ce8-a175-276ef6b84bcd.jpg,1,0.98377043,0.98666126,0.9852158449999999,1
566ca24b-4225-4cea-9284-4de8bf19bfee.jpg,1,0.9766178,0.9679651,0.97229145,1
31d9a6cb-9307-4117-bbbd-95155d5938ac.jpg,1,0.44284526,0.7077734,0.5753093300000001,1
b8dd5504-2e43-4b20-810b-015aeaf92207.jpg,1,0.96820074,0.8828163,0.92550852,1
e2d34af1-94cc-43f3-a315-cf140bdb0de4.jpg,1,0.97994787,0.9635925,0.971770185,1
5d5d257c-26d9-46c0-8602-07c7f6b9b264.jpg,0,0.108112164,0.24476238,0.176437272,0
72253ea5-52c0-46fb-b68b-4db31f538caa.jpg,0,0.04067565,0.05287127,0.04677346,0
ccde1c96-e530-4d45-97dd-ed37adf8c560.jpg,1,0.89626306,0.96711284,0.9316879499999999,1
b89dc2be-cd2f-4fb6-8ce1-d37fd8cbd580.jpg,1,0.98782974,0.20524652,0.59653813,1
022a082c-f37c-4d6d-bc7e-e052c6e868ca.jpg,1,0.8473627,0.9239326,0.88564765,1
fce62a8f-7c86-44f7-823f-5cde18fdb4aa.jpg,1,0.98733306,0.98256177,0.9849474149999999,1
f146b3c7-6fb9-4973-844f-71c62b477d77.jpg,0,0.27577364,0.25911462,0.26744413,0
987f342c-fc6e-42d6-a3b7-234d12329b8d.jpg,1,0.9798484,0.9532714,0.9665599,1
c1e9a224-3858-4b99-a1cc-1379c5187d6e.jpg,0,0.038265202,0.026232043,0.0322486225,0
ab044281-69cf-4821-87ce-74f56c2690df.jpg,0,0.027214542,0.009700085,0.018457313500000003,0
b5612e40-7c2e-4acc-a7b9-09a263c65463.jpg,0,0.04912847,0.06328848,0.056208474999999994,0
805378ff-a4e5-4974-94f3-4d20d166d73d.jpg,0,0.020749312,0.032760058,0.026754685,0
05d8ecb5-80f1-42c2-991a-f9e04f42553e.jpg,0,0.5866046,0.8843035,0.73545405,1
ad7652a6-e728-4a13-a036-6cf0920163bd.jpg,1,0.88132375,0.084807076,0.483065413,0
05235a71-51fc-4ae2-ae07-db6f278d34d3.jpg,1,0.9468793,0.8232749,0.8850771,1
ab8a79fc-2363-4286-ab28-6fec85771bf5.jpg,0,0.03398964,0.031195303,0.0325924715,0
727307c2-b203-449e-a5d5-54d0eb159ed2.jpg,1,0.98261327,0.73129815,0.85695571,1
255baed3-ad99-4cc4-8206-8a8b4e62d2ea.jpg,0,0.4471228,0.066993974,0.257058387,0
7c1bb5f6-a913-4a51-ae30-93c124ef1379.jpg,0,0.031192755,0.012675685,0.02193422,0
0e0d9599-22c7-47c1-8b62-a1211a6afc67.jpg,1,0.97825783,0.97559816,0.976927995,1
edcae207-dc2d-4c97-8227-0cfd1ad8b260.jpg,0,0.10171183,0.024532864,0.063122347,0
343e33ed-a1d2-469b-be2c-7a4d6bb657de.jpg,1,0.980076,0.9683507,0.97421335,1
90f1f2e2-5b1e-4800-90bf-a1eb8e5de6b6.jpg,0,0.3230118,0.043681342,0.183346571,0
91d267db-535f-45ba-9cf8-0882e17f619c.jpg,0,0.049778387,0.107835196,0.0788067915,0
f2713b64-fdd1-4359-9ea8-77d9b9e61b77.jpg,0,0.011232962,0.038605098,0.024919029999999998,0
d81bb4e9-477a-4813-8f2b-3eb315146f53.jpg,0,0.022303477,0.01660415,0.0194538135,0
d86039a7-e136-4123-9ffb-ed8955257695.jpg,0,0.9735283,0.012207474,0.492867887,0
14cd6f56-c576-4c45-b956-9e8ca2505bb6.jpg,0,0.04698355,0.03448709,0.04073532,0
92e3f1a4-629f-4a14-bf49-6fb0844622b9.jpg,0,0.14254035,0.17362344,0.158081895,0
77c81186-0115-4e2e-b782-cba7680ef609.jpg,1,0.9739731,0.9617229,0.967848,1
0cbf5c6d-bacb-4561-9a26-d98a3458bb77.jpg,1,0.969327,0.96433634,0.96683167,1
a6efafe8-8216-4746-9f4e-86955dc6b69d.jpg,0,0.040654253,0.1390692,0.0898617265,0
5a5f349a-1fd4-4fe0-8882-544d21ff3c0b.jpg,1,0.81841373,0.3709444,0.594679065,1
c4435160-9883-4d00-816b-43881e88d9cc.jpg,0,0.071388945,0.020675711,0.046032328,0
580245f1-1e56-4c76-a31d-1838423b21fe.jpg,0,0.029901987,0.009485082,0.019693534500000002,0
4cae4d38-0b53-404e-bf59-d5131dd78d1e.jpg,1,0.9807692,0.9271427,0.95395595,1
436bdc08-8a71-41e8-9f93-870d49e26f8c.jpg,0,0.096929215,0.31195375,0.2044414825,0
ba90b143-429f-4f06-acb1-53027bbc4358.jpg,1,0.9809056,0.7871292,0.8840174000000001,1
4bda0f0a-7ff9-4de2-959d-6a412ac1b65c.jpg,0,0.022483945,0.104673445,0.063578695,0
47676892-c213-46dd-8d45-3e8636a7a33c.jpg,0,0.5487451,0.42191687,0.485330985,0
8e89395a-40d4-428a-9675-510e64b84708.jpg,0,0.0373981,0.007780911,0.0225895055,0
aae3c37b-2417-4b52-954f-c9889f8c46ed.jpg,1,0.9635497,0.96875113,0.966150415,1
20dcdc2f-a866-4981-9394-c8f9a1ffab0b.jpg,1,0.91324234,0.87543917,0.894340755,1
0c578d4e-893e-4050-9441-03c642545de1.jpg,1,0.96009594,0.23686014,0.59847804,1
b2d4ec81-f1bb-48e0-99f0-98498879a84d.jpg,1,0.9749932,0.46948883,0.722241015,1
e86815be-5763-41b5-803f-94c3f849e148.jpg,0,0.54261017,0.038927957,0.2907690635,0
db439b70-5b21-4c37-a2e2-91af5889205b.jpg,0,0.90067095,0.693949,0.797309975,1
9901d195-43ce-4221-94ae-91aa81d02493.jpg,1,0.9273422,0.46242437,0.694883285,1
3241bd58-0237-44ac-b77e-aea82a8f86af.jpg,1,0.98733187,0.9783104,0.982821135,1
cfe6a5ba-b246-48e4-8232-2cff1a3deac9.jpg,1,0.8786983,0.89144975,0.885074025,1
b47ac82c-253a-4b94-8102-ad30129411a4.jpg,1,0.98879147,0.6144838,0.8016376350000001,1
524e309f-3357-48a5-8d67-6e3385714ed4.jpg,1,0.9899046,0.53381205,0.761858325,1
7ed680b8-8428-49a0-b86c-4a148b76ff4e.jpg,1,0.9191506,0.5016053,0.71037795,1
85892144-4afa-4ade-aca7-0cecb973b5c8.jpg,0,0.18609805,0.35108677,0.26859241,0
9fd5347a-ddb1-4481-acc1-f37e874670e5.jpg,1,0.97849375,0.9716964,0.975095075,1
2fe50242-57f1-4169-aeb3-918338b4411e.jpg,1,0.4922916,0.9693503,0.73082095,1
3f030815-0bdd-45f5-8ca3-e9d2462e85d4.jpg,1,0.4554977,0.13449448,0.29499609,0
594ce897-e18b-4ff1-8d3b-e48fb114a84e.jpg,0,0.033134628,0.12922047,0.081177549,0
afa9e4f8-72a1-48e2-bc00-aa3f643ee719.jpg,0,0.027659798,0.04416837,0.035914084,0
878819c6-f104-46e9-bceb-7bcb905cb3ca.jpg,1,0.96191406,0.8729208,0.91741743,1
b13cfefe-1c9a-4de3-9a6a-ed59de932f60.jpg,1,0.97379905,0.9268041,0.950301575,1
97cf3b3b-80f7-4b3a-b29d-fe0d613d2f74.jpg,1,0.97605985,0.91232854,0.9441941949999999,1
7c8efca1-d971-4c56-b3b8-51246792da92.jpg,0,0.023013437,0.045484353,0.034248895,0
5325464d-ad87-49d3-89b9-a4a102d4a707.jpg,1,0.93966913,0.97544503,0.95755708,1
5e3e23f6-8edd-41d5-8a77-cf3169444148.jpg,0,0.54517156,0.26873335,0.406952455,0
d7d3c16a-ead8-488f-8f05-2923efd7c869.jpg,0,0.024728617,0.015120362,0.0199244895,0
7f5437cd-592d-4e4c-99b9-fbf71704b798.jpg,0,0.030550897,0.11140647,0.0709786835,0
ab01a36b-d343-4236-ab38-27583a22d9b7.jpg,0,0.028151331,0.0073676147,0.01775947285,0
cf118353-2f59-440b-9268-b3d9b2ff04f0.jpg,0,0.44999084,0.22175653,0.33587368500000003,0
018fc466-1c3e-4c23-a227-c58b529c418a.jpg,1,0.5426202,0.2586809,0.40065055,0
bf3a8059-20d8-4735-b8a1-39b974141d82.jpg,0,0.026524864,0.021400554,0.023962709,0
1c191983-fc01-4a75-ae73-d91581557dca.jpg,1,0.9858417,0.96249,0.97416585,1
beeef7bd-9927-4c8b-bf98-8e032d6ef91d.jpg,0,0.13395683,0.80726457,0.4706107,0
5d4765e2-7b92-4689-b56e-5524ef6dad6c.jpg,0,0.02888818,0.59304667,0.310967425,0
0023fb84-baee-4ae7-b63b-fe4b67afff15.jpg,0,0.11587972,0.0085967155,0.062238217750000005,0
6d6c05b7-6cc3-4899-945e-10919f5589df.jpg,1,0.97616625,0.97812146,0.977143855,1
26c7f0bd-4027-4284-9b34-76c6e4c7340e.jpg,0,0.018780721,0.2784424,0.1486115605,0
dd674d0f-85d6-4139-9f09-6dc418b57798.jpg,1,0.96314144,0.84682065,0.904981045,1
f4665bc7-c947-42bb-86fe-171795e4a307.jpg,0,0.17635743,0.017220872,0.096789151,0
2d4ae2f6-b4de-4fa4-b09e-aae70f7fc6b8.jpg,0,0.90657204,0.25372252,0.58014728,1
5faf9058-16b8-4383-99f8-660c4fe1c637.jpg,0,0.018254569,0.10002267,0.059138619499999996,0
082cd980-284e-41dc-96e0-9c09cbfc880d.jpg,1,0.96867853,0.7297177,0.8491981150000001,1
3747dcc7-7030-4b02-8bfb-f450b45ca06b.jpg,0,0.11016507,0.30056643,0.20536575,0
b2d695d7-19b6-4022-84e9-9dde0bae0f94.jpg,0,0.7711627,0.017117912,0.394140306,0
8eeed107-f89c-4bfc-a30a-df196b211e2d.jpg,0,0.5009663,0.15985458,0.33041043999999997,0
6b06510e-a9cc-46d4-9a65-f085f2c9d580.jpg,0,0.027751556,0.026182458,0.026967007,0
6e02e0ce-783d-4405-8902-bf05aeeb605f.jpg,0,0.011096287,0.012183868,0.0116400775,0
45d83f45-c045-48bc-81f5-a3bfc21f9ac1.jpg,1,0.9741885,0.9799842,0.97708635,1
11d3625c-22d3-44fc-a58d-3f5ff98709a6.jpg,0,0.03429986,0.03806657,0.036183215000000005,0
cc972846-455d-463a-9aae-90974c06d784.jpg,1,0.8649073,0.62416595,0.7445366250000001,1
93b89d86-5775-4b5a-9616-e16915e3081d.jpg,0,0.07628755,0.030319916,0.053303733,0
01ce133a-e6f0-455e-9991-dee5f710d50b.jpg,1,0.97174525,0.9764131,0.974079175,1
eebf87e8-20a8-4cd9-b00f-5d3b348d8b89.jpg,0,0.02424708,0.018672055,0.0214595675,0
1d7108b0-3720-4ae4-8393-d21ac26bff55.jpg,1,0.9558029,0.6726032,0.8142030499999999,1
7a41ad39-1bbb-4e7d-895b-6f4728f06b53.jpg,0,0.039473698,0.12201494,0.08074431900000001,0
a4d8aae7-a695-47e6-99f5-c38091d27cac.jpg,1,0.96887064,0.9624408,0.96565572,1
4e2b5786-fc63-4482-8a94-b3fcfb0f3990.jpg,0,0.019406555,0.008127277,0.013766916,0
351f3d7d-3393-47ba-862b-b0ec1f9d7b02.jpg,1,0.9748368,0.9648199,0.96982835,1
2c170199-b653-49ef-8f67-31237b21f080.jpg,0,0.03155465,0.016318833,0.023936741499999997,0
7892dcfa-f4e0-4f44-824c-81498233b406.jpg,1,0.098441124,0.037709717,0.0680754205,0
69d5b35d-71e4-44ba-996f-87c0ebf62e58.jpg,0,0.012841613,0.08883198,0.0508367965,0
ba56ab37-df8d-43d8-8287-28a6825f36b5.jpg,0,0.022888817,0.013807215,0.018348015999999998,0
0e96e304-9483-4ea3-bc33-7d046801c1ad.jpg,0,0.01006309,0.006540582,0.008301836,0
d1cb89e5-521b-45fc-8868-ab57c02d3aa3.jpg,1,0.25259456,0.046062957,0.14932875850000002,0
df51bca9-4e5c-4509-aff7-76b499049358.jpg,0,0.028546339,0.008581384,0.0185638615,0
45767dd4-4f1d-4011-ba73-097b75df7991.jpg,0,0.04100233,0.009640265,0.0253212975,0
4781993b-aeb0-4994-bd0a-be7fa2c303fd.jpg,0,0.0068179932,0.015054931,0.0109364621,0
3c09f1d6-9edd-4e9e-b1c2-9b9e2bb2f3d2.jpg,0,0.08343529,0.11329258,0.098363935,0
fb908017-cecb-41a7-9658-033ef01fe280.jpg,1,0.9286801,0.17148231,0.550081205,1
ea67ff96-b9a8-4956-b737-8f9d5644721f.jpg,1,0.95370674,0.79244643,0.873076585,1
e8808e66-455d-4b91-a5bc-a8e08ac3f8fe.jpg,1,0.3685043,0.10566374,0.23708402,0
4cf1d6a5-8639-42df-9403-03b371fcd138.jpg,1,0.9776785,0.95377254,0.96572552,1
eb06f4cb-3880-4669-b8cb-f3080cf3ed3f.jpg,1,0.98182756,0.9680175,0.97492253,1
601c6532-7231-49e8-a4fe-3e06b4b85b84.jpg,1,0.9616961,0.66406274,0.81287942,1
0b9c1e08-d55c-48d3-99b3-d1ef4e3573d6.jpg,1,0.7685148,0.8563766,0.8124457,1
168b4694-2fb2-4c63-9bc5-4af404f5a33a.jpg,0,0.017153474,0.018820472,0.017986973,0
6555923c-b8bf-455d-8920-e6ae837ca2dd.jpg,0,0.49787328,0.9625592,0.73021624,1
d617cdc4-3b3f-45eb-9478-b45546486035.jpg,1,0.9551942,0.64941216,0.80230318,1
2f6c2882-3d4d-4873-804b-a6705cd27ae0.jpg,0,0.054849148,0.15826012,0.10655463400000001,0
a2ae3b67-a2f3-4fa3-9c59-9c4599f24833.jpg,0,0.020487135,0.016322194,0.0184046645,0
85422da8-9876-43ff-874c-fef57dcc54b7.jpg,0,0.94592017,0.25138843,0.5986543,1
6fab79e6-1966-4760-af70-717e28938315.jpg,0,0.022831932,0.008097675,0.015464803499999999,0
14be87ee-3587-4ae3-95cc-f8e9a65c5cc6.jpg,0,0.018434742,0.01662119,0.017527966,0
58cbe3f3-b2b1-4c21-95ba-ba3f58dc0459.jpg,1,0.9815643,0.98938036,0.9854723299999999,1
a0696850-0b42-4519-93a3-130e5a924716.jpg,0,0.14833929,0.30435774,0.226348515,0
84fd11fe-24d9-4e88-9aa0-70093311476e.jpg,0,0.015219413,0.01494744,0.0150834265,0
c5f91aff-9f60-483d-be47-1ce1fdc6d419.jpg,1,0.9682655,0.7763148,0.87229015,1
88719913-4509-4c55-8d5c-321fff6d5559.jpg,0,0.04011411,0.045321565,0.0427178375,0
61444089-80ad-420d-bcf4-f84ae6b430e8.jpg,0,0.030318484,0.019112183,0.0247153335,0
3ef3c3d7-f8ab-4626-b1d4-729044210dfb.jpg,1,0.07336666,0.030867552,0.052117105999999996,0
40ed10a8-358b-4986-aca4-4dca1a8cc587.jpg,0,0.059845913,0.16738254,0.1136142265,0
aa4d0b6b-d068-4df2-b7e0-f6e5d29c5b8b.jpg,0,0.017944664,0.12360033,0.07077249699999999,0
86c1cfbb-ac5b-4687-9d7e-764ee32058bf.jpg,1,0.76051086,0.95334435,0.856927605,1
511ba0e7-09be-48f0-8cc6-6e2bd73a8cdd.jpg,0,0.013203062,0.043986898,0.028594980000000002,0
4fddefbc-671b-4b3d-92a0-bbd23694a804.jpg,0,0.022066012,0.030601623,0.026333817500000002,0
4d72fc10-c00c-4f90-80c2-873eb5fe520c.jpg,0,0.040004548,0.035124805,0.037564676500000005,0
2c63d038-bb57-466a-87c5-05fe94f80d1c.jpg,1,0.98302317,0.7542905,0.8686568349999999,1
59ec99e9-a05a-4824-8e81-52d4e18bcec2.jpg,0,0.6026142,0.0378662,0.3202402,0
4f499ded-95a1-41f0-94c9-1f498b435a81.jpg,0,0.02788984,0.017257717,0.0225737785,0
5adb9398-528a-4f1e-8fcc-c4ec86686f95.jpg,0,0.77339935,0.054843247,0.4141212985,0
8544a71f-f76e-4d30-8bff-8525670914fe.jpg,0,0.07259941,0.17702788,0.124813645,0
07c42d67-2d7b-475d-a91e-dc93fe665b58.jpg,1,0.9677119,0.97973824,0.97372507,1
159feb19-1152-4e49-a3ee-03310ba54a14.jpg,1,0.9462003,0.9861886,0.9661944499999999,1
92f70597-574f-4c31-9e8c-b219685e18f7.jpg,0,0.6436134,0.09981326,0.37171333,0
42b5b288-fa0a-46fc-942e-e73caa34088d.jpg,0,0.05058651,0.1189614,0.084773955,0
041316fd-bc56-4e7c-97a4-c977f855864e.jpg,0,0.77903706,0.4768734,0.62795523,1
0126b3d6-7319-474e-83fd-5fbacf8c0aaa.jpg,0,0.019068366,0.0133796185,0.01622399225,0
ff365183-848b-4b2a-90f9-03d2ea2d3eb5.jpg,0,0.58871937,0.34297478,0.465847075,0
19854089-118c-49a5-bc58-67e6df1fbbc1.jpg,1,0.9518431,0.9553816,0.95361235,1
a9675541-cc56-49a4-8430-60db82888b15.jpg,0,0.020046705,0.0209184,0.0204825525,0
eb442ec1-b697-4887-b790-921c1cc53ae6.jpg,1,0.9382104,0.29580134,0.6170058700000001,1
18a7d0f1-74c1-453e-a24e-3832f292ed7b.jpg,0,0.02108965,0.004825083,0.012957366500000001,0
104e4760-f9cc-4898-bcba-429c4ebbeff6.jpg,0,0.02259885,0.01011223,0.016355540000000002,0
a016fa53-cb71-41a4-8046-60217a05f33d.jpg,0,0.059920322,0.2401344,0.150027361,0
adfd80ef-a0fc-4d9d-b48a-fae1a8ee354d.jpg,0,0.090524375,0.058221232,0.0743728035,0
9e4ed229-4347-404a-828f-f026698fe5db.jpg,1,0.98157287,0.8635624,0.922567635,1
a2b13d8d-d30d-4ed8-8fdc-e0764ed21b38.jpg,1,0.8750386,0.9664572,0.9207479000000001,1
c534e0b0-ae19-4af7-b943-1a4ca0f52095.jpg,0,0.018362615,0.056487847,0.037425231,0
396f96d7-f05e-415d-9107-f2202ebdb62b.jpg,0,0.044659335,0.03636917,0.0405142525,0
222b6e4e-e92f-406c-af0f-b0993c2216be.jpg,0,0.13153233,0.028493965,0.0800131475,0
45e9ba01-1731-44d1-b1f0-b6ee392c290b.jpg,1,0.9521372,0.8256969,0.88891705,1
a43c3e17-052c-473f-a69e-cdf4f009b603.jpg,1,0.9557178,0.9654588,0.9605883,1
712a3e7d-b3c4-4d91-ab64-c26118f8a5b0.jpg,0,0.039431993,0.025706189,0.032569091,0
0537a4b5-ebf1-463b-9b27-b7583e191f2c.jpg,1,0.97163177,0.9774456,0.974538685,1
8ff788a6-7836-49c8-abf1-10c7e95a9bec.jpg,1,0.90977436,0.31715667,0.613465515,1
d017d369-c45e-48a4-b5f5-d4f82c0ade8b.jpg,0,0.028583692,0.031983607,0.0302836495,0
0013a9a6-a0f7-4ecb-9165-3bf63ea66e6f.jpg,0,0.0069170855,0.022060161,0.014488623249999999,0
827c2842-f013-4d69-b9fb-e4e4829cfa1c.jpg,1,0.9749925,0.7984261,0.8867093,1
2562300f-d637-4dfe-955a-960dc731e01c.jpg,1,0.9730131,0.9847633,0.9788882,1
20aa3e51-f4a4-490e-860c-51f1ecfda156.jpg,1,0.9817087,0.8977334,0.93972105,1
969059e2-88cd-48bc-a4f5-563751aa615d.jpg,0,0.042899836,0.013692741,0.0282962885,0
af43ec63-80bc-4b5f-9389-faff7d2e317d.jpg,0,0.04999408,0.022886107,0.0364400935,0
a6354108-dc14-4c61-9835-3034edbc985c.jpg,1,0.9792096,0.98351574,0.98136267,1
7a9ad7f4-8fc8-417d-bdff-17fe6fd57aed.jpg,1,0.98096085,0.9746781,0.977819475,1
a3db3a1e-02b6-4912-bf9b-16460f73a024.jpg,0,0.04466794,0.014598423,0.0296331815,0
a0fa343e-0f21-4c2b-8083-abebd8aab322.jpg,1,0.57551914,0.2238785,0.39969882,0
ad46be48-e819-4512-828e-de02e0f7051b.jpg,0,0.8095041,0.03716852,0.42333631,0
bfaf780e-3635-4547-b3bd-b39243275c99.jpg,1,0.9620611,0.43098298,0.6965220400000001,1
549c86ee-b694-4206-93bc-d2f0b189f429.jpg,1,0.9802055,0.97166014,0.9759328199999999,1
1636bc73-6a4a-4f0a-970c-ae220aaa10fa.jpg,0,0.025824687,0.024138758,0.024981722499999998,0
abbade29-c54f-41fe-a8f8-2500a8820358.jpg,1,0.973694,0.897916,0.935805,1
47d4858d-deb5-4254-a239-862999952756.jpg,0,0.30563238,0.02560661,0.16561949499999998,0
78dea620-a2a4-4644-bcc0-84c6b80e9a97.jpg,1,0.97639036,0.16093642,0.56866339,1
c5590f1e-9ceb-4509-9375-f2a0b2e3ea8e.jpg,1,0.97186166,0.949954,0.96090783,1
b2ff5bf7-8526-44c8-a0b8-e41ff891938a.jpg,0,0.81284386,0.12712048,0.46998217,0
32f1985a-2e87-446d-bfbd-639d18510e06.jpg,1,0.4642783,0.89582306,0.68005068,1
4ba3cf16-c775-4e00-9d61-c70ec6ae552b.jpg,0,0.021674877,0.0153295705,0.018502223749999998,0
67cd8ad9-8640-4a18-9e7d-a79afaf48e68.jpg,1,0.98581433,0.52354735,0.75468084,1
bfbd6153-4d04-461f-9c1a-fd937068713e.jpg,1,0.9360414,0.9019828,0.9190121,1
9152d485-661c-49bb-83ad-618fea90da8c.jpg,0,0.030803867,0.01838692,0.0245953935,0
81e650b4-2f0f-4fcc-99bf-754b21800441.jpg,0,0.058600932,0.06402511,0.061313020999999995,0
a7d9d36f-cbd9-486a-9b35-1e2d3f43c557.jpg,0,0.62452507,0.80857724,0.716551155,1
82850c87-1fd8-46ad-9b1e-d8c7f33a5207.jpg,1,0.019274397,0.08512323,0.052198813499999996,0
34ca3a3a-4e7b-474f-906d-bf6ec99a72af.jpg,0,0.022708982,0.0045251087,0.013617045349999999,0
c8449d96-ce7c-4d62-95bc-ecc0bf28623b.jpg,0,0.047753435,0.12113752,0.0844454775,0
2c17b399-958c-4a9c-abc7-49c176101668.jpg,1,0.9863705,0.4312217,0.7087961,1
5a08b991-629c-4ee8-bb36-a392d277a0be.jpg,1,0.93853945,0.25504488,0.596792165,1
35d980c5-4f32-4138-987e-44ffd532fc75.jpg,0,0.015808156,0.007328758,0.011568457,0
40d40563-1e65-4654-89f3-0fd24e8b8b00.jpg,0,0.19682826,0.03687622,0.11685224,0
82a42977-9b1c-4432-992f-3b024da0c000.jpg,1,0.9782689,0.9578354,0.96805215,1
03d2c1e8-9a69-4971-a6c3-46473b78c50c.jpg,0,0.05374412,0.050622243,0.052183181499999995,0
c2be9548-667b-49ac-be48-223e1dc833a5.jpg,0,0.18240501,0.6013554,0.391880205,0
a13e3c38-b065-4c05-ae21-8ae6ab908d3b.jpg,0,0.095430546,0.01387614,0.054653343,0
d239b7d3-2428-4c97-967e-be2d7f64fe4b.jpg,1,0.14823657,0.14713554,0.147686055,0
f6362e7d-40c9-42d1-a152-70a48e76a70a.jpg,0,0.014646605,0.0076518767,0.01114924085,0
57e3a9d0-f8b7-4a81-8020-4b1c61fc9b46.jpg,1,0.49005437,0.9041775,0.697115935,1
30c5744d-04fa-4a5f-851d-041af7a34386.jpg,0,0.10596392,0.05652691,0.081245415,0
39879caf-3642-476d-977f-3f7bac070eeb.jpg,0,0.036450654,0.17196846,0.104209557,0
5cdbe3b4-bb20-4c34-879f-5f587f861475.jpg,0,0.1520812,0.019075854,0.085578527,0
c33c7097-8803-4e3b-a87e-2d18f2c88fb5.jpg,1,0.79901296,0.6130729,0.70604293,1
fc9fdb05-5c19-4e60-ade2-263021b8dbd2.jpg,0,0.41665128,0.015088947,0.21587011350000002,0
ebaf6a77-ffd6-42db-92ed-38445a130e2e.jpg,1,0.9755958,0.9314394,0.9535176000000001,1
8cb98578-a1fd-480f-a873-bbb899a88758.jpg,1,0.9772466,0.9343285,0.9557875499999999,1
4e80c5b5-e7e1-4818-bea7-dd0c428ed335.jpg,1,0.9752218,0.74538,0.8603009,1
66223d19-32d0-4b2d-b3fc-5deee260e3ef.jpg,0,0.96053785,0.5384354,0.7494866250000001,1
05c0d2e9-f1dd-41ca-87ac-a7f32a1553b0.jpg,0,0.9715199,0.8800953,0.9258076,1
71c663f8-7f32-42ad-a6ef-83ecc622caae.jpg,0,0.013803732,0.0060779266,0.0099408293,0
ebcfcadd-c045-4923-8b08-f899d617f681.jpg,0,0.033788327,0.01103029,0.0224093085,0
fa59e7d2-6b19-4661-b385-0687a969d83a.jpg,1,0.9821715,0.97161126,0.97689138,1
75b66b47-ff2a-4094-841b-72e2a9a39197.jpg,0,0.90022916,0.7944414,0.84733528,1
f8139596-3a57-4a85-990f-1ea7b3f41862.jpg,1,0.983419,0.9717155,0.97756725,1
cb01a545-4169-4fc8-8c53-0fd77ebfb2f4.jpg,1,0.9763623,0.8635685,0.9199653999999999,1
2f547ffe-bd45-425f-89e8-777f38715b06.jpg,0,0.035080258,0.019176839,0.027128548500000002,0
5afbb17c-779a-4e8f-b77e-3d5f6d057b91.jpg,0,0.12913428,0.08415849,0.106646385,0
c0b1b813-d618-4799-bc42-4ce0832a0024.jpg,0,0.871775,0.20536889,0.5385719449999999,1
188de3d2-c186-4f28-9157-c50c405925fe.jpg,0,0.024330521,0.012830693,0.018580607,0
5854efcf-d292-4c18-8021-a57da6d9adde.jpg,0,0.027507791,0.24392326,0.1357155255,0
02acd34e-410c-421b-9f28-9bafdaa14776.jpg,0,0.04105344,0.03422191,0.037637674999999995,0
21ed2880-c693-4bde-86e6-726827cab280.jpg,0,0.12790631,0.07869714,0.103301725,0
98f6232f-5400-4ae1-be95-8cc8b6162d58.jpg,1,0.9811043,0.9742808,0.97769255,1
8483cc69-66a4-48ed-8b72-73b37db2e496.jpg,0,0.0980255,0.017134905,0.0575802025,0
19a49cc0-b962-4dad-9bbd-3c1e8073f138.jpg,1,0.66493773,0.095932335,0.3804350325,0
611b8c38-fc7e-4dd4-b08d-3d126e8ddc88.jpg,0,0.06347264,0.025801932,0.044637286,0
5eb6e4a3-5def-4593-929e-7e1ad0683991.jpg,0,0.019823117,0.0090644285,0.01444377275,0
d8fe26a8-33b6-4df1-bd63-2532736f2ced.jpg,1,0.97590494,0.9440355,0.95997022,1
8fc8d230-ede4-4804-9b8f-34403b9f789b.jpg,1,0.65877604,0.89567995,0.7772279950000001,1
84210fb3-4538-42a9-be40-ebecd05d9571.jpg,1,0.9841705,0.97747755,0.980824025,1
b9daeab8-06bd-4b09-b77c-9ca9bea961b8.jpg,1,0.98148507,0.74298614,0.862235605,1
50a6140a-5bf4-4843-ab02-04c78bfe49df.jpg,0,0.13286608,0.06287279,0.097869435,0
f30433cf-412e-4632-bd18-286613707ab2.jpg,1,0.970387,0.80734634,0.8888666700000001,1
744ce569-8d94-45be-b25a-986e855a541f.jpg,1,0.97834057,0.9643833,0.971361935,1
85743a5a-34c4-4920-a6bb-6d0f9f429b25.jpg,1,0.82549196,0.09450231,0.459997135,0
ed4ec4f9-d40f-46fc-8ec2-a1c1446cc36d.jpg,0,0.013992404,0.009963453,0.0119779285,0
1150ae7b-64c4-44ad-8062-3245b6715755.jpg,1,0.89212483,0.66807294,0.7800988849999999,1
aaa27f63-233e-4d01-992a-44491b9f9bb1.jpg,1,0.9671834,0.57188773,0.769535565,1
3765aa31-f7c6-4086-8eba-c37e703ca453.jpg,1,0.912998,0.6064803,0.7597391499999999,1
9a7db30d-c695-4b3f-9786-1bd0519a143d.jpg,0,0.4824045,0.7371426,0.60977355,1
e6b414b1-ae6c-4c6c-a94b-42bc9414ac9a.jpg,0,0.017431961,0.0035321133,0.01048203715,0
c126eae8-1aa1-4b0f-b800-3244a6125e44.jpg,0,0.060739517,0.035120387,0.047929952,0
ac3c54aa-77a6-42bd-ab22-94e5009fc60d.jpg,1,0.99083495,0.9818025,0.9863187250000001,1
ccd5cb75-4585-400c-a710-84fd6c3def61.jpg,1,0.95670444,0.709517,0.83311072,1
2cfa1221-3566-4328-a9bd-942fa33f4062.jpg,0,0.044469614,0.01485394,0.029661777,0
1b7ad561-21e5-452a-a15c-5ad2a457891b.jpg,0,0.0814983,0.054189283,0.0678437915,0
2d2c34cf-ee6a-4508-978d-7aa921e29d2f.jpg,1,0.9594119,0.8990024,0.92920715,1
5a54ab35-c910-40d4-8dce-ab432d4bfa68.jpg,0,0.02803691,0.0059327385,0.016984824250000002,0
ab41f63d-c1dc-4b18-b87d-8dc71493cfab.jpg,0,0.02251189,0.03260232,0.027557105,0
1f34ecd4-2530-46f8-9d6b-9f9e09da4d24.jpg,0,0.3263885,0.009896599,0.16814254950000002,0
945844b7-7e77-45da-8b6f-395e9d8598ed.jpg,1,0.98174065,0.49551633,0.73862849,1
1088565f-a507-4207-a606-bf98f9982ad5.jpg,0,0.024903568,0.019556733,0.0222301505,0
a74f616d-82cb-45a5-b8c6-32316f52b511.jpg,0,0.08357986,0.01185896,0.047719410000000004,0
69fe2390-92c0-4f81-a799-aceaa983daf1.jpg,1,0.64867425,0.21342252,0.431048385,0
e0acb422-9983-49fb-982a-9630bda5dbf8.jpg,1,0.9648199,0.49370563,0.729262765,1
f68668c4-e6a5-4c25-b5c5-4bde6b52f628.jpg,0,0.026716745,0.01958028,0.0231485125,0
2871550b-5f54-4e71-9d11-993538aefedc.jpg,1,0.9897805,0.95241404,0.97109727,1
a298a912-760b-46c6-8663-2f96dab5fc86.jpg,1,0.96135855,0.9310317,0.946195125,1
d26eeed3-98e4-46ed-a436-4c424ec10bf0.jpg,0,0.019582093,0.008564459,0.014073276,0
d6294e4e-dbfd-4c82-8090-c7951fb4963e.jpg,1,0.97655255,0.4846619,0.730607225,1
6856fd59-15b4-4da4-a471-d3658767de14.jpg,1,0.9777581,0.97615796,0.97695803,1
c0379034-ce3b-46f8-8577-4f14b0f3d3ef.jpg,0,0.02679463,0.013670708,0.020232669000000002,0
592a1c9e-b614-4b0d-b1c6-f851d38db856.jpg,1,0.96815544,0.91767675,0.942916095,1
36080ec7-af84-47d7-a233-0fc021dc4382.jpg,1,0.9756393,0.9780124,0.97682585,1
1be8ffeb-6aab-4d13-9474-8b74b4ca8620.jpg,1,0.10391196,0.5787969,0.34135443,0
bda34134-6aa7-4c3e-bc76-a0e1a3e34347.jpg,0,0.030455267,0.008674187,0.019564727,0
c5898641-ec7c-4bdc-bf82-cfa679fd71ab.jpg,0,0.57851607,0.22612607,0.40232107000000006,0
35d110cb-9177-4c5d-bdf4-5eb6b98149a4.jpg,0,0.033032652,0.009373271,0.021202961500000003,0
ca38f013-e41c-475e-b338-bd74acebe25b.jpg,1,0.9759441,0.97955924,0.97775167,1
911fa005-0fb2-4913-b201-e5da743e617a.jpg,0,0.046608943,0.13452703,0.0905679865,0
d982ce36-34be-4594-a466-709ae58b9acc.jpg,1,0.3612033,0.04059807,0.200900685,0
24ae1de0-7f43-4714-bc58-c3939b7519ff.jpg,1,0.9796818,0.97683716,0.97825948,1
24f1f937-d9ef-4d84-967a-dfd03ee605d2.jpg,0,0.1607964,0.031879097,0.0963377485,0
ef8f77c8-0cbc-4c69-8ef0-016eae016d93.jpg,0,0.14587699,0.6635074,0.404692195,0
ec5fc960-b1b9-4096-bc63-0924c419c41f.jpg,1,0.9826986,0.9933369,0.98801775,1
f31a550b-eccb-4d22-b67d-6fed83a61917.jpg,0,0.10278761,0.07594398,0.089365795,0
22af25ca-faf5-4346-a4ae-492682a53354.jpg,1,0.97909445,0.8190548,0.8990746249999999,1
2a285f4c-92c8-44ec-a195-5ae1a6b6d1a6.jpg,0,0.02127496,0.033565093,0.0274200265,0
8732ab13-f1b4-4984-9911-d971cdbe9882.jpg,1,0.9286769,0.7441128,0.83639485,1
b9c230d5-4693-44df-ac04-3ad860fd50a5.jpg,1,0.9862717,0.79102486,0.88864828,1
0e10059e-670c-4b46-940c-bc8ff1b6a79c.jpg,1,0.97574836,0.9915015,0.98362493,1
748e7ea2-48e7-4371-96a9-b793e00cbe0a.jpg,1,0.9770085,0.9673651,0.9721868,1
b45f269c-128a-4dab-87ef-767403161693.jpg,0,0.02522703,0.013465735,0.019346382500000002,0
a12d4728-30f5-436e-a73d-a7ff04a48b7d.jpg,1,0.9340125,0.84707004,0.8905412699999999,1
d6ebf8c3-34e7-46c3-ae48-beddf3a2efda.jpg,0,0.050789326,0.12267968,0.086734503,0
79cdf9f1-8f42-49a5-8d19-9ccefa723f07.jpg,0,0.4681538,0.079619616,0.27388670800000003,0
c3638304-7b39-4f8d-8571-3ddfaa04a723.jpg,1,0.97354054,0.9137683,0.94365442,1
40efcccb-6d2f-4499-8109-d57080dfb135.jpg,0,0.012063584,0.0729697,0.042516642,0
ae17396f-ae60-4d2e-af43-03cb94934828.jpg,0,0.033858623,0.10436908,0.0691138515,0
c16e354f-a111-43e7-8276-f8884761b4ac.jpg,0,0.051172227,0.18257247,0.1168723485,0
9c950c72-a9ca-40e1-90dd-6dc7e5a61112.jpg,0,0.02994972,0.11194315,0.070946435,0
4eadb131-ec27-4d97-a470-d316a49635a7.jpg,1,0.9693606,0.9893902,0.9793754,1
d1dd011b-22df-4710-a4a0-964a847a1497.jpg,1,0.9786682,0.9702422,0.9744552,1
63c81023-df74-4aeb-a3b3-245914de4f34.jpg,1,0.9811289,0.97602916,0.9785790299999999,1
7632128f-2c68-4a49-bb58-68ecad17d2aa.jpg,1,0.94827956,0.5026195,0.72544953,1
99cd2c04-d015-4f67-81e9-3debf17443c1.jpg,1,0.017803045,0.0844329,0.051117972500000004,0
92b94612-29a0-46d1-90ef-c261f95a3e47.jpg,0,0.7332793,0.14037485,0.43682707499999995,0
c6ddf117-9f42-43f2-8dd3-471293046e08.jpg,1,0.97897744,0.95490474,0.96694109,1
7c19ee8c-7ec5-40f6-b272-131881b451eb.jpg,0,0.009567899,0.048666853,0.029117376,0
52c18b3e-f1ea-437d-b2d4-895752863045.jpg,1,0.61568826,0.34694672,0.48131749,0
e53cdbcf-a54b-4fbc-b12e-55369ec2ae1f.jpg,1,0.981849,0.98403865,0.982943825,1
967bf491-a9f3-4162-a32b-d48b17c58752.jpg,1,0.95608777,0.59229326,0.774190515,1
cfb545f4-a73b-47a2-a228-432ac12afa6d.jpg,1,0.89258105,0.8135864,0.8530837250000001,1
f665e553-cd0e-4e20-a6b7-f75f90b4c2d7.jpg,1,0.95045763,0.31101814,0.630737885,1
46616da4-a403-49ff-8e43-014fda5b0343.jpg,0,0.9778118,0.98353356,0.9806726800000001,1
9bcba614-6399-4eee-9d3b-62be2a1035b5.jpg,1,0.9884532,0.85043573,0.919444465,1
7df9b0cc-6fc9-4917-8a03-dc49e62f773e.jpg,1,0.9788339,0.9907703,0.9848021,1
8bfcc034-2111-41c4-80af-4e3e586446b7.jpg,0,0.02234531,0.26821974,0.145282525,0
d1c88822-13c6-478a-acbf-092fb1fa818b.jpg,1,0.7633276,0.8061288,0.7847282,1
b45f2183-ce59-4d2a-b0b5-5e9348575019.jpg,1,0.025009194,0.013847458,0.019428326,0
c0e44333-519e-4aed-a287-346e337e1307.jpg,1,0.9727792,0.98066026,0.9767197299999999,1
a0e86ba3-513f-4198-8a56-44aa7e942bd8.jpg,0,0.02629338,0.028820885,0.0275571325,0
d6efb879-c8c2-4c9a-8093-14f88243b3dc.jpg,1,0.9825168,0.95563823,0.969077515,1
2cfaf045-f882-4efa-9223-1b00babb5661.jpg,1,0.99050504,0.1255281,0.5580165699999999,1
3cb3a0ca-d4da-4408-96e5-ccb565c74ef1.jpg,0,0.020491183,0.07704232,0.0487667515,0
d99471f5-4159-4d9e-9a18-2950706766ea.jpg,0,0.066811204,0.10923513,0.088023167,0
0ca5c492-b2d6-49d6-983a-146b450a3805.jpg,1,0.97811776,0.9438429,0.9609803299999999,1
412f3da7-ea07-4399-920d-14c7455bcf05.jpg,0,0.066446126,0.03434768,0.05039690299999999,0
2222151d-50a7-4953-813a-b5752543f7fb.jpg,0,0.07486009,0.6936496,0.384254845,0
3b286636-e976-4a5a-94df-98461b8af1f1.jpg,1,0.9749835,0.9775243,0.9762539,1
1a0e7e49-9277-4e77-9c1f-f3b1f70c8032.jpg,1,0.9849641,0.987433,0.98619855,1
bca9f8a3-c289-4d0a-af11-819831536a41.jpg,1,0.9292026,0.12830776,0.52875518,1
70715e27-9b06-4cc7-8d20-0207e7dcc2ca.jpg,1,0.9802797,0.93216044,0.95622007,1
a3693481-3f8b-43b1-8161-b35515b7108f.jpg,0,0.02170257,0.015677808,0.018690189000000003,0
703fb076-7712-4b3a-9000-9bac94ed5428.jpg,0,0.026319405,0.0140545415,0.02018697325,0
8ad9146e-e059-4ee7-a750-5187c0526ecd.jpg,0,0.028053233,0.031273138,0.0296631855,0
0b021ef1-e382-4b0e-bfb5-052cc94c06ca.jpg,1,0.71863437,0.14702494,0.432829655,0
03e7d7e2-b00b-40e6-aa25-8afdabcdf242.jpg,1,0.9809744,0.89228874,0.9366315700000001,1
73e884db-459f-452b-be81-99716377882a.jpg,0,0.06814736,0.038774043,0.0534607015,0
bfbff3d0-3765-43d5-9375-2731becada84.jpg,1,0.9854061,0.9822243,0.9838152,1
b866ceda-334f-4d55-944c-99a18959b21d.jpg,1,0.977737,0.9411583,0.95944765,1
c1c5dbce-1a69-4b75-90a9-6eb9c565f621.jpg,1,0.9794076,0.8673845,0.92339605,1
80f1d2cb-53ab-4c24-aa45-6c086533ccec.jpg,0,0.017622564,0.009323271,0.0134729175,0
9cbecdbd-f0c5-43de-8dd6-1659fc7f33b8.jpg,0,0.023039075,0.02942797,0.026233522500000002,0
2a845405-fd23-43c2-83d2-e1ce5069c3e1.jpg,0,0.010129501,0.058352396,0.0342409485,0
cd90aee6-da25-4ba9-a58f-adb4403f4acb.jpg,1,0.96835154,0.9743035,0.97132752,1
189e6fd7-b0e5-4f3d-a09e-6bfc3c03fc72.jpg,0,0.67835087,0.03956215,0.35895651,0
5231511f-b66f-4a76-95f7-ff229bf6caed.jpg,0,0.023037238,0.013243213,0.018140225500000003,0
32408e7d-abdc-4682-a393-3c0ddb34d8b0.jpg,1,0.98363376,0.83549285,0.909563305,1
41496d9d-760f-4501-8450-c4d851622ef1.jpg,1,0.9742965,0.99999887,0.987147685,1
fbdc14a3-ead7-4a24-8c57-d9327bc8feb0.jpg,0,0.022426179,0.043292817,0.032859498,0
40ce748e-8d24-4783-95af-c0bac30fbf7c.jpg,1,0.94302934,0.9337422,0.93838577,1
710999ae-37ad-44e1-b6b5-8777797ca5cc.jpg,0,0.044070244,0.5761545,0.310112372,0
11a38f55-8e39-43a5-8ed6-b160e58e2a5b.jpg,1,0.93460387,0.87659496,0.905599415,1
b4a2a838-c927-4f1e-ab3d-e3982d2221d2.jpg,0,0.03532836,0.009106492,0.022217426000000002,0
0aa56456-8d3c-4c40-82af-6eb978096df9.jpg,1,0.97693294,0.9895292,0.98323107,1
24f22691-cd85-4239-b757-6c81a1657a4b.jpg,0,0.037490103,0.013740624,0.0256153635,0
43b5b9fa-1a76-4e44-a0b7-046684e16322.jpg,0,0.019506263,0.02052552,0.0200158915,0
41963785-f507-434c-9b6b-159e5744d9df.jpg,0,0.031077495,0.0156361,0.0233567975,0
39d299b7-380c-4766-b8c9-44bfae010bbe.jpg,1,0.9756675,0.92054844,0.94810797,1
b76b75ee-845c-4ecf-9dc3-5faac227aa8e.jpg,1,0.98052937,0.96881294,0.974671155,1
64fc99ab-67b5-46fa-9117-edfe394f1fc7.jpg,1,0.96800476,0.982323,0.97516388,1
56816217-2909-451d-becd-f536b6f1c056.jpg,0,0.023405751,0.061531376,0.0424685635,0
4a3bb184-4e8d-401b-ac47-841cd7c9f025.jpg,1,0.9707616,0.9878469,0.97930425,1
8eeeb3b9-1a84-4dc7-9827-e583e94b83b8.jpg,0,0.1262054,0.007996816,0.06710110799999999,0
e292cb0d-631c-4673-82a7-db1d251b2d5a.jpg,0,0.023147104,0.062484577,0.0428158405,0
425293cf-e8df-439c-a97d-013855f06863.jpg,0,0.015215486,0.006679973,0.0109477295,0
aa2983e1-21dc-4437-b21a-112ce40f266f.jpg,1,0.9471953,0.9537789,0.9504870999999999,1
877cceca-7077-444b-979b-d06368787766.jpg,1,0.98019,0.9153003,0.94774515,1
bdda2e7c-b6d4-4e76-9907-15cab0654c04.jpg,1,0.9850027,0.97260493,0.978803815,1
c8de4344-524b-408f-9205-504a58c98afa.jpg,0,0.03779425,0.04885279,0.043323520000000004,0
9b6c302c-b784-478b-8709-5faf18a8dbe5.jpg,1,0.9467397,0.83183426,0.8892869800000001,1
eb269bf5-0ee5-46bf-b4a8-7a8fb0f00803.jpg,1,0.97363544,0.94986606,0.96175075,1
54c3d755-4f05-4d33-8b30-348656436253.jpg,0,0.018148368,0.09862405,0.058386209,0
68362a00-6915-4352-901f-e12052bce4cb.jpg,1,0.972349,0.9103393,0.9413441499999999,1
f5219609-ce37-411e-8688-a8e102278223.jpg,0,0.57801527,0.1837169,0.38086608499999997,0
a0891f23-b1dc-47d0-bae6-914f85acdbf1.jpg,0,0.022031337,0.05856171,0.0402965235,0
aa6337db-d1ab-4715-b28e-6522adcc7f8d.jpg,0,0.033817887,0.35438558,0.19410173349999998,0
41cfb51a-ae9b-4dc1-afd4-eb705f911ee4.jpg,0,0.06920302,0.020350648,0.044776834,0
f8389100-2de2-4818-88ab-6f55f3c65da5.jpg,1,0.14071229,0.96583986,0.553276075,1
78820ca4-b2c5-47ff-a153-dc7ccad502e1.jpg,0,0.027193105,0.0116124675,0.019402786249999998,0
d3fce41d-a22c-4a60-800d-f57125c36165.jpg,0,0.09793934,0.12569395,0.11181664499999999,0
5888e25a-7b27-4763-8b7d-baa384a42773.jpg,0,0.03413388,0.022614839,0.0283743595,0
34280f62-48f4-49fb-8d95-a77840f9f722.jpg,1,0.81855845,0.59298414,0.705771295,1
e309a978-a0fc-4f2f-8863-2cde39bee9e4.jpg,1,0.9813555,0.9458639,0.9636097,1
cb6e4151-d2c6-4be7-884d-38730a1374e7.jpg,1,0.96694714,0.47347426,0.7202107,1
690d1d38-3d06-4cbb-a293-ccedefd6ce32.jpg,0,0.23214144,0.07820344,0.15517244,0
8b4553b2-ac48-45e5-96e1-a082e0c6cb71.jpg,1,0.96428293,0.9368046,0.9505437649999999,1
bf4843e8-bef0-4bd3-9fe8-1fe48f5f6b27.jpg,0,0.031484555,0.018032053,0.024758304,0
4e926805-f130-4237-b21a-69a3ba47504a.jpg,1,0.44821748,0.8512075,0.64971249,1
186ec960-3193-4113-a3d1-84a9064b0edb.jpg,0,0.052661005,0.013921275,0.03329114,0
6ed11cb9-f94d-4d86-9949-d3a8db34252a.jpg,1,0.9446185,0.9137683,0.9291934,1
2e044ebd-ba99-4fb3-a47a-10e213c8489f.jpg,0,0.7179161,0.15297167,0.435443885,0
c289d542-3b76-4921-b4f5-4bf93fee9fad.jpg,0,0.023089377,0.010191807,0.016640592000000003,0
c59dc2de-c138-43c9-a9bb-63782df0c197.jpg,0,0.046699863,0.07135681,0.0590283365,0
fee0e08c-1d76-4348-9fa6-bf9ca365dc5c.jpg,1,0.9668808,0.70923877,0.838059785,1
5655b19a-9876-443b-8bc2-4eaf81aaf6af.jpg,1,0.9792809,0.9849773,0.9821291,1
2f1ce9de-ecb0-47d0-9952-2518dbe8dad5.jpg,1,0.98677033,0.9491952,0.967982765,1
e5c83314-77da-4b78-93aa-37577192ea87.jpg,1,0.97207284,0.9905622,0.9813175199999999,1
78b672c3-8a9a-4e5f-9964-5b73decc15ad.jpg,0,0.029590582,0.014122522,0.021856552,0
54b9232c-c21f-452e-b083-74855ac67314.jpg,0,0.014238435,0.14958483,0.0819116325,0
46e47b2f-29a3-4f61-a170-c3523350235c.jpg,0,0.017913368,0.044299185,0.0311062765,0
93e046a0-a301-4038-ae48-1f2e893a339e.jpg,1,0.9623687,0.9824814,0.97242505,1
ad4ae702-1211-4608-83df-ece7d490a431.jpg,1,0.9864599,0.988977,0.98771845,1
e633b0de-ec24-48e1-9c6b-5c0b47e6450b.jpg,0,0.5937757,0.107932426,0.350854063,0
c6a8f48f-ccf8-4461-acdc-5d8ae829f2b7.jpg,0,0.036147717,0.02890721,0.0325274635,0
0beca759-d57f-46af-95ec-53c77c2c9108.jpg,1,0.058653098,0.010120493,0.0343867955,0
52dbc3df-d0bf-4a33-8346-77279e319f22.jpg,1,0.9810274,0.9746699,0.97784865,1
def46aee-da4e-4a6b-af22-d0c8261f5eae.jpg,0,0.2994385,0.73363656,0.51653753,1
cce9208c-9ba8-4fd6-9c20-5233bb95d981.jpg,1,0.96953917,0.987482,0.978510585,1
54a1f0c1-53f8-4ba9-8090-9e891a9507fc.jpg,1,0.9761946,0.87479943,0.925497015,1
9a0356df-60b6-4284-958c-3445329fb86a.jpg,1,0.14345343,0.14751506,0.145484245,0
b857c222-78d3-4a5b-be31-e6364ee46bed.jpg,0,0.093742676,0.008423788,0.051083232,0
b9cb58fd-7b29-41f0-8f8a-bdd175f0e465.jpg,1,0.8798974,0.4881148,0.6840061000000001,1
ce5593f5-411b-48d5-b0cf-d4411e14b952.jpg,1,0.93788457,0.9381421,0.938013335,1
e92e0761-f30d-4640-a7c0-cfdc4e426063.jpg,0,0.10737601,0.16067731,0.13402666,0
4acc3f1d-cca0-4e1e-9a2d-796051c855bc.jpg,0,0.025011465,0.18961386,0.1073126625,0
7fcaf6a4-9b10-4f4f-9336-089b169aa0ad.jpg,0,0.042218406,0.1896206,0.11591950300000001,0
f1012029-3aab-4541-af4a-e56c3fb287e7.jpg,0,0.02907727,0.007616753,0.0183470115,0
d4840fc5-6dad-4636-a2c4-ef0607fddaff.jpg,1,0.9767904,0.8590343,0.9179123499999999,1
fbe3c406-d0b0-4b3a-af26-fc72910a3b0d.jpg,0,0.29273847,0.030564249,0.16165135949999998,0
38812d66-25e5-4d31-8e32-70483369b0d5.jpg,0,0.010838789,0.007142732,0.0089907605,0
0ad09f23-5ac7-45a3-9fd6-4c7dc68f8f39.jpg,1,0.9226313,0.94767445,0.935152875,1
52f33a11-ea20-4d41-b48d-d5e4a37d1d2f.jpg,1,0.9788222,0.6085735,0.79369785,1
5a0b57f2-d31e-43d9-a094-18c16ed90ee4.jpg,0,0.022626435,0.007855968,0.015241201499999999,0
332ca2ed-4b14-461e-a71d-1c73021ddb65.jpg,1,0.97320074,0.94819623,0.960698485,1
f70c4698-86a2-425b-ad3e-857209a23253.jpg,1,0.8989112,0.7064435,0.80267735,1
fa696e03-c9ea-4b73-b8ff-2f71dff16b9a.jpg,1,0.95536596,0.6001224,0.77774418,1
1b9d240e-5366-46cf-a179-b58542cbdc25.jpg,1,0.9883757,0.92268723,0.955531465,1
dd235980-18c1-40b2-b42e-e38ab3f3868f.jpg,1,0.97785664,0.98193246,0.97989455,1
c914bf03-db6e-44bb-b08d-79438e88a78d.jpg,0,0.018203767,0.012388199,0.015295982999999999,0
9c6686cc-4239-4a9a-9937-80b439f64d7f.jpg,0,0.06989389,0.04577106,0.057832475,0
4efea4e7-39f3-4d73-911f-672f8166838c.jpg,0,0.055699825,0.05661795,0.056158887500000004,0
70410af9-5267-46e2-9271-eaabb49b2f17.jpg,0,0.03668644,0.009397953,0.0230421965,0
7a0f4ed8-affc-4eb4-b485-7e007e25ed31.jpg,0,0.027321683,0.17436655,0.1008441165,0
d7628ecd-3856-4c05-b51e-a50c795cb67c.jpg,0,0.013714061,0.00744986,0.0105819605,0
4ea2b5ae-14c3-4322-aebf-58d637d4d1ba.jpg,1,0.96962905,0.96099657,0.96531281,1
94b89863-ea35-472f-85bb-f5a97d8f0d8c.jpg,1,0.9565236,0.91442186,0.9354727300000001,1
bba35408-ac2d-4184-b86c-266abf04563f.jpg,0,0.029133394,0.020702444,0.024917919,0
9dbe4d04-cac5-422d-9032-86a579076254.jpg,0,0.038443357,0.03643296,0.0374381585,0
a5a91c7e-b7fd-4417-9fd9-2caf61c66821.jpg,1,0.7113096,0.68051356,0.69591158,1
cb2d6599-fa4c-4c68-bfe0-5d6d81840836.jpg,1,0.98446685,0.5863931,0.785429975,1
cf90ab59-a44f-4a73-b59e-42c36a7edcd7.jpg,1,0.9803073,0.97766995,0.978988625,1
dd4c4175-16c0-4dcc-a1c1-84e79aed0ed8.jpg,0,0.12674211,0.07710498,0.101923545,0
c5b482f8-6b68-4a39-9f77-433404344023.jpg,1,0.9801784,0.98035675,0.9802675750000001,1
5104758c-ba22-46a1-8152-e7f9e0dd1318.jpg,1,0.98621184,0.71094966,0.84858075,1
c0352f99-f50f-499e-a5fd-f98c21742b52.jpg,1,0.9796205,0.97648793,0.978054215,1
4ecc7026-695b-4914-9697-e91b04139224.jpg,1,0.19339843,0.8686115,0.5310049649999999,1
44af660c-3c51-40b5-986c-9fdecedd31cd.jpg,0,0.20727365,0.05167255,0.1294731,0
551f361d-5a81-40ec-88f0-64df81d29268.jpg,1,0.5469999,0.2475825,0.3972912,0
f70b1705-5fc2-439a-9984-8d6607c813dc.jpg,1,0.9786976,0.97788715,0.978292375,1
30086e25-9c6e-4337-b489-4ed15cca29e3.jpg,1,0.979104,0.9720499,0.97557695,1
d29332e5-a264-40ed-80cf-85e29e003a25.jpg,0,0.09096962,0.017230216,0.054099918,0
f21980dc-0713-410d-a967-b69a7f4e8539.jpg,1,0.94201726,0.9699804,0.95599883,1
d0d6be0c-790e-446d-8d6e-3d5fc68576da.jpg,1,0.9587118,0.98188734,0.97029957,1
7c6f3e30-efcf-46e1-866e-6287657ace08.jpg,0,0.016571047,0.018538015,0.017554530999999998,0
690aae26-0a20-4a83-839f-13dfe56a9519.jpg,0,0.15978777,0.5030027,0.331395235,0
0cdaf803-8626-496a-ab31-ec790f06e63c.jpg,1,0.7884143,0.72342634,0.75592032,1
08c13afe-e15b-4f14-b64c-fe4306dcbef7.jpg,0,0.8401926,0.42315438,0.63167349,1
476b8a6a-b8ec-4df9-8424-ba88e11b7d79.jpg,1,0.979198,0.9950287,0.98711335,1
fc71de4b-f498-41f7-ab30-6a4cb22a5b33.jpg,0,0.02715593,0.09289127,0.060023599999999996,0
a5a07ba4-807a-4d98-9388-3d1bcc3a2e61.jpg,0,0.02442848,0.043571457,0.0339999685,0
545bb740-528f-4756-85ac-fe3c83c90c44.jpg,0,0.02516134,0.08359898,0.054380160000000004,0
8ba78a16-e771-4def-9a9f-14bc0ac8f0c0.jpg,0,0.41934076,0.70042515,0.559882955,1
245cbaeb-2f98-4c43-81df-e05ba476bf68.jpg,1,0.9804404,0.9709123,0.97567635,1
e2d73aa2-fb62-4256-b436-8a17468687c3.jpg,0,0.023409585,0.0138863,0.0186479425,0
c986bc8f-e8da-4bf0-b52f-eda129142ff8.jpg,1,0.5135803,0.34757996,0.43058013,0
228e7c9e-ff1a-476f-b2a0-bef3008d57e9.jpg,0,0.027043475,0.102020204,0.06453183950000001,0
9ccf5f67-4e0e-4459-aa72-d36dba5c395e.jpg,1,0.8575062,0.7611547,0.80933045,1
d66087ec-9b99-4c9a-873b-c56b6507666b.jpg,0,0.039447423,0.015656887,0.027552155000000002,0
100c269e-d7af-4f7d-b61d-044ac65f4ca4.jpg,1,0.9602254,0.9024175,0.93132145,1
63cf09f1-4bdd-461b-88fb-2d0328f56ad2.jpg,1,0.9290064,0.91855794,0.92378217,1
218e5f0b-8e8d-4245-b546-7f0d77aea0e8.jpg,0,0.039136123,0.035311718,0.0372239205,0
be9cbc60-730e-4ba7-865d-8604ffae5772.jpg,0,0.06678141,0.41737127,0.24207634,0
1c48bb81-3bb1-489a-97f7-54dc40149a67.jpg,1,0.9779852,0.83768827,0.9078367350000001,1
dd65cbad-6f5c-4aaa-b9ab-4a6be637eb38.jpg,1,0.97723573,0.9799462,0.978590965,1
c01a258b-1962-4bc4-9af1-bad649102490.jpg,0,0.023832073,0.0039869947,0.01390953385,0
5b0e3891-3440-404f-9d50-3d9d66339916.jpg,1,0.9653942,0.98034453,0.972869365,1
648a32c5-384c-4732-8b3d-7bf7a47e22bc.jpg,1,0.96440274,0.98185706,0.9731299,1
06a79067-8c6b-4628-b82e-bbf5daedf5e5.jpg,0,0.024680316,0.00791896,0.016299637999999998,0
293d0524-a13d-4b1b-9f9c-c6c105054b27.jpg,1,0.8550921,0.7735668,0.81432945,1
e4b7871d-b2f4-4c64-83f5-1fa3cbe17e5b.jpg,1,0.9605861,0.9472906,0.95393835,1
70a6df72-8413-45b0-b4b5-00f843733e77.jpg,1,0.97765416,0.9541698,0.96591198,1
dbf1cb0e-69c5-4489-84d8-9451b8733e1d.jpg,0,0.650852,0.06419553,0.357523765,0
625530ab-e732-4f01-9aee-f819db2309ed.jpg,1,0.97795105,0.9266596,0.952305325,1
73439700-36ff-4baa-b594-ce494f110a0d.jpg,1,0.9742141,0.96828556,0.97124983,1
724973cb-4ca1-4d99-8309-f607b83ef27e.jpg,1,0.8906639,0.68686277,0.788763335,1
d0e794fc-4bfa-4903-b9a7-0c25729c519b.jpg,0,0.008177158,0.27219152,0.14018433900000002,0
997e94b9-7e77-4acd-9ca3-3aaaf6a8b814.jpg,1,0.98130614,0.79900694,0.89015654,1
26a9c51f-d4e9-44b1-a9a1-67121e2dc032.jpg,0,0.029727826,0.03009575,0.029911788,0
4d5d407a-e50f-48f7-be8b-5f0f2a417ea8.jpg,0,0.02162008,0.340783,0.18120154,0
c9762cd2-8053-48ef-9737-168aa9e64242.jpg,1,0.9387899,0.7423566,0.84057325,1
e061a981-eb77-4c4b-86f2-af59066f78f6.jpg,0,0.018996328,0.011069129,0.0150327285,0
9e0f79b9-5894-4d2f-96c8-ccd5f9a5fd22.jpg,0,0.30454662,0.5310077,0.41777716,0
5559fb9b-42bd-471b-85a3-e1c67234237a.jpg,1,0.95125365,0.8857174,0.9184855249999999,1
0c6ece76-a030-4a04-9e5c-e4a2d1bc32fe.jpg,1,0.97071105,0.92581296,0.948262005,1
26905b21-b955-434b-b1ea-846539b72c94.jpg,0,0.11038232,0.052731868,0.081557094,0
beed57f0-bd4a-491d-90bf-139f65caadab.jpg,1,0.94247216,0.6287078,0.78558998,1
1f8d39bc-012a-456f-9c32-c05e86363d27.jpg,1,0.96665245,0.9742282,0.970440325,1
db7e5e15-335c-4704-9c11-ec5ca3344aef.jpg,0,0.05484901,0.07833474,0.066591875,0
e0f853a2-bf10-4d9d-828f-1cf49f0f0bde.jpg,0,0.6017925,0.33138356,0.46658803,0
38cd534e-9e4d-4588-885a-00a3f1a9d6da.jpg,0,0.022421487,0.012862861,0.017642174,0
fafbe131-22df-4264-8a4c-e64aa8891aba.jpg,0,0.022678947,0.01667016,0.0196745535,0
3a4eaf40-0a04-477f-9faa-2789df9cc8f6.jpg,0,0.15065493,0.86930585,0.5099803900000001,1
29d497ba-109a-43d6-97b0-52b7f14b3a66.jpg,1,0.97219086,0.96356267,0.967876765,1
a1d1b4c0-3a3b-40e0-a99a-8d334192b1f0.jpg,1,0.96331507,0.9865465,0.974930785,1
86f021fc-3c91-4933-b2ce-b23fe8eb998f.jpg,1,0.9761806,0.9763462,0.9762634,1
dffafac9-6217-4724-9664-86d4b7a3abe4.jpg,0,0.07495863,0.022345325,0.0486519775,0
d5e405b9-a14b-45ef-b606-5b4e22b5de60.jpg,0,0.008637179,0.011392723,0.010014951000000001,0
8ab82576-042a-46a7-b9de-4e835375e2bf.jpg,1,0.9820854,0.96838564,0.97523552,1
9cab7f9a-19ee-4460-8137-31611939f5cb.jpg,1,0.3543314,0.5303468,0.4423391,0
8c6f32f0-99b8-4b09-97c1-4a599ede1281.jpg,0,0.023095245,0.050058324,0.0365767845,0
30f6b385-718e-4c4f-8500-44150d5919d1.jpg,0,0.03220914,0.012518938,0.022364039,0
1b54f88f-c706-483b-9e04-c8f629909d06.jpg,0,0.030734941,0.036280453,0.033507697,0
3ae59e97-83e9-4ffd-96ea-7c0c12f5b19c.jpg,1,0.98891836,0.9800105,0.9844644300000001,1
4a18566b-8e6c-455f-b04f-a1957bd7549b.jpg,1,0.6997871,0.3259063,0.5128467,1
f0813bc8-5f01-4efa-9e36-b7d50a749f07.jpg,0,0.017209312,0.024161587,0.0206854495,0
cb391547-95f0-4ea7-812c-9035ef467116.jpg,1,0.97913927,0.98126984,0.980204555,1
bd0c9b28-9174-4b81-9379-fbe723f81440.jpg,1,0.95752555,0.9664152,0.9619703749999999,1
ceeecf72-2b0b-4d72-9ddc-e40156b0bb69.jpg,0,0.032895606,0.028138513,0.0305170595,0
2bf22276-2506-438a-9ae3-4fb14ca5341f.jpg,0,0.19681327,0.054495305,0.12565428750000002,0
e9ec2d28-c02d-48fe-8783-58852e42aa98.jpg,1,0.979443,0.6354661,0.80745455,1
fc0b3952-ae3e-4147-b3e5-bf531904ebd4.jpg,0,0.07098493,0.15089832,0.110941625,0
1e105292-6e5c-4550-831d-01e044191ec6.jpg,1,0.9812053,0.9800439,0.9806246,1
e3e3fb4b-4999-42a8-a3ac-0c215d43a240.jpg,0,0.18007864,0.43200722,0.30604293000000005,0
cb1317ff-3613-4d00-b0fa-ab0de6bf3a71.jpg,1,0.9756134,0.27537084,0.62549212,1
142e3d13-abcd-4ba0-86ff-01df38221810.jpg,1,0.9728659,0.9530323,0.9629491,1
c186375c-ec17-4a10-afd0-83225772fb2d.jpg,0,0.02129486,0.030573422,0.025934141,0
9bdde6e7-e35e-4832-beca-7e9c46e4515b.jpg,0,0.029227534,0.018637083,0.0239323085,0
eaecfade-8092-4672-a788-7d69c214d7f1.jpg,0,0.89977354,0.6937235,0.79674852,1
a2732133-4dae-41f5-9675-ef0c2391ff2b.jpg,0,0.019906234,0.046015784,0.032961009,0
5a2fa035-d583-4abb-9808-34e5349b8050.jpg,1,0.7846654,0.90824246,0.84645393,1
136cc4bb-aca2-4dd1-99ac-0cdfab530fc0.jpg,1,0.97784704,0.42095724,0.69940214,1
481aaf80-cffe-4538-81b7-8e6a7ae2baf0.jpg,0,0.018733094,0.006221902,0.012477498,0
8cc3b4f1-fb9c-48cf-838c-4edd6a9496d1.jpg,0,0.057375718,0.020924114,0.039149916,0
446214a3-96c2-460d-a165-bda4f8fc555b.jpg,1,0.97357655,0.1641287,0.568852625,1
9350cfdf-5c5f-4565-940e-15289c09c06f.jpg,0,0.033411667,0.049480718,0.0414461925,0
9ffd1121-26d6-4871-ab15-91cc6f3a5db4.jpg,0,0.113290705,0.09056392,0.1019273125,0
fb7c3b28-8212-4fec-a27c-0b0bb67b6c0b.jpg,1,0.9735989,0.98837453,0.980986715,1
6dcf5560-a838-43de-9b7c-1704558774ea.jpg,0,0.078412265,0.03923297,0.05882261749999999,0
a4752a5c-c846-4e61-8438-c8dbaaa6c45e.jpg,1,0.87640566,0.8693196,0.87286263,1
eec78ab6-b5d2-4896-a867-d9d818eb4299.jpg,1,0.96693295,0.98627156,0.976602255,1
87292749-08d7-47ff-9970-dc00e4911345.jpg,0,0.04333253,0.027973006,0.035652768,0
41cf4104-ca4e-4e4b-af68-369eab4b062f.jpg,1,0.9804774,0.98878175,0.984629575,1
3caad6b8-6b02-4336-b0af-ecb1709603c0.jpg,1,0.96101063,0.92905045,0.94503054,1
0f565c81-767f-4006-8cd5-20340f05d4b1.jpg,1,0.9790909,0.98226744,0.9806791699999999,1
521e6689-7ea9-44ea-b4c2-e246f0a99300.jpg,0,0.10571804,0.012471889,0.0590949645,0
72d0fb20-3088-4d8c-923b-892cd907984c.jpg,0,0.59045696,0.07403017,0.332243565,0
13adbee9-f44d-45e9-88b9-6400e3ac3886.jpg,1,0.8742643,0.910698,0.8924811500000001,1
2be3a163-c851-44a0-8a72-d14273561f65.jpg,0,0.056296006,0.11290589,0.084600948,0
8d717287-2344-404b-8500-69c6705d7471.jpg,1,0.9673161,0.9585317,0.9629239,1
3d029b4d-6b76-4ce1-94d8-ecbe76915749.jpg,0,0.028101735,0.1659741,0.0970379175,0
c7232c8f-0159-438f-b145-e6cc2169726f.jpg,0,0.037440445,0.056257974,0.0468492095,0
561f6073-c09e-4b66-8890-06b79cc0edc0.jpg,0,0.029775197,0.007412979,0.018594088,0
4ca6fa30-b426-4886-b3c6-33020a10f4ba.jpg,0,0.034561757,0.059543137,0.047052447,0
baf2326f-f548-4dbe-a964-2c8371c3a9ea.jpg,0,0.015527097,0.060549166,0.0380381315,0
3e9d9507-ef05-40cd-b335-14ba3ad9d632.jpg,1,0.97262,0.9592549,0.96593745,1
8ce69baa-f33d-4a88-b00a-e0af20ec72ae.jpg,0,0.018285187,0.029745543,0.024015365,0
d3df878d-72bb-41cb-8a00-6a1e6fee8c78.jpg,0,0.3409946,0.21178126,0.27638793,0
543f5485-ec0f-44a6-947c-54020f6c1ce2.jpg,0,0.03405976,0.0139167635,0.02398826175,0
408d7d6a-813b-4350-aa89-e3b653c78283.jpg,0,0.021419322,0.027841061,0.024630191500000002,0
93ebadea-04f6-4e22-aa60-ba75b54bc6bb.jpg,0,0.014144025,0.02126649,0.0177052575,0
3d577826-ef91-4895-a5a0-d4250796d31f.jpg,0,0.17921948,0.25124216,0.21523082,0
fb644c95-3048-4140-ad17-51e5c96adda0.jpg,0,0.023603449,0.015456441,0.019529945,0
56b3bc1b-8cd4-40d5-8250-d09b83b2c055.jpg,1,0.9784402,0.7730406,0.8757404,1
1487eeaf-9447-4f9e-b1ec-4bf17ae8560c.jpg,1,0.95505095,0.6297455,0.7923982249999999,1
d2504055-d8f3-4a26-bf9c-0d9fb434202b.jpg,0,0.051735967,0.026993878,0.039364922499999996,0
5fcabd2f-2944-43c5-8335-f156c5bffd2d.jpg,1,0.9812724,0.91734433,0.949308365,1
e268dc70-b80b-48d8-8afc-ff53a1aebfed.jpg,0,0.024499396,0.009166661,0.0168330285,0
c2099557-0fc2-4338-95b6-d564267c0928.jpg,1,0.9652011,0.96235496,0.9637780300000001,1
350872b8-5eb9-49f6-ba4a-063721810092.jpg,1,0.9722522,0.96649915,0.969375675,1
0fcd0d98-c072-4ee8-a6b2-1f9375fc94b0.jpg,0,0.09967499,0.114645995,0.10716049250000001,0
6e12f5da-493c-4e32-872c-618de4a7c267.jpg,0,0.13557857,0.12633009,0.13095433,0
43adf978-dc35-4a95-a632-2d71433250e4.jpg,1,0.2684938,0.8967069,0.58260035,1
04a7eb46-7096-4a66-863a-bd454354a780.jpg,0,0.029474333,0.012450832,0.0209625825,0
0c9b2d07-724d-46c1-9e97-40184423ce59.jpg,0,0.015540205,0.078760184,0.0471501945,0
41b8b30c-1c54-4745-8817-9d66faf19d60.jpg,1,0.9698599,0.9875545,0.9787072,1
c91bbe5c-0e10-4e50-b85b-c2bc3104db0b.jpg,0,0.025441006,0.13341886,0.079429933,0
df6ba6a5-d04f-4430-84cc-b29f97fb4721.jpg,1,0.4209213,0.14779899,0.284360145,0
f8e14e83-0a9b-49c1-b031-fac9648e47b1.jpg,1,0.39363155,0.72674733,0.56018944,1
198f58a7-74ea-47a8-9c33-f9f289751559.jpg,0,0.007036857,0.011520053,0.009278455,0
73e316c5-6f07-418f-80e4-21348ffbc75f.jpg,1,0.972826,0.9383195,0.95557275,1
157a7cbe-035b-4793-b9c8-05521f4cd4cf.jpg,0,0.027637647,0.02396026,0.0257989535,0
bf145a17-5860-4014-bc1e-919606aede3e.jpg,1,0.92311496,0.37587142,0.64949319,1
e94e235b-29a0-4972-bb8e-ba1485db4b78.jpg,0,0.030473975,0.31644243,0.1734582025,0
e79783e1-9396-4485-bffc-69da117af7d4.jpg,0,0.92457527,0.65005857,0.78731692,1
f1c8180f-cdc9-4f5a-b461-ef2ec408ae42.jpg,0,0.01619963,0.007826338,0.012012984,0
b786823b-6bdd-4cfd-8e56-605b9cc8603f.jpg,1,0.03835066,0.014750724,0.026550692,0
5157dcd8-a5f5-4b9c-9795-60a633780453.jpg,1,0.97855425,0.96905667,0.9738054599999999,1
de1f6da7-fa31-404d-90d4-b094746aec73.jpg,1,0.8854654,0.8905263,0.88799585,1
a985059c-524f-4b98-b7a7-d31364697c23.jpg,0,0.020186558,0.022824287,0.0215054225,0
0e1804f3-5daf-495b-af6b-05bc8d623ada.jpg,1,0.9823637,0.9745539,0.9784588,1
50901bef-9bd7-4b52-894c-8bc120e68254.jpg,0,0.47845885,0.06879994,0.273629395,0
daa7a4ed-6c3a-4e96-b110-bad22ed8bc60.jpg,1,0.9567244,0.8046972,0.8807108,1
e37792dd-ab83-4e3d-bea6-1f1136cc1bf6.jpg,1,0.9694635,0.9583907,0.9639271,1
6f1354f5-86f8-4c8a-b3b3-1a58704b55a9.jpg,0,0.07693546,0.029322244,0.053128852,0
f3ebf7a4-6406-48a6-ad03-f184fb375d2d.jpg,0,0.13578941,0.2185915,0.177190455,0
5ef49d27-9c65-49ca-8852-65362e9b863f.jpg,1,0.96276826,0.59400403,0.778386145,1
215ec22c-680e-4b21-ade1-e5ac4b3cfd08.jpg,0,0.059201833,0.021222496,0.0402121645,0
c324ab1c-3e8b-4ce2-90e6-6da120a720df.jpg,1,0.5102127,0.8397805,0.6749966000000001,1
3e9dda8c-edc5-443d-98bb-74c6dce23dcc.jpg,1,0.9424688,0.8842814,0.9133751,1
81399c48-c7ae-4d6b-90d0-9efbc6b05fc8.jpg,1,0.9742411,0.98259,0.97841555,1
c9c39717-9461-4c00-8be2-ed84405e64c2.jpg,1,0.9784667,0.97324115,0.975853925,1
c2926ecd-4aed-4c1e-a070-838aa896175a.jpg,0,0.80030745,0.7309261,0.765616775,1
6e91e806-efef-4520-a452-fd0080e355a6.jpg,1,0.985961,0.97864294,0.98230197,1
b6667bf4-e849-4a4b-9c34-c6bf3bcbe3b4.jpg,1,0.9780772,0.9730881,0.97558265,1
9530d1e4-247b-4e01-8f38-7d909899a76d.jpg,1,0.44367123,0.12726201,0.28546662,0
9409b477-f6bc-46ec-be19-dd49af8f2552.jpg,0,0.039836045,0.00933979,0.0245879175,0
84c1ae45-2482-436c-a579-1cf5088d65e0.jpg,1,0.98020005,0.9878201,0.984010075,1
8b6bd697-1d37-4286-a782-e648677974a0.jpg,0,0.075076714,0.06642676,0.07075173700000001,0
1ebea36b-a089-49b6-b70e-5a4cbb93c343.jpg,0,0.014122152,0.02705465,0.020588401,0
32face08-2206-4eb9-8fe2-44ec6f229654.jpg,0,0.06126536,0.026588911,0.0439271355,0
a33b6bee-f34b-4b13-98d5-53db2dabedc4.jpg,0,0.02762308,0.03153701,0.029580045,0
da5f7e94-d644-45e4-821f-2e20191c5dc7.jpg,1,0.99020505,0.9714429,0.9808239750000001,1
fd377868-6be6-497f-be20-0139baa43ce4.jpg,0,0.01333614,0.01383993,0.013588035,0
89e3d4c8-00f6-455c-b1e1-ff4447be6900.jpg,1,0.7280677,0.46385166,0.59595968,1
d0db72d8-5ad4-4803-8ff4-4c2f5008b8c2.jpg,0,0.12323686,0.21533094,0.1692839,0
d24d5517-aacf-49e2-99a5-edf1a0f0aa53.jpg,0,0.9630131,0.2533852,0.6081991499999999,1
5c3a63b5-e7eb-4ef0-9b3c-880c61f29ae9.jpg,1,0.9321079,0.91951686,0.92581238,1
a191deb4-d345-450b-b812-d684dc6778a7.jpg,1,0.9827599,0.41400418,0.69838204,1
d3673eaa-4ae5-4a65-aa49-755fb1e2bd14.jpg,1,0.97204095,0.190095,0.581067975,1
2810ad3e-a616-4162-8759-9a245bfcb28f.jpg,0,0.021395208,0.012104648,0.016749928,0
08d597ca-5547-40cd-b2a9-0af17805a459.jpg,1,0.97563964,0.9252607,0.9504501700000001,1
85ed1d01-2ad9-4f1d-bb09-0f938426ffce.jpg,0,0.039665587,0.01392498,0.026795283500000003,0
ee1d5847-30f4-4e08-929a-e8d6c64569f5.jpg,0,0.9615407,0.32452226,0.64303148,1
0db2e7e2-d927-4d24-8138-29e5765c7d43.jpg,1,0.984148,0.9791902,0.9816691,1
8f5564a5-c2aa-4da6-a613-c6312f4541c7.jpg,0,0.7758797,0.28277555,0.529327625,1
84d6e91f-2f78-4b28-aa8c-b0b6268bc648.jpg,1,0.9809601,0.9521945,0.9665773,1
810a2778-7dd6-4d49-8d60-82b8b4ff2781.jpg,1,0.96340704,0.9501454,0.9567762200000001,1
ff5407cb-235e-45e5-a73e-5b8de41f6270.jpg,1,0.9825894,0.9713483,0.97696885,1
2bb478d4-7fa8-45ff-b4ee-b0f5e7732238.jpg,0,0.025329316,0.008074015,0.0167016655,0
3db10689-b51d-4462-ac6b-e7083050ce36.jpg,0,0.0323948,0.08310538,0.057750090000000004,0
4c84d74b-2707-4812-965f-d13f1c66e498.jpg,1,0.9156351,0.88986754,0.90275132,1
d3fcee02-9304-4e42-8557-d2bab6e50d43.jpg,0,0.17320387,0.03905576,0.106129815,0
998b7b26-795e-4a76-8055-ee088c01f16b.jpg,1,0.971865,0.9568248,0.9643449,1
d2f21ccc-7532-4453-a9e9-7c2882eff5fe.jpg,1,0.96935636,0.9312635,0.95030993,1
81fa79a8-1193-428d-ab06-6e73f0aee8e6.jpg,0,0.023055816,0.015236102,0.019145959,0
064cfa5c-de1d-4a10-963d-e8edc8086fe0.jpg,1,0.9893072,0.62365246,0.80647983,1
c781c818-7aa8-4899-8818-cb6e0dc359c7.jpg,1,0.95180964,0.9005317,0.9261706700000001,1
2cad2dfd-b745-4fb9-9bff-70abfeb1871f.jpg,0,0.012797591,0.01421957,0.0135085805,0
bfc3a266-76d0-45c8-b467-d118dcb574c5.jpg,0,0.92656136,0.43521285,0.680887105,1
1d1dad49-7287-4bb7-aa11-6279e83c715f.jpg,0,0.016477887,0.008595546,0.0125367165,0
40bad3a8-f39e-4392-ab1d-45a72bca092c.jpg,1,0.89782983,0.79021,0.8440199150000001,1
6c84678f-d9c8-4971-b4eb-4f0feb7f46a5.jpg,0,0.01614357,0.008349929,0.012246749500000001,0
4280c874-5b7f-412b-881b-8dff6f1d869f.jpg,0,0.51162165,0.3092243,0.410422975,0
7cfff638-5173-4e69-9cab-1d103864747c.jpg,1,0.8181189,0.3409113,0.5795151,1
6a59223f-1c2f-427a-b65f-72e234fed57f.jpg,1,0.85894984,0.07651622,0.46773303,0
b85755a5-91d6-4283-b114-d014b1d5c234.jpg,1,0.9607897,0.8408709,0.9008303,1
5e92a630-cf54-4c04-a05f-7524ebcc8496.jpg,1,0.7499309,0.13269097,0.44131093499999996,0
bdad6833-1afc-4486-ac65-4b726d064ca8.jpg,0,0.025228849,0.046604592,0.0359167205,0
cccda254-b40a-4922-81a7-2cdf39547877.jpg,1,0.94937205,0.9299117,0.939641875,1
f8157838-0d6f-4d8d-ab18-436457177f64.jpg,0,0.042134732,0.0106457,0.026390216,0
544f4b5b-cef5-4c6b-8db3-02ec61126ad1.jpg,0,0.57585436,0.07599042,0.32592239,0
bb667f48-fb7d-48bf-a069-9742b01b3928.jpg,1,0.8432897,0.9731315,0.9082106000000001,1
89cf9792-c5ec-4d19-b27a-47dde05690ed.jpg,1,0.9161615,0.9817755,0.9489685,1
2598755e-c54e-4c9d-9080-49e3ebe34149.jpg,1,0.98071593,0.9844062,0.9825610650000001,1
0c1f5c83-84f8-4b7f-a09e-0ffecdf9a198.jpg,1,0.9775722,0.98034024,0.9789562199999999,1
e4242248-fdf5-4a3d-8932-c745fe011764.jpg,1,0.028261816,0.9499491,0.489105458,0
df2d4e0c-5f85-43ad-8511-ac97097d6a20.jpg,1,0.9627823,0.38300928,0.67289579,1
e1db8928-ce6b-4fbb-a640-7770032f23f9.jpg,0,0.18290985,0.0995714,0.141240625,0
22994eb6-4d0b-42bb-8f27-f38ef6daf3fc.jpg,0,0.10083463,0.34715438,0.22399450499999998,0
7958dd82-9e19-4ae3-aeb6-2e22009eaa32.jpg,1,0.9705431,0.9742536,0.97239835,1
f22c9418-fd39-474b-bfe3-b9d27993e1ac.jpg,1,0.9004485,0.93801194,0.91923022,1
df5b13e2-91cb-4ea2-bd3b-7cc30328a2e4.jpg,0,0.043178197,0.045237973,0.044208085,0
e3f66d65-549b-46a2-9afa-dcb941354394.jpg,1,0.260381,0.76336116,0.5118710799999999,1
bb21201a-01a0-433f-af53-14dbbb7c9cc8.jpg,0,0.027506607,0.0148722185,0.021189412749999997,0
e93900c0-5f3e-4688-8711-0aa19571cc1a.jpg,0,0.35274982,0.017927514,0.18533866699999998,0
dc73d1ef-09b3-48f2-81ec-74c6cc83ef7b.jpg,0,0.1498756,0.040255804,0.095065702,0
ebfc6b9c-c8f0-4578-b60a-ab0435ab2ec5.jpg,1,0.9629719,0.97949266,0.97123228,1
445873e0-f7d7-4d44-971c-d8b5fc3a3e8e.jpg,0,0.46769798,0.20646147,0.337079725,0
5c6155ee-134a-439b-8c45-a1493fafade8.jpg,0,0.08689698,0.018358996,0.052627988,0
5f3a68cd-bc33-4c34-9f45-63b5f6790cb3.jpg,1,0.9764798,0.9795554,0.9780176,1
f61dc496-0e4a-4ba6-b50a-7d733888df65.jpg,1,0.8753875,0.91574454,0.89556602,1
60e4fb7a-4a53-4d29-a822-4e4cb4062189.jpg,1,0.97666645,0.8399852,0.9083258249999999,1
c31591b2-8b6d-4d21-8a67-1898e4c9fcd8.jpg,0,0.7241528,0.075868264,0.40001053200000003,0
b4274124-4496-4f78-98a5-1721c2a786f7.jpg,0,0.011430815,0.0052339993,0.00833240715,0
6632501c-f8f9-487b-809f-0c31d58e3d30.jpg,0,0.025075449,0.02347104,0.0242732445,0
cec56473-1a40-4c12-bae0-c697c48b41c7.jpg,0,0.02150976,0.025955273,0.023732516500000002,0
1adb5001-e50d-4c24-a0f8-b57ed38a2b1c.jpg,1,0.77725124,0.5761309,0.67669107,1
dab9ede6-79c6-4c04-9f71-4221a5bd6f90.jpg,0,0.06536852,0.029736146,0.047552333,0
1e2669c9-4c12-42c7-9afd-214c6aa584dc.jpg,0,0.95918196,0.8472982,0.90324008,1
1fee13ad-ea87-4c13-8c24-ffdeb94a23e2.jpg,1,0.9801255,0.98035043,0.9802379649999999,1
b445bf78-686d-45be-85be-0a4ac5639178.jpg,0,0.0060529825,0.022985207,0.01451909475,0
90c7ecff-212a-4b7c-b58b-285d4308782c.jpg,1,0.97770005,0.9600746,0.9688873250000001,1
cb7396e0-2b67-4790-8e3e-fd0ad5c5916b.jpg,0,0.013572797,0.008727168,0.011149982499999999,0
e970d98e-a7b2-42f1-97a4-6bcdd5781c8c.jpg,1,0.96956396,0.93208,0.95082198,1
ed04c191-aa9e-40b1-80a7-86815fe1cc1e.jpg,0,0.120775364,0.54827553,0.334525447,0
3e127d80-32eb-4d9a-96fa-e309d91db9a4.jpg,0,0.015815206,0.039398644,0.027606924999999997,0
530c8c4d-a99d-4fe6-b25e-7698aac5641c.jpg,0,0.015781088,0.01872866,0.017254874,0
4a761ffc-9ad5-4390-8c2e-1e1d9ac08374.jpg,1,0.9758192,0.984268,0.9800436,1
c9c8a922-3fbe-479d-8675-3db9d94e6038.jpg,1,0.96742064,0.8186245,0.8930225700000001,1
7335a626-37a1-4781-935c-c13d067e1597.jpg,1,0.97317797,0.9737978,0.9734878849999999,1
00329fac-20e5-41f7-92df-05b256fdf9e8.jpg,1,0.098152764,0.48053345,0.289343107,0
9a8b6931-c14c-4d8b-90d9-c7c3dfe8d710.jpg,1,0.9718191,0.99226564,0.98204237,1
0278fd3b-26d4-48b2-aef1-5b8f11605bdc.jpg,1,0.98683625,0.9856181,0.986227175,1
cce1d849-9317-40b3-a452-e0a4c07c33a0.jpg,1,0.9822734,0.9153731,0.94882325,1
71834845-bbb1-4f99-8ed0-d51c2bd8a03e.jpg,1,0.9758671,0.955143,0.96550505,1
85408e85-ba3f-4e0f-bea6-46f52c1ec0e7.jpg,1,0.9431744,0.9849244,0.9640494,1
a2811a03-75c6-42d5-ae97-902f43f596be.jpg,0,0.019570613,0.016838023,0.018204318,0
92c4083a-b84a-4b62-82e4-57ff21bd73fb.jpg,1,0.9593871,0.96579456,0.96259083,1
320a00b8-b6f7-47ce-84ff-a9dae18925d1.jpg,0,0.01444717,0.012088306,0.013267738000000001,0
91cd295c-d064-4d62-a5fc-01ad5642c60b.jpg,1,0.9707871,0.9629465,0.9668668,1
f9e10763-b53c-45a3-be48-7efde7d9284d.jpg,0,0.115348496,0.15929262,0.13732055799999998,0
4cfdf3fc-88ac-4ae3-8aa3-5f5625c14a2b.jpg,1,0.9748481,0.86414385,0.919495975,1
183b437e-f6d5-4284-b09d-cb8421582fa7.jpg,0,0.047517415,0.1465752,0.0970463075,0
b637a280-4eaf-4b70-95e5-8ca197f198b5.jpg,1,0.9798048,0.9904755,0.98514015,1
70504d8a-50fb-441f-a3ee-337335c7e2ef.jpg,0,0.6807664,0.030614568,0.355690484,0
c9ea4dd9-c0fc-41b2-ba65-2c1c6fe9abc8.jpg,1,0.98599786,0.9311631,0.95858048,1
5b11ec57-79bd-4ccb-ac4d-5d10273d20b3.jpg,1,0.93915707,0.92790693,0.933532,1
0912c58c-3ece-4640-b225-2462b37a8ea5.jpg,0,0.01811921,0.03641039,0.0272648,0
53d4f524-a29b-451d-a165-dac6d7c32b6a.jpg,0,0.08437761,0.02592661,0.055152110000000004,0
22a72e3b-7f56-469d-b290-82c853f7538b.jpg,0,0.1366666,0.040442176,0.088554388,0
2466de09-95d0-413e-85a7-8c280bf844e1.jpg,0,0.03204502,0.043394357,0.0377196885,0
09e79872-0c5e-45a8-9e4d-a7884c28cbb9.jpg,0,0.1760509,0.02061137,0.098331135,0
a3469ef8-1851-44d8-af15-2cd9137cc6c9.jpg,1,0.9041264,0.93404657,0.919086485,1
9c391f02-de71-4342-b57b-c47a932767ff.jpg,0,0.03478387,0.008772448,0.021778159000000002,0
ea086093-24bd-407f-8ac3-6641c540bef1.jpg,0,0.92854375,0.16822743,0.54838559,1
e32a87e6-3a6e-4f12-b181-f1ae83380686.jpg,1,0.97653675,0.9202997,0.948418225,1
f58ca88c-0770-48f8-b687-ad680c6daac8.jpg,0,0.022234363,0.0066230022,0.0144286826,0
86b17671-2870-4e41-b13b-c2b4a23ef99a.jpg,1,0.97421885,0.9700229,0.972120875,1
8ce951ec-4583-4c29-8321-39c0e8d60f0a.jpg,1,0.96812946,0.7912455,0.8796874800000001,1
45450be4-986a-41f6-9c71-c8e2136d48ea.jpg,1,0.97260714,0.9338067,0.95320692,1
a8495d60-2e55-4194-be40-8a7932846d2a.jpg,0,0.06256417,0.35643038,0.20949727499999998,0
6796e462-ba83-466d-a5e1-074932eb737f.jpg,0,0.7995353,0.63839793,0.718966615,1
d8ed727d-35f3-48c0-9f2e-aeecaba5175f.jpg,0,0.08858345,0.15131636,0.119949905,0
a8379688-bfbc-4f8f-b0cb-6bd90e191aa0.jpg,1,0.7280853,0.6057115,0.6668984,1
fbd41180-12d6-409e-a735-87b4b860cfc9.jpg,1,0.9679096,0.4774556,0.7226826,1
29c80be7-0c74-496f-8d8b-45cba3d265f1.jpg,1,0.52219105,0.79049325,0.65634215,1
0b34b234-d9ab-468a-9f0e-bd1c58dd6b0f.jpg,1,0.98038465,0.9825949,0.981489775,1
7708abe7-3c34-4671-bd0a-bfb1911fd79d.jpg,0,0.00970264,0.016868846,0.013285743,0
1fd6170a-e23a-43f4-b27d-7701c59cb0f9.jpg,0,0.88782245,0.2149952,0.551408825,1
341c1742-f8ec-4c81-a2f2-cbdedc398982.jpg,1,0.9839344,0.9710412,0.9774878,1
e1090476-a402-48c9-942e-a1594f42ffdb.jpg,1,0.9712055,0.85215926,0.91168238,1
c9f1d0ae-fabb-4fca-bdee-9b8445dd4913.jpg,0,0.9158543,0.13777332,0.52681381,1
46d4ba7d-1b18-4d0b-8325-505f2958e6f6.jpg,0,0.6831282,0.90154916,0.79233868,1
7eee3797-4b59-49d6-a754-db1663656c92.jpg,0,0.12005266,0.019558342,0.069805501,0
6a0a6b46-f3fd-452b-baba-88ab56e9e2b0.jpg,1,0.9833212,0.1682338,0.5757775,1
5895556d-f28b-494b-9090-4a2a3db37fc8.jpg,0,0.0131996,0.056092456,0.034646028,0
7585261e-4761-44c1-beb5-7f21e5abb862.jpg,0,0.007415703,0.1484572,0.0779364515,0
48642702-1b32-4f5c-89c7-8f1c8e7c6c58.jpg,1,0.9833297,0.9875841,0.9854569,1
2891fc45-9c1e-4ecb-a715-b124edce3987.jpg,1,0.843182,0.14910598,0.49614399,0
ca38f1ad-32a7-4b19-8ada-247bd116a3be.jpg,1,0.5326649,0.276068,0.40436645,0
8b08f075-0b70-434d-9838-e9f3a64f815e.jpg,1,0.9848695,0.98791504,0.98639227,1
f242c9d6-d94f-4537-94bc-e0323e5a7742.jpg,1,0.9658161,0.732395,0.84910555,1
9c52a965-2966-4fba-b19e-c8825cb1fa00.jpg,0,0.020451972,0.015495905,0.0179739385,0
7127fd3b-605f-4ec7-8b16-860c943fabd8.jpg,1,0.9259743,0.95844144,0.9422078700000001,1
e64ca40e-47b6-4236-8430-243a74da2b31.jpg,0,0.022220977,0.12129402,0.0717574985,0
dc1543e3-0461-46b2-9fa7-0803ee4a4b85.jpg,1,0.9798874,0.94327253,0.961579965,1
635abe2f-b3c0-4fd4-b61a-cfaac10a2eec.jpg,1,0.12217494,0.10481433,0.113494635,0
5e0d05d2-f477-42fb-a401-d5cff6c5e28f.jpg,1,0.97592586,0.98809433,0.982010095,1
29da8001-7d8b-4151-bc3f-7b322fede2ea.jpg,0,0.01521796,0.010263983,0.0127409715,0
b5242f56-4f77-4a10-9480-bdae43654f59.jpg,0,0.028182544,0.01523349,0.021708017,0
5fea5443-b544-4257-8b66-8e1f0394ee1a.jpg,1,0.054531675,0.9645975,0.5095645875,1
67f072e3-6708-4db8-b779-a32d4397a99a.jpg,1,0.8089916,0.96889687,0.8889442350000001,1
5494a37c-4dbe-48a1-960b-030fe9e3b1b0.jpg,1,0.96478873,0.9415868,0.953187765,1
bb458a1b-63d3-4fca-93d1-682f566f6b0c.jpg,1,0.9704407,0.8529241,0.9116824,1
2ca8a04f-4bd0-48f3-a46b-1a12d90ab101.jpg,1,0.9809486,0.92042834,0.95068847,1
e38d26b1-3495-4ce5-a1af-1a1403f48971.jpg,1,0.9712965,0.9803209,0.9758087,1
29d5ce6d-dadc-43f8-8cbd-72bbf7e561a1.jpg,0,0.016647177,0.056223538,0.0364353575,0
6c155d40-9551-481d-816b-b434ab5e4a5a.jpg,0,0.78785616,0.23925237,0.513554265,1
527b10ca-94a3-44b8-879b-8ab1c0bc2e4e.jpg,0,0.3665571,0.019042049,0.19279957450000001,0
0e68d005-e740-43f3-90f8-076e50225bab.jpg,1,0.9745591,0.90758663,0.941072865,1
5116640f-343d-40d8-ab34-2fe5b2711f0a.jpg,0,0.95956093,0.19613151,0.57784622,1
ce9c7e12-e160-44ce-a0d9-9836abca3cae.jpg,1,0.9880169,0.7660651,0.877041,1
0896d9fe-d01e-47e5-941c-d5c3bd1d68be.jpg,0,0.018105896,0.011133313,0.014619604500000001,0
02c89ee0-482b-4c2d-92f2-d6d416e64f55.jpg,1,0.966044,0.5423012,0.7541726,1
dd610e8f-e3dc-4689-b90f-7a2b3f471feb.jpg,1,0.96148807,0.61491627,0.78820217,1
649269c4-6d9a-4396-b945-f963d520d22b.jpg,1,0.9758258,0.7579451,0.8668854500000001,1
4842ac19-ee07-44ff-b2c8-aaa8ebd22f60.jpg,0,0.04742241,0.35277274,0.20009757499999997,0
ab6e4c4c-1bd3-48c7-a39c-ef228e004926.jpg,0,0.015352585,0.04050837,0.027930477500000002,0
18dcc9a9-d007-4f23-b08e-fe8fea2bb91a.jpg,0,0.93604255,0.11579784,0.525920195,1
fb367c7c-b17b-468e-b762-7c9e26b0d505.jpg,1,0.97199064,0.86934894,0.92066979,1
3e8fa888-5d3f-423f-ad29-7bdf23179737.jpg,0,0.6028431,0.23286653,0.417854815,0
db6eee6d-ef90-480d-89bf-c635cc7f6e46.jpg,1,0.95875883,0.9651913,0.961975065,1
56a4a50d-6245-4b18-bee7-256581157b0f.jpg,1,0.89759654,0.92049474,0.90904564,1
5da5c2c5-9cde-4cc8-93c8-a770a739553e.jpg,1,0.9683487,0.83009815,0.899223425,1
73a75f50-90aa-4032-a864-0c052e2e6093.jpg,0,0.025271485,0.039069705,0.032170595,0
5019b499-bbb1-48ba-ba1d-bfafdf1d8a03.jpg,1,0.97169095,0.96936625,0.9705286,1
d5b600c7-739a-4908-a221-4348f3203c2a.jpg,1,0.96803164,0.96856594,0.96829879,1
663ace63-7255-4ac6-85a1-109d9c0411d2.jpg,0,0.06628965,0.09575063,0.08102014,0
144ec98b-89e6-48b2-82e1-d90fc599215a.jpg,1,0.9604132,0.8947687,0.9275909499999999,1
1bb4b128-d3ba-40db-9ae3-895c6ba578b7.jpg,1,0.9758974,0.99155754,0.98372747,1
60de3b0c-2c08-4a95-a61f-e7326714e689.jpg,0,0.37206364,0.7180392,0.54505142,1
a79517d6-995c-4a74-95f1-30c40ff0324b.jpg,1,0.96812916,0.8834948,0.92581198,1
e396d952-0d66-43df-b973-e7343daf7ef6.jpg,1,0.9866881,0.9589274,0.97280775,1
bc2de7cb-d35d-4fde-a554-2ebb8617337f.jpg,0,0.021548292,0.02455376,0.023051026000000002,0
d63265ca-93ef-4249-b22c-bd39003b84af.jpg,1,0.97774225,0.99415463,0.98594844,1
41778683-ab56-47ef-8e4b-5ef1035cad8c.jpg,1,0.9732468,0.97727317,0.975259985,1
8be0f8e4-dfb1-4db7-a7da-0e0ad0e5d307.jpg,1,0.98390937,0.88626194,0.935085655,1
9e6400c7-5343-430a-b0a1-504e0c0de3ce.jpg,0,0.78410107,0.50311923,0.64361015,1
4facdeac-4f1a-47b0-a398-ade92b67321f.jpg,1,0.9455788,0.9074418,0.9265103,1
49cb7136-9d91-4f38-92cb-391603c3830e.jpg,0,0.020953683,0.007010048,0.0139818655,0
b33051c2-ecb9-4b04-b913-9f4a8fae6d25.jpg,0,0.0131232105,0.008912754,0.011017982249999999,0
ac6b06ef-7181-42b6-9052-624be6327ede.jpg,1,0.98273057,0.9842253,0.983477935,1
e4aa23de-f35b-440f-acd6-3213339a0065.jpg,1,0.9718563,0.9127663,0.9423113000000001,1
94ffa75f-ea63-4d19-8ba4-085b50d6d7ae.jpg,0,0.036241967,0.028343476,0.032292721499999996,0
3bb7288e-264e-41e9-a548-1fa2751b99bf.jpg,0,0.02590178,0.007161446,0.016531613,0
bb9827d5-5785-43ff-875d-2216addb111e.jpg,0,0.016664898,0.010162953,0.0134139255,0
3ff0d57a-84e9-40ec-affb-9a63bbe14a44.jpg,1,0.98843783,0.76934975,0.87889379,1
380ffd9a-936e-48e7-b9f8-3251c664d9c9.jpg,1,0.9839373,0.9490246,0.96648095,1
129015a2-ff61-42a8-88b7-095247d6ab1b.jpg,0,0.77502626,0.17166822,0.47334724,0
bd69402f-9761-46aa-ab18-2b0b625a0dd1.jpg,1,0.9717829,0.98560953,0.978696215,1
0bbba16a-9331-4257-b3f9-a5bc223c2b72.jpg,1,0.9834898,0.76417524,0.87383252,1
72ad03d9-0fa6-43ef-88b6-b65f470c1314.jpg,0,0.06915135,0.07438185,0.0717666,0
33bc00f3-653e-4331-8c12-4deb7865c5dc.jpg,1,0.9388945,0.22156692,0.5802307099999999,1
21b39189-5b0b-472d-9ae5-a6dab075d600.jpg,1,0.8876131,0.115143456,0.501378278,1
7820a6fa-d395-4cdf-ac20-1fb7392386c9.jpg,1,0.31159127,0.18940483,0.25049804999999997,0
edc38b66-30b7-4457-bfc3-0f690fdf2bff.jpg,0,0.23263235,0.13485076,0.183741555,0
248adcb8-b922-4ed3-8909-8fe7ca7add45.jpg,0,0.033261124,0.059160683,0.0462109035,0
293e962b-1672-47ad-ad4e-8c21d1018b20.jpg,0,0.019576946,0.11510909,0.067343018,0
e885b232-9eba-4eac-a021-d26e00912c77.jpg,0,0.5352263,0.4125104,0.47386835000000005,0
00ac0b0a-75c7-4cdf-9540-cbceed1b8e00.jpg,1,0.7553312,0.69597167,0.7256514350000001,1
232a5dbe-a007-4312-a0b8-dd5d1347c031.jpg,1,0.9750578,0.95230514,0.96368147,1
8028afba-c99e-47c1-9ee8-32430fc67f15.jpg,0,0.014430729,0.023913438,0.0191720835,0
b97a1cd7-d3d1-4b81-bdc4-7df8c20f9b4f.jpg,0,0.027684882,0.106260896,0.066972889,0
f8277933-dec0-4c03-8f16-1e142719ea38.jpg,1,0.5426583,0.8390171,0.6908377,1
d30938ff-ae9b-47a0-bf06-3f3b03b13a3d.jpg,1,0.49962473,0.26574156,0.382683145,0
0adcd9e6-d190-4dd1-ad6a-80e9503d1981.jpg,1,0.86355996,0.9349725,0.89926623,1
b1511e75-d1d7-4b80-bf6b-ca427a27c59e.jpg,1,0.7639172,0.17478299,0.46935009499999997,0
65cc9f35-c06a-42a8-80a9-a322460573c3.jpg,1,0.9819451,0.96388274,0.97291392,1
ca3a8a15-47d5-4785-bd52-0f3fe8aac9b5.jpg,0,0.014969011,0.0032413919,0.009105201450000001,0
bd8a3e2b-e2a1-4898-8288-f258b66f6015.jpg,1,0.9809297,0.9509755,0.9659526,1
f13f64ea-f555-4c9b-bba5-7cf831b16219.jpg,0,0.029747963,0.014087315,0.021917639,0
bed6bcb8-12a2-4fd5-8fc2-558574e12c8f.jpg,1,0.9878141,0.927238,0.95752605,1
f9c7e9d3-291f-4fef-a83a-ad2338069037.jpg,1,0.67121094,0.2509049,0.46105792,0
f65b0134-6ec7-4f0f-b8ff-9edb11a66ac3.jpg,0,0.019865448,0.01682847,0.018346959000000003,0
7e1cacb2-6db5-4869-9db5-8d1b4ee3ef48.jpg,1,0.98129064,0.9505646,0.96592762,1
627d1c8c-cfc5-4c77-b6bb-5380598169b0.jpg,1,0.97657806,0.91962177,0.948099915,1
6d94eec0-a35b-46c8-babc-caca261091c5.jpg,0,0.12671681,0.15872966,0.142723235,0
41175a7b-7e1f-4320-911e-2486084d7422.jpg,1,0.9501955,0.9497799,0.9499877,1
1ad2ee30-fde3-410c-81a3-90248a667d65.jpg,1,0.9780638,0.9623735,0.9702186500000001,1
5ce51cb5-d9ad-4d03-8029-af7529a64adf.jpg,1,0.9557217,0.9490629,0.9523923000000001,1
629c5e85-7303-4a50-815c-a660952827a6.jpg,0,0.2635811,0.04373767,0.153659385,0
76988b20-4abe-425a-9043-3bc35f5a8725.jpg,0,0.05504765,0.021357313,0.038202481499999996,0
0015c68f-d474-46df-baeb-7a7ea49488bf.jpg,0,0.23358123,0.062117543,0.1478493865,0
a8413559-98dc-4eeb-bc68-e85bb1275c48.jpg,1,0.98180264,0.97851014,0.98015639,1
60aa3d96-001b-4fcd-a0b9-0c3f892a6c75.jpg,1,0.9694238,0.8864015,0.9279126499999999,1
bfba3cf3-2cee-4527-849b-337a6c6cbf40.jpg,0,0.020474508,0.007874137,0.0141743225,0
f241c7cc-2834-4e2e-8c47-ad43516b37c4.jpg,0,0.80796194,0.22610627,0.517034105,1
61556cb6-1412-4f51-a457-8aaf05f46ac4.jpg,0,0.030832782,0.008346864,0.019589823,0
0947d98f-d197-49df-94b7-0edff52af2cb.jpg,1,0.92518836,0.97051233,0.947850345,1
fe75b3d0-47d1-4045-9e4c-f2beeb605a9a.jpg,1,0.9741383,0.9515891,0.9628637,1
594b0b5c-1a6e-4bf5-9012-9eb72937ea74.jpg,1,0.96252793,0.90257794,0.932552935,1
abf03f13-0d25-4801-8c56-c1ca93a6bb48.jpg,0,0.051196914,0.085231125,0.0682140195,0
1f3c35b6-95a6-49ad-a760-2c9b76bacb0e.jpg,1,0.9493801,0.91206056,0.93072033,1
c9e3962a-e505-4604-8b4d-138d2ed2c3bc.jpg,1,0.92257065,0.34309015,0.6328304,1
c2dba1a5-81b3-4a8e-9c83-c712a463f1e1.jpg,0,0.43886235,0.09606528,0.267463815,0
e38c09a4-5483-4e84-9680-b94cda9ce289.jpg,1,0.75544167,0.22763294,0.491537305,0
5c812289-4fd1-46a5-b701-05cfdcd4ec0a.jpg,0,0.030997666,0.0654793,0.048238483,0
4f464dcd-7ef3-4163-9a04-8d6e34d8f47f.jpg,0,0.027536364,0.32025066,0.173893512,0
fb91dda4-1130-4eef-a1fd-3a1d367b6c88.jpg,0,0.6620625,0.06210046,0.36208148,0
2804e8f5-4aa9-44ac-9573-d185d1994b27.jpg,1,0.9788464,0.9754177,0.97713205,1
536933d2-f2c0-4344-ba47-7c2056a04359.jpg,0,0.0295795,0.026538631,0.0280590655,0
7d1d00f0-55da-49ea-9eac-d2e88f9b46a7.jpg,1,0.9623055,0.8797689,0.9210372,1
180b7324-f469-4968-bfbb-173cd6d367df.jpg,0,0.025467457,0.011411241,0.018439349,0
c4bd3794-5b48-4b23-8009-a7bd0e354fac.jpg,0,0.04366954,0.16050737,0.10208845500000001,0
a191d70b-99d0-4452-8e56-9842aeee6da8.jpg,1,0.97554857,0.95583755,0.96569306,1
6191bd03-cb55-48ce-ac84-edef0b1457a3.jpg,0,0.16551696,0.1296166,0.14756678,0
ae5b902b-6f3b-4c4b-a1a7-f6ecf9bde683.jpg,0,0.015562746,0.017233985,0.0163983655,0
bf8232fd-d56e-437b-bafc-91f501534ef4.jpg,0,0.01483119,0.0104933875,0.01266228875,0
20f61be5-9bbb-4eac-b852-f0d2017d73d4.jpg,0,0.042890698,0.1118153,0.077352999,0
d59aec8c-96d5-4d6b-8b8d-1638757e7728.jpg,1,0.97247916,0.96826965,0.970374405,1
4359ea35-8bc5-44a1-a3f4-c6feaad5b38b.jpg,0,0.02187472,0.007963347,0.014919033500000001,0
bfa5eaa4-268e-4156-8e16-075d7badaebe.jpg,0,0.015165426,0.09429458,0.054730003,0
f7b96a50-8d7b-4393-b6fc-8516c715c825.jpg,1,0.8677884,0.93112975,0.899459075,1
e495eb06-1447-4887-afd1-28eead90b759.jpg,0,0.020465894,0.23058541,0.125525652,0
fe53fb29-def1-441a-aba4-1b51d8a634fb.jpg,0,0.029617256,0.013650745,0.0216340005,0
a324f3eb-b125-4c6b-9d69-d451d3b639d3.jpg,1,0.9723032,0.9236264,0.9479648,1
3014bbf4-0e94-45cb-b1da-36613bd23588.jpg,0,0.047589287,0.015089928,0.0313396075,0
ad41b167-46e7-492c-b4a3-69102f81e727.jpg,0,0.014409733,0.009181564,0.011795648499999999,0
52e058c0-2c73-42c1-8f7b-57b08c8e9637.jpg,1,0.96710104,0.9732878,0.97019442,1
0279c669-5a6f-4ec7-b4d7-52ffe87e7e37.jpg,1,0.9736498,0.9859498,0.9797998,1
74fcd0f0-094e-4789-893d-80e8750c2650.jpg,0,0.16774638,0.918247,0.5429966900000001,1
04d03884-0898-425a-ba62-1f7b5416a831.jpg,1,0.9697049,0.93569285,0.9526988750000001,1
a22aa119-9c24-47db-a7f2-c87af4a89d5a.jpg,0,0.012220749,0.08202294,0.0471218445,0
bfcb8b7b-2744-4a09-82b5-bc0cc7ad4000.jpg,0,0.019991191,0.010181676,0.0150864335,0
b9436d44-e3b6-4d43-b843-0860148c5575.jpg,1,0.9238751,0.3004153,0.6121452,1
92dd4a6d-3c29-4f21-add1-1e3c7b24fdda.jpg,1,0.9743611,0.9893592,0.9818601499999999,1
9d1330f1-1953-432d-84b7-9734371f4375.jpg,0,0.019819604,0.010687509,0.015253556500000001,0
0560bdcd-24cd-4df0-ae25-e1083436f579.jpg,0,0.20451492,0.013294422,0.108904671,0
6054db04-4dd9-43b7-9c27-67d82e5eea86.jpg,0,0.066915385,0.007975948,0.037445666499999995,0
62782a28-479e-4f04-986b-d0a82e0a9784.jpg,0,0.025126949,0.12841874,0.0767728445,0
f7beaeb3-a8f5-48b8-90a1-01e1eb823c77.jpg,0,0.93225974,0.011902906,0.472081323,0
96c2e804-353a-4c2f-ac75-5ab9354cb9a2.jpg,1,0.98027426,0.6580477,0.8191609799999999,1
d4c2d9ca-3be7-4bfd-925f-681635368a94.jpg,0,0.07442126,0.034903925,0.0546625925,0
9cb5fe8c-16a8-4455-8cff-969e5293a7f9.jpg,0,0.06758292,0.25641933,0.162001125,0
f9c39c23-729a-4e80-8d75-c9c2322b59d1.jpg,1,0.9807721,0.9784277,0.9795999,1
ea930e3d-25fc-4a97-91b5-c2bc3d993de4.jpg,0,0.11994239,0.046627313,0.08328485149999999,0
91f802cd-b76e-435b-82c1-0a6b54f2550b.jpg,0,0.02654995,0.0058240355,0.01618699275,0
190fa060-49f6-40a9-8281-644456688b92.jpg,0,0.015981607,0.090516604,0.0532491055,0
